content_id,imdb_id,title,genre,release_year,avg_rating,total_views,runtime_min,popularity,is_classic,language,is_original,director,country,budget,gross,votes,num_seasons
M0035423,0035423,Kate &amp; Leopold,Comedy,2001.0,3.23,28,100,3.367295829986474,0,English,False,,,,,,1
M0078935,0078935,Cannibal Holocaust,Adventure,1980.0,3.12,33,105,3.5263605246161616,1,English,False,,,,,,1
M0080319,0080319,Nine to Five,Comedy,1980.0,3.96,13,100,2.6390573296152584,1,English,False,,,,,,1
M0080339,0080339,Airplane!,Comedy,1980.0,3.94,110,88,4.709530201312334,1,Other,False,Jim Abrahams,United States,3500000.0,83453539.0,221000.0,1
M0080365,0080365,American Gigolo,Crime,1980.0,2.93,14,117,2.70805020110221,1,Other,False,Paul Schrader,United States,4800000.0,22743674.0,22000.0,1
M0080453,0080453,The Blue Lagoon,Adventure,1980.0,3.27,13,104,2.6390573296152584,1,Other,False,Randal Kleiser,United States,4500000.0,58853106.0,65000.0,1
M0080455,0080455,The Blues Brothers,Adventure,1980.0,4.18,79,133,4.382026634673881,1,Other,False,John Landis,United States,27000000.0,115229890.0,188000.0,1
M0080487,0080487,Caddyshack,Comedy,1980.0,3.76,33,98,3.5263605246161616,1,Other,False,Harold Ramis,United States,6000000.0,39846344.0,108000.0,1
M0080516,0080516,The Changeling,Horror,1980.0,3.61,19,96,2.995732273553991,1,English,False,,,,,,1
M0080569,0080569,Cruising,Crime,1980.0,3.29,12,102,2.5649493574615367,1,Other,False,William Friedkin,West Germany,11000000.0,19814523.0,20000.0,1
M0080610,0080610,Le dernier métro,Drama,1980.0,3.7,10,109,2.3978952727983707,1,English,False,,,,,,1
M0080661,0080661,Dressed to Kill,Thriller,1980.0,3.63,27,104,3.332204510175204,1,Other,False,Brian De Palma,United States,6500000.0,31899000.0,37000.0,1
M0080678,0080678,The Elephant Man,Biography,1980.0,4.24,140,117,4.948759890378168,1,English,False,,,,,,1
M0080684,0080684,Star Wars: Episode V - The Empire Strikes Back,Action,1980.0,4.33,334,124,5.814130531825066,1,Other,False,Irvin Kershner,United States,18000000.0,538375067.0,1200000.0,1
M0080745,0080745,Flash Gordon,Action,1980.0,3.46,37,107,3.6375861597263857,1,English,False,,,,,,1
M0080749,0080749,The Fog,Horror,1980.0,3.53,30,89,3.4339872044851463,1,Other,False,John Carpenter,United States,1000000.0,21448782.0,66000.0,1
M0080761,0080761,Friday the 13th,Horror,1980.0,3.29,59,95,4.0943445622221,1,Other,False,Sean S. Cunningham,United States,550000.0,39754601.0,123000.0,1
M0080801,0080801,The Gods Must Be Crazy,Comedy,1980.0,3.54,13,109,2.6390573296152584,1,Other,False,Jamie Uys,South Africa,5000000.0,30031783.0,54000.0,1
M0080979,0080979,Kagemusha,Drama,1980.0,4.12,13,109,2.6390573296152584,1,English,False,,,,,,1
M0081059,0081059,Lion of the Desert,Biography,1980.0,3.96,13,173,2.6390573296152584,1,Other,False,Moustapha Akkad,Libya,35000000.0,,15000.0,1
M0081070,0081070,The Long Good Friday,Crime,1980.0,3.89,28,109,3.367295829986474,1,English,False,,,,,,1
M0081283,0081283,Ordinary People,Drama,1980.0,3.88,34,124,3.5553480614894135,1,Other,False,Robert Redford,United States,6000000.0,54766923.0,49000.0,1
M0081318,0081318,Paura nella città dei morti viventi,Horror,1980.0,3.05,11,96,2.4849066497880004,1,English,False,,,,,,1
M0081375,0081375,Private Benjamin,Comedy,1980.0,3.29,17,109,2.8903717578961645,1,Other,False,Howard Zieff,United States,10000000.0,69847348.0,24000.0,1
M0081383,0081383,Prom Night,Horror,1980.0,2.82,11,92,2.4849066497880004,1,Other,False,Paul Lynch,Canada,,14796236.0,16000.0,1
M0081398,0081398,Raging Bull,Biography,1980.0,4.17,209,129,5.3471075307174685,1,Other,False,Martin Scorsese,United States,18000000.0,23402427.0,330000.0,1
M0081455,0081455,Scanners,Horror,1981.0,3.57,23,103,3.1780538303479458,1,Other,False,David Cronenberg,Canada,,14225876.0,51000.0,1
M0081505,0081505,The Shining,Drama,1980.0,4.06,501,146,6.218600119691729,1,Other,False,Stanley Kubrick,United Kingdom,19000000.0,46998772.0,927000.0,1
M0081534,0081534,Somewhere in Time,Drama,1980.0,4.03,19,103,2.995732273553991,1,Other,False,Jeannot Szwarc,United States,5100000.0,9709597.0,27000.0,1
M0081554,0081554,Stardust Memories,Comedy,1980.0,3.58,12,89,2.5649493574615367,1,Other,False,Woody Allen,United States,10000000.0,10389003.0,22000.0,1
M0081562,0081562,Stir Crazy,Comedy,1980.0,3.88,12,111,2.5649493574615367,1,Other,False,Sidney Poitier,United States,,101300000.0,26000.0,1
M0081573,0081573,Superman II,Action,1980.0,3.7,50,127,3.9318256327243257,1,Other,False,Richard Lester,United States,54000000.0,108185706.0,101000.0,1
M0081633,0081633,Time Bandits,Adventure,1981.0,3.47,15,110,2.772588722239781,1,Other,False,Terry Gilliam,United Kingdom,5000000.0,42368025.0,60000.0,1
M0082010,0082010,An American Werewolf in London,Comedy,1981.0,3.87,72,97,4.290459441148391,1,Other,False,John Landis,United Kingdom,10000000.0,30669378.0,97000.0,1
M0082031,0082031,Arthur,Comedy,1981.0,3.7,10,97,2.3978952727983707,1,Other,False,Steve Gordon,United States,7000000.0,95461682.0,27000.0,1
M0082085,0082085,Blow Out,Thriller,1981.0,3.84,40,108,3.713572066704308,1,Other,False,Brian De Palma,United States,18000000.0,12000000.0,47000.0,1
M0082089,0082089,Body Heat,Crime,1981.0,3.82,20,113,3.044522437723423,1,Other,False,Lawrence Kasdan,United States,,24058838.0,32000.0,1
M0082096,0082096,Das Boot,Adventure,1981.0,4.21,85,149,4.454347296253507,1,Other,False,Wolfgang Petersen,West Germany,,11487676.0,237000.0,1
M0082136,0082136,The Cannonball Run,Action,1981.0,3.65,13,95,2.6390573296152584,1,Other,False,Hal Needham,United States,18000000.0,72179579.0,34000.0,1
M0082158,0082158,Chariots of Fire,Biography,1981.0,3.45,20,125,3.044522437723423,1,Other,False,Hugh Hudson,United Kingdom,5500000.0,59303359.0,56000.0,1
M0082176,0082176,Christiane F. - Wir Kinder vom Bahnhof Zoo,Biography,1981.0,4.0,12,117,2.5649493574615367,1,English,False,,,,,,1
M0082186,0082186,Clash of the Titans,Action,1981.0,3.81,16,118,2.833213344056216,1,Other,False,Desmond Davis,United Kingdom,15000000.0,41092328.0,42000.0,1
M0082198,0082198,Conan the Barbarian,Adventure,1982.0,3.5,35,129,3.58351893845611,1,Other,False,John Milius,United States,20000000.0,68851475.0,141000.0,1
M0082242,0082242,Dead &amp; Buried,Horror,1981.0,3.5,10,96,2.3978952727983707,1,English,False,,,,,,1
M0082307,0082307,...E tu vivrai nel terrore! L&x27;aldilà,Horror,1981.0,3.33,12,96,2.5649493574615367,1,English,False,,,,,,1
M0082334,0082334,The Entity,Drama,1982.0,3.5,11,125,2.4849066497880004,1,Other,False,Sidney J. Furie,United States,9000000.0,13277558.0,15000.0,1
M0082340,0082340,Escape from New York,Action,1981.0,3.69,66,99,4.204692619390966,1,Other,False,John Carpenter,United States,6000000.0,25244626.0,131000.0,1
M0082348,0082348,Excalibur,Adventure,1981.0,3.09,11,140,2.4849066497880004,1,Other,False,John Boorman,United Kingdom,11000000.0,34971136.0,59000.0,1
M0082377,0082377,The Final Conflict,Horror,1981.0,3.1,15,108,2.772588722239781,1,Other,False,Graham Baker,United Kingdom,5000000.0,20471382.0,19000.0,1
M0082398,0082398,For Your Eyes Only,Action,1981.0,3.56,36,127,3.6109179126442243,1,Other,False,John Glen,United Kingdom,28000000.0,54813222.0,94000.0,1
M0082406,0082406,The Fox and the Hound,Animation,1981.0,3.64,18,83,2.9444389791664403,1,Other,False,Directors,United States,12000000.0,63456988.0,87000.0,1
M0082418,0082418,Friday the 13th Part 2,Horror,1981.0,3.21,41,87,3.7376696182833684,1,Other,False,Steve Miner,United States,1250000.0,21722776.0,61000.0,1
M0082432,0082432,Gallipoli,Adventure,1981.0,4.19,16,110,2.833213344056216,1,Other,False,Peter Weir,Australia,,5732587.0,38000.0,1
M0082495,0082495,Halloween II,Horror,1981.0,3.38,52,92,3.970291913552122,1,Other,False,Rick Rosenthal,United States,2500000.0,25533818.0,77000.0,1
M0082509,0082509,Heavy Metal,Animation,1981.0,3.65,10,91,2.3978952727983707,1,English,False,,,,,,1
M0082517,0082517,History of the World: Part I,Comedy,1981.0,3.5,16,92,2.833213344056216,1,Other,False,Mel Brooks,United States,11000000.0,31672907.0,47000.0,1
M0082533,0082533,The Howling,Horror,1981.0,3.5,14,91,2.70805020110221,1,Other,False,Joe Dante,United States,1000000.0,17985893.0,32000.0,1
M0082694,0082694,Mad Max 2,Action,1981.0,3.95,106,96,4.672828834461906,1,Other,False,George Miller,Australia,3000000.0,23668369.0,170000.0,1
M0082783,0082783,My Dinner with Andre,Biography,1981.0,3.94,26,110,3.295836866004329,1,Other,False,Louis Malle,United States,,5073.0,19000.0,1
M0082846,0082846,On Golden Pond,Drama,1981.0,4.22,18,109,2.9444389791664403,1,Other,False,Mark Rydell,United States,,119285432.0,29000.0,1
M0082869,0082869,Outland,Action,1981.0,3.36,11,109,2.4849066497880004,1,Other,False,Peter Hyams,United Kingdom,16000000.0,17374595.0,28000.0,1
M0082933,0082933,Possession,Drama,1981.0,3.27,11,124,2.4849066497880004,1,Other,False,Andrzej Zulawski,France,,1113538.0,27000.0,1
M0082934,0082934,The Postman Always Rings Twice,Crime,1981.0,3.05,10,122,2.3978952727983707,1,Other,False,Bob Rafelson,West Germany,12000000.0,12376625.0,22000.0,1
M0082971,0082971,Raiders of the Lost Ark,Action,1981.0,4.16,186,107,5.231108616854587,1,English,False,,,,,,1
M0082979,0082979,Reds,Biography,1981.0,3.83,12,195,2.5649493574615367,1,Other,False,Warren Beatty,United States,32000000.0,40382659.0,21000.0,1
M0083131,0083131,Stripes,Comedy,1981.0,3.45,38,106,3.6635616461296463,1,Other,False,Ivan Reitman,United States,10000000.0,85297000.0,68000.0,1
M0083190,0083190,Thief,Action,1981.0,3.76,29,123,3.4011973816621555,1,Other,False,Michael Mann,United States,5500000.0,11492915.0,27000.0,1
M0083284,0083284,Victory,Drama,1981.0,3.11,18,116,2.9444389791664403,1,Other,False,John Huston,United Kingdom,10000000.0,10853418.0,29000.0,1
M0083511,0083511,48 Hrs.,Action,1982.0,3.75,24,96,3.2188758248682006,1,Other,False,Walter Hill,United States,12000000.0,78868508.0,73000.0,1
M0083530,0083530,Airplane II: The Sequel,Comedy,1982.0,3.24,19,85,2.995732273553991,1,Other,False,Ken Finkleman,United States,15000000.0,27150534.0,50000.0,1
M0083550,0083550,Amityville II: The Possession,Horror,1982.0,2.88,13,104,2.6390573296152584,1,Other,False,Damiano Damiani,Mexico,5000000.0,12534817.0,11000.0,1
M0083564,0083564,Annie,Comedy,1982.0,4.05,11,127,2.4849066497880004,1,Other,False,John Huston,United States,50000000.0,57063861.0,41000.0,1
M0083624,0083624,Basket Case,Comedy,1982.0,2.7,10,100,2.3978952727983707,1,English,False,,,,,,1
M0083658,0083658,Blade Runner,Sci-Fi,1982.0,3.85,359,117,5.886104031450156,1,Other,False,Ridley Scott,United States,28000000.0,41676878.0,710000.0,1
M0083722,0083722,Cat People,Fantasy,1982.0,3.15,10,118,2.3978952727983707,1,Other,False,Paul Schrader,United States,18000000.0,7000000.0,20000.0,1
M0083767,0083767,Creepshow,Comedy,1982.0,3.8,15,120,2.772588722239781,1,Other,False,George A. Romero,United States,8000000.0,21028755.0,44000.0,1
M0083791,0083791,The Dark Crystal,Adventure,1982.0,3.65,26,93,3.295836866004329,1,Other,False,Jim Henson,United Kingdom,15000000.0,41630431.0,63000.0,1
M0083866,0083866,E.T. the Extra-Terrestrial,Family,1982.0,4.2,96,115,4.574710978503383,1,Other,False,Steven Spielberg,United States,10500000.0,792910554.0,381000.0,1
M0083907,0083907,The Evil Dead,Horror,1981.0,3.68,94,85,4.553876891600541,1,Other,False,Sam Raimi,United States,350000.0,2956630.0,192000.0,1
M0083908,0083908,Evil Under the Sun,Drama,1982.0,3.7,10,117,2.3978952727983707,1,Other,False,Guy Hamilton,United Kingdom,10000000.0,6110670.0,15000.0,1
M0083922,0083922,Fanny och Alexander,Drama,1982.0,4.29,34,109,3.5553480614894135,1,English,False,,,,,,1
M0083929,0083929,Fast Times at Ridgemont High,Comedy,1982.0,3.54,27,90,3.332204510175204,1,Other,False,Amy Heckerling,United States,4500000.0,27092880.0,98000.0,1
M0083944,0083944,First Blood,Action,1982.0,4.03,97,93,4.584967478670572,1,Other,False,Ted Kotcheff,United States,15000000.0,125212904.0,234000.0,1
M0083946,0083946,Fitzcarraldo,Adventure,1982.0,3.64,18,105,2.9444389791664403,1,English,False,,,,,,1
M0083972,0083972,Friday the 13th Part III,Horror,1982.0,2.98,29,95,3.4011973816621555,1,Other,False,Steve Miner,United States,2300000.0,36690067.0,49000.0,1
M0083987,0083987,Gandhi,Biography,1982.0,4.27,76,191,4.343805421853684,1,Other,False,Richard Attenborough,United Kingdom,22000000.0,52767889.0,220000.0,1
M0084335,0084335,Missing,Biography,1982.0,3.97,16,122,2.833213344056216,1,Other,False,Costa-Gavras,United States,9500000.0,14000000.0,19000.0,1
M0084434,0084434,An Officer and a Gentleman,Drama,1982.0,4.03,17,124,2.8903717578961645,1,Other,False,Taylor Hackford,United States,7500000.0,129795554.0,52000.0,1
M0084503,0084503,Pink Floyd The Wall,Animation,1982.0,4.35,27,91,3.332204510175204,1,English,False,,,,,,1
M0084516,0084516,Poltergeist,Horror,1982.0,3.89,75,114,4.330733340286331,1,Other,False,Tobe Hooper,United States,10700000.0,77142388.0,148000.0,1
M0084522,0084522,Porky's,Comedy,1982.0,3.33,12,94,2.5649493574615367,1,Other,False,Bob Clark,Canada,2500000.0,111289673.0,40000.0,1
M0084602,0084602,Rocky III,Drama,1982.0,3.62,68,99,4.23410650459726,1,Other,False,Sylvester Stallone,United States,17000000.0,125052686.0,179000.0,1
M0084649,0084649,The Secret of NIMH,Animation,1982.0,3.45,11,82,2.4849066497880004,1,Other,False,Don Bluth,United States,7000000.0,14665733.0,37000.0,1
M0084695,0084695,The Slumber Party Massacre,Horror,1982.0,2.68,11,96,2.4849066497880004,1,English,False,,,,,,1
M0084707,0084707,Sophie's Choice,Drama,1982.0,3.87,38,150,3.6635616461296463,1,Other,False,Alan J. Pakula,United Kingdom,12000000.0,30036000.0,44000.0,1
M0084726,0084726,Star Trek II: The Wrath of Khan,Action,1982.0,3.98,60,113,4.110873864173311,1,Other,False,Nicholas Meyer,United States,11200000.0,78912963.0,115000.0,1
M0084777,0084777,Tenebre,Horror,1982.0,3.68,14,96,2.70805020110221,1,English,False,,,,,,1
M0084787,0084787,The Thing,Horror,1982.0,4.04,148,109,5.003946305945459,1,Other,False,John Carpenter,United States,15000000.0,19632053.0,382000.0,1
M0084805,0084805,Tootsie,Comedy,1982.0,3.87,54,116,4.007333185232471,1,Other,False,Sydney Pollack,United States,21000000.0,177200000.0,100000.0,1
M0084827,0084827,TRON,Action,1982.0,3.63,27,96,3.332204510175204,1,Other,False,Steven Lisberger,United States,17000000.0,33000525.0,115000.0,1
M0084855,0084855,The Verdict,Drama,1982.0,4.04,34,129,3.5553480614894135,1,Other,False,Sidney Lumet,United States,16000000.0,53993738.0,37000.0,1
M0084917,0084917,The World According to Garp,Comedy,1982.0,4.27,13,136,2.6390573296152584,1,Other,False,George Roy Hill,United States,17000000.0,29712172.0,25000.0,1
M0085244,0085244,The Big Chill,Comedy,1983.0,3.7,10,105,2.3978952727983707,1,Other,False,Lawrence Kasdan,United States,8000000.0,56399659.0,34000.0,1
M0085333,0085333,Christine,Horror,1983.0,3.66,38,110,3.6635616461296463,1,Other,False,John Carpenter,United States,9700000.0,21017849.0,75000.0,1
M0085334,0085334,A Christmas Story,Comedy,1983.0,4.1,36,93,3.6109179126442243,1,Other,False,Bob Clark,United States,3300000.0,20653717.0,134000.0,1
M0085382,0085382,Cujo,Horror,1983.0,2.96,25,93,3.258096538021482,1,Other,False,Lewis Teague,United States,5000000.0,21156152.0,41000.0,1
M0085407,0085407,The Dead Zone,Drama,1983.0,3.68,34,103,3.5553480614894135,1,Other,False,David Cronenberg,United States,10000000.0,20766616.0,65000.0,1
M0085549,0085549,Flashdance,Drama,1983.0,3.58,18,95,2.9444389791664403,1,Other,False,Adrian Lyne,United States,4000000.0,92921203.0,50000.0,1
M0085636,0085636,Halloween III: Season of the Witch,Horror,1982.0,2.77,41,98,3.7376696182833684,1,Other,False,Tommy Lee Wallace,United States,2500000.0,14400000.0,45000.0,1
M0085701,0085701,The Hunger,Drama,1983.0,3.58,13,97,2.6390573296152584,1,Other,False,Tony Scott,United Kingdom,,5988322.0,24000.0,1
M0085750,0085750,Jaws 3-D,Adventure,1983.0,2.11,14,99,2.70805020110221,1,Other,False,Joe Alves,United States,20500000.0,87987055.0,41000.0,1
M0085794,0085794,The King of Comedy,Comedy,1982.0,3.95,149,109,5.0106352940962555,1,Other,False,Martin Scorsese,United States,20000000.0,2536242.0,94000.0,1
M0085811,0085811,Krull,Action,1983.0,3.27,11,121,2.4849066497880004,1,Other,False,Peter Yates,United Kingdom,47000000.0,16916617.0,31000.0,1
M0085859,0085859,Local Hero,Comedy,1983.0,3.85,10,111,2.3978952727983707,1,Other,False,Bill Forsyth,United Kingdom,,5899678.0,22000.0,1
M0085959,0085959,The Meaning of Life,Comedy,1983.0,3.8,32,107,3.4965075614664802,1,Other,False,Terry Jones,United Kingdom,9000000.0,14949697.0,115000.0,1
M0085970,0085970,Mr. Mom,Comedy,1983.0,3.65,10,91,2.3978952727983707,1,Other,False,Stan Dragoti,United States,,64783827.0,22000.0,1
M0085995,0085995,National Lampoon's Vacation,Adventure,1983.0,3.97,51,98,3.9512437185814275,1,Other,False,Harold Ramis,United States,15000000.0,61399552.0,100000.0,1
M0086006,0086006,Never Say Never Again,Action,1983.0,3.0,19,134,2.995732273553991,1,Other,False,Irvin Kershner,United Kingdom,36000000.0,55432841.0,63000.0,1
M0086022,0086022,Nostalgia,Drama,1983.0,4.09,16,109,2.833213344056216,1,English,False,,,,,,1
M0086034,0086034,Octopussy,Action,1983.0,3.28,34,131,3.5553480614894135,1,Other,False,John Glen,United Kingdom,27500000.0,67893619.0,98000.0,1
M0086066,0086066,The Outsiders,Crime,1983.0,3.66,32,91,3.4965075614664802,1,Other,False,Francis Ford Coppola,United States,10000000.0,25697647.0,78000.0,1
M0086154,0086154,Psycho II,Crime,1983.0,3.55,22,113,3.1354942159291497,1,Other,False,Richard Franklin,United States,5000000.0,34725000.0,25000.0,1
M0086190,0086190,Star Wars: Episode VI - Return of the Jedi,Action,1983.0,4.17,296,131,5.6937321388027,1,Other,False,Richard Marquand,United States,32500000.0,475106177.0,973000.0,1
M0086197,0086197,The Right Stuff,Adventure,1983.0,4.04,23,193,3.1780538303479458,1,Other,False,Philip Kaufman,United States,27000000.0,21192315.0,57000.0,1
M0086200,0086200,Risky Business,Comedy,1983.0,3.6,54,99,4.007333185232471,1,Other,False,Paul Brickman,United States,6200000.0,63541777.0,83000.0,1
M0086216,0086216,Rumble Fish,Crime,1983.0,3.92,18,94,2.9444389791664403,1,Other,False,Francis Ford Coppola,United States,10000000.0,2494480.0,32000.0,1
M0086250,0086250,Scarface,Crime,1983.0,4.26,417,170,6.035481432524756,1,Other,False,Brian De Palma,United States,25000000.0,65884703.0,766000.0,1
M0086320,0086320,Sleepaway Camp,Horror,1983.0,3.25,20,84,3.044522437723423,1,Other,False,Robert Hiltzik,United States,350000.0,,28000.0,1
M0086383,0086383,Sudden Impact,Action,1983.0,3.08,18,117,2.9444389791664403,1,Other,False,Clint Eastwood,United States,22000000.0,67642693.0,42000.0,1
M0086393,0086393,Superman III,Action,1983.0,2.59,29,125,3.4011973816621555,1,Other,False,Richard Lester,France,39000000.0,59950623.0,66000.0,1
M0086425,0086425,Terms of Endearment,Comedy,1983.0,4.04,42,132,3.7612001156935624,1,Other,False,James L. Brooks,United States,8000000.0,108423749.0,57000.0,1
M0086465,0086465,Trading Places,Comedy,1983.0,3.96,77,116,4.356708826689592,1,Other,False,John Landis,United States,15000000.0,90404800.0,141000.0,1
M0086541,0086541,Videodrome,Horror,1983.0,3.49,38,87,3.6635616461296463,1,Other,False,David Cronenberg,Canada,5952000.0,2120439.0,86000.0,1
M0086567,0086567,WarGames,Sci-Fi,1983.0,3.74,42,114,3.7612001156935624,1,Other,False,John Badham,United States,12000000.0,79567667.0,93000.0,1
M0086617,0086617,The Year of Living Dangerously,Drama,1982.0,3.3,10,115,2.3978952727983707,1,Other,False,Peter Weir,Australia,13000000.0,10278575.0,20000.0,1
M0086637,0086637,Zelig,Comedy,1983.0,4.06,35,79,3.58351893845611,1,Other,False,Woody Allen,United States,,11798616.0,41000.0,1
M0086837,0086837,2010: The Year We Make Contact,Adventure,1984.0,3.4,24,116,3.2188758248682006,1,Other,False,Peter Hyams,United States,28000000.0,40400657.0,50000.0,1
M0086879,0086879,Amadeus,Biography,1984.0,4.54,297,160,5.697093486505405,1,Other,False,Milos Forman,United States,18000000.0,52066791.0,377000.0,1
M0086960,0086960,Beverly Hills Cop,Action,1984.0,3.76,67,105,4.219507705176107,1,Other,False,Martin Brest,United States,14000000.0,316360478.0,171000.0,1
M0086979,0086979,Blood Simple,Crime,1984.0,3.78,69,99,4.248495242049359,1,Other,False,Joel Coen,United States,1500000.0,4228292.0,91000.0,1
M0086984,0086984,Body Double,Thriller,1984.0,3.5,11,114,2.4849066497880004,1,Other,False,Brian De Palma,United States,10000000.0,8801940.0,30000.0,1
M0086993,0086993,The Bounty,Action,1984.0,3.55,10,132,2.3978952727983707,1,Other,False,Roger Donaldson,United Kingdom,25000000.0,8613462.0,25000.0,1
M0087050,0087050,Children of the Corn,Horror,1984.0,2.83,27,92,3.332204510175204,1,Other,False,Fritz Kiersch,United States,800000.0,14568989.0,49000.0,1
M0087078,0087078,Conan the Destroyer,Action,1984.0,3.43,21,103,3.091042453358316,1,Other,False,Richard Fleischer,United States,18000000.0,31042035.0,77000.0,1
M0087182,0087182,Dune,Action,1984.0,3.14,39,137,3.6888794541139363,1,Other,False,David Lynch,United States,40000000.0,30925690.0,132000.0,1
M0087233,0087233,Falling in Love,Drama,1984.0,3.35,13,106,2.6390573296152584,1,Other,False,Ulu Grosbard,United States,12000000.0,11129057.0,13000.0,1
M0087277,0087277,Footloose,Drama,1984.0,3.47,37,107,3.6375861597263857,1,Other,False,Herbert Ross,United States,8200000.0,80039064.0,73000.0,1
M0087298,0087298,Friday the 13th: The Final Chapter,Horror,1984.0,3.06,27,91,3.332204510175204,1,Other,False,Joseph Zito,United States,2600000.0,32980880.0,47000.0,1
M0087332,0087332,Ghostbusters,Action,1984.0,4.09,137,105,4.927253685157205,1,Other,False,Ivan Reitman,United States,30000000.0,296187079.0,365000.0,1
M0087363,0087363,Gremlins,Comedy,1984.0,3.87,79,106,4.382026634673881,1,Other,False,Joe Dante,United States,11000000.0,153633143.0,204000.0,1
M0087469,0087469,Indiana Jones and the Temple of Doom,Action,1984.0,3.73,123,118,4.820281565605037,1,Other,False,Steven Spielberg,United States,28000000.0,333107271.0,459000.0,1
M0087538,0087538,The Karate Kid,Action,1984.0,3.96,60,126,4.110873864173311,1,Other,False,John G. Avildsen,United States,8000000.0,91119319.0,205000.0,1
M0087544,0087544,Kaze no tani no Naushika,Animation,1984.0,4.03,71,91,4.276666119016055,1,English,False,,,,,,1
M0087553,0087553,The Killing Fields,Biography,1984.0,3.97,17,141,2.8903717578961645,1,Other,False,Roland Joffé,United Kingdom,14400000.0,34700291.0,53000.0,1
M0087597,0087597,The Last Starfighter,Action,1984.0,3.88,13,101,2.6390573296152584,1,Other,False,Nick Castle,United States,15000000.0,28733290.0,39000.0,1
M0087781,0087781,The Natural,Drama,1984.0,4.12,17,138,2.8903717578961645,1,Other,False,Barry Levinson,United States,28000000.0,47951979.0,46000.0,1
M0087799,0087799,Night of the Comet,Comedy,1984.0,3.25,12,95,2.5649493574615367,1,Other,False,Thom Eberhardt,United States,700000.0,14418922.0,19000.0,1
M0087800,0087800,A Nightmare on Elm Street,Horror,1984.0,3.86,106,91,4.672828834461906,1,Other,False,Wes Craven,United States,1800000.0,25507137.0,212000.0,1
M0087803,0087803,Nineteen Eighty-Four,Drama,1984.0,3.78,45,109,3.828641396489095,1,English,False,,,,,,1
M0087843,0087843,Once Upon a Time in America,Crime,1984.0,4.3,210,229,5.351858133476067,1,Other,False,Sergio Leone,Italy,30000000.0,5473212.0,321000.0,1
M0087884,0087884,"Paris, Texas",Drama,1984.0,4.38,96,145,4.574710978503383,1,Other,False,Wim Wenders,West Germany,,2207548.0,96000.0,1
M0087909,0087909,Phenomena,Horror,1985.0,3.53,15,96,2.772588722239781,1,English,False,,,,,,1
M0087928,0087928,Police Academy,Comedy,1984.0,3.72,44,96,3.8066624897703196,1,Other,False,Hugh Wilson,United States,4500000.0,81198894.0,118000.0,1
M0087957,0087957,Purple Rain,Drama,1984.0,3.68,19,111,2.995732273553991,1,Other,False,Albert Magnoli,United States,7200000.0,70263155.0,20000.0,1
M0087985,0087985,Red Dawn,Action,1984.0,3.79,17,114,2.8903717578961645,1,Other,False,John Milius,United States,17000000.0,38376497.0,53000.0,1
M0087995,0087995,Repo Man,Comedy,1984.0,3.78,20,92,3.044522437723423,1,Other,False,Alex Cox,United States,1500000.0,129000.0,35000.0,1
M0088000,0088000,Revenge of the Nerds,Comedy,1984.0,3.53,18,90,2.9444389791664403,1,Other,False,Jeff Kanew,United States,8000000.0,40874452.0,50000.0,1
M0088011,0088011,Romancing the Stone,Action,1984.0,3.67,36,106,3.6109179126442243,1,Other,False,Robert Zemeckis,Mexico,10000000.0,86572238.0,86000.0,1
M0088024,0088024,Runaway,Action,1984.0,2.93,14,99,2.70805020110221,1,Other,False,Michael Crichton,United States,,6770587.0,12000.0,1
M0088117,0088117,"Silent Night, Deadly Night",Horror,1984.0,3.1,15,79,2.772588722239781,1,Other,False,Charles E. Sellier Jr.,United States,1065000.0,2491460.0,14000.0,1
M0088128,0088128,Sixteen Candles,Comedy,1984.0,3.66,49,93,3.912023005428146,1,Other,False,John Hughes,United States,6500000.0,23686027.0,108000.0,1
M0088161,0088161,Splash,Comedy,1984.0,3.42,20,111,3.044522437723423,1,Other,False,Ron Howard,United States,8000000.0,69821334.0,71000.0,1
M0088170,0088170,Star Trek III: The Search for Spock,Action,1984.0,3.34,32,105,3.4965075614664802,1,Other,False,Leonard Nimoy,United States,17000000.0,76471046.0,76000.0,1
M0088172,0088172,Starman,Romance,1984.0,3.77,15,115,2.772588722239781,1,Other,False,John Carpenter,United States,22000000.0,28744356.0,44000.0,1
M0088184,0088184,Stranger Than Paradise,Comedy,1984.0,3.75,30,89,3.4339872044851463,1,Other,False,Jim Jarmusch,United States,90000.0,2436000.0,36000.0,1
M0088247,0088247,The Terminator,Action,1984.0,4.16,199,107,5.298317366548036,1,Other,False,James Cameron,United Kingdom,6400000.0,78371200.0,812000.0,1
M0088258,0088258,This Is Spinal Tap,Comedy,1984.0,3.74,44,82,3.8066624897703196,1,Other,False,Rob Reiner,United States,2500000.0,4736202.0,132000.0,1
M0088286,0088286,Top Secret!,Comedy,1984.0,3.94,26,90,3.295836866004329,1,Other,False,Jim Abrahams,United Kingdom,9000000.0,20458340.0,62000.0,1
M0088323,0088323,The NeverEnding Story,Adventure,1984.0,3.81,47,102,3.871201010907891,1,Other,False,Wolfgang Petersen,West Germany,27000000.0,20251411.0,135000.0,1
M0088680,0088680,After Hours,Comedy,1985.0,3.9,61,97,4.127134385045092,1,Other,False,Martin Scorsese,United States,4500000.0,10609321.0,63000.0,1
M0088763,0088763,Back to the Future,Adventure,1985.0,4.43,328,116,5.796057750765372,1,Other,False,Robert Zemeckis,United States,19000000.0,381906762.0,1100000.0,1
M0088794,0088794,Better Off Dead...,Comedy,1985.0,3.54,14,97,2.70805020110221,1,Other,False,Savage Steve Holland,United States,,10297601.0,42000.0,1
M0088814,0088814,The Black Cauldron,Animation,1985.0,3.14,14,80,2.70805020110221,1,Other,False,Ted Berman,United States,44000000.0,21288692.0,33000.0,1
M0088846,0088846,Brazil,Drama,1985.0,3.99,58,132,4.07753744390572,1,Other,False,Terry Gilliam,United Kingdom,15000000.0,9949953.0,191000.0,1
M0088847,0088847,The Breakfast Club,Comedy,1985.0,3.99,360,97,5.8888779583328805,1,Other,False,John Hughes,United States,1000000.0,51525171.0,367000.0,1
M0088850,0088850,Brewster's Millions,Comedy,1985.0,3.3,22,102,3.1354942159291497,1,Other,False,Walter Hill,United States,20000000.0,45833132.0,36000.0,1
M0088930,0088930,Clue,Comedy,1985.0,3.79,58,94,4.07753744390572,1,Other,False,Jonathan Lynn,United States,15000000.0,14643997.0,88000.0,1
M0088933,0088933,Cocoon,Comedy,1985.0,3.64,14,117,2.70805020110221,1,Other,False,Ron Howard,United States,17500000.0,85313124.0,59000.0,1
M0088939,0088939,The Color Purple,Drama,1985.0,4.15,41,154,3.7376696182833684,1,Other,False,Steven Spielberg,United States,15000000.0,98467863.0,81000.0,1
M0088944,0088944,Commando,Action,1985.0,3.73,57,90,4.060443010546419,1,Other,False,Mark L. Lester,United States,10000000.0,57491000.0,150000.0,1
M0088993,0088993,Day of the Dead,Horror,1985.0,3.76,19,101,2.995732273553991,1,Other,False,George A. Romero,United States,3500000.0,5000000.0,65000.0,1
M0089013,0089013,Dèmoni,Horror,1985.0,3.33,12,96,2.5649493574615367,1,English,False,,,,,,1
M0089114,0089114,Explorers,Adventure,1985.0,3.2,10,109,2.3978952727983707,1,Other,False,Joe Dante,United States,25000000.0,9873044.0,20000.0,1
M0089155,0089155,Fletch,Comedy,1985.0,3.66,22,98,3.1354942159291497,1,Other,False,Michael Ritchie,United States,8000000.0,59612888.0,49000.0,1
M0089173,0089173,Friday the 13th: A New Beginning,Horror,1985.0,2.39,22,92,3.1354942159291497,1,Other,False,Danny Steinmann,United States,2200000.0,21930418.0,35000.0,1
M0089175,0089175,Fright Night,Horror,1985.0,3.63,38,106,3.6635616461296463,1,Other,False,Tom Holland,United States,9000000.0,24922237.0,63000.0,1
M0089218,0089218,The Goonies,Adventure,1985.0,4.09,116,114,4.762173934797756,1,Other,False,Richard Donner,United States,19000000.0,63980721.0,252000.0,1
M0089360,0089360,Jagged Edge,Drama,1985.0,3.2,10,108,2.3978952727983707,1,Other,False,Richard Marquand,United States,15000000.0,40491165.0,14000.0,1
M0089370,0089370,The Jewel of the Nile,Action,1985.0,3.03,16,106,2.833213344056216,1,Other,False,Lewis Teague,United States,25000000.0,96773200.0,53000.0,1
M0089393,0089393,Just One of the Guys,Comedy,1985.0,3.6,10,100,2.3978952727983707,1,Other,False,Lisa Gottlieb,United States,,11528900.0,15000.0,1
M0089461,0089461,The Last Dragon,Action,1985.0,4.15,10,109,2.3978952727983707,1,Other,False,Michael Schultz,United States,10000000.0,25754284.0,13000.0,1
M0089469,0089469,Legend,Adventure,1985.0,3.25,22,94,3.1354942159291497,1,Other,False,Ridley Scott,United States,24500000.0,15502112.0,62000.0,1
M0089470,0089470,The Legend of Billie Jean,Action,1985.0,3.8,10,96,2.3978952727983707,1,Other,False,Matthew Robbins,United States,,3099497.0,9200.0,1
M0089489,0089489,Lifeforce,Action,1985.0,3.54,12,101,2.5649493574615367,1,Other,False,Tobe Hooper,United Kingdom,25000000.0,11603545.0,24000.0,1
M0089530,0089530,Mad Max Beyond Thunderdome,Action,1985.0,3.15,74,107,4.31748811353631,1,Other,False,George Miller,Australia,10000000.0,36230219.0,129000.0,1
M0089670,0089670,European Vacation,Adventure,1985.0,3.3,27,105,3.332204510175204,1,English,False,,,,,,1
M0089686,0089686,A Nightmare on Elm Street Part 2: Freddy&x27;s Revenge,Horror,1985.0,2.86,40,96,3.713572066704308,1,English,False,,,,,,1
M0089755,0089755,Out of Africa,Biography,1985.0,3.73,39,161,3.6888794541139363,1,Other,False,Sydney Pollack,United States,31000000.0,227514205.0,75000.0,1
M0089767,0089767,Pale Rider,Action,1985.0,4.02,23,115,3.1780538303479458,1,Other,False,Clint Eastwood,United States,6900000.0,41410568.0,55000.0,1
M0089791,0089791,Pee-wee's Big Adventure,Adventure,1985.0,3.92,13,91,2.6390573296152584,1,Other,False,Tim Burton,United States,6000000.0,40940662.0,50000.0,1
M0089822,0089822,Police Academy 2: Their First Assignment,Comedy,1985.0,2.98,20,87,3.044522437723423,1,Other,False,Jerry Paris,United States,7600000.0,55600000.0,53000.0,1
M0089853,0089853,The Purple Rose of Cairo,Comedy,1985.0,4.11,36,82,3.6109179126442243,1,Other,False,Woody Allen,United States,15000000.0,10631333.0,48000.0,1
M0089880,0089880,Rambo: First Blood Part II,Action,1985.0,3.37,47,96,3.871201010907891,1,Other,False,George P. Cosmatos,United States,44000000.0,300400432.0,159000.0,1
M0089881,0089881,Ran,Action,1985.0,4.12,48,162,3.8918202981106265,1,Other,False,Akira Kurosawa,Japan,11500000.0,4164283.0,117000.0,1
M0089885,0089885,Re-Animator,Comedy,1985.0,3.64,32,104,3.4965075614664802,1,Other,False,Stuart Gordon,United States,900000.0,2023414.0,59000.0,1
M0089886,0089886,Real Genius,Comedy,1985.0,3.97,15,108,2.772588722239781,1,Other,False,Martha Coolidge,United States,8000000.0,12952019.0,31000.0,1
M0089893,0089893,Red Sonja,Action,1985.0,2.69,13,89,2.6390573296152584,1,Other,False,Richard Fleischer,United States,17900000.0,6951415.0,39000.0,1
M0089907,0089907,The Return of the Living Dead,Comedy,1985.0,4.21,17,91,2.8903717578961645,1,Other,False,Dan O'Bannon,United States,4000000.0,14237880.0,56000.0,1
M0089927,0089927,Rocky IV,Drama,1985.0,3.66,76,91,4.343805421853684,1,Other,False,Sylvester Stallone,United States,30000000.0,300473716.0,192000.0,1
M0089941,0089941,Runaway Train,Action,1985.0,3.71,17,111,2.8903717578961645,1,Other,False,Andrey Konchalovskiy,United States,9000000.0,7683620.0,28000.0,1
M0090022,0090022,Silverado,Action,1985.0,3.94,16,133,2.833213344056216,1,Other,False,Lawrence Kasdan,United States,26000000.0,32192570.0,40000.0,1
M0090056,0090056,Spies Like Us,Adventure,1985.0,3.57,14,102,2.70805020110221,1,Other,False,John Landis,United States,22000000.0,60088980.0,45000.0,1
M0090060,0090060,St. Elmo's Fire,Drama,1985.0,3.12,20,110,3.044522437723423,1,Other,False,Joel Schumacher,United States,10000000.0,37803872.0,38000.0,1
M0090094,0090094,The Stuff,Comedy,1985.0,2.75,16,100,2.833213344056216,1,English,False,,,,,,1
M0090142,0090142,Teen Wolf,Comedy,1985.0,3.4,26,91,3.295836866004329,1,Other,False,Rod Daniel,United States,,33086611.0,48000.0,1
M0090180,0090180,To Live and Die in L.A.,Action,1985.0,3.64,18,116,2.9444389791664403,1,Other,False,William Friedkin,United States,6000000.0,17307019.0,31000.0,1
M0090264,0090264,A View to a Kill,Action,1985.0,3.46,38,131,3.6635616461296463,1,Other,False,John Glen,United Kingdom,30000000.0,50327960.0,91000.0,1
M0090305,0090305,Weird Science,Comedy,1985.0,3.49,46,94,3.8501476017100584,1,Other,False,John Hughes,United States,7500000.0,38934048.0,83000.0,1
M0090329,0090329,Witness,Crime,1985.0,3.69,49,112,3.912023005428146,1,Other,False,Peter Weir,United States,12000000.0,68706993.0,89000.0,1
M0090555,0090555,'Crocodile' Dundee,Adventure,1986.0,3.66,22,105,3.1354942159291497,1,English,False,,,,,,1
M0090563,0090563,37°2 le matin,Drama,1986.0,3.79,12,109,2.5649493574615367,1,English,False,,,,,,1
M0090570,0090570,84 Charing Cross Road,Biography,1987.0,4.0,12,100,2.5649493574615367,1,Other,False,David Hugh Jones,United Kingdom,,1083486.0,9500.0,1
M0090605,0090605,Aliens,Action,1986.0,4.31,191,137,5.2574953720277815,1,Other,False,James Cameron,United Kingdom,18500000.0,131060248.0,668000.0,1
M0090655,0090655,April Fool's Day,Horror,1986.0,3.29,14,89,2.70805020110221,1,Other,False,Fred Walton,United States,5000000.0,12947763.0,15000.0,1
M0090670,0090670,At Close Range,Crime,1986.0,3.68,11,111,2.4849066497880004,1,Other,False,James Foley,United States,6500000.0,2347000.0,15000.0,1
M0090728,0090728,Big Trouble in Little China,Action,1986.0,3.71,77,99,4.356708826689592,1,Other,False,John Carpenter,United States,25000000.0,11100577.0,128000.0,1
M0090756,0090756,Blue Velvet,Drama,1986.0,3.76,113,120,4.736198448394496,1,Other,False,David Lynch,United States,6000000.0,8618766.0,186000.0,1
M0090837,0090837,Chopping Mall,Comedy,1986.0,2.86,11,100,2.4849066497880004,1,English,False,,,,,,1
M0090859,0090859,Cobra,Action,1986.0,2.74,34,87,3.5553480614894135,1,Other,False,George P. Cosmatos,United States,25000000.0,49042224.0,69000.0,1
M0090863,0090863,The Color of Money,Drama,1986.0,3.63,42,119,3.7612001156935624,1,Other,False,Martin Scorsese,United States,13800000.0,52293982.0,77000.0,1
M0090887,0090887,Critters,Comedy,1986.0,3.41,17,86,2.8903717578961645,1,Other,False,Stephen Herek,United States,2000000.0,13167232.0,32000.0,1
M0090888,0090888,Crossroads,Drama,1986.0,3.95,10,99,2.3978952727983707,1,Other,False,Walter Hill,United States,,5839031.0,15000.0,1
M0090967,0090967,Down by Law,Comedy,1986.0,3.8,30,107,3.4339872044851463,1,Other,False,Jim Jarmusch,United States,1100000.0,1504286.0,49000.0,1
M0091042,0091042,Ferris Bueller's Day Off,Comedy,1986.0,3.89,170,103,5.14166355650266,1,Other,False,John Hughes,United States,6000000.0,70720215.0,330000.0,1
M0091059,0091059,Flight of the Navigator,Adventure,1986.0,3.82,25,90,3.258096538021482,1,Other,False,Randal Kleiser,United States,9000000.0,18564613.0,45000.0,1
M0091064,0091064,The Fly,Drama,1986.0,3.66,59,96,4.0943445622221,1,Other,False,David Cronenberg,United States,15000000.0,60629159.0,165000.0,1
M0091080,0091080,Friday the 13th Part VI: Jason Lives,Horror,1986.0,3.17,21,86,3.091042453358316,1,Other,False,Tom McLoughlin,United States,3000000.0,19472057.0,40000.0,1
M0091129,0091129,The Golden Child,Action,1986.0,3.07,15,94,2.772588722239781,1,Other,False,Michael Ritchie,United States,25000000.0,79817937.0,53000.0,1
M0091149,0091149,The Great Mouse Detective,Animation,1986.0,3.88,17,74,2.8903717578961645,1,Other,False,Directors,United States,14000000.0,38625550.0,46000.0,1
M0091167,0091167,Hannah and Her Sisters,Comedy,1986.0,4.14,61,107,4.127134385045092,1,Other,False,Woody Allen,United States,6400000.0,40084041.0,68000.0,1
M0091187,0091187,Heartbreak Ridge,Drama,1986.0,3.91,11,130,2.4849066497880004,1,Other,False,Clint Eastwood,United States,15000000.0,42724017.0,41000.0,1
M0091203,0091203,Highlander,Action,1986.0,3.51,41,116,3.7376696182833684,1,Other,False,Russell Mulcahy,United Kingdom,16000000.0,5900712.0,127000.0,1
M0091209,0091209,The Hitcher,Thriller,1986.0,3.75,16,97,2.833213344056216,1,Other,False,Robert Harmon,United States,6000000.0,5844868.0,45000.0,1
M0091217,0091217,Hoosiers,Drama,1986.0,4.02,25,114,3.258096538021482,1,Other,False,David Anspaugh,United Kingdom,6000000.0,28607524.0,44000.0,1
M0091223,0091223,House,Comedy,1985.0,3.05,10,93,2.3978952727983707,1,Other,False,Steve Miner,United States,3000000.0,19444631.0,24000.0,1
M0091225,0091225,Howard the Duck,Action,1986.0,3.16,22,110,3.1354942159291497,1,Other,False,Willard Huyck,United States,37000000.0,37962774.0,44000.0,1
M0091251,0091251,Idi i smotri,Drama,1985.0,4.2,46,109,3.8501476017100584,1,English,False,,,,,,1
M0091326,0091326,The Karate Kid Part II,Action,1986.0,3.38,16,113,2.833213344056216,1,Other,False,John G. Avildsen,United States,,115103979.0,82000.0,1
M0091369,0091369,Labyrinth,Adventure,1986.0,3.9,56,101,4.04305126783455,1,Other,False,Jim Henson,United Kingdom,25000000.0,13915874.0,127000.0,1
M0091419,0091419,Little Shop of Horrors,Comedy,1986.0,3.82,28,94,3.367295829986474,1,Other,False,Frank Oz,United States,25000000.0,38983045.0,68000.0,1
M0091474,0091474,Manhunter,Crime,1986.0,3.68,41,120,3.7376696182833684,1,Other,False,Michael Mann,United States,15000000.0,8621783.0,68000.0,1
M0091499,0091499,Maximum Overdrive,Action,1986.0,2.93,15,98,2.772588722239781,1,Other,False,Stephen King,United States,10000000.0,7433663.0,31000.0,1
M0091530,0091530,The Mission,Adventure,1986.0,3.7,23,125,3.1780538303479458,1,Other,False,Roland Joffé,United Kingdom,24500000.0,17502499.0,57000.0,1
M0091541,0091541,The Money Pit,Comedy,1986.0,3.47,31,91,3.4657359027997265,1,Other,False,Richard Benjamin,United States,10000000.0,54999651.0,54000.0,1
M0091605,0091605,Der Name der Rose,Crime,1986.0,3.77,30,109,3.4339872044851463,1,English,False,,,,,,1
M0091630,0091630,Night of the Creeps,Comedy,1986.0,3.4,15,88,2.772588722239781,1,Other,False,Fred Dekker,United States,5000000.0,591366.0,22000.0,1
M0091635,0091635,Nine 1/2 Weeks,Drama,1986.0,3.31,13,109,2.6390573296152584,1,English,False,,,,,,1
M0091670,0091670,Sacrifice,Drama,1986.0,4.25,26,109,3.295836866004329,1,English,False,,,,,,1
M0091738,0091738,Peggy Sue Got Married,Comedy,1986.0,4.0,13,103,2.6390573296152584,1,Other,False,Francis Ford Coppola,United States,18000000.0,41488348.0,34000.0,1
M0091763,0091763,Platoon,Drama,1986.0,4.17,122,120,4.812184355372417,1,Other,False,Oliver Stone,United States,6000000.0,138545632.0,389000.0,1
M0091777,0091777,Police Academy 3: Back in Training,Comedy,1986.0,3.25,16,83,2.833213344056216,1,Other,False,Jerry Paris,Canada,,43579163.0,43000.0,1
M0091778,0091778,Poltergeist II: The Other Side,Horror,1986.0,2.87,15,91,2.772588722239781,1,Other,False,Brian Gibson,United States,19000000.0,40996665.0,26000.0,1
M0091790,0091790,Pretty in Pink,Comedy,1986.0,3.6,40,97,3.713572066704308,1,Other,False,Howard Deutch,United States,9000000.0,40479480.0,76000.0,1
M0091828,0091828,Raw Deal,Action,1986.0,2.84,16,106,2.833213344056216,1,Other,False,John Irvin,United States,8500000.0,16209459.0,32000.0,1
M0091860,0091860,River's Edge,Crime,1986.0,3.23,11,99,2.4849066497880004,1,Other,False,Tim Hunter,United States,1900000.0,4600000.0,17000.0,1
M0091867,0091867,A Room with a View,Drama,1985.0,3.9,15,117,2.772588722239781,1,Other,False,James Ivory,United Kingdom,3000000.0,21041453.0,41000.0,1
M0091875,0091875,Running Scared,Action,1986.0,3.71,12,107,2.5649493574615367,1,Other,False,Peter Hyams,United States,,38500726.0,12000.0,1
M0091877,0091877,Ruthless People,Comedy,1986.0,3.77,11,93,2.4849066497880004,1,Other,False,Jim Abrahams,United States,13000000.0,71624879.0,27000.0,1
M0091886,0091886,Salvador,Drama,1986.0,3.85,10,109,2.3978952727983707,1,English,False,,,,,,1
M0091949,0091949,Short Circuit,Comedy,1986.0,3.56,24,98,3.2188758248682006,1,Other,False,John Badham,United States,15000000.0,40697761.0,58000.0,1
M0092005,0092005,Stand by Me,Adventure,1986.0,4.13,197,89,5.288267030694535,1,Other,False,Rob Reiner,United States,8000000.0,52287414.0,374000.0,1
M0092007,0092007,Star Trek IV: The Voyage Home,Adventure,1986.0,3.74,41,119,3.7376696182833684,1,Other,False,Leonard Nimoy,United States,25000000.0,109713132.0,81000.0,1
M0092048,0092048,Tampopo,Comedy,1985.0,4.08,13,114,2.6390573296152584,1,Other,False,Jûzô Itami,Japan,,444213.0,17000.0,1
M0092067,0092067,Tenkû no shiro Rapyuta,Animation,1986.0,4.04,80,91,4.394449154672439,1,English,False,,,,,,1
M0092076,0092076,The Texas Chainsaw Massacre 2,Comedy,1986.0,3.18,11,101,2.4849066497880004,1,Other,False,Tobe Hooper,United States,4700000.0,8025872.0,29000.0,1
M0092086,0092086,Three Amigos!,Comedy,1986.0,3.62,25,104,3.258096538021482,1,Other,False,John Landis,United States,25000000.0,39246734.0,70000.0,1
M0092099,0092099,Top Gun,Action,1986.0,3.63,127,110,4.852030263919617,1,Other,False,Tony Scott,United States,15000000.0,357288178.0,306000.0,1
M0092106,0092106,The Transformers: The Movie,Animation,1986.0,4.13,15,84,2.772588722239781,1,Other,False,Nelson Shin,United States,6000000.0,5860601.0,38000.0,1
M0092493,0092493,Crocodile Dundee II,Action,1988.0,3.14,11,108,2.4849066497880004,1,Other,False,John Cornell,Australia,14000000.0,239606210.0,55000.0,1
M0092513,0092513,Adventures in Babysitting,Adventure,1987.0,3.89,18,102,2.9444389791664403,1,Other,False,Chris Columbus,United States,7000000.0,34368475.0,40000.0,1
M0092563,0092563,Angel Heart,Horror,1987.0,3.73,43,113,3.784189633918261,1,Other,False,Alan Parker,United Kingdom,17000000.0,17186348.0,83000.0,1
M0092593,0092593,Au revoir les enfants,Drama,1987.0,4.01,36,104,3.6109179126442243,1,Other,False,Louis Malle,France,,4575613.0,32000.0,1
M0092618,0092618,Barfly,Comedy,1987.0,3.75,10,100,2.3978952727983707,1,Other,False,Barbet Schroeder,United States,3000000.0,3221568.0,19000.0,1
M0092644,0092644,Beverly Hills Cop II,Action,1987.0,3.56,32,100,3.4965075614664802,1,Other,False,Tony Scott,United States,28000000.0,299965036.0,111000.0,1
M0092675,0092675,Bloodsport,Action,1988.0,3.52,24,92,3.2188758248682006,1,Other,False,Newt Arnold,United States,1100000.0,11806119.0,79000.0,1
M0092699,0092699,Broadcast News,Comedy,1987.0,4.08,12,133,2.5649493574615367,1,Other,False,James L. Brooks,United States,20000000.0,67331309.0,28000.0,1
M0092718,0092718,Can't Buy Me Love,Comedy,1987.0,3.73,13,94,2.6390573296152584,1,Other,False,Steve Rash,United States,,31623833.0,34000.0,1
M0092796,0092796,Creepshow 2,Comedy,1987.0,3.15,13,92,2.6390573296152584,1,Other,False,Michael Gornick,United States,3500000.0,14000000.0,23000.0,1
M0092890,0092890,Dirty Dancing,Drama,1987.0,3.91,76,100,4.343805421853684,1,Other,False,Emile Ardolino,United States,6000000.0,214577242.0,211000.0,1
M0092925,0092925,Dragnet,Comedy,1987.0,3.0,10,106,2.3978952727983707,1,Other,False,Tom Mankiewicz,United States,20000000.0,66673516.0,33000.0,1
M0092948,0092948,Eddie Murphy Raw,Documentary,1987.0,3.75,10,102,2.3978952727983707,1,English,False,,,,,,1
M0092965,0092965,Empire of the Sun,Drama,1987.0,3.99,78,153,4.3694478524670215,1,Other,False,Steven Spielberg,United States,35000000.0,22238696.0,119000.0,1
M0092991,0092991,Evil Dead II,Comedy,1987.0,3.93,64,84,4.174387269895637,1,Other,False,Sam Raimi,United States,3600000.0,5923798.0,152000.0,1
M0093010,0093010,Fatal Attraction,Drama,1987.0,3.61,40,119,3.713572066704308,1,Other,False,Adrian Lyne,United States,14000000.0,320145693.0,79000.0,1
M0093058,0093058,Full Metal Jacket,Drama,1987.0,4.04,308,116,5.733341276897746,1,Other,False,Stanley Kubrick,United Kingdom,30000000.0,46357676.0,691000.0,1
M0093075,0093075,The Gate,Fantasy,1987.0,3.53,18,85,2.9444389791664403,1,Other,False,Tibor Takács,Canada,,13539458.0,16000.0,1
M0093105,0093105,"Good Morning, Vietnam",Biography,1987.0,3.72,69,121,4.248495242049359,1,Other,False,Barry Levinson,United States,13000000.0,123922370.0,131000.0,1
M0093137,0093137,Hamburger Hill,Action,1987.0,3.4,10,110,2.3978952727983707,1,Other,False,John Irvin,United States,,13839404.0,24000.0,1
M0093177,0093177,Hellraiser,Horror,1987.0,3.66,57,94,4.060443010546419,1,Other,False,Clive Barker,United Kingdom,,14575193.0,108000.0,1
M0093191,0093191,Der Himmel über Berlin,Drama,1987.0,4.37,49,109,3.912023005428146,1,English,False,,,,,,1
M0093223,0093223,House of Games,Crime,1987.0,3.5,10,102,2.3978952727983707,1,Other,False,David Mamet,United States,,2585639.0,21000.0,1
M0093260,0093260,Innerspace,Action,1987.0,3.75,12,120,2.5649493574615367,1,Other,False,Joe Dante,United States,27000000.0,25893810.0,56000.0,1
M0093342,0093342,Khane-ye doust kodjast?,Drama,1987.0,4.04,23,109,3.1780538303479458,1,English,False,,,,,,1
M0093389,0093389,The Last Emperor,Biography,1987.0,4.04,37,163,3.6375861597263857,1,Other,False,Bernardo Bertolucci,United Kingdom,,43993869.0,97000.0,1
M0093407,0093407,Less Than Zero,Crime,1987.0,3.75,10,98,2.3978952727983707,1,Other,False,Marek Kanievska,United States,,12396383.0,19000.0,1
M0093409,0093409,Lethal Weapon,Action,1987.0,3.94,89,109,4.499809670330265,1,Other,False,Richard Donner,United States,15000000.0,120207127.0,243000.0,1
M0093428,0093428,The Living Daylights,Action,1987.0,3.35,33,130,3.5263605246161616,1,Other,False,John Glen,United Kingdom,40000000.0,51186259.0,91000.0,1
M0093437,0093437,The Lost Boys,Comedy,1987.0,4.04,70,97,4.2626798770413155,1,Other,False,Joel Schumacher,United States,,32388898.0,128000.0,1
M0093493,0093493,Mannequin,Comedy,1987.0,3.14,11,90,2.4849066497880004,1,Other,False,Michael Gottlieb,United States,6000000.0,42721196.0,30000.0,1
M0093507,0093507,Masters of the Universe,Action,1987.0,3.42,32,106,3.4965075614664802,1,Other,False,Gary Goddard,United States,22000000.0,17336370.0,38000.0,1
M0093560,0093560,The Monster Squad,Action,1987.0,3.67,26,79,3.295836866004329,1,Other,False,Fred Dekker,United States,12000000.0,3769990.0,30000.0,1
M0093565,0093565,Moonstruck,Comedy,1987.0,3.6,30,102,3.4339872044851463,1,Other,False,Norman Jewison,United States,15000000.0,80642217.0,53000.0,1
M0093605,0093605,Near Dark,Action,1987.0,3.74,17,94,2.8903717578961645,1,Other,False,Kathryn Bigelow,United States,5000000.0,3369307.0,35000.0,1
M0093629,0093629,A Nightmare on Elm Street 3: Dream Warriors,Fantasy,1987.0,3.5,28,96,3.367295829986474,1,Other,False,Chuck Russell,United States,4500000.0,44793222.0,73000.0,1
M0093640,0093640,No Way Out,Action,1987.0,3.95,19,114,2.995732273553991,1,Other,False,Roger Donaldson,United States,15000000.0,35509515.0,37000.0,1
M0093692,0093692,Over the Top,Action,1987.0,3.09,28,93,3.367295829986474,1,Other,False,Menahem Golan,United States,25000000.0,16057580.0,51000.0,1
M0093693,0093693,Overboard,Comedy,1987.0,3.72,29,112,3.4011973816621555,1,Other,False,Garry Marshall,United States,22000000.0,26713187.0,55000.0,1
M0093748,0093748,"Planes, Trains &amp; Automobiles",Comedy,1987.0,3.84,74,100,4.31748811353631,1,English,False,,,,,,1
M0093756,0093756,Police Academy 4: Citizens on Patrol,Comedy,1987.0,2.71,12,88,2.5649493574615367,1,Other,False,Jim Drake,United States,,28061343.0,41000.0,1
M0093773,0093773,Predator,Action,1987.0,4.1,102,107,4.634728988229636,1,Other,False,John McTiernan,United States,15000000.0,98268458.0,381000.0,1
M0093777,0093777,Prince of Darkness,Horror,1987.0,3.56,16,102,2.833213344056216,1,Other,False,John Carpenter,United States,3000000.0,14182492.0,39000.0,1
M0093779,0093779,The Princess Bride,Adventure,1987.0,4.07,100,98,4.61512051684126,1,Other,False,Rob Reiner,United Kingdom,16000000.0,30902642.0,402000.0,1
M0093818,0093818,Radio Days,Comedy,1987.0,3.75,30,88,3.4339872044851463,1,Other,False,Woody Allen,United States,16000000.0,14792779.0,32000.0,1
M0093822,0093822,Raising Arizona,Comedy,1987.0,3.66,48,94,3.8918202981106265,1,Other,False,Joel Coen,United States,6000000.0,29180280.0,130000.0,1
M0093870,0093870,RoboCop,Action,1987.0,4.03,146,102,4.990432586778736,1,Other,False,Paul Verhoeven,United States,13000000.0,53424681.0,240000.0,1
M0093886,0093886,Roxanne,Comedy,1987.0,3.21,14,107,2.70805020110221,1,Other,False,Fred Schepisi,United States,12000000.0,40050884.0,42000.0,1
M0093894,0093894,The Running Man,Action,1987.0,3.48,70,101,4.2626798770413155,1,Other,False,Paul Michael Glaser,United States,27000000.0,38122105.0,144000.0,1
M0093936,0093936,The Secret of My Success,Comedy,1987.0,3.5,18,111,2.9444389791664403,1,Other,False,Herbert Ross,United States,12000000.0,110996879.0,31000.0,1
M0094006,0094006,Some Kind of Wonderful,Drama,1987.0,3.97,16,95,2.833213344056216,1,Other,False,Howard Deutch,United States,,18553948.0,29000.0,1
M0094012,0094012,Spaceballs,Adventure,1987.0,3.49,55,96,4.02535169073515,1,Other,False,Mel Brooks,United States,22700000.0,38119483.0,176000.0,1
M0094074,0094074,Superman IV: The Quest for Peace,Action,1987.0,1.76,23,90,3.1780538303479458,1,Other,False,Sidney J. Furie,United Kingdom,17000000.0,15681020.0,44000.0,1
M0094137,0094137,3 Men and a Baby,Comedy,1987.0,3.54,13,100,2.6390573296152584,1,English,False,,,,,,1
M0094226,0094226,The Untouchables,Crime,1987.0,3.92,209,119,5.3471075307174685,1,Other,False,Brian De Palma,United States,25000000.0,76270454.0,289000.0,1
M0094291,0094291,Wall Street,Crime,1987.0,3.65,65,126,4.189654742026425,1,Other,False,Oliver Stone,United States,15000000.0,43848069.0,147000.0,1
M0094332,0094332,The Witches of Eastwick,Comedy,1987.0,3.71,21,118,3.091042453358316,1,Other,False,George Miller,United States,22000000.0,63766510.0,65000.0,1
M0094336,0094336,Withnail &amp; I,Comedy,1987.0,4.02,24,100,3.2188758248682006,1,English,False,,,,,,1
M0094602,0094602,Above the Law,Action,1988.0,3.15,13,99,2.6390573296152584,1,Other,False,Andrew Davis,United States,7500000.0,18869631.0,30000.0,1
M0094608,0094608,The Accused,Crime,1988.0,3.57,23,111,3.1780538303479458,1,Other,False,Jonathan Kaplan,Canada,13000000.0,32078318.0,33000.0,1
M0094625,0094625,Akira,Animation,1988.0,4.12,84,124,4.442651256490317,1,Other,False,Katsuhiro Ôtomo,Japan,,2562351.0,171000.0,1
M0094663,0094663,Another Woman,Drama,1988.0,3.5,14,81,2.70805020110221,1,Other,False,Woody Allen,United States,10000000.0,1562749.0,13000.0,1
M0094715,0094715,Beaches,Comedy,1988.0,4.12,12,123,2.5649493574615367,1,Other,False,Garry Marshall,United States,20000000.0,57041866.0,24000.0,1
M0094721,0094721,Beetlejuice,Comedy,1988.0,4.01,87,92,4.477336814478207,1,Other,False,Tim Burton,United States,15000000.0,74270074.0,270000.0,1
M0094737,0094737,Big,Comedy,1988.0,3.95,109,104,4.700480365792417,1,Other,False,Penny Marshall,United States,18000000.0,151927281.0,205000.0,1
M0094761,0094761,The Blob,Horror,1988.0,3.32,11,95,2.4849066497880004,1,Other,False,Chuck Russell,United States,19000000.0,8247943.0,34000.0,1
M0094812,0094812,Bull Durham,Comedy,1988.0,3.77,13,108,2.6390573296152584,1,Other,False,Ron Shelton,United States,7000000.0,50888729.0,49000.0,1
M0094862,0094862,Child&x27;s Play,Horror,1988.0,3.58,54,96,4.007333185232471,1,English,False,,,,,,1
M0094889,0094889,Cocktail,Comedy,1988.0,3.08,24,104,3.2188758248682006,1,Other,False,Roger Donaldson,United States,20000000.0,171504781.0,81000.0,1
M0094894,0094894,Colors,Action,1988.0,3.57,14,120,2.70805020110221,1,Other,False,Dennis Hopper,United States,6000000.0,46616067.0,25000.0,1
M0094898,0094898,Coming to America,Comedy,1988.0,3.71,94,117,4.553876891600541,1,Other,False,John Landis,United States,39000000.0,288752301.0,196000.0,1
M0094947,0094947,Dangerous Liaisons,Drama,1988.0,3.87,19,119,2.995732273553991,1,Other,False,Stephen Frears,United States,14000000.0,34670720.0,66000.0,1
M0094963,0094963,The Dead Pool,Action,1988.0,3.02,21,91,3.091042453358316,1,Other,False,Buddy Van Horn,United States,31000000.0,37903295.0,42000.0,1
M0094964,0094964,Dead Ringers,Drama,1988.0,3.74,29,116,3.4011973816621555,1,Other,False,David Cronenberg,Canada,13000000.0,8038508.0,43000.0,1
M0095016,0095016,Die Hard,Action,1988.0,4.13,205,132,5.327876168789581,1,Other,False,John McTiernan,United States,28000000.0,141603197.0,810000.0,1
M0095031,0095031,Dirty Rotten Scoundrels,Comedy,1988.0,3.82,28,110,3.367295829986474,1,Other,False,Frank Oz,United States,,42039085.0,67000.0,1
M0095159,0095159,A Fish Called Wanda,Comedy,1988.0,3.78,56,108,4.04305126783455,1,Other,False,Charles Crichton,United Kingdom,7500000.0,62493712.0,135000.0,1
M0095174,0095174,Frantic,Crime,1988.0,3.31,27,120,3.332204510175204,1,Other,False,Roman Polanski,France,20000000.0,17637950.0,51000.0,1
M0095179,0095179,Friday the 13th Part VII: The New Blood,Horror,1988.0,2.61,23,88,3.1780538303479458,1,Other,False,John Carl Buechler,United States,2800000.0,19170001.0,34000.0,1
M0095250,0095250,Le grand bleu,Adventure,1988.0,4.24,17,105,2.8903717578961645,1,English,False,,,,,,1
M0095253,0095253,The Great Outdoors,Comedy,1988.0,3.75,18,91,2.9444389791664403,1,Other,False,Howard Deutch,United States,24000000.0,43455230.0,41000.0,1
M0095271,0095271,Halloween 4: The Return of Michael Myers,Horror,1988.0,3.32,36,88,3.6109179126442243,1,Other,False,Dwight H. Little,United States,5000000.0,17768757.0,45000.0,1
M0095294,0095294,Hellbound: Hellraiser II,Horror,1988.0,3.5,22,97,3.1354942159291497,1,Other,False,Tony Randel,United Kingdom,3000000.0,12090735.0,44000.0,1
M0095327,0095327,Hotaru no haka,Animation,1988.0,4.33,203,91,5.318119993844216,1,English,False,,,,,,1
M0095444,0095444,Killer Klowns from Outer Space,Comedy,1988.0,2.75,18,88,2.9444389791664403,1,Other,False,Stephen Chiodo,United States,2000000.0,,34000.0,1
M0095467,0095467,Krótki film o milosci,Drama,1988.0,4.07,36,109,3.6109179126442243,1,English,False,,,,,,1
M0095468,0095468,Krótki film o zabijaniu,Crime,1988.0,4.08,20,109,3.044522437723423,1,English,False,,,,,,1
M0095497,0095497,The Last Temptation of Christ,Drama,1988.0,3.92,25,164,3.258096538021482,1,Other,False,Martin Scorsese,Canada,7000000.0,8865702.0,54000.0,1
M0095519,0095519,License to Drive,Comedy,1988.0,3.5,11,88,2.4849066497880004,1,Other,False,Greg Beeman,United States,8000000.0,22433275.0,19000.0,1
M0095583,0095583,Maniac Cop,Action,1988.0,3.33,12,85,2.5649493574615367,1,Other,False,William Lustig,United States,1100000.0,671382.0,15000.0,1
M0095631,0095631,Midnight Run,Action,1988.0,4.07,106,126,4.672828834461906,1,Other,False,Martin Brest,United States,30000000.0,81613606.0,79000.0,1
M0095647,0095647,Mississippi Burning,Crime,1988.0,3.96,56,128,4.04305126783455,1,Other,False,Alan Parker,United States,15000000.0,34603943.0,91000.0,1
M0095675,0095675,Mujeres al borde de un ataque de &quot;nervios&quot;,Comedy,1988.0,3.65,17,100,2.8903717578961645,1,English,False,,,,,,1
M0095690,0095690,Mystic Pizza,Comedy,1988.0,3.42,12,104,2.5649493574615367,1,Other,False,Donald Petrie,United States,6000000.0,12793213.0,27000.0,1
M0095705,0095705,The Naked Gun: From the Files of Police Squad!,Comedy,1988.0,3.91,64,85,4.174387269895637,1,Other,False,David Zucker,United States,12000000.0,78756177.0,158000.0,1
M0095742,0095742,A Nightmare on Elm Street 4: The Dream Master,Horror,1988.0,3.02,26,93,3.295836866004329,1,Other,False,Renny Harlin,United States,13000000.0,49369899.0,51000.0,1
M0095765,0095765,Cinema Paradiso,Drama,1988.0,4.46,211,155,5.356586274672012,1,Other,False,Giuseppe Tornatore,Italy,5000000.0,13019063.0,239000.0,1
M0095776,0095776,Oliver &amp; Company,Animation,1988.0,3.66,16,91,2.833213344056216,1,English,False,,,,,,1
M0095882,0095882,Police Academy 5: Assignment: Miami Beach,Comedy,1988.0,2.3,10,90,2.3978952727983707,1,Other,False,Alan Myerson,United States,,19510371.0,33000.0,1
M0095897,0095897,The Presidio,Action,1988.0,3.4,10,97,2.3978952727983707,1,Other,False,Peter Hyams,United States,,20324096.0,17000.0,1
M0095925,0095925,Pumpkinhead,Fantasy,1988.0,3.58,13,86,2.6390573296152584,1,Other,False,Stan Winston,United States,3500000.0,4385516.0,21000.0,1
M0095953,0095953,Rain Man,Drama,1988.0,4.16,271,133,5.605802066295998,1,Other,False,Barry Levinson,United States,25000000.0,354825435.0,483000.0,1
M0095956,0095956,Rambo III,Action,1988.0,3.24,45,102,3.828641396489095,1,Other,False,Peter MacDonald,United States,63000000.0,189015611.0,125000.0,1
M0095963,0095963,Red Heat,Action,1988.0,3.19,21,104,3.091042453358316,1,Other,False,Walter Hill,United States,29000000.0,34994648.0,67000.0,1
M0096061,0096061,Scrooged,Comedy,1988.0,3.74,52,101,3.970291913552122,1,Other,False,Richard Donner,United States,32000000.0,60329001.0,90000.0,1
M0096071,0096071,The Serpent and the Rainbow,Fantasy,1988.0,3.18,11,98,2.4849066497880004,1,Other,False,Wes Craven,United States,7000000.0,19595031.0,23000.0,1
M0096163,0096163,Spoorloos,Thriller,1988.0,3.72,18,102,2.9444389791664403,1,English,False,,,,,,1
M0096256,0096256,They Live,Action,1988.0,3.58,78,94,4.3694478524670215,1,Other,False,John Carpenter,United States,4000000.0,13008928.0,117000.0,1
M0096257,0096257,The Thin Blue Line,Documentary,1988.0,4.09,22,102,3.1354942159291497,1,English,False,,,,,,1
M0096283,0096283,Tonari no Totoro,Animation,1988.0,4.1,198,91,5.293304824724492,1,English,False,,,,,,1
M0096288,0096288,Topio stin omihli,Drama,1988.0,4.45,28,109,3.367295829986474,1,English,False,,,,,,1
M0096320,0096320,Twins,Comedy,1988.0,3.43,29,107,3.4011973816621555,1,Other,False,Ivan Reitman,United States,15000000.0,216614388.0,117000.0,1
M0096332,0096332,The Unbearable Lightness of Being,Drama,1988.0,3.83,27,171,3.332204510175204,1,Other,False,Philip Kaufman,Sweden,17000000.0,10006806.0,35000.0,1
M0096438,0096438,Who Framed Roger Rabbit,Animation,1988.0,4.08,57,104,4.060443010546419,1,Other,False,Robert Zemeckis,United States,70000000.0,329803958.0,187000.0,1
M0096446,0096446,Willow,Action,1988.0,3.77,32,126,3.4965075614664802,1,Other,False,Ron Howard,United Kingdom,35000000.0,57269863.0,103000.0,1
M0096454,0096454,Without a Clue,Comedy,1988.0,3.6,10,107,2.3978952727983707,1,Other,False,Thom Eberhardt,United Kingdom,,8539181.0,9800.0,1
M0096463,0096463,Working Girl,Comedy,1988.0,3.56,26,113,3.295836866004329,1,Other,False,Mike Nichols,United States,28000000.0,102953112.0,54000.0,1
M0096487,0096487,Young Guns,Action,1988.0,3.65,20,107,3.044522437723423,1,Other,False,Christopher Cain,United States,13000000.0,45661556.0,57000.0,1
M0096734,0096734,The 'Burbs,Comedy,1989.0,3.8,33,102,3.5263605246161616,1,Other,False,Joe Dante,United States,18000000.0,49101993.0,71000.0,1
M0096754,0096754,The Abyss,Adventure,1989.0,3.95,62,140,4.143134726391533,1,Other,False,James Cameron,United States,70000000.0,90000098.0,167000.0,1
M0096764,0096764,The Adventures of Baron Munchausen,Adventure,1988.0,3.57,14,126,2.70805020110221,1,Other,False,Terry Gilliam,United Kingdom,46630000.0,8083123.0,52000.0,1
M0096794,0096794,Always,Fantasy,1989.0,3.5,17,122,2.8903717578961645,1,Other,False,Steven Spielberg,United States,31000000.0,74134790.0,29000.0,1
M0096874,0096874,Back to the Future Part II,Adventure,1989.0,4.04,168,108,5.1298987149230735,1,Other,False,Robert Zemeckis,United States,40000000.0,332500002.0,494000.0,1
M0096895,0096895,Batman,Action,1989.0,3.79,155,126,5.049856007249537,1,Other,False,Tim Burton,United States,35000000.0,411508343.0,346000.0,1
M0096928,0096928,Bill &amp; Ted's Excellent Adventure,Adventure,1989.0,3.4,47,105,3.871201010907891,1,English,False,,,,,,1
M0096933,0096933,Black Rain,Action,1989.0,3.42,20,125,3.044522437723423,1,Other,False,Ridley Scott,United States,30000000.0,134212055.0,51000.0,1
M0096969,0096969,Born on the Fourth of July,Biography,1989.0,3.78,38,145,3.6635616461296463,1,Other,False,Oliver Stone,United States,14000000.0,161001698.0,101000.0,1
M0097027,0097027,Casualties of War,Crime,1989.0,3.57,15,113,2.772588722239781,1,Other,False,Brian De Palma,United States,22500000.0,18671317.0,42000.0,1
M0097108,0097108,"The Cook, the Thief, His Wife &amp; Her Lover",Crime,1989.0,3.79,19,109,2.995732273553991,1,English,False,,,,,,1
M0097123,0097123,Crimes and Misdemeanors,Comedy,1989.0,4.17,45,104,3.828641396489095,1,Other,False,Woody Allen,United States,19000000.0,18254702.0,56000.0,1
M0097162,0097162,Dead Calm,Horror,1989.0,3.61,14,96,2.70805020110221,1,Other,False,Phillip Noyce,Australia,10400000.0,7825009.0,38000.0,1
M0097165,0097165,Dead Poets Society,Comedy,1989.0,4.29,256,128,5.54907608489522,1,Other,False,Peter Weir,United States,16400000.0,235860116.0,442000.0,1
M0097216,0097216,Do the Right Thing,Comedy,1989.0,4.01,76,120,4.343805421853684,1,Other,False,Spike Lee,United States,6500000.0,37295445.0,94000.0,1
M0097223,0097223,Dom za vesanje,Comedy,1988.0,4.04,13,100,2.6390573296152584,1,English,False,,,,,,1
M0097239,0097239,Driving Miss Daisy,Drama,1989.0,3.94,79,99,4.382026634673881,1,Other,False,Bruce Beresford,United States,7500000.0,145793296.0,102000.0,1
M0097351,0097351,Field of Dreams,Drama,1989.0,3.87,39,107,3.6888794541139363,1,Other,False,Phil Alden Robinson,United States,,84431625.0,111000.0,1
M0097366,0097366,Fletch Lives,Comedy,1989.0,3.45,10,95,2.3978952727983707,1,Other,False,Michael Ritchie,United States,8000000.0,39450960.0,20000.0,1
M0097388,0097388,Friday the 13th Part VIII: Jason Takes Manhattan,Adventure,1989.0,2.17,20,100,3.044522437723423,1,Other,False,Rob Hedden,Canada,5000000.0,14343976.0,35000.0,1
M0097428,0097428,Ghostbusters II,Action,1989.0,3.59,64,108,4.174387269895637,1,Other,False,Ivan Reitman,United States,37000000.0,215394738.0,187000.0,1
M0097441,0097441,Glory,Biography,1989.0,4.0,60,122,4.110873864173311,1,Other,False,Edward Zwick,United States,18000000.0,26979166.0,126000.0,1
M0097474,0097474,Halloween 5: The Revenge of Michael Myers,Horror,1989.0,2.89,28,96,3.367295829986474,1,Other,False,Dominique Othenin-Girard,United States,5000000.0,11642254.0,36000.0,1
M0097493,0097493,Heathers,Comedy,1989.0,3.55,54,103,4.007333185232471,1,Other,False,Michael Lehmann,United States,3000000.0,1163969.0,92000.0,1
M0097523,0097523,"Honey, I Shrunk the Kids",Adventure,1989.0,3.52,32,93,3.4965075614664802,1,Other,False,Joe Johnston,United States,18000000.0,222724172.0,146000.0,1
M0097576,0097576,Indiana Jones and the Last Crusade,Action,1989.0,4.24,118,127,4.77912349311153,1,Other,False,Steven Spielberg,United States,48000000.0,474171806.0,707000.0,1
M0097647,0097647,"The Karate Kid, Part III",Action,1989.0,2.93,14,107,2.70805020110221,1,English,False,,,,,,1
M0097659,0097659,Kickboxer,Action,1989.0,3.3,23,97,3.1780538303479458,1,Other,False,Mark DiSalle,United States,1500000.0,14697005.0,52000.0,1
M0097733,0097733,Lethal Weapon 2,Action,1989.0,4.01,40,114,3.713572066704308,1,Other,False,Richard Donner,United States,28000000.0,227853986.0,166000.0,1
M0097737,0097737,Leviathan,Adventure,1989.0,3.04,12,98,2.5649493574615367,1,Other,False,George P. Cosmatos,United States,25000000.0,15704614.0,19000.0,1
M0097742,0097742,Licence to Kill,Action,1989.0,3.4,36,107,3.6109179126442243,1,English,False,,,,,,1
M0097757,0097757,The Little Mermaid,Animation,1989.0,4.09,51,83,3.9512437185814275,1,Other,False,Ron Clements,United States,40000000.0,211343479.0,244000.0,1
M0097770,0097770,Lock Up,Crime,1989.0,3.29,12,109,2.5649493574615367,1,Other,False,John Flynn,United States,24000000.0,22099847.0,39000.0,1
M0097778,0097778,Look Who's Talking,Comedy,1989.0,3.27,15,93,2.772588722239781,1,Other,False,Amy Heckerling,United States,7500000.0,296999813.0,78000.0,1
M0097814,0097814,Majo no takkyûbin,Animation,1989.0,4.03,104,91,4.653960350157523,1,English,False,,,,,,1
M0097815,0097815,Major League,Comedy,1989.0,3.95,22,107,3.1354942159291497,1,Other,False,David S. Ward,United States,11000000.0,49797148.0,64000.0,1
M0097889,0097889,Miracle Mile,Action,1988.0,3.46,12,87,2.5649493574615367,1,Other,False,Steve De Jarnatt,United States,3700000.0,1145404.0,9800.0,1
M0097904,0097904,Monsieur Hire,Crime,1989.0,3.85,10,81,2.3978952727983707,1,Other,False,Patrice Leconte,France,,1417030.0,6100.0,1
M0097937,0097937,My Left Foot: The Story of Christy Brown,Biography,1989.0,4.28,187,117,5.236441962829949,1,English,False,,,,,,1
M0097940,0097940,Mystery Train,Comedy,1989.0,3.98,23,110,3.1780538303479458,1,Other,False,Jim Jarmusch,Japan,2800000.0,1544973.0,26000.0,1
M0097958,0097958,National Lampoon's Christmas Vacation,Comedy,1989.0,4.1,86,97,4.465908118654584,1,Other,False,Jeremiah S. Chechik,United States,27000000.0,73594646.0,164000.0,1
M0097981,0097981,A Nightmare on Elm Street: The Dream Child,Fantasy,1989.0,2.6,20,96,3.044522437723423,1,English,False,,,,,,1
M0098067,0098067,Parenthood,Comedy,1989.0,3.71,14,124,2.70805020110221,1,Other,False,Ron Howard,United States,20000000.0,126297830.0,46000.0,1
M0098084,0098084,Pet Sematary,Horror,1989.0,3.35,56,103,4.04305126783455,1,Other,False,Mary Lambert,United States,11500000.0,57470138.0,97000.0,1
M0098206,0098206,Road House,Action,1989.0,3.77,37,114,3.6375861597263857,1,Other,False,Rowdy Herrington,United States,17000000.0,30050028.0,66000.0,1
M0098253,0098253,Santa Sangre,Drama,1989.0,4.0,12,109,2.5649493574615367,1,English,False,,,,,,1
M0098258,0098258,Say Anything...,Comedy,1989.0,3.93,47,100,3.871201010907891,1,English,False,,,,,,1
M0098273,0098273,Sea of Love,Crime,1989.0,3.68,28,113,3.367295829986474,1,Other,False,Harold Becker,United States,19000000.0,110879513.0,39000.0,1
M0098282,0098282,"See No Evil, Hear No Evil",Comedy,1989.0,3.52,21,103,3.091042453358316,1,Other,False,Arthur Hiller,United States,18000000.0,46908987.0,50000.0,1
M0098327,0098327,Der siebente Kontinent,Drama,1989.0,3.82,19,109,2.995732273553991,1,English,False,,,,,,1
M0098354,0098354,Society,Comedy,1989.0,3.14,11,100,2.4849066497880004,1,English,False,,,,,,1
M0098382,0098382,Star Trek V: The Final Frontier,Action,1989.0,2.7,23,107,3.1780538303479458,1,Other,False,William Shatner,United States,27800000.0,52210049.0,57000.0,1
M0098384,0098384,Steel Magnolias,Comedy,1989.0,4.26,19,117,2.995732273553991,1,Other,False,Herbert Ross,United States,15000000.0,96759512.0,50000.0,1
M0098439,0098439,Tango &amp; Cash,Action,1989.0,3.38,34,107,3.5553480614894135,1,English,False,,,,,,1
M0098532,0098532,Tulitikkutehtaan tyttö,Drama,1990.0,3.87,15,109,2.772588722239781,1,English,False,,,,,,1
M0098536,0098536,Turner &amp; Hooch,Comedy,1989.0,3.35,31,100,3.4657359027997265,1,English,False,,,,,,1
M0098554,0098554,Uncle Buck,Comedy,1989.0,3.78,37,100,3.6375861597263857,1,Other,False,John Hughes,United States,15000000.0,79258538.0,88000.0,1
M0098621,0098621,The War of the Roses,Comedy,1989.0,3.53,16,116,2.833213344056216,1,Other,False,Danny DeVito,United States,26000000.0,160188546.0,50000.0,1
M0098627,0098627,Weekend at Bernie's,Adventure,1989.0,3.59,11,97,2.4849066497880004,1,Other,False,Ted Kotcheff,United States,,30218387.0,51000.0,1
M0098635,0098635,When Harry Met Sally...,Comedy,1989.0,4.03,138,95,4.9344739331306915,1,Other,False,Rob Reiner,United States,16000000.0,93232006.0,201000.0,1
M0098724,0098724,"Sex, Lies, and Videotape",Drama,1989.0,3.69,29,100,3.4011973816621555,1,Other,False,Steven Soderbergh,United States,1200000.0,24741667.0,52000.0,1
M0099052,0099052,Arachnophobia,Comedy,1990.0,3.46,24,109,3.2188758248682006,1,Other,False,Frank Marshall,United States,22000000.0,53208180.0,65000.0,1
M0099077,0099077,Awakenings,Biography,1990.0,4.24,213,121,5.365976015021851,1,Other,False,Penny Marshall,United States,31000000.0,52096475.0,130000.0,1
M0099088,0099088,Back to the Future Part III,Adventure,1990.0,3.94,133,118,4.897839799950911,1,Other,False,Robert Zemeckis,United States,40000000.0,245077583.0,416000.0,1
M0099141,0099141,Bird on a Wire,Action,1990.0,3.12,13,110,2.6390573296152584,1,Other,False,John Badham,United States,20000000.0,138697012.0,42000.0,1
M0099253,0099253,Child's Play 2,Horror,1990.0,3.41,29,84,3.4011973816621555,1,Other,False,John Lafia,United States,13000000.0,35763605.0,47000.0,1
M0099329,0099329,Cry-Baby,Comedy,1990.0,3.07,14,85,2.70805020110221,1,Other,False,John Waters,United States,11000000.0,8266343.0,57000.0,1
M0099348,0099348,Dances with Wolves,Adventure,1990.0,4.02,83,181,4.430816798843313,1,Other,False,Kevin Costner,United States,22000000.0,424208848.0,247000.0,1
M0099365,0099365,Darkman,Action,1990.0,3.0,35,96,3.58351893845611,1,Other,False,Sam Raimi,United States,14000000.0,48878502.0,60000.0,1
M0099371,0099371,Days of Thunder,Action,1990.0,3.27,30,107,3.4339872044851463,1,Other,False,Tony Scott,United States,60000000.0,157920733.0,81000.0,1
M0099422,0099422,Dick Tracy,Action,1990.0,3.22,25,105,3.258096538021482,1,Other,False,Warren Beatty,United States,47000000.0,162738726.0,59000.0,1
M0099423,0099423,Die Hard 2,Action,1990.0,3.7,79,124,4.382026634673881,1,Other,False,Renny Harlin,United States,70000000.0,240031274.0,344000.0,1
M0099472,0099472,DuckTales: The Movie - Treasure of the Lost Lamp,Animation,1990.0,3.35,10,91,2.3978952727983707,1,English,False,,,,,,1
M0099487,0099487,Edward Scissorhands,Drama,1990.0,3.99,119,105,4.787491742782046,1,Other,False,Tim Burton,United States,20000000.0,86024005.0,456000.0,1
M0099528,0099528,The Exorcist III,Drama,1990.0,3.15,17,110,2.8903717578961645,1,Other,False,William Peter Blatty,United States,,39024251.0,27000.0,1
M0099582,0099582,Flatliners,Drama,1990.0,3.41,28,115,3.367295829986474,1,Other,False,Joel Schumacher,United States,26000000.0,61489265.0,82000.0,1
M0099653,0099653,Ghost,Drama,1990.0,3.79,63,127,4.1588830833596715,1,Other,False,Jerry Zucker,United States,22000000.0,505703557.0,203000.0,1
M0099674,0099674,The Godfather: Part III,Crime,1990.0,4.08,174,162,5.1647859739235145,1,Other,False,Francis Ford Coppola,United States,54000000.0,136861392.0,370000.0,1
M0099685,0099685,Goodfellas,Biography,1990.0,4.38,676,146,6.517671272912275,1,Other,False,Martin Scorsese,United States,25000000.0,46963277.0,1100000.0,1
M0099700,0099700,Gremlins 2: The New Batch,Comedy,1990.0,3.45,30,106,3.4339872044851463,1,Other,False,Joe Dante,United States,50000000.0,41482207.0,95000.0,1
M0099763,0099763,Henry: Portrait of a Serial Killer,Biography,1986.0,3.76,17,83,2.8903717578961645,1,Other,False,John McNaughton,United States,111000.0,609939.0,33000.0,1
M0099785,0099785,Home Alone,Comedy,1990.0,4.16,160,103,5.081404364984463,1,Other,False,Chris Columbus,United States,18000000.0,476684675.0,501000.0,1
M0099810,0099810,The Hunt for Red October,Action,1990.0,3.89,57,135,4.060443010546419,1,Other,False,John McTiernan,United States,30000000.0,200512643.0,186000.0,1
M0099818,0099818,I Hired a Contract Killer,Comedy,1990.0,3.86,11,100,2.4849066497880004,1,English,False,,,,,,1
M0099850,0099850,Internal Affairs,Crime,1990.0,3.45,10,115,2.3978952727983707,1,Other,False,Mike Figgis,United States,15000000.0,27734391.0,18000.0,1
M0099871,0099871,Jacob's Ladder,Drama,1990.0,3.82,54,113,4.007333185232471,1,Other,False,Adrian Lyne,United States,25000000.0,26118851.0,101000.0,1
M0099938,0099938,Kindergarten Cop,Comedy,1990.0,3.59,22,111,3.1354942159291497,1,Other,False,Ivan Reitman,United States,15000000.0,201957688.0,140000.0,1
M0099939,0099939,King of New York,Crime,1990.0,3.52,21,103,3.091042453358316,1,Other,False,Abel Ferrara,Italy,5300000.0,2554476.0,34000.0,1
M0100024,0100024,Life Is Sweet,Comedy,1990.0,3.96,14,103,2.70805020110221,1,Other,False,Mike Leigh,United Kingdom,,1516414.0,9500.0,1
M0100029,0100029,Lionheart,Action,1990.0,3.57,14,108,2.70805020110221,1,Other,False,Sheldon Lettich,United States,6000000.0,24271196.0,34000.0,1
M0100054,0100054,Lord of the Flies,Adventure,1990.0,3.31,16,90,2.833213344056216,1,Other,False,Harry Hook,United States,,13985225.0,28000.0,1
M0100112,0100112,Le mari de la coiffeuse,Comedy,1990.0,3.79,26,100,3.295836866004329,1,English,False,,,,,,1
M0100114,0100114,Marked for Death,Action,1990.0,3.1,10,93,2.3978952727983707,1,Other,False,Dwight H. Little,United States,12000000.0,57968936.0,21000.0,1
M0100133,0100133,Memphis Belle,Action,1990.0,3.96,13,107,2.6390573296152584,1,Other,False,Michael Caton-Jones,United Kingdom,23000000.0,27441977.0,27000.0,1
M0100140,0100140,Mermaids,Comedy,1990.0,3.71,12,110,2.5649493574615367,1,Other,False,Richard Benjamin,United States,20000000.0,35419397.0,30000.0,1
M0100150,0100150,Miller&x27;s Crossing,Crime,1990.0,3.92,92,109,4.532599493153256,1,English,False,,,,,,1
M0100157,0100157,Misery,Drama,1990.0,4.0,193,107,5.267858159063328,1,Other,False,Rob Reiner,United States,20000000.0,61276872.0,191000.0,1
M0100234,0100234,Nema-ye Nazdik,Biography,1990.0,4.53,52,117,3.970291913552122,1,English,False,,,,,,1
M0100258,0100258,Night of the Living Dead,Horror,1990.0,3.75,14,92,2.70805020110221,1,Other,False,Tom Savini,United States,4200000.0,5835247.0,40000.0,1
M0100260,0100260,Nightbreed,Action,1990.0,3.18,11,102,2.4849066497880004,1,Other,False,Clive Barker,United States,11000000.0,8862354.0,21000.0,1
M0100263,0100263,Nikita,Action,1990.0,3.61,19,117,2.995732273553991,1,Other,False,Luc Besson,France,,5017971.0,69000.0,1
M0100318,0100318,Pacific Heights,Thriller,1990.0,3.41,11,102,2.4849066497880004,1,Other,False,John Schlesinger,United States,18000000.0,44926706.0,19000.0,1
M0100332,0100332,Paris Is Burning,Documentary,1990.0,4.18,17,102,2.8903717578961645,1,English,False,,,,,,1
M0100395,0100395,Postcards from the Edge,Comedy,1990.0,3.75,10,101,2.3978952727983707,1,Other,False,Mike Nichols,United States,22000000.0,39071603.0,16000.0,1
M0100403,0100403,Predator 2,Action,1990.0,3.4,45,108,3.828641396489095,1,Other,False,Stephen Hopkins,United States,35000000.0,57120318.0,151000.0,1
M0100404,0100404,Presumed Innocent,Thriller,1990.0,3.88,13,127,2.6390573296152584,1,Other,False,Alan J. Pakula,United States,22000000.0,221303188.0,39000.0,1
M0100405,0100405,Pretty Woman,Comedy,1990.0,3.94,73,119,4.30406509320417,1,Other,False,Garry Marshall,United States,14000000.0,463406268.0,299000.0,1
M0100419,0100419,Problem Child,Comedy,1990.0,2.55,10,81,2.3978952727983707,1,Other,False,Dennis Dugan,United States,10000000.0,72270891.0,29000.0,1
M0100485,0100485,Revenge,Action,1990.0,3.2,10,124,2.3978952727983707,1,Other,False,Tony Scott,United States,22000000.0,15645616.0,17000.0,1
M0100502,0100502,RoboCop 2,Action,1990.0,3.37,46,117,3.8501476017100584,1,Other,False,Irvin Kershner,United States,25000000.0,45681173.0,83000.0,1
M0100507,0100507,Rocky V,Drama,1990.0,2.86,56,104,4.04305126783455,1,Other,False,John G. Avildsen,United States,42000000.0,119946358.0,130000.0,1
M0100758,0100758,Teenage Mutant Ninja Turtles,Action,1990.0,3.76,38,93,3.6635616461296463,1,Other,False,Steve Barron,United States,13500000.0,201965915.0,88000.0,1
M0100802,0100802,Total Recall,Action,1990.0,3.92,86,113,4.465908118654584,1,Other,False,Paul Verhoeven,United States,65000000.0,261317921.0,310000.0,1
M0100814,0100814,Tremors,Comedy,1990.0,3.82,45,96,3.828641396489095,1,Other,False,Ron Underwood,United States,11000000.0,16667084.0,126000.0,1
M0100935,0100935,Wild at Heart,Comedy,1990.0,3.65,40,125,3.713572066704308,1,Other,False,David Lynch,United States,9500000.0,14561425.0,86000.0,1
M0100944,0100944,The Witches,Adventure,1990.0,3.56,24,91,3.2188758248682006,1,Other,False,Nicolas Roeg,United Kingdom,,10360553.0,46000.0,1
M0100994,0100994,Young Guns II,Action,1990.0,3.42,12,104,2.5649493574615367,1,Other,False,Geoff Murphy,United States,20000000.0,44143410.0,32000.0,1
M0100998,0100998,Yume,Drama,1990.0,4.17,12,109,2.5649493574615367,1,English,False,,,,,,1
M0101026,0101026,Átame!,Comedy,1989.0,3.45,11,100,2.4849066497880004,1,English,False,,,,,,1
M0101258,0101258,Ah fei zing zyun,Crime,1990.0,3.82,20,109,3.044522437723423,1,English,False,,,,,,1
M0101272,0101272,The Addams Family,Comedy,1991.0,3.87,46,99,3.8501476017100584,1,Other,False,Barry Sonnenfeld,United States,30000000.0,191502426.0,140000.0,1
M0101318,0101318,Les amants du Pont-Neuf,Drama,1991.0,3.85,13,109,2.6390573296152584,1,English,False,,,,,,1
M0101393,0101393,Backdraft,Action,1991.0,3.7,27,137,3.332204510175204,1,Other,False,Ron Howard,United States,40000000.0,152368585.0,74000.0,1
M0101410,0101410,Barton Fink,Comedy,1991.0,3.95,95,116,4.564348191467836,1,Other,False,Joel Coen,United Kingdom,9000000.0,6153939.0,116000.0,1
M0101414,0101414,Beauty and the Beast,Animation,1991.0,4.26,78,84,4.3694478524670215,1,Other,False,Gary Trousdale,United States,25000000.0,424967620.0,424000.0,1
M0101428,0101428,La Belle Noiseuse,Drama,1991.0,4.09,11,109,2.4849066497880004,1,English,False,,,,,,1
M0101452,0101452,Bill &amp; Ted&x27;s Bogus Journey,Adventure,1991.0,3.28,18,105,2.9444389791664403,1,English,False,,,,,,1
M0101507,0101507,Boyz n the Hood,Crime,1991.0,4.04,83,112,4.430816798843313,1,Other,False,John Singleton,United States,6500000.0,57529070.0,130000.0,1
M0101516,0101516,Bugsy,Biography,1991.0,3.61,14,136,2.70805020110221,1,Other,False,Barry Levinson,United States,30000000.0,49114016.0,27000.0,1
M0101540,0101540,Cape Fear,Crime,1991.0,3.73,141,128,4.955827057601261,1,Other,False,Martin Scorsese,United States,35000000.0,182291969.0,180000.0,1
M0101587,0101587,City Slickers,Comedy,1991.0,3.68,14,113,2.70805020110221,1,Other,False,Ron Underwood,United States,27000000.0,179033791.0,51000.0,1
M0101605,0101605,The Commitments,Comedy,1991.0,4.22,16,118,2.833213344056216,1,Other,False,Alan Parker,Ireland,12000000.0,14919570.0,34000.0,1
M0101640,0101640,Da hong deng long gao gao gua,Drama,1991.0,4.15,17,109,2.8903717578961645,1,English,False,,,,,,1
M0101700,0101700,Delicatessen,Comedy,1991.0,3.68,25,99,3.258096538021482,1,Other,False,Marc Caro,France,,1794187.0,82000.0,1
M0101757,0101757,Don't Tell Mom the Babysitter's Dead,Comedy,1991.0,3.79,12,102,2.5649493574615367,1,Other,False,Stephen Herek,United States,,25196249.0,29000.0,1
M0101761,0101761,The Doors,Biography,1991.0,3.9,29,140,3.4011973816621555,1,Other,False,Oliver Stone,United States,38000000.0,34416893.0,86000.0,1
M0101764,0101764,Double Impact,Action,1991.0,3.14,11,110,2.4849066497880004,1,Other,False,Sheldon Lettich,United States,15000000.0,30102717.0,39000.0,1
M0101765,0101765,La double vie de Véronique,Drama,1991.0,4.06,64,109,4.174387269895637,1,English,False,,,,,,1
M0101862,0101862,Father of the Bride,Comedy,1991.0,3.72,16,105,2.833213344056216,1,Other,False,Charles Shyer,United States,,89325780.0,71000.0,1
M0101889,0101889,The Fisher King,Comedy,1991.0,3.64,43,137,3.784189633918261,1,Other,False,Terry Gilliam,United States,24000000.0,41895491.0,81000.0,1
M0101912,0101912,Frankie and Johnny,Comedy,1991.0,3.52,24,118,3.2188758248682006,1,Other,False,Garry Marshall,United States,29000000.0,22773535.0,30000.0,1
M0101917,0101917,Freddy&x27;s Dead: The Final Nightmare,Fantasy,1991.0,2.28,23,96,3.1780538303479458,1,English,False,,,,,,1
M0101921,0101921,Fried Green Tomatoes,Drama,1991.0,4.15,23,130,3.1780538303479458,1,Other,False,Jon Avnet,United States,11000000.0,119418501.0,69000.0,1
M0102015,0102015,Hearts of Darkness: A Filmmaker's Apocalypse,Documentary,1991.0,4.25,10,102,2.3978952727983707,1,English,False,,,,,,1
M0102057,0102057,Hook,Adventure,1991.0,3.75,60,142,4.110873864173311,1,Other,False,Steven Spielberg,United States,70000000.0,300854823.0,240000.0,1
M0102059,0102059,Hot Shots!,Action,1991.0,3.43,22,84,3.1354942159291497,1,Other,False,Jim Abrahams,United States,26000000.0,181096164.0,102000.0,1
M0102070,0102070,Hudson Hawk,Action,1991.0,2.72,16,100,2.833213344056216,1,Other,False,Michael Lehmann,United States,65000000.0,17218080.0,54000.0,1
M0102138,0102138,JFK,Drama,1991.0,4.26,79,189,4.382026634673881,1,Other,False,Oliver Stone,United States,40000000.0,205405498.0,146000.0,1
M0102266,0102266,The Last Boy Scout,Action,1991.0,3.45,38,105,3.6635616461296463,1,Other,False,Tony Scott,United States,43000000.0,59509925.0,95000.0,1
M0102293,0102293,Lik Wong,Action,1991.0,3.55,10,107,2.3978952727983707,1,English,False,,,,,,1
M0102492,0102492,My Girl,Comedy,1991.0,3.8,25,102,3.258096538021482,1,Other,False,Howard Zieff,United States,17000000.0,59489799.0,75000.0,1
M0102494,0102494,My Own Private Idaho,Drama,1991.0,3.42,37,104,3.6375861597263857,1,Other,False,Gus Van Sant,United States,2500000.0,6401336.0,53000.0,1
M0102510,0102510,The Naked Gun 2½: The Smell of Fear,Comedy,1991.0,3.66,31,85,3.4657359027997265,1,Other,False,David Zucker,United States,23000000.0,86930411.0,108000.0,1
M0102511,0102511,Naked Lunch,Drama,1991.0,3.74,21,115,3.091042453358316,1,Other,False,David Cronenberg,Canada,16000000.0,2641357.0,48000.0,1
M0102526,0102526,New Jack City,Action,1991.0,3.78,16,97,2.833213344056216,1,Other,False,Mario Van Peebles,United States,8000000.0,47624353.0,33000.0,1
M0102536,0102536,Night on Earth,Comedy,1991.0,3.95,108,129,4.6913478822291435,1,Other,False,Jim Jarmusch,France,3500000.0,2023808.0,57000.0,1
M0102587,0102587,Omohide poro poro,Animation,1991.0,3.8,38,91,3.6635616461296463,1,English,False,,,,,,1
M0102603,0102603,Oscar,Comedy,1991.0,3.55,11,109,2.4849066497880004,1,Other,False,John Landis,United States,35000000.0,23562716.0,30000.0,1
M0102685,0102685,Point Break,Action,1991.0,3.87,96,122,4.574710978503383,1,Other,False,Kathryn Bigelow,United States,24000000.0,83531958.0,166000.0,1
M0102768,0102768,Regarding Henry,Drama,1991.0,3.64,11,108,2.4849066497880004,1,Other,False,Mike Nichols,United States,25000000.0,43001500.0,30000.0,1
M0102798,0102798,Robin Hood: Prince of Thieves,Action,1991.0,3.66,40,143,3.713572066704308,1,Other,False,Kevin Reynolds,United States,48000000.0,390493908.0,182000.0,1
M0102803,0102803,The Rocketeer,Action,1991.0,3.56,25,108,3.258096538021482,1,Other,False,Joe Johnston,United States,35000000.0,46704056.0,55000.0,1
M0102926,0102926,The Silence of the Lambs,Crime,1991.0,4.31,646,118,6.472346294500901,1,Other,False,Jonathan Demme,United States,19000000.0,272742922.0,1300000.0,1
M0102943,0102943,Slacker,Comedy,1991.0,3.35,10,97,2.3978952727983707,1,Other,False,Richard Linklater,United States,23000.0,1228108.0,20000.0,1
M0102945,0102945,Sleeping with the Enemy,Drama,1991.0,3.71,24,99,3.2188758248682006,1,Other,False,Joseph Ruben,United States,19000000.0,174999005.0,52000.0,1
M0102975,0102975,Star Trek VI: The Undiscovered Country,Action,1991.0,3.89,33,110,3.5263605246161616,1,Other,False,Nicholas Meyer,United States,30000000.0,96888996.0,72000.0,1
M0103060,0103060,Teenage Mutant Ninja Turtles II: The Secret of the Ooze,Action,1991.0,3.26,19,88,2.995732273553991,1,Other,False,Michael Pressman,United States,25000000.0,78656813.0,53000.0,1
M0103064,0103064,Terminator 2: Judgment Day,Action,1991.0,4.53,228,137,5.43372200355424,1,Other,False,James Cameron,United States,102000000.0,520881154.0,1000000.0,1
M0103074,0103074,Thelma &amp; Louise,Adventure,1991.0,3.94,93,105,4.543294782270004,1,English,False,,,,,,1
M0103241,0103241,What About Bob?,Comedy,1991.0,3.92,24,99,3.2188758248682006,1,Other,False,Frank Oz,United States,35000000.0,63707829.0,65000.0,1
M0103639,0103639,Aladdin,Animation,1992.0,4.3,91,90,4.5217885770490405,1,Other,False,Ron Clements,United States,28000000.0,504050219.0,382000.0,1
M0103644,0103644,Alien³,Action,1992.0,3.11,98,107,4.59511985013459,1,English,False,,,,,,1
M0103759,0103759,Bad Lieutenant,Crime,1992.0,3.66,25,96,3.258096538021482,1,Other,False,Abel Ferrara,United States,1000000.0,2038916.0,40000.0,1
M0103767,0103767,Baraka,Documentary,1992.0,4.38,25,102,3.258096538021482,1,English,False,,,,,,1
M0103772,0103772,Basic Instinct,Drama,1992.0,3.88,62,127,4.143134726391533,1,Other,False,Paul Verhoeven,United States,49000000.0,352927224.0,186000.0,1
M0103776,0103776,Batman Returns,Action,1992.0,3.64,105,126,4.663439094112067,1,Other,False,Tim Burton,United States,80000000.0,266892996.0,280000.0,1
M0103855,0103855,The Bodyguard,Drama,1992.0,3.22,40,129,3.713572066704308,1,Other,False,Mick Jackson,United States,25000000.0,411006740.0,124000.0,1
M0103859,0103859,Boomerang,Comedy,1992.0,3.5,16,117,2.833213344056216,1,Other,False,Reginald Hudlin,United States,42000000.0,131052444.0,27000.0,1
M0103873,0103873,Braindead,Comedy,1992.0,4.02,25,100,3.258096538021482,1,English,False,,,,,,1
M0103874,0103874,Dracula,Horror,1992.0,3.71,73,128,4.30406509320417,1,Other,False,Francis Ford Coppola,United Kingdom,40000000.0,215862692.0,199000.0,1
M0103893,0103893,Buffy the Vampire Slayer,Action,1992.0,3.2,15,86,2.772588722239781,1,Other,False,Fran Rubel Kuzui,United States,7000000.0,16624456.0,41000.0,1
M0103905,0103905,C'est arrivé près de chez vous,Comedy,1992.0,3.77,13,100,2.6390573296152584,1,English,False,,,,,,1
M0103919,0103919,Candyman,Horror,1992.0,3.39,49,99,3.912023005428146,1,Other,False,Bernard Rose,United States,6000000.0,25795897.0,74000.0,1
M0103939,0103939,Chaplin,Biography,1992.0,3.87,54,143,4.007333185232471,1,Other,False,Richard Attenborough,United Kingdom,31000000.0,9493259.0,55000.0,1
M0103956,0103956,Child's Play 3,Horror,1991.0,2.85,20,90,3.044522437723423,1,Other,False,Jack Bender,United Kingdom,13000000.0,20560255.0,37000.0,1
M0104029,0104029,Cronos,Horror,1993.0,3.53,16,94,2.833213344056216,1,Other,False,Guillermo del Toro,Mexico,2000000.0,621392.0,28000.0,1
M0104036,0104036,The Crying Game,Crime,1992.0,3.72,29,112,3.4011973816621555,1,Other,False,Neil Jordan,United Kingdom,,62548947.0,52000.0,1
M0104070,0104070,Death Becomes Her,Comedy,1992.0,3.78,38,104,3.6635616461296463,1,Other,False,Robert Zemeckis,United States,55000000.0,149022650.0,108000.0,1
M0104187,0104187,Encino Man,Comedy,1992.0,3.25,12,88,2.5649493574615367,1,Other,False,Les Mayfield,United States,7000000.0,40693477.0,38000.0,1
M0104231,0104231,Far and Away,Adventure,1992.0,3.53,17,140,2.8903717578961645,1,Other,False,Ron Howard,United States,60000000.0,137783840.0,60000.0,1
M0104237,0104237,Damage,Drama,1992.0,3.23,13,111,2.6390573296152584,1,Other,False,Louis Malle,United Kingdom,,7532911.0,17000.0,1
M0104257,0104257,A Few Good Men,Drama,1992.0,4.06,180,138,5.198497031265826,1,Other,False,Rob Reiner,United States,41000000.0,243240178.0,242000.0,1
M0104348,0104348,Glengarry Glen Ross,Crime,1992.0,3.88,94,100,4.553876891600541,1,Other,False,James Foley,United States,12500000.0,10725228.0,98000.0,1
M0104389,0104389,The Hand That Rocks the Cradle,Drama,1992.0,3.39,14,110,2.70805020110221,1,Other,False,Curtis Hanson,United States,11700000.0,88036683.0,40000.0,1
M0104409,0104409,Hellraiser III: Hell on Earth,Horror,1992.0,2.87,15,97,2.772588722239781,1,Other,False,Anthony Hickox,United States,5000000.0,12534961.0,28000.0,1
M0104427,0104427,Hoffa,Biography,1992.0,3.36,14,140,2.70805020110221,1,Other,False,Danny DeVito,United States,35000000.0,29302121.0,22000.0,1
M0104431,0104431,Home Alone 2: Lost in New York,Adventure,1992.0,3.79,94,120,4.553876891600541,1,Other,False,Chris Columbus,United States,28000000.0,358994850.0,318000.0,1
M0104454,0104454,Howards End,Drama,1992.0,3.86,14,142,2.70805020110221,1,Other,False,James Ivory,United Kingdom,,26341736.0,30000.0,1
M0104466,0104466,Husbands and Wives,Comedy,1992.0,3.67,21,108,3.091042453358316,1,Other,False,Woody Allen,United States,20000000.0,10555619.0,28000.0,1
M0104573,0104573,Juice,Action,1992.0,3.76,19,95,2.995732273553991,1,Other,False,Ernest R. Dickerson,United States,5000000.0,20146880.0,25000.0,1
M0104652,0104652,Kurenai no buta,Animation,1992.0,3.87,55,91,4.02535169073515,1,English,False,,,,,,1
M0104684,0104684,Lat sau san taam,Action,1992.0,3.86,14,107,2.70805020110221,1,English,False,,,,,,1
M0104691,0104691,The Last of the Mohicans,Action,1992.0,3.81,116,112,4.762173934797756,1,Other,False,Michael Mann,United States,40000000.0,75505856.0,156000.0,1
M0104692,0104692,The Lawnmower Man,Horror,1992.0,2.91,11,108,2.4849066497880004,1,Other,False,Brett Leonard,United Kingdom,10000000.0,32100816.0,34000.0,1
M0104694,0104694,A League of Their Own,Comedy,1992.0,4.11,42,128,3.7612001156935624,1,Other,False,Penny Marshall,United States,40000000.0,132440069.0,97000.0,1
M0104714,0104714,Lethal Weapon 3,Action,1992.0,3.67,30,118,3.4339872044851463,1,Other,False,Richard Donner,United States,35000000.0,321731527.0,160000.0,1
M0104756,0104756,Lorenzo's Oil,Drama,1992.0,4.03,17,129,2.8903717578961645,1,Other,False,George Miller,United States,30000000.0,7286388.0,21000.0,1
M0104779,0104779,Bitter Moon,Drama,1992.0,3.75,16,139,2.833213344056216,1,Other,False,Roman Polanski,France,5000000.0,1862805.0,37000.0,1
M0104797,0104797,Malcolm X,Biography,1992.0,4.26,85,202,4.454347296253507,1,Other,False,Spike Lee,Japan,33000000.0,48169910.0,89000.0,1
M0104815,0104815,El mariachi,Action,1992.0,3.58,13,81,2.6390573296152584,1,Other,False,Robert Rodriguez,Mexico,7000.0,2040920.0,64000.0,1
M0104868,0104868,The Mighty Ducks,Comedy,1992.0,3.68,20,104,3.044522437723423,1,Other,False,Stephen Herek,United States,10000000.0,50752337.0,62000.0,1
M0104940,0104940,The Muppet Christmas Carol,Comedy,1992.0,4.04,37,85,3.6375861597263857,1,Other,False,Brian Henson,United States,12000000.0,32574382.0,51000.0,1
M0104952,0104952,My Cousin Vinny,Comedy,1992.0,3.94,65,120,4.189654742026425,1,Other,False,Jonathan Lynn,United States,11000000.0,64088552.0,112000.0,1
M0105046,0105046,Of Mice and Men,Drama,1992.0,4.02,28,115,3.367295829986474,1,Other,False,Gary Sinise,United States,,5471088.0,41000.0,1
M0105104,0105104,Passenger 57,Action,1992.0,3.08,18,84,2.9444389791664403,1,Other,False,Kevin Hooks,United States,15000000.0,44065653.0,46000.0,1
M0105112,0105112,Patriot Games,Action,1992.0,3.64,53,117,3.9889840465642745,1,Other,False,Phillip Noyce,United States,45000000.0,178051587.0,106000.0,1
M0105121,0105121,The People Under the Stairs,Comedy,1991.0,3.22,18,102,2.9444389791664403,1,Other,False,Wes Craven,United States,6000000.0,31347154.0,32000.0,1
M0105128,0105128,Pet Sematary II,Fantasy,1992.0,2.67,12,100,2.5649493574615367,1,Other,False,Mary Lambert,United States,8000000.0,17092453.0,20000.0,1
M0105151,0105151,The Player,Comedy,1992.0,4.12,24,124,3.2188758248682006,1,Other,False,Robert Altman,United States,8000000.0,21706101.0,56000.0,1
M0105236,0105236,Reservoir Dogs,Crime,1992.0,4.1,562,99,6.333279628139691,1,Other,False,Quentin Tarantino,United States,1200000.0,2913644.0,943000.0,1
M0105265,0105265,A River Runs Through It,Drama,1992.0,3.81,26,123,3.295836866004329,1,Other,False,Robert Redford,United States,12000000.0,43440294.0,55000.0,1
M0105275,0105275,Romper Stomper,Crime,1992.0,3.77,11,94,2.4849066497880004,1,Other,False,Geoffrey Wright,Australia,,175340.0,38000.0,1
M0105323,0105323,Scent of a Woman,Drama,1992.0,4.47,473,156,6.161207321695077,1,Other,False,Martin Brest,United States,31000000.0,134095253.0,274000.0,1
M0105327,0105327,School Ties,Drama,1992.0,3.68,14,106,2.70805020110221,1,Other,False,Robert Mandel,United States,18000000.0,14715067.0,23000.0,1
M0105414,0105414,Single White Female,Drama,1992.0,3.28,20,107,3.044522437723423,1,Other,False,Barbet Schroeder,United States,16000000.0,48017402.0,34000.0,1
M0105415,0105415,Singles,Comedy,1992.0,3.75,10,99,2.3978952727983707,1,Other,False,Cameron Crowe,United States,,18471850.0,28000.0,1
M0105417,0105417,Sister Act,Comedy,1992.0,3.71,17,100,2.8903717578961645,1,Other,False,Emile Ardolino,United States,31000000.0,231605150.0,91000.0,1
M0105428,0105428,Sleepwalkers,Horror,1992.0,2.81,16,91,2.833213344056216,1,Other,False,Mick Garris,United States,15000000.0,30524763.0,21000.0,1
M0105435,0105435,Sneakers,Comedy,1992.0,3.63,23,126,3.1780538303479458,1,Other,False,Phil Alden Robinson,United States,23000000.0,105232691.0,54000.0,1
M0105488,0105488,Strictly Ballroom,Comedy,1992.0,3.85,13,94,2.6390573296152584,1,Other,False,Baz Luhrmann,Australia,,11749595.0,26000.0,1
M0105629,0105629,Toys,Adventure,1992.0,3.59,11,118,2.4849066497880004,1,Other,False,Barry Levinson,United States,43000000.0,23278931.0,31000.0,1
M0105665,0105665,Twin Peaks: Fire Walk with Me,Drama,1992.0,3.7,65,134,4.189654742026425,1,Other,False,David Lynch,France,10000000.0,4184990.0,89000.0,1
M0105690,0105690,Under Siege,Action,1992.0,3.54,28,103,3.367295829986474,1,Other,False,Andrew Davis,France,35000000.0,156563139.0,80000.0,1
M0105695,0105695,Unforgiven,Drama,1992.0,4.1,302,130,5.713732805509369,1,Other,False,Clint Eastwood,United States,14400000.0,159157447.0,385000.0,1
M0105698,0105698,Universal Soldier,Action,1992.0,3.38,32,102,3.4965075614664802,1,Other,False,Roland Emmerich,United States,23000000.0,36299898.0,85000.0,1
M0105793,0105793,Wayne's World,Comedy,1992.0,3.6,45,94,3.828641396489095,1,Other,False,Penelope Spheeris,United States,20000000.0,183097323.0,148000.0,1
M0105812,0105812,White Men Can't Jump,Comedy,1992.0,3.87,27,115,3.332204510175204,1,Other,False,Ron Shelton,United States,,90753806.0,78000.0,1
M0106220,0106220,Addams Family Values,Comedy,1993.0,3.82,20,94,3.044522437723423,1,Other,False,Barry Sonnenfeld,United States,47000000.0,48919043.0,84000.0,1
M0106226,0106226,The Age of Innocence,Drama,1993.0,3.86,61,139,4.127134385045092,1,Other,False,Martin Scorsese,United States,34000000.0,32255440.0,56000.0,1
M0106246,0106246,Alive,Adventure,1993.0,3.64,32,120,3.4965075614664802,1,Other,False,Frank Marshall,United States,32000000.0,36733909.0,53000.0,1
M0106307,0106307,Arizona Dream,Comedy,1993.0,3.5,10,142,2.3978952727983707,1,Other,False,Emir Kusturica,France,19000000.0,112547.0,42000.0,1
M0106308,0106308,Army of Darkness,Comedy,1992.0,3.72,64,81,4.174387269895637,1,Other,False,Sam Raimi,United States,11000000.0,11502976.0,166000.0,1
M0106332,0106332,Ba wang bie ji,Drama,1993.0,4.25,10,109,2.3978952727983707,1,English,False,,,,,,1
M0106364,0106364,Batman: Mask of the Phantasm,Animation,1993.0,4.0,32,76,3.4965075614664802,1,Other,False,Directors,United States,6000000.0,5635204.0,45000.0,1
M0106387,0106387,Benny &amp; Joon,Comedy,1993.0,3.69,21,100,3.091042453358316,1,English,False,,,,,,1
M0106452,0106452,Body Snatchers,Horror,1993.0,3.41,11,87,2.4849066497880004,1,Other,False,Abel Ferrara,United States,13000000.0,428868.0,17000.0,1
M0106469,0106469,Bound by Honor,Crime,1993.0,4.15,10,109,2.3978952727983707,1,English,False,,,,,,1
M0106489,0106489,A Bronx Tale,Crime,1993.0,4.06,99,121,4.605170185988092,1,Other,False,Robert De Niro,United States,22000000.0,17287898.0,132000.0,1
M0106519,0106519,Carlito's Way,Crime,1993.0,3.99,129,144,4.867534450455582,1,Other,False,Brian De Palma,United States,30000000.0,63848322.0,206000.0,1
M0106582,0106582,Cliffhanger,Action,1993.0,3.47,38,113,3.6635616461296463,1,Other,False,Renny Harlin,United States,70000000.0,255000211.0,122000.0,1
M0106598,0106598,Coneheads,Comedy,1993.0,3.5,15,88,2.772588722239781,1,Other,False,Steve Barron,United States,33000000.0,21274717.0,52000.0,1
M0106611,0106611,Cool Runnings,Adventure,1993.0,3.79,40,98,3.713572066704308,1,Other,False,Jon Turteltaub,United States,14000000.0,154856263.0,96000.0,1
M0106627,0106627,The Crush,Drama,1993.0,3.37,23,89,3.1780538303479458,1,Other,False,Alan Shapiro,United States,6000000.0,13609396.0,17000.0,1
M0106664,0106664,The Dark Half,Horror,1993.0,3.2,15,122,2.772588722239781,1,Other,False,George A. Romero,United States,15000000.0,10611160.0,16000.0,1
M0106673,0106673,Dave,Comedy,1993.0,3.64,11,110,2.4849066497880004,1,Other,False,Ivan Reitman,United States,28000000.0,63270710.0,50000.0,1
M0106677,0106677,Dazed and Confused,Comedy,1993.0,3.82,102,102,4.634728988229636,1,Other,False,Richard Linklater,United States,6900000.0,7993039.0,171000.0,1
M0106697,0106697,Demolition Man,Action,1993.0,3.63,49,115,3.912023005428146,1,Other,False,Marco Brambilla,United States,57000000.0,58055768.0,163000.0,1
M0106701,0106701,Dennis the Menace,Comedy,1993.0,3.59,11,94,2.4849066497880004,1,Other,False,Nick Castle,United States,,117270765.0,58000.0,1
M0106770,0106770,Dragon: The Bruce Lee Story,Action,1993.0,3.88,17,107,2.8903717578961645,1,English,False,,,,,,1
M0106856,0106856,Falling Down,Crime,1993.0,3.68,126,113,4.844187086458591,1,Other,False,Joel Schumacher,United States,25000000.0,40903593.0,177000.0,1
M0106912,0106912,Fire in the Sky,Biography,1993.0,3.5,10,109,2.3978952727983707,1,Other,False,Robert Lieberman,United States,15000000.0,19885552.0,23000.0,1
M0106918,0106918,The Firm,Drama,1993.0,3.5,52,154,3.970291913552122,1,Other,False,Sydney Pollack,United States,42000000.0,270248367.0,124000.0,1
M0106965,0106965,Free Willy,Adventure,1993.0,3.44,16,112,2.833213344056216,1,Other,False,Simon Wincer,United States,20000000.0,153698625.0,71000.0,1
M0106977,0106977,The Fugitive,Action,1993.0,4.05,105,130,4.663439094112067,1,Other,False,Andrew Davis,United States,44000000.0,368875760.0,275000.0,1
M0107034,0107034,The Good Son,Drama,1993.0,3.28,16,87,2.833213344056216,1,Other,False,Joseph Ruben,United States,17000000.0,60613008.0,37000.0,1
M0107048,0107048,Groundhog Day,Comedy,1993.0,4.0,213,101,5.365976015021851,1,Other,False,Harold Ramis,United States,14600000.0,71074049.0,589000.0,1
M0107050,0107050,Grumpy Old Men,Comedy,1993.0,3.86,11,103,2.4849066497880004,1,Other,False,Donald Petrie,United States,,70172621.0,45000.0,1
M0107076,0107076,Hard Target,Action,1993.0,3.17,18,97,2.9444389791664403,1,Other,False,John Woo,United States,18000000.0,74189677.0,46000.0,1
M0107120,0107120,Hocus Pocus,Comedy,1993.0,3.91,39,96,3.6888794541139363,1,Other,False,Kenny Ortega,United States,28000000.0,44947705.0,106000.0,1
M0107131,0107131,Homeward Bound: The Incredible Journey,Adventure,1993.0,3.96,14,84,2.70805020110221,1,Other,False,Duwayne Dunham,United States,,41833324.0,43000.0,1
M0107144,0107144,Hot Shots! Part Deux,Action,1993.0,3.54,13,86,2.6390573296152584,1,Other,False,Jim Abrahams,United States,25000000.0,133752825.0,86000.0,1
M0107206,0107206,In the Line of Fire,Action,1993.0,3.6,48,128,3.8918202981106265,1,Other,False,Wolfgang Petersen,United States,40000000.0,176997168.0,96000.0,1
M0107207,0107207,In the Name of the Father,Biography,1993.0,4.41,270,133,5.602118820879701,1,Other,False,Jim Sheridan,Ireland,13000000.0,65796862.0,163000.0,1
M0107211,0107211,Indecent Proposal,Drama,1993.0,3.4,46,117,3.8501476017100584,1,Other,False,Adrian Lyne,United States,38000000.0,266614059.0,66000.0,1
M0107254,0107254,Jason Goes to Hell: The Final Friday,Fantasy,1993.0,1.85,17,87,2.8903717578961645,1,Other,False,Adam Marcus,United States,3000000.0,15935068.0,29000.0,1
M0107286,0107286,Judgment Night,Action,1993.0,3.9,10,110,2.3978952727983707,1,Other,False,Stephen Hopkins,Japan,21000000.0,12526677.0,16000.0,1
M0107290,0107290,Jurassic Park,Adventure,1993.0,4.22,257,127,5.552959584921617,1,Other,False,Steven Spielberg,United States,63000000.0,1033928303.0,894000.0,1
M0107302,0107302,Kalifornia,Crime,1993.0,3.56,16,117,2.833213344056216,1,Other,False,Dominic Sena,United States,9000000.0,2395231.0,52000.0,1
M0107362,0107362,Last Action Hero,Action,1993.0,3.36,35,130,3.58351893845611,1,Other,False,John McTiernan,United States,85000000.0,137298489.0,141000.0,1
M0107387,0107387,Leprechaun,Comedy,1993.0,2.94,16,92,2.833213344056216,1,Other,False,Mark Jones,United States,900000.0,8556940.0,25000.0,1
M0107473,0107473,Mad Dog and Glory,Comedy,1993.0,3.12,12,97,2.5649493574615367,1,Other,False,John McNaughton,United States,19000000.0,11081586.0,21000.0,1
M0107507,0107507,Manhattan Murder Mystery,Comedy,1993.0,3.76,23,104,3.1780538303479458,1,Other,False,Woody Allen,United States,13500000.0,11330911.0,41000.0,1
M0107554,0107554,Menace II Society,Crime,1993.0,3.94,32,97,3.4965075614664802,1,Other,False,Albert Hughes,United States,3500000.0,27912072.0,54000.0,1
M0107614,0107614,Mrs. Doubtfire,Comedy,1993.0,4.08,73,125,4.30406509320417,1,Other,False,Chris Columbus,United States,25000000.0,441286195.0,252000.0,1
M0107616,0107616,Much Ado About Nothing,Comedy,1993.0,3.8,10,111,2.3978952727983707,1,Other,False,Kenneth Branagh,United Kingdom,11000000.0,22549338.0,46000.0,1
M0107653,0107653,Naked,Comedy,1993.0,4.14,51,132,3.9512437185814275,1,Other,False,Mike Leigh,United Kingdom,,1769305.0,36000.0,1
M0107659,0107659,Loaded Weapon 1,Action,1993.0,3.55,10,84,2.3978952727983707,1,Other,False,Gene Quintano,United States,13000000.0,27979399.0,45000.0,1
M0107665,0107665,Needful Things,Crime,1993.0,3.29,14,120,2.70805020110221,1,Other,False,Fraser C. Heston,United States,,15185672.0,24000.0,1
M0107688,0107688,The Nightmare Before Christmas,Animation,1993.0,3.92,77,76,4.356708826689592,1,Other,False,Henry Selick,United States,18000000.0,91491247.0,306000.0,1
M0107692,0107692,Jûbê ninpûchô,Animation,1993.0,3.9,10,91,2.3978952727983707,1,English,False,,,,,,1
M0107756,0107756,Orlando,Biography,1992.0,3.46,12,94,2.5649493574615367,1,Other,False,Sally Potter,United Kingdom,4000000.0,5378172.0,15000.0,1
M0107798,0107798,The Pelican Brief,Crime,1993.0,3.52,25,141,3.258096538021482,1,Other,False,Alan J. Pakula,United States,45000000.0,195268056.0,81000.0,1
M0107808,0107808,A Perfect World,Crime,1993.0,3.92,60,138,4.110873864173311,1,Other,False,Clint Eastwood,United States,30000000.0,135130999.0,76000.0,1
M0107818,0107818,Philadelphia,Drama,1993.0,3.87,167,125,5.123963979403259,1,Other,False,Jonathan Demme,United States,26000000.0,206678440.0,229000.0,1
M0107822,0107822,The Piano,Drama,1993.0,3.86,56,121,4.04305126783455,1,Other,False,Jane Campion,New Zealand,7000000.0,40185556.0,81000.0,1
M0107943,0107943,The Remains of the Day,Drama,1993.0,3.92,65,134,4.189654742026425,1,Other,False,James Ivory,United States,15000000.0,23237911.0,69000.0,1
M0107969,0107969,Rising Sun,Action,1993.0,3.2,15,129,2.772588722239781,1,Other,False,Philip Kaufman,United States,35000000.0,107198790.0,43000.0,1
M0107977,0107977,Robin Hood: Men in Tights,Adventure,1993.0,3.56,16,104,2.833213344056216,1,Other,False,Mel Brooks,France,20000000.0,35739755.0,119000.0,1
M0107978,0107978,RoboCop 3,Action,1993.0,2.27,30,104,3.4339872044851463,1,Other,False,Fred Dekker,United States,22000000.0,10696210.0,47000.0,1
M0108002,0108002,Rudy,Biography,1993.0,3.74,21,114,3.091042453358316,1,Other,False,David Anspaugh,United States,,22881563.0,59000.0,1
M0108037,0108037,The Sandlot,Comedy,1993.0,3.9,26,101,3.295836866004329,1,Other,False,David Mickey Evans,United States,,34348443.0,82000.0,1
M0108052,0108052,Schindler's List,Biography,1993.0,4.48,412,195,6.023447592961033,1,Other,False,Steven Spielberg,United States,22000000.0,322161245.0,1200000.0,1
M0108065,0108065,Searching for Bobby Fischer,Biography,1993.0,3.76,19,109,2.995732273553991,1,Other,False,Steven Zaillian,United States,12000000.0,7266383.0,37000.0,1
M0108071,0108071,The Secret Garden,Drama,1993.0,3.89,19,101,2.995732273553991,1,Other,False,Agnieszka Holland,United Kingdom,18000000.0,31181347.0,38000.0,1
M0108122,0108122,Short Cuts,Comedy,1993.0,4.18,17,188,2.8903717578961645,1,Other,False,Robert Altman,United States,,6110979.0,43000.0,1
M0108160,0108160,Sleepless in Seattle,Comedy,1993.0,3.63,84,105,4.442651256490317,1,Other,False,Nora Ephron,United States,21000000.0,227927165.0,165000.0,1
M0108211,0108211,Stalingrad,Drama,1993.0,3.97,17,134,2.8903717578961645,1,Other,False,Joseph Vilsmaier,Germany,,152972.0,32000.0,1
M0108238,0108238,Striking Distance,Action,1993.0,3.05,11,102,2.4849066497880004,1,Other,False,Rowdy Herrington,United States,30000000.0,24107867.0,41000.0,1
M0108255,0108255,Super Mario Bros.,Adventure,1993.0,2.81,13,104,2.6390573296152584,1,Other,False,Annabel Jankel,United Kingdom,48000000.0,20915465.0,50000.0,1
M0108330,0108330,This Boy's Life,Biography,1993.0,3.82,60,115,4.110873864173311,1,Other,False,Michael Caton-Jones,United States,,4104962.0,49000.0,1
M0108358,0108358,Tombstone,Action,1993.0,3.95,50,130,3.9318256327243257,1,Other,False,George P. Cosmatos,United States,25000000.0,56505065.0,132000.0,1
M0108394,0108394,Trois couleurs: Bleu,Drama,1993.0,4.02,127,109,4.852030263919617,1,English,False,,,,,,1
M0108399,0108399,True Romance,Crime,1993.0,4.07,122,119,4.812184355372417,1,Other,False,Tony Scott,United States,13000000.0,13088850.0,212000.0,1
M0108473,0108473,The Vanishing,Drama,1993.0,3.6,15,109,2.772588722239781,1,Other,False,George Sluizer,United States,,14543394.0,24000.0,1
M0108525,0108525,Wayne's World 2,Comedy,1993.0,3.21,17,95,2.8903717578961645,1,Other,False,Stephen Surjik,United States,40000000.0,48198019.0,79000.0,1
M0108550,0108550,What's Eating Gilbert Grape,Drama,1993.0,4.01,180,118,5.198497031265826,1,Other,False,Lasse Hallström,United States,11000000.0,10032765.0,221000.0,1
M0109040,0109040,Ace Ventura: Pet Detective,Comedy,1994.0,3.81,76,86,4.343805421853684,1,Other,False,Tom Shadyac,United States,15000000.0,107217396.0,284000.0,1
M0109045,0109045,"The Adventures of Priscilla, Queen of the Desert",Comedy,1994.0,3.85,23,104,3.1780538303479458,1,Other,False,Stephan Elliott,Australia,,11265402.0,48000.0,1
M0109068,0109068,Airheads,Comedy,1994.0,3.21,14,92,2.70805020110221,1,Other,False,Michael Lehmann,United States,,5751882.0,47000.0,1
M0109117,0109117,Andaz Apna Apna,Comedy,1994.0,4.6,10,100,2.3978952727983707,1,English,False,,,,,,1
M0109190,0109190,Baby's Day Out,Adventure,1994.0,3.38,16,99,2.833213344056216,1,Other,False,Patrick Read Johnson,United States,48000000.0,16827402.0,48000.0,1
M0109254,0109254,Beverly Hills Cop III,Action,1994.0,3.05,22,104,3.1354942159291497,1,Other,False,John Landis,United States,50000000.0,119208989.0,78000.0,1
M0109287,0109287,Blank Check,Comedy,1994.0,2.77,11,93,2.4849066497880004,1,Other,False,Rupert Wainwright,United States,,30577969.0,19000.0,1
M0109303,0109303,Blown Away,Action,1994.0,3.47,15,121,2.772588722239781,1,Other,False,Stephen Hopkins,United States,28000000.0,30156002.0,29000.0,1
M0109348,0109348,Bullets Over Broadway,Comedy,1994.0,3.88,13,98,2.6390573296152584,1,Other,False,Woody Allen,United States,20000000.0,13383747.0,36000.0,1
M0109424,0109424,Chung Hing sam lam,Comedy,1994.0,3.92,76,100,4.343805421853684,1,English,False,,,,,,1
M0109444,0109444,Clear and Present Danger,Action,1994.0,3.66,34,141,3.5553480614894135,1,Other,False,Phillip Noyce,United States,62000000.0,215887717.0,93000.0,1
M0109445,0109445,Clerks,Comedy,1994.0,3.86,73,92,4.30406509320417,1,Other,False,Kevin Smith,United States,27000.0,3151130.0,214000.0,1
M0109446,0109446,The Client,Crime,1994.0,3.48,30,119,3.4339872044851463,1,Other,False,Joel Schumacher,United States,45000000.0,117615211.0,62000.0,1
M0109506,0109506,The Crow,Action,1994.0,4.03,86,102,4.465908118654584,1,Other,False,Alex Proyas,United States,23000000.0,50693129.0,170000.0,1
M0109508,0109508,Crumb,Documentary,1994.0,4.4,10,102,2.3978952727983707,1,English,False,,,,,,1
M0109520,0109520,D2: The Mighty Ducks,Comedy,1994.0,3.42,13,106,2.6390573296152584,1,Other,False,Sam Weisman,United States,,45610410.0,38000.0,1
M0109635,0109635,Disclosure,Drama,1994.0,3.08,20,128,3.044522437723423,1,Other,False,Barry Levinson,United States,55000000.0,214015089.0,48000.0,1
M0109642,0109642,Dolores Claiborne,Crime,1995.0,3.9,25,132,3.258096538021482,1,Other,False,Taylor Hackford,United States,,24361867.0,41000.0,1
M0109686,0109686,Dumb and Dumber,Comedy,1994.0,3.96,115,107,4.7535901911063645,1,Other,False,Peter Farrelly,United States,17000000.0,247275374.0,361000.0,1
M0109707,0109707,Ed Wood,Biography,1994.0,4.06,67,127,4.219507705176107,1,Other,False,Tim Burton,United States,18000000.0,5887457.0,168000.0,1
M0109759,0109759,Exotica,Drama,1994.0,3.71,12,103,2.5649493574615367,1,Other,False,Atom Egoyan,Canada,,4221036.0,19000.0,1
M0109813,0109813,The Flintstones,Comedy,1994.0,2.77,11,91,2.4849066497880004,1,Other,False,Brian Levant,United States,46000000.0,341631208.0,77000.0,1
M0109830,0109830,Forrest Gump,Drama,1994.0,4.48,825,142,6.716594773520978,1,Other,False,Robert Zemeckis,United States,55000000.0,678226133.0,1900000.0,1
M0109831,0109831,Four Weddings and a Funeral,Comedy,1994.0,3.51,44,117,3.8066624897703196,1,Other,False,Mike Newell,United Kingdom,4400000.0,245700832.0,144000.0,1
M0109836,0109836,Frankenstein,Drama,1994.0,3.44,17,109,2.8903717578961645,1,English,False,,,,,,1
M0110005,0110005,Heavenly Creatures,Biography,1994.0,3.65,27,99,3.332204510175204,1,Other,False,Peter Jackson,New Zealand,5000000.0,3049135.0,60000.0,1
M0110006,0110006,Heavyweights,Comedy,1995.0,3.85,10,100,2.3978952727983707,1,Other,False,Steven Brill,United States,,17689177.0,26000.0,1
M0110008,0110008,Heisei tanuki gassen ponpoko,Animation,1994.0,3.73,24,91,3.2188758248682006,1,English,False,,,,,,1
M0110057,0110057,Hoop Dreams,Documentary,1994.0,4.44,18,102,2.9444389791664403,1,English,False,,,,,,1
M0110074,0110074,The Hudsucker Proxy,Comedy,1994.0,3.78,25,111,3.258096538021482,1,Other,False,Joel Coen,United Kingdom,40000000.0,2816518.0,78000.0,1
M0110081,0110081,Huo zhe,Drama,1994.0,3.96,13,109,2.6390573296152584,1,English,False,,,,,,1
M0110116,0110116,Immortal Beloved,Biography,1994.0,3.91,16,121,2.833213344056216,1,Other,False,Bernard Rose,United Kingdom,,9914409.0,24000.0,1
M0110148,0110148,Interview with the Vampire: The Vampire Chronicles,Drama,1994.0,3.69,75,123,4.330733340286331,1,Other,False,Neil Jordan,United States,60000000.0,223664608.0,301000.0,1
M0110167,0110167,It Could Happen to You,Comedy,1994.0,3.64,21,101,3.091042453358316,1,Other,False,Andrew Bergman,United States,20000000.0,37939757.0,37000.0,1
M0110216,0110216,Junior,Comedy,1994.0,2.91,11,109,2.4849066497880004,1,Other,False,Ivan Reitman,United States,60000000.0,108431355.0,66000.0,1
M0110322,0110322,Legends of the Fall,Drama,1994.0,4.0,129,133,4.867534450455582,1,Other,False,Edward Zwick,United States,30000000.0,160638883.0,154000.0,1
M0110357,0110357,The Lion King,Animation,1994.0,4.43,190,88,5.25227342804663,1,Other,False,Roger Allers,United States,45000000.0,1083720877.0,970000.0,1
M0110366,0110366,The Little Rascals,Comedy,1994.0,3.79,14,82,2.70805020110221,1,Other,False,Penelope Spheeris,United States,23000000.0,67308282.0,45000.0,1
M0110367,0110367,Little Women,Drama,1994.0,3.74,34,115,3.5553480614894135,1,Other,False,Gillian Armstrong,United States,18000000.0,50083616.0,54000.0,1
M0110413,0110413,Léon,Action,1994.0,4.35,639,107,6.461468176353717,1,English,False,,,,,,1
M0110428,0110428,The Madness of King George,Biography,1994.0,3.75,10,110,2.3978952727983707,1,Other,False,Nicholas Hytner,United Kingdom,65897768.0,15238689.0,16000.0,1
M0110475,0110475,The Mask,Comedy,1994.0,3.67,98,101,4.59511985013459,1,Other,False,Chuck Russell,United States,23000000.0,351583407.0,357000.0,1
M0110478,0110478,Maverick,Action,1994.0,3.86,22,127,3.1354942159291497,1,Other,False,Richard Donner,United States,75000000.0,183031272.0,104000.0,1
M0110527,0110527,Miracle on 34th Street,Family,1994.0,3.52,22,114,3.1354942159291497,1,Other,False,Les Mayfield,United States,,46264384.0,33000.0,1
M0110598,0110598,Muriel&x27;s Wedding,Comedy,1994.0,3.9,15,100,2.772588722239781,1,English,False,,,,,,1
M0110622,0110622,Naked Gun 33 1/3: The Final Insult,Comedy,1994.0,3.5,30,83,3.4339872044851463,1,Other,False,Peter Segal,United States,30000000.0,51132598.0,100000.0,1
M0110632,0110632,Natural Born Killers,Crime,1994.0,3.64,95,118,4.564348191467836,1,Other,False,Oliver Stone,United States,34000000.0,50283563.0,222000.0,1
M0110657,0110657,The Next Karate Kid,Action,1994.0,2.71,12,107,2.5649493574615367,1,Other,False,Christopher Cain,United States,12000000.0,15876353.0,28000.0,1
M0110729,0110729,Once Were Warriors,Crime,1994.0,3.76,17,102,2.8903717578961645,1,Other,False,Lee Tamahori,New Zealand,,1608570.0,32000.0,1
M0110737,0110737,Only You,Comedy,1994.0,3.78,18,109,2.9444389791664403,1,Other,False,Norman Jewison,United States,,20059210.0,21000.0,1
M0110877,0110877,Il postino,Biography,1994.0,3.96,23,117,3.1780538303479458,1,English,False,,,,,,1
M0110912,0110912,Pulp Fiction,Crime,1994.0,4.38,776,154,6.655440350367647,1,Other,False,Quentin Tarantino,United States,8000000.0,213928762.0,1900000.0,1
M0110917,0110917,Una pura formalità,Crime,1994.0,4.12,12,109,2.5649493574615367,1,English,False,,,,,,1
M0110932,0110932,Quiz Show,Biography,1994.0,3.98,44,133,3.8066624897703196,1,Other,False,Robert Redford,United States,31000000.0,24822619.0,66000.0,1
M0110950,0110950,Reality Bites,Comedy,1994.0,3.94,31,99,3.4657359027997265,1,Other,False,Ben Stiller,United States,11500000.0,33351557.0,47000.0,1
M0110955,0110955,The Ref,Comedy,1994.0,3.81,13,96,2.6390573296152584,1,Other,False,Ted Demme,United States,11000000.0,11439193.0,24000.0,1
M0110989,0110989,Ri¢hie Ri¢h,Comedy,1994.0,3.28,18,100,2.9444389791664403,1,English,False,,,,,,1
M0110997,0110997,The River Wild,Adventure,1994.0,3.87,15,111,2.772588722239781,1,Other,False,Curtis Hanson,United States,45000000.0,94216343.0,43000.0,1
M0111070,0111070,The Santa Clause,Comedy,1994.0,3.53,33,97,3.5263605246161616,1,Other,False,John Pasquin,United States,22000000.0,190539357.0,102000.0,1
M0111127,0111127,Serial Mom,Comedy,1994.0,3.59,17,95,2.8903717578961645,1,Other,False,John Waters,United States,13000000.0,7820688.0,28000.0,1
M0111149,0111149,Shallow Grave,Crime,1994.0,3.59,29,89,3.4011973816621555,1,Other,False,Danny Boyle,United Kingdom,2500000.0,2079569.0,58000.0,1
M0111161,0111161,The Shawshank Redemption,Drama,1994.0,4.67,955,142,6.862757913051401,1,Other,False,Frank Darabont,United States,25000000.0,28817291.0,2400000.0,1
M0111255,0111255,The Specialist,Action,1994.0,2.66,16,110,2.833213344056216,1,Other,False,Luis Llosa,United States,45000000.0,170362582.0,63000.0,1
M0111257,0111257,Speed,Action,1994.0,3.83,96,116,4.574710978503383,1,Other,False,Jan de Bont,United States,30000000.0,350448145.0,339000.0,1
M0111280,0111280,Star Trek: Generations,Action,1994.0,3.4,29,118,3.4011973816621555,1,Other,False,David Carson,United States,35000000.0,118071125.0,78000.0,1
M0111282,0111282,Stargate,Action,1994.0,3.55,51,116,3.9512437185814275,1,Other,False,Roland Emmerich,United States,55000000.0,196567262.0,180000.0,1
M0111301,0111301,Street Fighter,Action,1994.0,2.19,16,102,2.833213344056216,1,Other,False,Steven E. de Souza,Japan,35000000.0,99431786.0,67000.0,1
M0111438,0111438,Timecop,Action,1994.0,3.23,15,99,2.772588722239781,1,Other,False,Peter Hyams,United States,27000000.0,101646581.0,57000.0,1
M0111495,0111495,Trois couleurs: Rouge,Drama,1994.0,4.37,80,109,4.394449154672439,1,English,False,,,,,,1
M0111503,0111503,True Lies,Action,1994.0,3.85,62,141,4.143134726391533,1,Other,False,James Cameron,United States,115000000.0,378882411.0,243000.0,1
M0111507,0111507,Trois couleurs: Blanc,Comedy,1994.0,3.85,71,100,4.276666119016055,1,English,False,,,,,,1
M0111512,0111512,Jui kuen II,Action,1994.0,3.58,13,107,2.6390573296152584,1,English,False,,,,,,1
M0111579,0111579,Utomlennye solntsem,Drama,1994.0,3.68,14,109,2.70805020110221,1,English,False,,,,,,1
M0111686,0111686,Wes Craven&x27;s New Nightmare,Fantasy,1994.0,3.2,28,96,3.367295829986474,1,English,False,,,,,,1
M0111693,0111693,When a Man Loves a Woman,Drama,1994.0,3.7,10,126,2.3978952727983707,1,Other,False,Luis Mandoki,United States,,50021959.0,21000.0,1
M0111742,0111742,Wolf,Drama,1994.0,3.42,13,125,2.6390573296152584,1,Other,False,Mike Nichols,United States,70000000.0,131002597.0,54000.0,1
M0111756,0111756,Wyatt Earp,Adventure,1994.0,3.22,16,191,2.833213344056216,1,Other,False,Lawrence Kasdan,United States,63000000.0,25052000.0,47000.0,1
M0112281,0112281,Ace Ventura: When Nature Calls,Adventure,1995.0,3.59,50,90,3.9318256327243257,1,Other,False,Steve Oedekerk,United States,30000000.0,212385533.0,206000.0,1
M0112346,0112346,The American President,Comedy,1995.0,3.42,12,114,2.5649493574615367,1,Other,False,Rob Reiner,United States,62000000.0,107879496.0,54000.0,1
M0112384,0112384,Apollo 13,Adventure,1995.0,3.9,135,140,4.912654885736052,1,Other,False,Ron Howard,United States,52000000.0,355237933.0,277000.0,1
M0112401,0112401,Assassins,Action,1995.0,3.17,21,132,3.091042453358316,1,Other,False,Richard Donner,France,50000000.0,30303072.0,79000.0,1
M0112431,0112431,Babe,Comedy,1995.0,4.07,14,91,2.70805020110221,1,Other,False,Chris Noonan,Australia,30000000.0,254134910.0,119000.0,1
M0112442,0112442,Bad Boys,Action,1995.0,3.58,126,123,4.844187086458591,1,Other,False,Rick Rosenthal,United States,,9190819.0,14000.0,1
M0112461,0112461,The Basketball Diaries,Biography,1995.0,3.92,66,102,4.204692619390966,1,Other,False,Scott Kalvert,United States,2000000.0,2402438.0,105000.0,1
M0112462,0112462,Batman Forever,Action,1995.0,2.84,64,121,4.174387269895637,1,Other,False,Joel Schumacher,United States,100000000.0,336567158.0,239000.0,1
M0112471,0112471,Before Sunrise,Drama,1995.0,4.15,382,101,5.948034989180646,1,Other,False,Richard Linklater,United States,2500000.0,5987386.0,282000.0,1
M0112508,0112508,Billy Madison,Comedy,1995.0,3.02,24,89,3.2188758248682006,1,Other,False,Tamra Davis,United States,10000000.0,26488734.0,135000.0,1
M0112573,0112573,Braveheart,Biography,1995.0,4.44,298,178,5.700443573390687,1,Other,False,Mel Gibson,United States,72000000.0,213216216.0,978000.0,1
M0112579,0112579,The Bridges of Madison County,Drama,1995.0,3.99,43,135,3.784189633918261,1,Other,False,Clint Eastwood,United States,24000000.0,182016617.0,76000.0,1
M0112641,0112641,Casino,Crime,1995.0,4.26,354,178,5.872117789475416,1,Other,False,Martin Scorsese,United States,52000000.0,116112375.0,480000.0,1
M0112642,0112642,Casper,Comedy,1995.0,3.39,14,100,2.70805020110221,1,Other,False,Brad Silberling,United States,50000000.0,287928194.0,125000.0,1
M0112682,0112682,La cité des enfants perdus,Fantasy,1995.0,3.59,16,96,2.833213344056216,1,English,False,,,,,,1
M0112697,0112697,Clueless,Comedy,1995.0,3.54,84,97,4.442651256490317,1,Other,False,Amy Heckerling,United States,12000000.0,56631572.0,193000.0,1
M0112722,0112722,Copycat,Drama,1995.0,3.44,32,123,3.4965075614664802,1,Other,False,Jon Amiel,United States,20000000.0,32051917.0,56000.0,1
M0112740,0112740,Crimson Tide,Action,1995.0,3.91,52,116,3.970291913552122,1,Other,False,Tony Scott,United States,53000000.0,157387195.0,105000.0,1
M0112792,0112792,Dangerous Minds,Biography,1995.0,3.52,29,99,3.4011973816621555,1,Other,False,John N. Smith,United States,23000000.0,179519401.0,50000.0,1
M0112817,0112817,Dead Man,Drama,1995.0,3.91,41,121,3.7376696182833684,1,Other,False,Jim Jarmusch,United States,9000000.0,1037847.0,92000.0,1
M0112818,0112818,Dead Man Walking,Crime,1995.0,3.95,56,122,4.04305126783455,1,Other,False,Tim Robbins,United Kingdom,11000000.0,39363635.0,90000.0,1
M0112819,0112819,Dead Presidents,Action,1995.0,3.81,16,119,2.833213344056216,1,Other,False,Albert Hughes,United States,10000000.0,24147179.0,21000.0,1
M0112851,0112851,Desperado,Action,1995.0,3.56,40,104,3.713572066704308,1,Other,False,Robert Rodriguez,United States,7000000.0,25405445.0,175000.0,1
M0112864,0112864,Die Hard: With a Vengeance,Action,1995.0,3.91,95,107,4.564348191467836,1,English,False,,,,,,1
M0112870,0112870,Dilwale Dulhania Le Jayenge,Drama,1995.0,4.47,15,109,2.772588722239781,1,English,False,,,,,,1
M0112883,0112883,Don Juan DeMarco,Comedy,1994.0,3.88,13,97,2.6390573296152584,1,Other,False,Jeremy Leven,United States,25000000.0,68792531.0,49000.0,1
M0112896,0112896,Dracula: Dead and Loving It,Comedy,1995.0,3.65,13,88,2.6390573296152584,1,Other,False,Mel Brooks,France,30000000.0,10772144.0,40000.0,1
M0112913,0112913,Do lok tin si,Comedy,1995.0,4.08,37,100,3.6375861597263857,1,English,False,,,,,,1
M0112950,0112950,Empire Records,Comedy,1995.0,3.68,20,90,3.044522437723423,1,Other,False,Allan Moyle,United States,,273188.0,52000.0,1
M0112966,0112966,The Englishman Who Went Up a Hill But Came Down a Mountain,Comedy,1995.0,3.7,10,99,2.3978952727983707,1,Other,False,Christopher Monger,United Kingdom,40997769.0,10904930.0,17000.0,1
M0113041,0113041,Father of the Bride Part II,Comedy,1995.0,3.27,13,106,2.6390573296152584,1,Other,False,Charles Shyer,United States,30000000.0,76594107.0,36000.0,1
M0113071,0113071,First Knight,Action,1995.0,3.04,13,134,2.6390573296152584,1,Other,False,Jerry Zucker,United States,55000000.0,127600435.0,70000.0,1
M0113101,0113101,Four Rooms,Comedy,1995.0,3.37,46,98,3.8501476017100584,1,Other,False,Directors,United States,4000000.0,4257354.0,100000.0,1
M0113117,0113117,French Kiss,Comedy,1995.0,3.78,18,111,2.9444389791664403,1,Other,False,Lawrence Kasdan,United Kingdom,,101982854.0,48000.0,1
M0113118,0113118,Friday,Comedy,1995.0,3.65,90,91,4.51085950651685,1,Other,False,F. Gary Gray,United States,3500000.0,28215918.0,103000.0,1
M0113161,0113161,Get Shorty,Comedy,1995.0,3.54,27,105,3.332204510175204,1,Other,False,Barry Sonnenfeld,United States,30250000.0,115101622.0,78000.0,1
M0113189,0113189,GoldenEye,Action,1995.0,3.69,64,130,4.174387269895637,1,Other,False,Martin Campbell,United Kingdom,60000000.0,352194034.0,243000.0,1
M0113243,0113243,Hackers,Comedy,1995.0,3.67,23,105,3.1780538303479458,1,Other,False,Iain Softley,United States,20000000.0,7563728.0,66000.0,1
M0113247,0113247,La haine,Crime,1995.0,4.07,125,98,4.836281906951478,1,Other,False,Mathieu Kassovitz,France,,302606.0,157000.0,1
M0113253,0113253,Halloween: The Curse of Michael Myers,Horror,1995.0,2.82,20,87,3.044522437723423,1,Other,False,Joe Chappelle,United States,5000000.0,15116634.0,32000.0,1
M0113277,0113277,Heat,Crime,1995.0,4.31,419,101,6.040254711277414,1,Other,False,Dick Richards,United States,17000000.0,2793214.0,1900.0,1
M0113375,0113375,I.D.,Crime,1995.0,4.14,11,109,2.4849066497880004,1,English,False,,,,,,1
M0113409,0113409,In the Mouth of Madness,Drama,1994.0,3.31,35,95,3.58351893845611,1,Other,False,John Carpenter,United States,8000000.0,8924549.0,64000.0,1
M0113481,0113481,Johnny Mnemonic,Action,1995.0,2.98,20,96,3.044522437723423,1,Other,False,Robert Longo,Canada,26000000.0,19075720.0,68000.0,1
M0113492,0113492,Judge Dredd,Action,1995.0,3.08,32,96,3.4965075614664802,1,Other,False,Danny Cannon,United States,90000000.0,113493481.0,112000.0,1
M0113497,0113497,Jumanji,Adventure,1995.0,3.81,88,104,4.48863636973214,1,Other,False,Joe Johnston,United States,65000000.0,262821940.0,318000.0,1
M0113540,0113540,Kids,Drama,1995.0,3.38,16,91,2.833213344056216,1,Other,False,Larry Clark,United States,1500000.0,7412216.0,75000.0,1
M0113568,0113568,Kôkaku Kidôtai,Animation,1995.0,4.1,67,91,4.219507705176107,1,English,False,,,,,,1
M0113627,0113627,Leaving Las Vegas,Drama,1995.0,3.87,57,111,4.060443010546419,1,Other,False,Mike Figgis,United States,3600000.0,32029928.0,117000.0,1
M0113670,0113670,A Little Princess,Drama,1995.0,4.17,18,97,2.9444389791664403,1,Other,False,Alfonso Cuarón,United States,17000000.0,10015449.0,33000.0,1
M0113725,0113725,Maboroshi no hikari,Drama,1995.0,4.29,17,109,2.8903717578961645,1,English,False,,,,,,1
M0113749,0113749,Mallrats,Comedy,1995.0,3.64,21,94,3.091042453358316,1,Other,False,Kevin Smith,United States,8000000.0,2122561.0,118000.0,1
M0113819,0113819,Mighty Aphrodite,Comedy,1995.0,3.59,16,95,2.833213344056216,1,Other,False,Woody Allen,United States,15000000.0,6468498.0,39000.0,1
M0113824,0113824,Mimi wo sumaseba,Animation,1995.0,4.07,80,91,4.394449154672439,1,English,False,,,,,,1
M0113845,0113845,Money Train,Action,1995.0,3.27,11,110,2.4849066497880004,1,Other,False,Joseph Ruben,United States,68000000.0,35431113.0,39000.0,1
M0113855,0113855,Mortal Kombat,Action,1995.0,3.19,36,101,3.6109179126442243,1,Other,False,Paul W.S. Anderson,United States,18000000.0,122195920.0,112000.0,1
M0113870,0113870,Murder in the First,Drama,1995.0,4.07,15,122,2.772588722239781,1,Other,False,Marc Rocco,United States,,17381942.0,27000.0,1
M0113957,0113957,The Net,Action,1995.0,2.96,24,114,3.2188758248682006,1,Other,False,Irwin Winkler,United States,22000000.0,110627965.0,62000.0,1
M0113972,0113972,Nick of Time,Action,1995.0,3.55,10,90,2.3978952727983707,1,Other,False,John Badham,United States,33000000.0,8175346.0,40000.0,1
M0113986,0113986,Nine Months,Comedy,1995.0,3.23,11,103,2.4849066497880004,1,Other,False,Chris Columbus,United States,,138510230.0,36000.0,1
M0114069,0114069,Outbreak,Action,1995.0,3.37,39,127,3.6888794541139363,1,Other,False,Wolfgang Petersen,United States,50000000.0,189859560.0,123000.0,1
M0114148,0114148,Pocahontas,Animation,1995.0,3.49,38,81,3.6635616461296463,1,Other,False,Mike Gabriel,United States,55000000.0,346079773.0,175000.0,1
M0114194,0114194,The Prophecy,Action,1995.0,3.0,12,98,2.5649493574615367,1,Other,False,Gregory Widen,United States,8000000.0,16115878.0,30000.0,1
M0114214,0114214,The Quick and the Dead,Action,1995.0,3.26,40,107,3.713572066704308,1,Other,False,Sam Raimi,United States,32000000.0,18636537.0,88000.0,1
M0114319,0114319,Sabrina,Comedy,1995.0,3.61,14,127,2.70805020110221,1,Other,False,Sydney Pollack,Germany,58000000.0,53672080.0,38000.0,1
M0114367,0114367,Screamers,Horror,1995.0,3.29,12,108,2.5649493574615367,1,Other,False,Christian Duguay,Canada,20000000.0,5711695.0,26000.0,1
M0114369,0114369,Se7en,Crime,1995.0,4.43,863,127,6.761572768804055,1,Other,False,David Fincher,United States,33000000.0,327333559.0,1500000.0,1
M0114388,0114388,Sense and Sensibility,Drama,1995.0,3.83,52,136,3.970291913552122,1,Other,False,Ang Lee,United States,16000000.0,134582776.0,106000.0,1
M0114436,0114436,Showgirls,Drama,1995.0,2.52,21,128,3.091042453358316,1,Other,False,Paul Verhoeven,France,45000000.0,20358624.0,64000.0,1
M0114478,0114478,Smoke,Comedy,1995.0,3.96,13,112,2.6390573296152584,1,Other,False,Wayne Wang,Germany,7000000.0,8367636.0,34000.0,1
M0114508,0114508,Species,Action,1995.0,3.0,23,108,3.1780538303479458,1,Other,False,Roger Donaldson,United States,35000000.0,113374103.0,76000.0,1
M0114558,0114558,Strange Days,Action,1995.0,3.61,18,145,2.9444389791664403,1,Other,False,Kathryn Bigelow,United States,42000000.0,7959291.0,68000.0,1
M0114576,0114576,Sudden Death,Action,1995.0,3.05,11,90,2.4849066497880004,1,Other,False,Sig Shore,United States,,,134.0,1
M0114594,0114594,Swimming with Sharks,Comedy,1994.0,3.71,14,93,2.70805020110221,1,Other,False,George Huang,United States,700000.0,382928.0,22000.0,1
M0114614,0114614,Tank Girl,Action,1995.0,3.15,10,104,2.3978952727983707,1,Other,False,Rachel Talalay,United States,25000000.0,4064495.0,31000.0,1
M0114681,0114681,To Die For,Comedy,1995.0,3.5,11,106,2.4849066497880004,1,Other,False,Gus Van Sant,United States,20000000.0,21284514.0,45000.0,1
M0114682,0114682,"To Wong Foo Thanks for Everything, Julie Newmar",Comedy,1995.0,4.14,11,109,2.4849066497880004,1,Other,False,Beeban Kidron,United States,,47774193.0,30000.0,1
M0114694,0114694,Tommy Boy,Adventure,1995.0,3.67,24,97,3.2188758248682006,1,Other,False,Peter Segal,United States,,32679899.0,79000.0,1
M0114709,0114709,Toy Story,Animation,1995.0,4.24,180,81,5.198497031265826,1,Other,False,John Lasseter,United States,30000000.0,394436586.0,913000.0,1
M0114746,0114746,Twelve Monkeys,Thriller,1995.0,3.99,219,102,5.393627546352362,1,English,False,,,,,,1
M0114781,0114781,Under Siege 2: Dark Territory,Action,1995.0,3.0,17,100,2.8903717578961645,1,Other,False,Geoff Murphy,United States,60000000.0,104324083.0,45000.0,1
M0114787,0114787,Underground,Comedy,1995.0,4.29,19,167,2.995732273553991,1,Other,False,Emir Kusturica,Federal Republic of Yugoslavia,14000000.0,171082.0,56000.0,1
M0114814,0114814,The Usual Suspects,Crime,1995.0,4.37,716,106,6.57507584059962,1,Other,False,Bryan Singer,United States,6000000.0,23341568.0,1000000.0,1
M0114857,0114857,Virtuosity,Action,1995.0,2.85,10,106,2.3978952727983707,1,Other,False,Brett Leonard,United States,30000000.0,24047675.0,29000.0,1
M0114898,0114898,Waterworld,Action,1995.0,3.12,37,135,3.6375861597263857,1,Other,False,Kevin Reynolds,United States,175000000.0,264218220.0,186000.0,1
M0114924,0114924,While You Were Sleeping,Comedy,1995.0,3.69,40,103,3.713572066704308,1,Other,False,Jon Turteltaub,United States,17000000.0,182057016.0,95000.0,1
M0115433,0115433,101 Dalmatians,Adventure,1996.0,2.82,14,103,2.70805020110221,1,Other,False,Stephen Herek,United States,75000000.0,320689294.0,105000.0,1
M0115571,0115571,The Arrival,Sci-Fi,1996.0,2.78,20,115,3.044522437723423,1,Other,False,David Twohy,United States,25000000.0,14063331.0,34000.0,1
M0115639,0115639,Beautiful Girls,Comedy,1996.0,3.44,17,112,2.8903717578961645,1,Other,False,Ted Demme,United States,,10597759.0,32000.0,1
M0115641,0115641,Beavis and Butt-Head Do America,Animation,1996.0,3.79,12,81,2.5649493574615367,1,Other,False,Directors,United States,12000000.0,63118386.0,53000.0,1
M0115678,0115678,Big Night,Drama,1996.0,4.0,12,109,2.5649493574615367,1,Other,False,Campbell Scott,United States,4100000.0,12008376.0,18000.0,1
M0115685,0115685,The Birdcage,Comedy,1996.0,3.61,37,117,3.6375861597263857,1,Other,False,Mike Nichols,United States,31000000.0,185260553.0,83000.0,1
M0115734,0115734,Bottle Rocket,Comedy,1996.0,3.62,36,91,3.6109179126442243,1,Other,False,Wes Anderson,United States,7000000.0,560069.0,72000.0,1
M0115736,0115736,Bound,Crime,1996.0,3.88,24,109,3.2188758248682006,1,Other,False,Lana Wachowski,United States,4500000.0,3802260.0,52000.0,1
M0115751,0115751,Breaking the Waves,Drama,1996.0,4.07,23,159,3.1780538303479458,1,Other,False,Lars von Trier,Denmark,,3828405.0,64000.0,1
M0115759,0115759,Broken Arrow,Action,1996.0,3.48,22,108,3.1354942159291497,1,Other,False,John Woo,United States,50000000.0,150270147.0,93000.0,1
M0115798,0115798,The Cable Guy,Comedy,1996.0,3.23,43,96,3.784189633918261,1,Other,False,Ben Stiller,United States,47000000.0,102825796.0,157000.0,1
M0115857,0115857,Chain Reaction,Action,1996.0,2.94,18,107,2.9444389791664403,1,Other,False,Andrew Davis,United States,50000000.0,60209334.0,49000.0,1
M0115956,0115956,Courage Under Fire,Action,1996.0,3.08,13,116,2.6390573296152584,1,Other,False,Edward Zwick,United States,46000000.0,100860818.0,52000.0,1
M0115963,0115963,The Craft,Drama,1996.0,3.6,44,101,3.8066624897703196,1,Other,False,Andrew Fleming,United States,15000000.0,24819936.0,82000.0,1
M0115964,0115964,Crash,Drama,1996.0,3.33,24,100,3.2188758248682006,1,Other,False,David Cronenberg,Canada,9000000.0,2671291.0,54000.0,1
M0115988,0115988,The Crucible,Drama,1996.0,3.56,16,124,2.833213344056216,1,Other,False,Nicholas Hytner,United States,25000000.0,7343114.0,36000.0,1
M0116040,0116040,Daylight,Action,1996.0,3.43,27,114,3.332204510175204,1,Other,False,Rob Cohen,United States,80000000.0,159212469.0,68000.0,1
M0116126,0116126,Don&x27;t Be a Menace to South Central While Drinking Your Juice in the Hood,Comedy,1996.0,3.26,33,100,3.5263605246161616,1,English,False,,,,,,1
M0116136,0116136,DragonHeart,Action,1996.0,3.67,15,103,2.772588722239781,1,Other,False,Rob Cohen,United States,57000000.0,115267375.0,93000.0,1
M0116209,0116209,The English Patient,Drama,1996.0,4.02,81,162,4.406719247264253,1,Other,False,Anthony Minghella,United States,27000000.0,231976425.0,182000.0,1
M0116213,0116213,Eraser,Action,1996.0,3.19,24,115,3.2188758248682006,1,Other,False,Chuck Russell,United States,100000000.0,242295562.0,106000.0,1
M0116225,0116225,Escape from L.A.,Action,1996.0,3.03,32,101,3.4965075614664802,1,Other,False,John Carpenter,United States,50000000.0,25477365.0,71000.0,1
M0116231,0116231,Eskiya,Crime,1996.0,4.36,21,109,3.091042453358316,1,English,False,,,,,,1
M0116242,0116242,Everyone Says I Love You,Comedy,1996.0,3.53,16,101,2.833213344056216,1,Other,False,Woody Allen,United States,20000000.0,9759200.0,36000.0,1
M0116250,0116250,Evita,Biography,1996.0,3.6,10,135,2.3978952727983707,1,Other,False,Alan Parker,United States,55000000.0,141047179.0,34000.0,1
M0116253,0116253,Critical Decision,Action,1996.0,3.38,24,107,3.2188758248682006,1,English,False,,,,,,1
M0116277,0116277,The Fan,Action,1996.0,3.0,15,116,2.772588722239781,1,Other,False,Tony Scott,United States,55000000.0,18626419.0,47000.0,1
M0116282,0116282,Fargo,Crime,1996.0,3.94,434,98,6.075346031088684,1,Other,False,Joel Coen,United States,7000000.0,60611975.0,634000.0,1
M0116287,0116287,Fear,Drama,1996.0,3.17,15,97,2.772588722239781,1,Other,False,James Foley,United States,,20831000.0,44000.0,1
M0116313,0116313,The First Wives Club,Comedy,1996.0,3.88,20,103,3.044522437723423,1,Other,False,Hugh Wilson,United States,26000000.0,181489203.0,45000.0,1
M0116324,0116324,Flirting with Disaster,Comedy,1996.0,3.57,14,92,2.70805020110221,1,Other,False,David O. Russell,United States,7000000.0,14702438.0,18000.0,1
M0116365,0116365,The Frighteners,Comedy,1996.0,3.81,39,110,3.6888794541139363,1,Other,False,Peter Jackson,New Zealand,30000000.0,29359216.0,84000.0,1
M0116367,0116367,From Dusk Till Dawn,Action,1996.0,3.56,121,108,4.804021044733257,1,Other,False,Robert Rodriguez,United States,19000000.0,25837111.0,294000.0,1
M0116409,0116409,The Ghost and the Darkness,Adventure,1996.0,3.7,28,110,3.367295829986474,1,Other,False,Stephen Hopkins,Germany,55000000.0,38619405.0,58000.0,1
M0116483,0116483,Happy Gilmore,Comedy,1996.0,3.66,44,92,3.8066624897703196,1,Other,False,Dennis Dugan,United States,12000000.0,41205099.0,205000.0,1
M0116583,0116583,The Hunchback of Notre Dame,Animation,1996.0,3.76,39,91,3.6888794541139363,1,Other,False,Gary Trousdale,United States,100000000.0,325338851.0,146000.0,1
M0116629,0116629,Independence Day,Action,1996.0,3.86,129,110,4.867534450455582,1,Other,False,Robert Mandel,United States,,,458.0,1
M0116669,0116669,Jack,Comedy,1996.0,3.53,18,113,2.9444389791664403,1,Other,False,Francis Ford Coppola,United States,45000000.0,58620973.0,57000.0,1
M0116695,0116695,Jerry Maguire,Comedy,1996.0,3.8,110,139,4.709530201312334,1,Other,False,Cameron Crowe,United States,50000000.0,273552592.0,249000.0,1
M0116705,0116705,Jingle All the Way,Comedy,1996.0,3.09,43,89,3.784189633918261,1,Other,False,Brian Levant,United States,60000000.0,129832389.0,95000.0,1
M0116778,0116778,Kingpin,Comedy,1996.0,3.72,29,114,3.4011973816621555,1,Other,False,Bobby Farrelly,United States,27000000.0,25023434.0,79000.0,1
M0116830,0116830,Last Man Standing,Action,1996.0,3.25,12,101,2.5649493574615367,1,Other,False,Walter Hill,United States,67000000.0,47267001.0,54000.0,1
M0116908,0116908,The Long Kiss Goodnight,Action,1996.0,3.44,26,121,3.295836866004329,1,Other,False,Renny Harlin,United States,65000000.0,89456761.0,76000.0,1
M0116922,0116922,Lost Highway,Thriller,1997.0,3.91,40,134,3.713572066704308,1,Other,False,David Lynch,France,15000000.0,3703548.0,134000.0,1
M0116996,0116996,Mars Attacks!,Comedy,1996.0,3.42,43,106,3.784189633918261,1,Other,False,Tim Burton,United States,70000000.0,101371017.0,214000.0,1
M0116999,0116999,Marvin's Room,Drama,1996.0,3.39,14,98,2.70805020110221,1,Other,False,Jerry Zaks,United States,23000000.0,12803305.0,26000.0,1
M0117008,0117008,Matilda,Comedy,1996.0,3.71,46,102,3.8501476017100584,1,Other,False,Danny DeVito,United States,36000000.0,33459416.0,135000.0,1
M0117039,0117039,Michael Collins,Biography,1996.0,3.75,14,133,2.70805020110221,1,Other,False,Neil Jordan,United Kingdom,25000000.0,11135803.0,30000.0,1
M0117060,0117060,Mission: Impossible,Action,1996.0,3.64,139,110,4.941642422609304,1,Other,False,Brian De Palma,United States,80000000.0,457696391.0,398000.0,1
M0117214,0117214,Nun va Goldoon,Comedy,1996.0,3.6,10,100,2.3978952727983707,1,English,False,,,,,,1
M0117218,0117218,The Nutty Professor,Comedy,1996.0,3.53,15,95,2.772588722239781,1,Other,False,Tom Shadyac,United States,54000000.0,273961019.0,112000.0,1
M0117247,0117247,One Fine Day,Comedy,1996.0,3.27,13,108,2.6390573296152584,1,Other,False,Michael Hoffman,United States,,97529550.0,44000.0,1
M0117318,0117318,The People vs. Larry Flynt,Biography,1996.0,3.92,26,130,3.295836866004329,1,Other,False,Milos Forman,United States,36000000.0,20300385.0,90000.0,1
M0117331,0117331,The Phantom,Action,1996.0,3.35,10,100,2.3978952727983707,1,Other,False,Simon Wincer,Australia,45000000.0,17323326.0,33000.0,1
M0117333,0117333,Phenomenon,Drama,1996.0,3.78,16,123,2.833213344056216,1,Other,False,Jon Turteltaub,United States,32000000.0,152036382.0,76000.0,1
M0117381,0117381,Primal Fear,Crime,1996.0,4.18,274,129,5.616771097666572,1,Other,False,Gregory Hoblit,United States,30000000.0,102616183.0,196000.0,1
M0117407,0117407,Pusher,Crime,1996.0,3.56,27,110,3.332204510175204,1,Other,False,Nicolas Winding Refn,Denmark,,1605.0,37000.0,1
M0117438,0117438,Ransom,Action,1996.0,3.37,27,121,3.332204510175204,1,Other,False,Ron Howard,United States,80000000.0,309492681.0,121000.0,1
M0117500,0117500,The Rock,Action,1996.0,4.01,86,136,4.465908118654584,1,Other,False,Michael Bay,United States,75000000.0,335062621.0,319000.0,1
M0117509,0117509,Romeo + Juliet,Drama,1996.0,3.77,66,120,4.204692619390966,1,Other,False,Baz Luhrmann,United States,14500000.0,147554998.0,216000.0,1
M0117571,0117571,Scream,Horror,1996.0,3.92,100,82,4.61512051684126,1,Other,False,Byron Quisenberry,United States,,,674.0,1
M0117589,0117589,Secrets &amp; Lies,Drama,1996.0,4.29,31,109,3.4657359027997265,1,English,False,,,,,,1
M0117603,0117603,Set It Off,Action,1996.0,3.83,12,123,2.5649493574615367,1,Other,False,F. Gary Gray,United States,9000000.0,41590886.0,15000.0,1
M0117631,0117631,Shine,Biography,1996.0,3.91,40,105,3.713572066704308,1,Other,False,Scott Hicks,Australia,5500000.0,35999081.0,52000.0,1
M0117665,0117665,Sleepers,Crime,1996.0,3.93,129,147,4.867534450455582,1,Other,False,Barry Levinson,United States,44000000.0,165615285.0,202000.0,1
M0117666,0117666,Sling Blade,Drama,1996.0,3.97,38,135,3.6635616461296463,1,Other,False,Billy Bob Thornton,United States,1000000.0,24444121.0,89000.0,1
M0117705,0117705,Space Jam,Animation,1996.0,3.41,52,88,3.970291913552122,1,Other,False,Joe Pytka,United States,80000000.0,230418342.0,175000.0,1
M0117723,0117723,Spy Hard,Action,1996.0,3.0,16,81,2.833213344056216,1,Other,False,Rick Friedberg,United States,18000000.0,26960191.0,37000.0,1
M0117731,0117731,Star Trek: First Contact,Action,1996.0,3.9,43,111,3.784189633918261,1,Other,False,Jonathan Frakes,United States,45000000.0,146027888.0,120000.0,1
M0117774,0117774,The Substitute,Action,1996.0,3.14,11,114,2.4849066497880004,1,Other,False,Robert Mandel,United States,,14818176.0,13000.0,1
M0117802,0117802,Swingers,Comedy,1996.0,3.6,35,96,3.58351893845611,1,Other,False,Doug Liman,United States,200000.0,4555020.0,77000.0,1
M0117883,0117883,Tesis,Horror,1996.0,3.41,16,96,2.833213344056216,1,English,False,,,,,,1
M0117887,0117887,That Thing You Do!,Comedy,1996.0,3.7,20,108,3.044522437723423,1,Other,False,Tom Hanks,United States,26000000.0,34585416.0,64000.0,1
M0117894,0117894,Thinner,Fantasy,1996.0,3.09,23,93,3.1780538303479458,1,Other,False,Tom Holland,United States,8500000.0,15315484.0,29000.0,1
M0117913,0117913,A Time to Kill,Crime,1996.0,4.04,170,149,5.14166355650266,1,Other,False,Joel Schumacher,United States,40000000.0,152266007.0,138000.0,1
M0117918,0117918,Tin Cup,Comedy,1996.0,3.39,14,135,2.70805020110221,1,Other,False,Ron Shelton,United States,45000000.0,53854588.0,47000.0,1
M0117951,0117951,Trainspotting,Drama,1996.0,4.01,281,93,5.641907070938114,1,Other,False,Danny Boyle,United Kingdom,,16607872.0,647000.0,1
M0117998,0117998,Twister,Adventure,1996.0,3.55,51,113,3.9512437185814275,1,Other,False,Jan de Bont,United States,92000000.0,494471524.0,183000.0,1
M0118548,0118548,Absolute Power,Action,1997.0,3.8,20,121,3.044522437723423,1,Other,False,Clint Eastwood,United States,50000000.0,50068310.0,52000.0,1
M0118571,0118571,Air Force One,Action,1997.0,3.6,53,124,3.9889840465642745,1,Other,False,Wolfgang Petersen,United States,85000000.0,315156409.0,185000.0,1
M0118583,0118583,Alien: Resurrection,Action,1997.0,3.04,78,109,4.3694478524670215,1,Other,False,Jean-Pierre Jeunet,United States,75000000.0,161376069.0,234000.0,1
M0118607,0118607,Amistad,Drama,1997.0,3.72,27,155,3.332204510175204,1,Other,False,Steven Spielberg,United States,36000000.0,44229441.0,73000.0,1
M0118615,0118615,Anaconda,Action,1997.0,3.04,23,89,3.1780538303479458,1,Other,False,Luis Llosa,United States,45000000.0,136885767.0,99000.0,1
M0118617,0118617,Anastasia,Animation,1997.0,4.2,32,94,3.4965075614664802,1,Other,False,Don Bluth,United States,50000000.0,139804348.0,115000.0,1
M0118636,0118636,Apt Pupil,Crime,1998.0,3.37,26,111,3.295836866004329,1,Other,False,Bryan Singer,United States,14000000.0,8863193.0,37000.0,1
M0118655,0118655,Austin Powers: International Man of Mystery,Adventure,1997.0,3.57,52,89,3.970291913552122,1,Other,False,Jay Roach,United States,16500000.0,67683989.0,227000.0,1
M0118688,0118688,Batman &amp; Robin,Action,1997.0,1.86,59,107,4.0943445622221,1,English,False,,,,,,1
M0118689,0118689,Bean,Adventure,1997.0,3.42,26,89,3.295836866004329,1,Other,False,Mel Smith,United Kingdom,18000000.0,251212670.0,100000.0,1
M0118694,0118694,Fa yeung nin wah,Drama,2000.0,4.26,127,109,4.852030263919617,0,English,False,,,,,,1
M0118715,0118715,The Big Lebowski,Comedy,1998.0,3.92,412,117,6.023447592961033,1,Other,False,Joel Coen,United States,15000000.0,46748721.0,754000.0,1
M0118749,0118749,Boogie Nights,Drama,1997.0,4.07,141,155,4.955827057601261,1,Other,False,Paul Thomas Anderson,United States,15000000.0,43101594.0,246000.0,1
M0118760,0118760,The Boxer,Drama,1997.0,3.93,15,113,2.772588722239781,1,Other,False,Jim Sheridan,United States,,16534578.0,20000.0,1
M0118771,0118771,Breakdown,Action,1997.0,3.44,35,93,3.58351893845611,1,Other,False,Jonathan Mostow,United States,36000000.0,50159144.0,51000.0,1
M0118789,0118789,Buffalo '66,Comedy,1998.0,3.78,43,110,3.784189633918261,1,Other,False,Vincent Gallo,United States,1500000.0,2375097.0,49000.0,1
M0118799,0118799,La vita è bella,Comedy,1997.0,4.41,346,100,5.849324779946859,1,English,False,,,,,,1
M0118819,0118819,Carne trémula,Drama,1997.0,3.45,11,109,2.4849066497880004,1,English,False,,,,,,1
M0118842,0118842,Chasing Amy,Comedy,1997.0,3.64,36,113,3.6109179126442243,1,Other,False,Kevin Smith,United States,250000.0,12021272.0,134000.0,1
M0118843,0118843,"Crna macka, beli macor",Comedy,1998.0,4.02,24,127,3.2188758248682006,1,Other,False,Emir Kusturica,Federal Republic of Yugoslavia,,351447.0,52000.0,1
M0118845,0118845,Chun gwong cha sit,Drama,1997.0,3.84,16,109,2.833213344056216,1,English,False,,,,,,1
M0118849,0118849,Bacheha-Ye aseman,Drama,1997.0,4.32,87,109,4.477336814478207,1,English,False,,,,,,1
M0118880,0118880,Con Air,Action,1997.0,3.64,87,115,4.477336814478207,1,Other,False,Simon West,United States,75000000.0,224012234.0,282000.0,1
M0118883,0118883,Conspiracy Theory,Action,1997.0,3.3,35,135,3.58351893845611,1,Other,False,Richard Donner,United States,75000000.0,136982834.0,96000.0,1
M0118884,0118884,Contact,Drama,1997.0,3.81,121,150,4.804021044733257,1,Other,False,Robert Zemeckis,United States,90000000.0,171120329.0,260000.0,1
M0118887,0118887,Cop Land,Crime,1997.0,3.64,50,105,3.9318256327243257,1,Other,False,James Mangold,United States,15000000.0,44862187.0,89000.0,1
M0118928,0118928,Dante&x27;s Peak,Action,1997.0,3.34,22,107,3.1354942159291497,1,English,False,,,,,,1
M0118929,0118929,Dark City,Thriller,1998.0,3.6,66,100,4.204692619390966,1,Other,False,Alex Proyas,Australia,27000000.0,27200316.0,191000.0,1
M0118954,0118954,Deconstructing Harry,Comedy,1997.0,3.73,11,96,2.4849066497880004,1,Other,False,Woody Allen,United States,20000000.0,10686841.0,43000.0,1
M0118956,0118956,Deep Rising,Action,1998.0,3.08,12,106,2.5649493574615367,1,Other,False,Stephen Sommers,United States,45000000.0,11203026.0,35000.0,1
M0118971,0118971,The Devil's Advocate,Drama,1997.0,3.85,154,144,5.043425116919247,1,Other,False,Taylor Hackford,Germany,57000000.0,152944660.0,342000.0,1
M0118972,0118972,The Devil's Own,Action,1997.0,3.7,20,111,3.044522437723423,1,Other,False,Alan J. Pakula,United States,90000000.0,140807547.0,62000.0,1
M0119008,0119008,Donnie Brasco,Biography,1997.0,3.88,308,127,5.733341276897746,1,Other,False,Mike Newell,United States,35000000.0,124909762.0,287000.0,1
M0119038,0119038,Le dîner de cons,Comedy,1998.0,3.85,61,80,4.127134385045092,1,Other,False,Francis Veber,France,,4071548.0,38000.0,1
M0119051,0119051,The Edge,Action,1997.0,3.64,28,117,3.367295829986474,1,Other,False,Lee Tamahori,United States,30000000.0,43312294.0,70000.0,1
M0119081,0119081,Event Horizon,Horror,1997.0,3.29,89,96,4.499809670330265,1,Other,False,Paul W.S. Anderson,United Kingdom,60000000.0,26673829.0,164000.0,1
M0119094,0119094,Face/Off,Action,1997.0,3.79,108,138,4.6913478822291435,1,Other,False,John Woo,United States,80000000.0,245676146.0,357000.0,1
M0119099,0119099,Fallen,Action,1998.0,3.57,34,124,3.5553480614894135,1,Other,False,Gregory Hoblit,United States,,25232289.0,78000.0,1
M0119114,0119114,Fever Pitch,Comedy,1997.0,3.96,12,96,2.5649493574615367,1,Other,False,Richard Brooks,United States,7000000.0,618847.0,243.0,1
M0119116,0119116,The Fifth Element,Action,1997.0,4.0,99,126,4.605170185988092,1,Other,False,Luc Besson,France,93000000.0,263920180.0,444000.0,1
M0119137,0119137,Flubber,Comedy,1997.0,3.06,16,93,2.833213344056216,1,Other,False,Les Mayfield,United States,80000000.0,177977226.0,86000.0,1
M0119141,0119141,Fools Rush In,Comedy,1997.0,3.33,15,109,2.772588722239781,1,Other,False,Andy Tennant,United States,20000000.0,29481428.0,34000.0,1
M0119164,0119164,The Full Monty,Comedy,1997.0,3.77,35,91,3.58351893845611,1,Other,False,Peter Cattaneo,United Kingdom,3500000.0,257938649.0,101000.0,1
M0119167,0119167,Funny Games,Crime,1997.0,3.88,34,111,3.5553480614894135,1,Other,False,Michael Haneke,United States,15000000.0,7938872.0,93000.0,1
M0119173,0119173,G.I. Jane,Action,1997.0,3.78,18,125,2.9444389791664403,1,Other,False,Ridley Scott,United States,50000000.0,48169156.0,75000.0,1
M0119174,0119174,The Game,Drama,1997.0,4.0,263,129,5.575949103146316,1,Other,False,David Fincher,United States,50000000.0,109423648.0,361000.0,1
M0119177,0119177,Gattaca,Drama,1997.0,3.91,123,106,4.820281565605037,1,Other,False,Andrew Niccol,United States,36000000.0,12532777.0,287000.0,1
M0119215,0119215,Good Burger,Comedy,1997.0,3.07,15,95,2.772588722239781,1,Other,False,Brian Robbins,United States,9000000.0,23712993.0,27000.0,1
M0119217,0119217,Good Will Hunting,Drama,1997.0,4.28,617,126,6.42648845745769,1,Other,False,Gus Van Sant,United States,10000000.0,225933435.0,887000.0,1
M0119223,0119223,Great Expectations,Drama,1998.0,3.64,22,111,3.1354942159291497,1,Other,False,Alfonso Cuarón,United States,25000000.0,55494066.0,52000.0,1
M0119229,0119229,Grosse Pointe Blank,Action,1997.0,3.91,32,107,3.4965075614664802,1,Other,False,George Armitage,United States,15000000.0,28084357.0,90000.0,1
M0119250,0119250,Hana-bi,Crime,1997.0,3.5,11,109,2.4849066497880004,1,English,False,,,,,,1
M0119256,0119256,Sydney,Crime,1996.0,3.69,44,109,3.8066624897703196,1,English,False,,,,,,1
M0119282,0119282,Hercules,Animation,1997.0,3.76,49,98,3.912023005428146,1,Other,False,Luigi Cozzi,Italy,2500000.0,10676194.0,3600.0,1
M0119303,0119303,Home Alone 3,Comedy,1997.0,2.54,23,102,3.1780538303479458,1,Other,False,Raja Gosnell,United States,32000000.0,79082515.0,109000.0,1
M0119314,0119314,The Horse Whisperer,Drama,1998.0,3.46,12,169,2.5649493574615367,1,Other,False,Robert Redford,United States,60000000.0,186883563.0,40000.0,1
M0119345,0119345,I Know What You Did Last Summer,Horror,1997.0,3.18,30,101,3.4339872044851463,1,Other,False,Jim Gillespie,United States,17000000.0,125586134.0,136000.0,1
M0119349,0119349,The Ice Storm,Drama,1997.0,4.12,12,112,2.5649493574615367,1,Other,False,Ang Lee,United States,18000000.0,8038061.0,54000.0,1
M0119360,0119360,In &amp; Out,Comedy,1997.0,3.54,13,100,2.6390573296152584,1,English,False,,,,,,1
M0119395,0119395,The Jackal,Action,1997.0,3.32,20,124,3.044522437723423,1,Other,False,Michael Caton-Jones,United States,60000000.0,159330280.0,109000.0,1
M0119396,0119396,Jackie Brown,Crime,1997.0,3.76,200,154,5.303304908059076,1,Other,False,Quentin Tarantino,United States,12000000.0,39673807.0,325000.0,1
M0119468,0119468,Kiss the Girls,Crime,1997.0,3.36,29,115,3.4011973816621555,1,Other,False,Gary Fleder,United States,27000000.0,60527873.0,68000.0,1
M0119472,0119472,Knockin' on Heaven's Door,Action,1997.0,4.43,14,87,2.70805020110221,1,Other,False,Thomas Jahn,Germany,,5710.0,28000.0,1
M0119485,0119485,Kundun,Biography,1997.0,3.46,14,134,2.70805020110221,1,Other,False,Martin Scorsese,United States,28000000.0,5684789.0,27000.0,1
M0119488,0119488,L.A. Confidential,Crime,1997.0,4.28,372,138,5.921578419643816,1,Other,False,Curtis Hanson,United States,35000000.0,126216940.0,544000.0,1
M0119528,0119528,Liar Liar,Comedy,1997.0,3.71,128,86,4.859812404361672,1,Other,False,Tom Shadyac,United States,45000000.0,302710615.0,289000.0,1
M0119558,0119558,Lolita,Drama,1997.0,3.23,22,137,3.1354942159291497,1,Other,False,Adrian Lyne,France,62000000.0,1071255.0,54000.0,1
M0119567,0119567,The Lost World: Jurassic Park,Action,1997.0,3.35,112,129,4.727387818712341,1,Other,False,Steven Spielberg,United States,73000000.0,618638999.0,388000.0,1
M0119643,0119643,Meet Joe Black,Drama,1998.0,3.68,114,178,4.74493212836325,1,Other,False,Martin Brest,United States,90000000.0,142940100.0,223000.0,1
M0119654,0119654,Men in Black,Adventure,1997.0,3.79,92,98,4.532599493153256,1,Other,False,Barry Sonnenfeld,United States,90000000.0,589390539.0,529000.0,1
M0119664,0119664,Metro,Action,1997.0,2.92,12,117,2.5649493574615367,1,Other,False,Thomas Carter,United States,55000000.0,32000301.0,26000.0,1
M0119668,0119668,Midnight in the Garden of Good and Evil,Crime,1997.0,3.41,11,155,2.4849066497880004,1,Other,False,Clint Eastwood,United States,35000000.0,25105255.0,37000.0,1
M0119675,0119675,Mimic,Horror,1997.0,3.03,15,105,2.772588722239781,1,Other,False,Guillermo del Toro,United States,30000000.0,25480803.0,47000.0,1
M0119683,0119683,Les Misérables,Crime,1998.0,4.04,28,134,3.367295829986474,1,Other,False,Bille August,United Kingdom,,14096321.0,39000.0,1
M0119695,0119695,Money Talks,Action,1997.0,3.29,12,97,2.5649493574615367,1,Other,False,Brett Ratner,United States,25000000.0,48407611.0,28000.0,1
M0119698,0119698,Mononoke-hime,Animation,1997.0,4.02,181,91,5.204006687076795,1,English,False,,,,,,1
M0119707,0119707,Mortal Kombat: Annihilation,Action,1997.0,1.41,16,95,2.833213344056216,1,Other,False,John R. Leonetti,United States,30000000.0,51376861.0,51000.0,1
M0119715,0119715,Mousehunt,Comedy,1997.0,3.71,12,98,2.5649493574615367,1,Other,False,Gore Verbinski,United States,38000000.0,122417389.0,53000.0,1
M0119731,0119731,Murder at 1600,Action,1997.0,3.46,14,107,2.70805020110221,1,Other,False,Dwight H. Little,United States,40000000.0,25804707.0,29000.0,1
M0119738,0119738,My Best Friend's Wedding,Comedy,1997.0,3.18,44,105,3.8066624897703196,1,Other,False,P.J. Hogan,United States,38000000.0,299288605.0,134000.0,1
M0119791,0119791,Nightwatch,Drama,1997.0,3.1,10,101,2.3978952727983707,1,Other,False,Ole Bornedal,United States,,1179002.0,19000.0,1
M0119807,0119807,Nothing to Lose,Action,1997.0,3.27,11,98,2.4849066497880004,1,Other,False,Steve Oedekerk,United States,25000000.0,44480039.0,45000.0,1
M0119822,0119822,As Good as It Gets,Comedy,1997.0,4.03,207,139,5.337538079701318,1,Other,False,James L. Brooks,United States,50000000.0,314178011.0,282000.0,1
M0119874,0119874,The Peacemaker,Action,1997.0,3.21,12,124,2.5649493574615367,1,Other,False,Mimi Leder,United States,50000000.0,110463140.0,55000.0,1
M0119896,0119896,Picture Perfect,Comedy,1997.0,3.25,10,101,2.3978952727983707,1,Other,False,Glenn Gordon Caron,United States,10000000.0,44332015.0,19000.0,1
M0119925,0119925,The Postman,Action,1997.0,3.1,10,108,2.3978952727983707,1,Other,False,Michael Radford,Italy,3000000.0,21898920.0,34000.0,1
M0119978,0119978,The Rainmaker,Crime,1997.0,3.73,55,135,4.02535169073515,1,Other,False,Francis Ford Coppola,United States,40000000.0,45916769.0,68000.0,1
M0120032,0120032,Romy and Michele's High School Reunion,Comedy,1997.0,3.54,13,92,2.6390573296152584,1,Other,False,David Mirkin,United States,,29235353.0,43000.0,1
M0120053,0120053,The Saint,Action,1997.0,3.36,21,116,3.091042453358316,1,Other,False,Phillip Noyce,United States,68000000.0,118063304.0,64000.0,1
M0120082,0120082,Scream 2,Horror,1997.0,3.46,41,120,3.7376696182833684,1,Other,False,Wes Craven,United States,24000000.0,172363301.0,161000.0,1
M0120094,0120094,Selena,Biography,1997.0,4.07,14,127,2.70805020110221,1,Other,False,Gregory Nava,United States,20000000.0,35281794.0,26000.0,1
M0120102,0120102,Seven Years in Tibet,Adventure,1997.0,3.72,60,136,4.110873864173311,1,Other,False,Jean-Jacques Annaud,United States,70000000.0,131457682.0,134000.0,1
M0120148,0120148,Sliding Doors,Comedy,1998.0,3.33,36,99,3.6109179126442243,1,Other,False,Peter Howitt,United Kingdom,6000000.0,11841544.0,65000.0,1
M0120157,0120157,Soldier,Action,1998.0,2.91,11,99,2.4849066497880004,1,Other,False,Paul W.S. Anderson,United States,60000000.0,14594226.0,53000.0,1
M0120177,0120177,Spawn,Action,1997.0,3.05,22,96,3.1354942159291497,1,Other,False,Mark A.Z. Dippé,United States,40000000.0,87840042.0,65000.0,1
M0120179,0120179,Speed 2: Cruise Control,Action,1997.0,2.2,22,121,3.1354942159291497,1,Other,False,Jan de Bont,United States,160000000.0,164508066.0,76000.0,1
M0120184,0120184,Sphere,Drama,1998.0,3.19,27,134,3.332204510175204,1,Other,False,Barry Levinson,United States,80000000.0,37020277.0,101000.0,1
M0120188,0120188,Three Kings,Action,1999.0,3.63,45,114,3.828641396489095,1,Other,False,David O. Russell,United States,75000000.0,107752036.0,163000.0,1
M0120201,0120201,Starship Troopers,Action,1997.0,3.68,79,129,4.382026634673881,1,Other,False,Paul Verhoeven,United States,105000000.0,121214377.0,276000.0,1
M0120255,0120255,The Sweet Hereafter,Drama,1997.0,4.01,36,112,3.6109179126442243,1,Other,False,Atom Egoyan,Canada,,3263585.0,33000.0,1
M0120263,0120263,Sånger från andra våningen,Comedy,2000.0,4.07,23,100,3.1780538303479458,0,English,False,,,,,,1
M0120265,0120265,Ta'm e guilass,Drama,1997.0,4.07,55,109,4.02535169073515,1,English,False,,,,,,1
M0120324,0120324,A Simple Plan,Crime,1998.0,3.79,39,121,3.6888794541139363,1,Other,False,Sam Raimi,United Kingdom,30000000.0,16316273.0,66000.0,1
M0120338,0120338,Titanic,Drama,1997.0,4.28,253,194,5.537334267018537,1,Other,False,James Cameron,United States,200000000.0,2201647264.0,1100000.0,1
M0120347,0120347,Tomorrow Never Dies,Action,1997.0,3.49,53,119,3.9889840465642745,1,Other,False,Roger Spottiswoode,United Kingdom,110000000.0,333011068.0,185000.0,1
M0120363,0120363,Toy Story 2,Animation,1999.0,4.02,130,92,4.875197323201151,1,Other,False,John Lasseter,United States,90000000.0,497375381.0,540000.0,1
M0120382,0120382,The Truman Show,Comedy,1998.0,4.26,398,103,5.988961416889864,1,Other,False,Peter Weir,United States,60000000.0,264118201.0,972000.0,1
M0120399,0120399,U Turn,Crime,1997.0,3.33,12,125,2.5649493574615367,1,Other,False,Oliver Stone,United States,19000000.0,6682098.0,50000.0,1
M0120434,0120434,Vegas Vacation,Comedy,1997.0,3.16,16,93,2.833213344056216,1,Other,False,Stephen Kessler,United States,25000000.0,36400360.0,46000.0,1
M0120458,0120458,Virus,Action,1999.0,3.2,10,99,2.3978952727983707,1,Other,False,John Bruno,United States,75000000.0,30657854.0,27000.0,1
M0120461,0120461,Volcano,Action,1997.0,2.88,24,104,3.2188758248682006,1,Other,False,Mick Jackson,United States,90000000.0,122823468.0,73000.0,1
M0120483,0120483,The Man Who Knew Too Little,Comedy,1997.0,3.64,21,94,3.091042453358316,1,Other,False,Jon Amiel,United States,20000000.0,13717039.0,31000.0,1
M0120484,0120484,The Waterboy,Comedy,1998.0,3.44,31,90,3.4657359027997265,1,Other,False,Frank Coraci,United States,23000000.0,185991646.0,153000.0,1
M0120524,0120524,Wishmaster,Fantasy,1997.0,3.23,13,90,2.6390573296152584,1,Other,False,Robert Kurtzman,United States,5000000.0,15738769.0,21000.0,1
M0120586,0120586,American History X,Drama,1998.0,4.33,515,119,6.246106765481563,1,Other,False,Tony Kaye,United States,20000000.0,23875127.0,1100000.0,1
M0120587,0120587,Antz,Animation,1998.0,3.6,20,83,3.044522437723423,1,Other,False,Eric Darnell,United States,105000000.0,171757863.0,149000.0,1
M0120591,0120591,Armageddon,Action,1998.0,3.7,94,151,4.553876891600541,1,Other,False,Michael Bay,United States,140000000.0,553709788.0,403000.0,1
M0120601,0120601,Being John Malkovich,Comedy,1999.0,3.85,136,113,4.919980925828125,1,Other,False,Spike Jonze,United States,13000000.0,23106667.0,319000.0,1
M0120609,0120609,The Big Hit,Action,1998.0,2.77,11,91,2.4849066497880004,1,Other,False,Kirk Wong,United States,13000000.0,27007143.0,29000.0,1
M0120611,0120611,Blade,Action,1998.0,3.71,77,120,4.356708826689592,1,Other,False,Stephen Norrington,United States,45000000.0,131183530.0,252000.0,1
M0120616,0120616,The Mummy,Action,1999.0,3.56,63,124,4.1588830833596715,1,Other,False,Stephen Sommers,United States,80000000.0,415933406.0,401000.0,1
M0120623,0120623,A Bug's Life,Animation,1998.0,3.91,63,95,4.1588830833596715,1,Other,False,John Lasseter,United States,120000000.0,363258859.0,273000.0,1
M0120630,0120630,Chicken Run,Animation,2000.0,3.69,29,84,3.4011973816621555,0,Other,False,Peter Lord,United States,45000000.0,224834564.0,181000.0,1
M0120631,0120631,EverAfter,Comedy,1998.0,3.81,13,100,2.6390573296152584,1,English,False,,,,,,1
M0120632,0120632,City of Angels,Drama,1998.0,3.54,40,114,3.713572066704308,1,Other,False,Brad Silberling,United States,55000000.0,198685114.0,116000.0,1
M0120633,0120633,A Civil Action,Drama,1998.0,3.44,17,115,2.8903717578961645,1,Other,False,Steven Zaillian,United States,75000000.0,56709981.0,28000.0,1
M0120646,0120646,The Deep End of the Ocean,Drama,1999.0,3.5,13,106,2.6390573296152584,1,Other,False,Ulu Grosbard,United States,38000000.0,28121100.0,13000.0,1
M0120647,0120647,Deep Impact,Action,1998.0,3.33,52,120,3.970291913552122,1,Other,False,Mimi Leder,United States,75000000.0,349464664.0,168000.0,1
M0120655,0120655,Dogma,Adventure,1999.0,3.74,41,130,3.7376696182833684,1,Other,False,Kevin Smith,United States,10000000.0,31429330.0,210000.0,1
M0120657,0120657,The 13th Warrior,Action,1999.0,3.5,16,102,2.833213344056216,1,Other,False,John McTiernan,United States,160000000.0,61698899.0,119000.0,1
M0120660,0120660,Enemy of the State,Action,1998.0,3.82,87,132,4.477336814478207,1,Other,False,Tony Scott,United States,90000000.0,250849789.0,232000.0,1
M0120663,0120663,Eyes Wide Shut,Drama,1999.0,3.92,134,159,4.90527477843843,1,Other,False,Stanley Kubrick,United Kingdom,65000000.0,162242684.0,313000.0,1
M0120667,0120667,Fantastic Four,Action,2005.0,3.01,68,106,4.23410650459726,0,Other,False,Tim Story,United States,100000000.0,333535934.0,316000.0,1
M0120669,0120669,Fear and Loathing in Las Vegas,Adventure,1998.0,3.3,67,118,4.219507705176107,1,Other,False,Terry Gilliam,United States,18500000.0,10680275.0,266000.0,1
M0120679,0120679,Frida,Biography,2002.0,3.96,57,123,4.060443010546419,0,Other,False,Julie Taymor,Mexico,12000000.0,56298474.0,83000.0,1
M0120681,0120681,From Hell,Horror,2001.0,3.44,42,122,3.7612001156935624,0,Other,False,Albert Hughes,United States,35000000.0,74558115.0,149000.0,1
M0120684,0120684,Gods and Monsters,Biography,1998.0,3.67,12,105,2.5649493574615367,1,Other,False,Bill Condon,United States,10000000.0,6451628.0,30000.0,1
M0120685,0120685,Godzilla,Action,1998.0,2.7,47,139,3.871201010907891,1,Other,False,Roland Emmerich,Japan,130000000.0,379014294.0,186000.0,1
M0120686,0120686,Stepmom,Comedy,1998.0,3.85,20,125,3.044522437723423,1,Other,False,Chris Columbus,United States,50000000.0,159710793.0,63000.0,1
M0120689,0120689,The Green Mile,Crime,1999.0,4.49,485,189,6.186208623900494,1,Other,False,Frank Darabont,United States,60000000.0,286801374.0,1200000.0,1
M0120694,0120694,Halloween H20: 20 Years Later,Horror,1998.0,2.85,34,86,3.5553480614894135,1,Other,False,Steve Miner,United States,17000000.0,55041738.0,68000.0,1
M0120716,0120716,Jakob the Liar,Drama,1999.0,3.35,10,120,2.3978952727983707,1,Other,False,Peter Kassovitz,United States,45000000.0,4956401.0,15000.0,1
M0120731,0120731,La leggenda del pianista sull'oceano,Drama,1998.0,4.46,93,109,4.543294782270004,1,English,False,,,,,,1
M0120735,0120735,"Lock, Stock and Two Smoking Barrels",Comedy,1998.0,4.05,230,107,5.442417710521793,1,Other,False,Guy Ritchie,United Kingdom,,3753929.0,547000.0,1
M0120737,0120737,The Lord of the Rings: The Fellowship of the Ring,Adventure,2001.0,4.34,392,178,5.973809611869261,0,Other,False,Peter Jackson,New Zealand,93000000.0,897690072.0,1700000.0,1
M0120738,0120738,Lost in Space,Action,1998.0,2.89,18,130,2.9444389791664403,1,Other,False,Stephen Hopkins,United States,80000000.0,136159423.0,70000.0,1
M0120744,0120744,The Man in the Iron Mask,Action,1998.0,3.58,43,132,3.784189633918261,1,Other,False,Randall Wallace,France,35000000.0,182968902.0,160000.0,1
M0120746,0120746,The Mask of Zorro,Action,1998.0,3.65,36,136,3.6109179126442243,1,Other,False,Martin Campbell,United States,95000000.0,250288523.0,173000.0,1
M0120749,0120749,Mercury Rising,Action,1998.0,3.4,26,111,3.295836866004329,1,Other,False,Harold Becker,United States,60000000.0,93107289.0,70000.0,1
M0120755,0120755,Mission: Impossible II,Action,2000.0,3.02,112,123,4.727387818712341,0,Other,False,John Woo,United States,125000000.0,546388108.0,322000.0,1
M0120762,0120762,Mulan,Animation,1998.0,4.01,76,88,4.343805421853684,1,Other,False,Tony Bancroft,United States,90000000.0,304320254.0,265000.0,1
M0120768,0120768,The Negotiator,Action,1998.0,3.98,75,140,4.330733340286331,1,Other,False,F. Gary Gray,Germany,50000000.0,44547681.0,134000.0,1
M0120769,0120769,The Newton Boys,Action,1998.0,3.42,13,122,2.6390573296152584,1,Other,False,Richard Linklater,United States,27000000.0,10452012.0,11000.0,1
M0120770,0120770,A Night at the Roxbury,Comedy,1998.0,3.1,20,82,3.044522437723423,1,Other,False,John Fortenberry,United States,17000000.0,30331165.0,58000.0,1
M0120780,0120780,Out of Sight,Crime,1998.0,3.56,39,123,3.6888794541139363,1,Other,False,Steven Soderbergh,United States,48000000.0,77745966.0,88000.0,1
M0120783,0120783,The Parent Trap,Adventure,1998.0,3.63,30,128,3.4339872044851463,1,Other,False,Nancy Meyers,United States,,92108659.0,125000.0,1
M0120784,0120784,Payback,Action,1999.0,3.58,31,100,3.4657359027997265,1,Other,False,Brian Helgeland,United States,90000000.0,161626121.0,133000.0,1
M0120787,0120787,A Perfect Murder,Crime,1998.0,3.26,25,107,3.258096538021482,1,Other,False,Andrew Davis,United States,60000000.0,128038368.0,81000.0,1
M0120789,0120789,Pleasantville,Comedy,1998.0,3.91,47,124,3.871201010907891,1,Other,False,Gary Ross,United States,60000000.0,49805462.0,123000.0,1
M0120791,0120791,Practical Magic,Comedy,1998.0,3.54,24,104,3.2188758248682006,1,Other,False,Griffin Dunne,United States,75000000.0,46733235.0,75000.0,1
M0120794,0120794,The Prince of Egypt,Animation,1998.0,3.8,32,99,3.4965075614664802,1,Other,False,Brenda Chapman,United States,70000000.0,218613188.0,122000.0,1
M0120802,0120802,Le violon rouge,Drama,1998.0,3.92,12,109,2.5649493574615367,1,English,False,,,,,,1
M0120804,0120804,Resident Evil,Action,2002.0,3.39,57,100,4.060443010546419,0,Other,False,Paul W.S. Anderson,United Kingdom,33000000.0,102984862.0,254000.0,1
M0120812,0120812,Rush Hour,Action,1998.0,3.78,63,98,4.1588830833596715,1,Other,False,Brett Ratner,United States,33000000.0,244721064.0,247000.0,1
M0120815,0120815,Saving Private Ryan,Drama,1998.0,4.42,481,169,6.1779441140506,1,Other,False,Steven Spielberg,United States,70000000.0,482349603.0,1300000.0,1
M0120824,0120824,The Shipping News,Drama,2001.0,3.42,13,111,2.6390573296152584,0,Other,False,Lasse Hallström,Canada,38000000.0,24690441.0,32000.0,1
M0120832,0120832,Snake Eyes,Crime,1998.0,3.2,20,98,3.044522437723423,1,Other,False,Brian De Palma,United States,73000000.0,103891409.0,77000.0,1
M0120844,0120844,Star Trek: Insurrection,Action,1998.0,3.35,26,103,3.295836866004329,1,Other,False,Jonathan Frakes,United States,58000000.0,112587658.0,72000.0,1
M0120855,0120855,Tarzan,Animation,1999.0,4.24,59,88,4.0943445622221,1,Other,False,Chris Buck,United States,130000000.0,448191819.0,210000.0,1
M0120863,0120863,The Thin Red Line,Drama,1998.0,4.06,87,170,4.477336814478207,1,Other,False,Terrence Malick,United States,52000000.0,98126565.0,177000.0,1
M0120873,0120873,U.S. Marshals,Action,1998.0,3.69,31,131,3.4657359027997265,1,Other,False,Stuart Baird,United States,60000000.0,102367405.0,98000.0,1
M0120877,0120877,Vampires,Action,1998.0,3.2,20,108,3.044522437723423,1,Other,False,John Carpenter,Japan,20000000.0,20308772.0,55000.0,1
M0120879,0120879,Velvet Goldmine,Drama,1998.0,3.38,13,118,2.6390573296152584,1,Other,False,Todd Haynes,United Kingdom,,1053788.0,34000.0,1
M0120885,0120885,Wag the Dog,Comedy,1997.0,3.91,27,97,3.332204510175204,1,Other,False,Barry Levinson,United States,15000000.0,64256513.0,80000.0,1
M0120888,0120888,The Wedding Singer,Comedy,1998.0,3.65,42,97,3.7612001156935624,1,Other,False,Frank Coraci,United States,18000000.0,123306987.0,139000.0,1
M0120889,0120889,What Dreams May Come,Drama,1998.0,3.63,50,113,3.9318256327243257,1,Other,False,Vincent Ward,United States,85000000.0,55382927.0,104000.0,1
M0120890,0120890,Wild Things,Crime,1998.0,3.66,31,108,3.4657359027997265,1,Other,False,John McNaughton,United States,20000000.0,30166293.0,112000.0,1
M0120891,0120891,Wild Wild West,Action,1999.0,2.81,24,106,3.2188758248682006,1,Other,False,Barry Sonnenfeld,United States,170000000.0,222104681.0,155000.0,1
M0120902,0120902,The X Files,Drama,1998.0,3.78,27,121,3.332204510175204,1,Other,False,Rob Bowman,United States,66000000.0,189176423.0,103000.0,1
M0120903,0120903,X-Men,Action,2000.0,3.66,210,104,5.351858133476067,0,Other,False,Bryan Singer,United States,75000000.0,296339528.0,582000.0,1
M0120907,0120907,eXistenZ,Horror,1999.0,3.46,24,97,3.2188758248682006,1,Other,False,David Cronenberg,United Kingdom,15000000.0,2856712.0,96000.0,1
M0120910,0120910,Fantasia 2000,Animation,1999.0,3.55,10,75,2.3978952727983707,1,Other,False,Directors,United States,80000000.0,90874570.0,36000.0,1
M0120912,0120912,Men in Black II,Action,2002.0,3.15,62,88,4.143134726391533,0,Other,False,Barry Sonnenfeld,United States,140000000.0,445135288.0,351000.0,1
M0120913,0120913,Titan A.E.,Animation,2000.0,4.05,10,94,2.3978952727983707,0,Other,False,Don Bluth,United States,75000000.0,36754634.0,59000.0,1
M0120915,0120915,Star Wars: Episode I - The Phantom Menace,Action,1999.0,3.28,303,136,5.717027701406222,1,Other,False,George Lucas,United States,115000000.0,1027082707.0,748000.0,1
M0120917,0120917,The Emperor's New Groove,Animation,2000.0,3.96,50,78,3.9318256327243257,0,Other,False,Mark Dindal,United States,100000000.0,169661687.0,187000.0,1
M0121164,0121164,Corpse Bride,Animation,2005.0,3.74,68,77,4.23410650459726,0,Other,False,Tim Burton,United States,40000000.0,118090836.0,251000.0,1
M0121765,0121765,Star Wars: Episode II - Attack of the Clones,Action,2002.0,3.39,258,142,5.556828061699537,0,Other,False,George Lucas,United States,115000000.0,653779970.0,658000.0,1
M0121766,0121766,Star Wars: Episode III - Revenge of the Sith,Action,2005.0,3.98,286,140,5.659482215759621,0,Other,False,George Lucas,United States,113000000.0,868390560.0,729000.0,1
M0122151,0122151,Lethal Weapon 4,Action,1998.0,3.57,28,127,3.367295829986474,1,Other,False,Richard Donner,United States,140000000.0,285444603.0,156000.0,1
M0122690,0122690,Ronin,Action,1998.0,3.69,72,122,4.290459441148391,1,Other,False,John Frankenheimer,United Kingdom,55000000.0,41616262.0,176000.0,1
M0122718,0122718,Small Soldiers,Action,1998.0,3.32,17,110,2.8903717578961645,1,Other,False,Joe Dante,United States,40000000.0,54682547.0,93000.0,1
M0122933,0122933,Analyze This,Comedy,1999.0,3.52,60,103,4.110873864173311,1,Other,False,Harold Ramis,United States,80000000.0,176885658.0,148000.0,1
M0123755,0123755,Cube,Drama,1997.0,3.48,87,90,4.477336814478207,1,Other,False,Vincenzo Natali,Canada,,565727.0,218000.0,1
M0123964,0123964,Life,Comedy,1999.0,3.89,40,108,3.713572066704308,1,Other,False,Ted Demme,United States,80000000.0,73475268.0,47000.0,1
M0124298,0124298,Blast from the Past,Comedy,1999.0,3.67,18,112,2.9444389791664403,1,Other,False,Hugh Wilson,United States,35000000.0,40263020.0,61000.0,1
M0124315,0124315,The Cider House Rules,Drama,1999.0,3.82,45,126,3.828641396489095,1,Other,False,Lasse Hallström,United States,24000000.0,88545092.0,95000.0,1
M0124718,0124718,He Got Game,Drama,1998.0,3.82,30,136,3.4339872044851463,1,Other,False,Spike Lee,United States,25000000.0,21567853.0,45000.0,1
M0125439,0125439,Notting Hill,Comedy,1999.0,3.78,133,124,4.897839799950911,1,Other,False,Roger Michell,United Kingdom,42000000.0,363889678.0,286000.0,1
M0125659,0125659,Abre los ojos,Drama,1997.0,3.62,25,109,3.258096538021482,1,English,False,,,,,,1
M0125664,0125664,Man on the Moon,Biography,1999.0,3.83,58,118,4.07753744390572,1,Other,False,Milos Forman,United Kingdom,82000000.0,47434430.0,126000.0,1
M0126029,0126029,Shrek,Animation,2001.0,4.3,62,90,4.143134726391533,0,Other,False,Andrew Adamson,United States,60000000.0,487853320.0,630000.0,1
M0126886,0126886,Election,Comedy,1999.0,3.61,41,103,3.7376696182833684,1,Other,False,Alexander Payne,United States,25000000.0,14902041.0,92000.0,1
M0126916,0126916,For Love of the Game,Drama,1999.0,3.38,13,137,2.6390573296152584,1,Other,False,Sam Raimi,United States,80000000.0,46112640.0,33000.0,1
M0127536,0127536,Elizabeth,Biography,1998.0,3.88,48,124,3.8918202981106265,1,Other,False,Shekhar Kapur,United Kingdom,30000000.0,82150642.0,95000.0,1
M0127723,0127723,Can't Hardly Wait,Comedy,1998.0,3.53,18,100,2.9444389791664403,1,Other,False,Harry Elfont,United States,10000000.0,25605015.0,47000.0,1
M0128278,0128278,Instinct,Drama,1999.0,3.5,13,126,2.6390573296152584,1,Other,False,Jon Turteltaub,United States,80000000.0,34105207.0,32000.0,1
M0128332,0128332,Masumiyet,Drama,1997.0,4.18,14,109,2.70805020110221,1,English,False,,,,,,1
M0128442,0128442,Rounders,Crime,1998.0,3.83,66,121,4.204692619390966,1,Other,False,John Dahl,United States,12000000.0,22912409.0,144000.0,1
M0128445,0128445,Rushmore,Comedy,1998.0,3.93,110,93,4.709530201312334,1,Other,False,Wes Anderson,United States,9000000.0,17196103.0,174000.0,1
M0128853,0128853,You've Got Mail,Comedy,1998.0,3.69,96,119,4.574710978503383,1,Other,False,Nora Ephron,United States,65000000.0,250821495.0,200000.0,1
M0129167,0129167,The Iron Giant,Animation,1999.0,4.18,68,86,4.23410650459726,1,Other,False,Brad Bird,United States,70000000.0,23180087.0,177000.0,1
M0129290,0129290,Patch Adams,Biography,1998.0,3.95,59,115,4.0943445622221,1,Other,False,Tom Shadyac,United States,90000000.0,202292902.0,108000.0,1
M0129332,0129332,Ravenous,Horror,1999.0,3.6,15,101,2.772588722239781,1,Other,False,Antonia Bird,United Kingdom,12000000.0,2062405.0,38000.0,1
M0129387,0129387,There's Something About Mary,Comedy,1998.0,3.77,67,119,4.219507705176107,1,Other,False,Bobby Farrelly,United States,23000000.0,369884651.0,297000.0,1
M0130018,0130018,I Still Know What You Did Last Summer,Horror,1998.0,3.4,20,100,3.044522437723423,1,Other,False,Danny Cannon,United States,65000000.0,40002112.0,70000.0,1
M0130623,0130623,Dinosaur,Animation,2000.0,3.58,13,82,2.6390573296152584,0,Other,False,Eric Leighton,United States,127500000.0,349822765.0,56000.0,1
M0130827,0130827,Lola rennt,Crime,1998.0,3.8,77,109,4.356708826689592,1,English,False,,,,,,1
M0131325,0131325,Bowfinger,Comedy,1999.0,3.91,22,97,3.1354942159291497,1,Other,False,Frank Oz,United States,55000000.0,98625775.0,68000.0,1
M0131369,0131369,Edtv,Comedy,1999.0,3.46,14,122,2.70805020110221,1,Other,False,Ron Howard,United States,80000000.0,35242897.0,42000.0,1
M0131857,0131857,BASEketball,Comedy,1998.0,3.52,22,103,3.1354942159291497,1,Other,False,David Zucker,United States,25000000.0,7027290.0,58000.0,1
M0132245,0132245,Driven,Action,2001.0,2.92,12,116,2.5649493574615367,0,Other,False,Renny Harlin,United States,94000000.0,54744738.0,40000.0,1
M0132347,0132347,Mystery Men,Action,1999.0,2.8,15,121,2.772588722239781,1,Other,False,Kinka Usher,United States,68000000.0,33461011.0,64000.0,1
M0132477,0132477,October Sky,Biography,1999.0,4.21,80,108,4.394449154672439,1,Other,False,Joe Johnston,United States,25000000.0,34698753.0,85000.0,1
M0133093,0133093,The Matrix,Action,1999.0,4.29,318,136,5.765191102784844,1,Other,False,Lana Wachowski,United States,63000000.0,466364845.0,1700000.0,1
M0133152,0133152,Planet of the Apes,Action,2001.0,2.95,48,119,3.8918202981106265,0,Other,False,Tim Burton,United States,100000000.0,362211740.0,213000.0,1
M0133240,0133240,Treasure Planet,Animation,2002.0,3.67,33,95,3.5263605246161616,0,Other,False,Ron Clements,United States,140000000.0,110041363.0,107000.0,1
M0133751,0133751,The Faculty,Horror,1998.0,3.59,33,104,3.5263605246161616,1,Other,False,Robert Rodriguez,United States,15000000.0,40283321.0,114000.0,1
M0133952,0133952,The Siege,Action,1998.0,3.24,36,116,3.6109179126442243,1,Other,False,Edward Zwick,United States,70000000.0,116672912.0,70000.0,1
M0134084,0134084,Scream 3,Horror,2000.0,3.16,38,116,3.6635616461296463,0,Other,False,Wes Craven,United States,40000000.0,161834276.0,126000.0,1
M0134119,0134119,The Talented Mr. Ripley,Crime,1999.0,3.79,126,139,4.844187086458591,1,Other,False,Anthony Minghella,United States,40000000.0,128799509.0,189000.0,1
M0134273,0134273,8MM,Thriller,1999.0,3.39,35,123,3.58351893845611,1,Other,False,Joel Schumacher,Germany,40000000.0,96618699.0,127000.0,1
M0134847,0134847,Pitch Black,Horror,2000.0,3.69,85,109,4.454347296253507,0,Other,False,David Twohy,United States,23000000.0,53187659.0,229000.0,1
M0137363,0137363,Arlington Road,Crime,1999.0,3.67,39,117,3.6888794541139363,1,Other,False,Mark Pellington,United States,31000000.0,41067311.0,83000.0,1
M0137494,0137494,Entrapment,Action,1999.0,3.5,20,113,3.044522437723423,1,Other,False,Jon Amiel,United States,66000000.0,212404396.0,110000.0,1
M0137523,0137523,Fight Club,Drama,1999.0,4.37,724,139,6.586171654854675,1,Other,False,David Fincher,Germany,63000000.0,101209702.0,1900000.0,1
M0138097,0138097,Shakespeare in Love,Comedy,1998.0,3.89,83,123,4.430816798843313,1,Other,False,John Madden,United States,25000000.0,289317794.0,217000.0,1
M0138304,0138304,The Astronaut's Wife,Drama,1999.0,2.83,15,109,2.772588722239781,1,Other,False,Rand Ravich,United States,75000000.0,19598588.0,54000.0,1
M0138510,0138510,Idle Hands,Comedy,1999.0,3.27,11,92,2.4849066497880004,1,Other,False,Rodman Flender,United States,25000000.0,4152230.0,41000.0,1
M0138524,0138524,Intolerable Cruelty,Comedy,2003.0,2.87,26,100,3.295836866004329,0,Other,False,Joel Coen,United States,60000000.0,120801243.0,93000.0,1
M0138704,0138704,Pi,Drama,1998.0,3.76,79,84,4.382026634673881,1,Other,False,Darren Aronofsky,United States,60000.0,3221152.0,173000.0,1
M0138749,0138749,The Road to El Dorado,Animation,2000.0,3.94,17,89,2.8903717578961645,0,Other,False,Bibo Bergeron,United States,95000000.0,76432727.0,88000.0,1
M0139134,0139134,Cruel Intentions,Drama,1999.0,3.44,43,97,3.784189633918261,1,Other,False,Roger Kumble,United States,10500000.0,76347426.0,183000.0,1
M0139239,0139239,Go,Comedy,1999.0,3.76,23,102,3.1780538303479458,1,Other,False,Doug Liman,United States,20000000.0,28451622.0,68000.0,1
M0139414,0139414,Lake Placid,Action,1999.0,3.19,24,82,3.2188758248682006,1,Other,False,Steve Miner,United States,35000000.0,56870414.0,56000.0,1
M0139462,0139462,Message in a Bottle,Drama,1999.0,3.23,15,126,2.772588722239781,1,Other,False,Luis Mandoki,United States,80000000.0,118880016.0,37000.0,1
M0139654,0139654,Training Day,Crime,2001.0,4.01,314,122,5.752572638825633,0,Other,False,Antoine Fuqua,United States,45000000.0,104876233.0,403000.0,1
M0139699,0139699,Varsity Blues,Comedy,1999.0,3.75,18,106,2.9444389791664403,1,Other,False,Brian Robbins,United States,16000000.0,54294169.0,43000.0,1
M0139809,0139809,The Thirteenth Floor,Thriller,1999.0,3.42,26,100,3.295836866004329,1,Other,False,Josef Rusnak,United States,16000000.0,18564088.0,69000.0,1
M0140352,0140352,The Insider,Biography,1999.0,4.01,108,157,4.6913478822291435,1,Other,False,Michael Mann,United States,90000000.0,60289912.0,163000.0,1
M0140888,0140888,Central do Brasil,Drama,1998.0,4.12,13,109,2.6390573296152584,1,English,False,,,,,,1
M0141098,0141098,Forces of Nature,Comedy,1999.0,3.17,12,105,2.5649493574615367,1,Other,False,Bronwen Hughes,United States,75000000.0,93900680.0,33000.0,1
M0141109,0141109,Jack Frost,Comedy,1998.0,2.92,12,101,2.5649493574615367,1,Other,False,Troy Miller,United States,85000000.0,34562556.0,34000.0,1
M0141926,0141926,U-571,Action,2000.0,3.57,22,116,3.1354942159291497,0,Other,False,Jonathan Mostow,France,62000000.0,127666415.0,79000.0,1
M0142342,0142342,Big Daddy,Comedy,1999.0,3.5,47,93,3.871201010907891,1,Other,False,Dennis Dugan,United States,34200000.0,234801895.0,205000.0,1
M0142688,0142688,The Ninth Gate,Thriller,1999.0,3.44,52,133,3.970291913552122,1,Other,False,Roman Polanski,France,38000000.0,58401898.0,172000.0,1
M0143145,0143145,The World Is Not Enough,Action,1999.0,3.42,49,128,3.912023005428146,1,Other,False,Michael Apted,United Kingdom,135000000.0,361832400.0,191000.0,1
M0144084,0144084,American Psycho,Crime,2000.0,3.63,473,101,6.161207321695077,0,Other,False,Mary Harron,United States,7000000.0,34266564.0,514000.0,1
M0144117,0144117,The Boondock Saints,Action,1999.0,3.75,79,108,4.382026634673881,1,Other,False,Troy Duffy,United States,6000000.0,30471.0,230000.0,1
M0144120,0144120,Bride of Chucky,Comedy,1998.0,3.43,23,89,3.1780538303479458,1,Other,False,Ronny Yu,United States,25000000.0,50688658.0,54000.0,1
M0144201,0144201,La fille sur le pont,Comedy,1999.0,4.07,21,90,3.091042453358316,1,Other,False,Patrice Leconte,France,,,13000.0,1
M0144214,0144214,The General's Daughter,Crime,1999.0,3.3,15,116,2.772588722239781,1,Other,False,Simon West,United States,95000000.0,149705852.0,55000.0,1
M0145487,0145487,Spider-Man,Action,2002.0,3.76,124,121,4.8283137373023015,0,Other,False,Sam Raimi,United States,139000000.0,825025036.0,706000.0,1
M0145531,0145531,Stigmata,Horror,1999.0,3.66,22,103,3.1354942159291497,1,Other,False,Rupert Wainwright,United States,29000000.0,89446268.0,66000.0,1
M0145653,0145653,Angela's Ashes,Drama,1999.0,4.05,11,145,2.4849066497880004,1,Other,False,Alan Parker,United States,50000000.0,13042112.0,21000.0,1
M0145660,0145660,Austin Powers: The Spy Who Shagged Me,Action,1999.0,3.72,37,95,3.6375861597263857,1,Other,False,Jay Roach,United States,33000000.0,312016928.0,221000.0,1
M0145681,0145681,The Bone Collector,Crime,1999.0,3.73,95,118,4.564348191467836,1,Other,False,Phillip Noyce,United States,73000000.0,151493655.0,159000.0,1
M0146309,0146309,Thirteen Days,Drama,2000.0,3.76,29,145,3.4011973816621555,0,Other,False,Roger Donaldson,United States,80000000.0,66579890.0,55000.0,1
M0146316,0146316,Lara Croft: Tomb Raider,Action,2001.0,3.0,36,100,3.6109179126442243,0,Other,False,Simon West,United States,115000000.0,274703340.0,201000.0,1
M0146336,0146336,Urban Legend,Horror,1998.0,3.07,22,99,3.1354942159291497,1,Other,False,Jamie Blanks,Canada,14000000.0,72527595.0,62000.0,1
M0146675,0146675,End of Days,Action,1999.0,3.0,30,122,3.4339872044851463,1,Other,False,Peter Hyams,United States,100000000.0,211989043.0,107000.0,1
M0146838,0146838,Any Given Sunday,Drama,1999.0,3.73,64,162,4.174387269895637,1,Other,False,Oliver Stone,United States,55000000.0,100230832.0,114000.0,1
M0146882,0146882,High Fidelity,Comedy,2000.0,3.7,71,113,4.276666119016055,0,Other,False,Stephen Frears,United Kingdom,30000000.0,47126295.0,172000.0,1
M0146984,0146984,The Legend of Bagger Vance,Drama,2000.0,3.45,22,126,3.1354942159291497,0,Other,False,Robert Redford,United States,80000000.0,39459427.0,54000.0,1
M0147612,0147612,Happiness,Comedy,1998.0,3.96,24,134,3.2188758248682006,1,Other,False,Todd Solondz,United States,2200000.0,2982011.0,67000.0,1
M0147800,0147800,10 Things I Hate About You,Comedy,1999.0,3.8,126,97,4.844187086458591,1,Other,False,Gil Junger,United States,30000000.0,53478579.0,309000.0,1
M0149261,0149261,Deep Blue Sea,Action,1999.0,3.38,37,105,3.6375861597263857,1,Other,False,Renny Harlin,United States,60000000.0,164648142.0,127000.0,1
M0150377,0150377,Double Jeopardy,Crime,1999.0,3.59,32,105,3.4965075614664802,1,Other,False,Bruce Beresford,United States,70000000.0,177841558.0,78000.0,1
M0151137,0151137,Joan of Arc,Adventure,1999.0,3.35,10,105,2.3978952727983707,1,English,False,,,,,,1
M0151738,0151738,Never Been Kissed,Comedy,1999.0,3.16,16,107,2.833213344056216,1,Other,False,Raja Gosnell,United States,25000000.0,84565230.0,85000.0,1
M0151804,0151804,Office Space,Comedy,1999.0,3.68,128,89,4.859812404361672,1,Other,False,Mike Judge,United States,10000000.0,10828256.0,248000.0,1
M0152930,0152930,Taxi,Action,1998.0,3.65,13,86,2.6390573296152584,1,Other,False,Gérard Pirès,France,,,78000.0,1
M0154420,0154420,Festen,Drama,1998.0,4.15,36,109,3.6109179126442243,1,English,False,,,,,,1
M0154421,0154421,Idioterne,Comedy,1998.0,3.45,10,100,2.3978952727983707,1,English,False,,,,,,1
M0154506,0154506,Following,Crime,1998.0,3.89,92,69,4.532599493153256,1,Other,False,Christopher Nolan,United Kingdom,6000.0,48482.0,89000.0,1
M0155267,0155267,The Thomas Crown Affair,Crime,1999.0,3.85,24,113,3.2188758248682006,1,Other,False,John McTiernan,United States,48000000.0,124305181.0,89000.0,1
M0155711,0155711,Flawless,Comedy,1999.0,3.58,13,112,2.6390573296152584,1,Other,False,Joel Schumacher,United States,15000000.0,4488529.0,18000.0,1
M0155975,0155975,Psycho,Horror,1998.0,2.92,13,105,2.6390573296152584,1,Other,False,Gus Van Sant,United States,60000000.0,37170655.0,46000.0,1
M0156794,0156794,Mia aioniotita kai mia mera,Drama,1998.0,4.2,25,109,3.258096538021482,1,English,False,,,,,,1
M0156887,0156887,Pâfekuto burû,Animation,1997.0,4.08,71,91,4.276666119016055,1,English,False,,,,,,1
M0157016,0157016,Seul contre tous,Crime,1998.0,3.83,26,109,3.295836866004329,1,English,False,,,,,,1
M0158371,0158371,Sweet and Lowdown,Comedy,1999.0,3.72,23,95,3.1780538303479458,1,Other,False,Woody Allen,United States,29750000.0,4525794.0,33000.0,1
M0158983,0158983,"South Park: Bigger, Longer &amp; Uncut",Animation,1999.0,3.95,37,91,3.6375861597263857,1,English,False,,,,,,1
M0159097,0159097,The Virgin Suicides,Drama,1999.0,3.75,57,97,4.060443010546419,1,Other,False,Sofia Coppola,United States,9000000.0,10410044.0,147000.0,1
M0159273,0159273,Behind Enemy Lines,Action,2001.0,3.57,44,106,3.8066624897703196,0,Other,False,John Moore,United States,40000000.0,91753202.0,100000.0,1
M0159365,0159365,Cold Mountain,Adventure,2003.0,3.91,61,154,4.127134385045092,0,Other,False,Anthony Minghella,United States,79000000.0,173013509.0,142000.0,1
M0159382,0159382,Croupier,Crime,1998.0,3.62,13,94,2.6390573296152584,1,Other,False,Mike Hodges,Ireland,,7120568.0,20000.0,1
M0160127,0160127,Charlie's Angels,Action,2000.0,2.9,29,98,3.4011973816621555,0,Other,False,McG,United States,93000000.0,264105545.0,179000.0,1
M0160184,0160184,D-Tox,Crime,2002.0,3.14,11,109,2.4849066497880004,0,English,False,,,,,,1
M0160797,0160797,Rules of Engagement,Drama,2000.0,3.8,10,128,2.3978952727983707,0,Other,False,William Friedkin,United Kingdom,60000000.0,71732303.0,45000.0,1
M0160862,0160862,She's All That,Comedy,1999.0,3.17,27,95,3.332204510175204,1,Other,False,Robert Iscove,United States,10000000.0,103166989.0,86000.0,1
M0161081,0161081,What Lies Beneath,Drama,2000.0,3.71,35,130,3.58351893845611,0,Other,False,Robert Zemeckis,United States,100000000.0,291420351.0,120000.0,1
M0162222,0162222,Cast Away,Adventure,2000.0,4.07,376,143,5.932245187448011,0,Other,False,Robert Zemeckis,United States,90000000.0,429632142.0,542000.0,1
M0162346,0162346,Ghost World,Comedy,2001.0,3.73,48,111,3.8918202981106265,0,Other,False,Terry Zwigoff,United States,7000000.0,8764007.0,115000.0,1
M0162650,0162650,Shaft,Action,2000.0,3.24,25,99,3.258096538021482,0,Other,False,John Singleton,Germany,46000000.0,107626125.0,75000.0,1
M0162661,0162661,Sleepy Hollow,Fantasy,1999.0,3.67,82,105,4.418840607796598,1,Other,False,Tim Burton,United States,100000000.0,206071502.0,338000.0,1
M0163025,0163025,Jurassic Park III,Action,2001.0,3.04,97,92,4.584967478670572,0,Other,False,Joe Johnston,United States,93000000.0,368780809.0,301000.0,1
M0163187,0163187,Runaway Bride,Comedy,1999.0,3.07,21,116,3.091042453358316,1,Other,False,Garry Marshall,United States,70000000.0,309460292.0,95000.0,1
M0163651,0163651,American Pie,Comedy,1999.0,3.64,59,95,4.0943445622221,1,Other,False,Paul Weitz,United States,11000000.0,235483004.0,385000.0,1
M0163978,0163978,The Beach,Adventure,2000.0,3.39,98,119,4.59511985013459,0,Other,False,Danny Boyle,United States,50000000.0,144056873.0,228000.0,1
M0163988,0163988,Bringing Out the Dead,Drama,1999.0,3.24,17,121,2.8903717578961645,1,Other,False,Martin Scorsese,United States,55000000.0,16797191.0,65000.0,1
M0164052,0164052,Hollow Man,Action,2000.0,3.06,33,112,3.5263605246161616,0,Other,False,Paul Verhoeven,United States,95000000.0,190213455.0,126000.0,1
M0164181,0164181,Stir of Echoes,Horror,1999.0,3.5,28,99,3.367295829986474,1,Other,False,David Koepp,United States,12000000.0,21142914.0,77000.0,1
M0164184,0164184,The Sum of All Fears,Action,2002.0,3.35,30,124,3.4339872044851463,0,Other,False,Phil Alden Robinson,United States,68000000.0,193921372.0,108000.0,1
M0164334,0164334,Along Came a Spider,Drama,2001.0,3.12,40,104,3.713572066704308,0,Other,False,Lee Tamahori,United States,60000000.0,105178561.0,79000.0,1
M0164912,0164912,Stuart Little,Adventure,1999.0,3.63,19,84,2.995732273553991,1,Other,False,Rob Minkoff,Germany,133000000.0,300135367.0,128000.0,1
M0165078,0165078,Wandafuru raifu,Drama,1998.0,4.35,10,109,2.3978952727983707,1,English,False,,,,,,1
M0165798,0165798,Ghost Dog: The Way of the Samurai,Action,1999.0,3.81,26,116,3.295836866004329,1,Other,False,Jim Jarmusch,France,,9380473.0,86000.0,1
M0165854,0165854,The Limey,Crime,1999.0,3.54,14,89,2.70805020110221,1,Other,False,Steven Soderbergh,United States,10000000.0,3325736.0,31000.0,1
M0165929,0165929,Romeo Must Die,Action,2000.0,3.15,13,115,2.6390573296152584,0,Other,False,Andrzej Bartkowiak,United States,25000000.0,91036760.0,68000.0,1
M0165982,0165982,Sinbad: Legend of the Seven Seas,Animation,2003.0,3.31,13,86,2.6390573296152584,0,Other,False,Patrick Gilmore,United States,60000000.0,80773077.0,51000.0,1
M0166813,0166813,Spirit: Stallion of the Cimarron,Animation,2002.0,3.9,15,83,2.772588722239781,0,Other,False,Kelly Asbury,United States,80000000.0,122563539.0,69000.0,1
M0166896,0166896,The Straight Story,Biography,1999.0,4.19,58,112,4.07753744390572,1,Other,False,David Lynch,France,10000000.0,6416569.0,84000.0,1
M0166924,0166924,Mulholland Dr.,Drama,2001.0,4.04,218,147,5.389071729816501,0,Other,False,David Lynch,France,15000000.0,20263646.0,331000.0,1
M0167190,0167190,Hellboy,Action,2004.0,3.49,76,122,4.343805421853684,0,Other,False,Guillermo del Toro,United States,66000000.0,99378985.0,312000.0,1
M0167260,0167260,The Lord of the Rings: The Return of the King,Adventure,2003.0,4.67,364,201,5.8998973535824915,0,Other,False,Peter Jackson,New Zealand,94000000.0,1146030912.0,1700000.0,1
M0167261,0167261,The Lord of the Rings: The Two Towers,Adventure,2002.0,4.46,331,179,5.805134968916488,0,Other,False,Peter Jackson,New Zealand,94000000.0,947495095.0,1500000.0,1
M0167404,0167404,The Sixth Sense,Drama,1999.0,4.28,357,107,5.8805329864007,1,Other,False,M. Night Shyamalan,United States,40000000.0,672806292.0,930000.0,1
M0168501,0168501,The Best Man,Comedy,1999.0,4.45,10,120,2.3978952727983707,1,Other,False,Malcolm D. Lee,United States,9000000.0,34573780.0,9700.0,1
M0168629,0168629,Dancer in the Dark,Crime,2000.0,4.25,78,140,4.3694478524670215,0,Other,False,Lars von Trier,Denmark,12800000.0,40059672.0,105000.0,1
M0168786,0168786,Antwone Fisher,Biography,2002.0,3.92,24,120,3.2188758248682006,0,Other,False,Denzel Washington,United States,12500000.0,23367586.0,34000.0,1
M0169102,0169102,Lagaan: Once Upon a Time in India,Adventure,2001.0,4.17,15,224,2.772588722239781,0,Other,False,Ashutosh Gowariker,India,,1724806.0,108000.0,1
M0169547,0169547,American Beauty,Drama,1999.0,4.22,610,122,6.415096959171596,1,Other,False,Sam Mendes,United States,15000000.0,356296601.0,1100000.0,1
M0169858,0169858,"Shin seiki Evangelion Gekijô-ban: Air/Magokoro wo, kimi ni",Animation,1997.0,4.31,16,91,2.833213344056216,1,English,False,,,,,,1
M0170016,0170016,How the Grinch Stole Christmas,Comedy,2000.0,3.17,48,104,3.8918202981106265,0,Other,False,Ron Howard,United States,123000000.0,363597184.0,219000.0,1
M0171363,0171363,The Haunting,Fantasy,1999.0,2.65,27,113,3.332204510175204,1,Other,False,Jan de Bont,United States,80000000.0,177311151.0,73000.0,1
M0171804,0171804,Boys Don't Cry,Biography,1999.0,3.78,58,118,4.07753744390572,1,Other,False,Kimberly Peirce,United States,2000000.0,11540607.0,94000.0,1
M0172156,0172156,Bad Boys II,Action,2003.0,3.61,93,147,4.543294782270004,0,Other,False,Michael Bay,United States,130000000.0,273339556.0,237000.0,1
M0172396,0172396,The End of the Affair,Drama,1999.0,3.82,17,102,2.8903717578961645,1,Other,False,Neil Jordan,United Kingdom,23000000.0,10827816.0,22000.0,1
M0172493,0172493,"Girl, Interrupted",Biography,1999.0,3.81,128,127,4.859812404361672,1,Other,False,James Mangold,Germany,40000000.0,48350205.0,169000.0,1
M0172495,0172495,Gladiator,Action,2000.0,4.4,440,101,6.089044875446846,0,Other,False,Rowdy Herrington,United States,20000000.0,9223441.0,8500.0,1
M0173840,0173840,Final Fantasy: The Spirits Within,Animation,2001.0,2.92,20,106,3.044522437723423,0,Other,False,Hironobu Sakaguchi,United States,137000000.0,85131830.0,81000.0,1
M0174856,0174856,The Hurricane,Biography,1999.0,4.06,110,146,4.709530201312334,1,Other,False,Norman Jewison,United States,50000000.0,73956241.0,93000.0,1
M0175142,0175142,Scary Movie,Comedy,2000.0,3.35,48,88,3.8918202981106265,0,Other,False,Keenen Ivory Wayans,United States,19000000.0,278019771.0,238000.0,1
M0175880,0175880,Magnolia,Drama,1999.0,4.12,179,188,5.19295685089021,1,Other,False,Paul Thomas Anderson,United States,37000000.0,48451803.0,295000.0,1
M0177789,0177789,Galaxy Quest,Adventure,1999.0,3.98,45,102,3.828641396489095,1,Other,False,Dean Parisot,United States,45000000.0,90683916.0,155000.0,1
M0177971,0177971,The Perfect Storm,Action,2000.0,3.54,46,130,3.8501476017100584,0,Other,False,Wolfgang Petersen,United States,140000000.0,328718434.0,160000.0,1
M0178737,0178737,Mansfield Park,Comedy,1999.0,3.14,11,112,2.4849066497880004,1,Other,False,Patricia Rozema,United Kingdom,,4775847.0,23000.0,1
M0178868,0178868,Ringu,Horror,1998.0,3.85,13,96,2.6390573296152584,1,English,False,,,,,,1
M0179626,0179626,15 Minutes,Action,2001.0,3.05,10,120,2.3978952727983707,0,Other,False,John Herzfeld,United States,60000000.0,56359980.0,49000.0,1
M0180073,0180073,Quills,Biography,2000.0,3.78,16,124,2.833213344056216,0,Other,False,Philip Kaufman,United Kingdom,13500000.0,17989227.0,52000.0,1
M0180093,0180093,Requiem for a Dream,Drama,2000.0,4.11,451,102,6.113682179832232,0,Other,False,Darren Aronofsky,United States,4500000.0,7390108.0,786000.0,1
M0181316,0181316,Blue Streak,Action,1999.0,3.58,52,93,3.970291913552122,1,Other,False,Les Mayfield,Germany,65000000.0,117758500.0,77000.0,1
M0181536,0181536,Finding Forrester,Drama,2000.0,4.2,23,136,3.1780538303479458,0,Other,False,Gus Van Sant,United States,43000000.0,80049764.0,84000.0,1
M0181689,0181689,Minority Report,Action,2002.0,3.91,150,145,5.017279836814924,0,Other,False,Steven Spielberg,United States,102000000.0,358372926.0,519000.0,1
M0181852,0181852,Terminator 3: Rise of the Machines,Action,2003.0,3.32,93,109,4.543294782270004,0,Other,False,Jonathan Mostow,United States,200000000.0,433371112.0,383000.0,1
M0181865,0181865,Traffic,Crime,2000.0,3.76,68,147,4.23410650459726,0,Other,False,Steven Soderbergh,United States,48000000.0,207515725.0,199000.0,1
M0181875,0181875,Almost Famous,Adventure,2000.0,4.11,144,122,4.976733742420574,0,Other,False,Cameron Crowe,United States,60000000.0,47386287.0,260000.0,1
M0181984,0181984,Boiler Room,Crime,2000.0,3.63,23,120,3.1780538303479458,0,Other,False,Ben Younger,United States,7000000.0,28780255.0,51000.0,1
M0182789,0182789,Bicentennial Man,Comedy,1999.0,3.69,37,132,3.6375861597263857,1,Other,False,Chris Columbus,United States,100000000.0,87423861.0,112000.0,1
M0183505,0183505,"Me, Myself &amp; Irene",Comedy,2000.0,3.48,74,100,4.31748811353631,0,English,False,,,,,,1
M0183523,0183523,Mission to Mars,Adventure,2000.0,3.0,17,114,2.8903717578961645,0,Other,False,Brian De Palma,United States,100000000.0,110983407.0,71000.0,1
M0183649,0183649,Phone Booth,Crime,2002.0,3.75,102,81,4.634728988229636,0,Other,False,Joel Schumacher,United States,13000000.0,97837138.0,255000.0,1
M0183790,0183790,A Knight's Tale,Action,2001.0,3.76,62,132,4.143134726391533,0,Other,False,Brian Helgeland,United States,65000000.0,117487473.0,176000.0,1
M0184858,0184858,Reindeer Games,Action,2000.0,3.03,15,104,2.772588722239781,0,Other,False,John Frankenheimer,United States,42000000.0,32168970.0,38000.0,1
M0184894,0184894,Shanghai Noon,Action,2000.0,3.82,11,110,2.4849066497880004,0,Other,False,Tom Dey,United States,55000000.0,99274467.0,122000.0,1
M0185014,0185014,Wonder Boys,Comedy,2000.0,3.81,16,107,2.833213344056216,0,Other,False,Curtis Hanson,United States,55000000.0,33426588.0,62000.0,1
M0185125,0185125,Todo sobre mi madre,Drama,1999.0,3.95,51,109,3.9512437185814275,1,English,False,,,,,,1
M0185183,0185183,Battlefield Earth,Action,2000.0,1.5,14,118,2.70805020110221,0,Other,False,Roger Christian,United States,73000000.0,29725663.0,77000.0,1
M0185371,0185371,House on Haunted Hill,Horror,1999.0,3.17,18,93,2.9444389791664403,1,Other,False,William Malone,United States,37000000.0,42593455.0,54000.0,1
M0185431,0185431,Little Nicky,Comedy,2000.0,2.69,24,90,3.2188758248682006,0,Other,False,Steven Brill,United States,85000000.0,58292295.0,101000.0,1
M0185937,0185937,The Blair Witch Project,Horror,1999.0,3.41,75,81,4.330733340286331,1,Other,False,Daniel Myrick,United States,60000.0,248639099.0,239000.0,1
M0186151,0186151,Frequency,Crime,2000.0,3.84,37,118,3.6375861597263857,0,Other,False,Gregory Hoblit,United States,31000000.0,68106245.0,103000.0,1
M0186566,0186566,Space Cowboys,Action,2000.0,3.41,16,130,2.833213344056216,0,Other,False,Clint Eastwood,United States,65000000.0,128884132.0,75000.0,1
M0187078,0187078,Gone in Sixty Seconds,Action,2000.0,3.58,73,107,4.30406509320417,0,English,False,,,,,,1
M0187393,0187393,The Patriot,Action,2000.0,4.01,68,165,4.23410650459726,0,Other,False,Roland Emmerich,United States,110000000.0,215294342.0,260000.0,1
M0187738,0187738,Blade II,Action,2002.0,3.47,64,117,4.174387269895637,0,Other,False,Guillermo del Toro,Germany,54000000.0,155010032.0,204000.0,1
M0188453,0188453,Birthday Girl,Comedy,2001.0,3.36,11,93,2.4849066497880004,0,Other,False,Jez Butterworth,United Kingdom,13000000.0,16171098.0,25000.0,1
M0188674,0188674,Human Traffic,Comedy,1999.0,3.82,17,99,2.8903717578961645,1,Other,False,Justin Kerrigan,United Kingdom,,104257.0,24000.0,1
M0189998,0189998,Shadow of the Vampire,Drama,2000.0,3.71,12,92,2.5649493574615367,0,Other,False,E. Elias Merhige,United Kingdom,8000000.0,11155214.0,40000.0,1
M0190138,0190138,The Whole Nine Yards,Comedy,2000.0,3.19,21,98,3.091042453358316,0,Other,False,Jonathan Lynn,United States,41300000.0,106371651.0,114000.0,1
M0190332,0190332,Wo hu cang long,Action,2000.0,4.06,64,107,4.174387269895637,0,English,False,,,,,,1
M0190590,0190590,"O Brother, Where Art Thou?",Adventure,2000.0,3.9,163,107,5.099866427824199,0,Other,False,Joel Coen,United Kingdom,26000000.0,71870729.0,295000.0,1
M0190641,0190641,Gekijô-ban poketto monsutâ - Myûtsû no gyakushû,Animation,1998.0,4.36,11,91,2.4849066497880004,1,English,False,,,,,,1
M0190865,0190865,Vertical Limit,Action,2000.0,3.25,28,124,3.367295829986474,0,Other,False,Martin Campbell,United States,75000000.0,215663859.0,60000.0,1
M0191043,0191043,Rang-e khoda,Drama,1999.0,4.37,30,109,3.4339872044851463,1,English,False,,,,,,1
M0191397,0191397,The Replacements,Comedy,2000.0,3.8,15,118,2.772588722239781,0,Other,False,Howard Deutch,United States,50000000.0,50054511.0,60000.0,1
M0191754,0191754,28 Days,Comedy,2000.0,3.52,20,103,3.044522437723423,0,Other,False,Betty Thomas,United States,43000000.0,62198945.0,46000.0,1
M0195685,0195685,Erin Brockovich,Biography,2000.0,3.97,90,131,4.51085950651685,0,Other,False,Steven Soderbergh,United States,52000000.0,256271286.0,182000.0,1
M0195714,0195714,Final Destination,Horror,2000.0,3.39,37,98,3.6375861597263857,0,Other,False,James Wong,United States,23000000.0,112880294.0,236000.0,1
M0195945,0195945,Next Friday,Comedy,2000.0,3.22,18,98,2.9444389791664403,0,Other,False,Steve Carr,United States,11000000.0,59827328.0,38000.0,1
M0196216,0196216,Small Time Crooks,Comedy,2000.0,3.66,16,94,2.833213344056216,0,Other,False,Woody Allen,United States,25000000.0,29934477.0,38000.0,1
M0196229,0196229,Zoolander,Comedy,2001.0,3.2,105,90,4.663439094112067,0,Other,False,Ben Stiller,Germany,28000000.0,60780981.0,251000.0,1
M0198781,0198781,"Monsters, Inc.",Animation,2001.0,4.14,185,92,5.225746673713202,0,Other,False,Pete Docter,United States,115000000.0,579707738.0,838000.0,1
M0199683,0199683,Kikujirô no natsu,Drama,1999.0,3.62,12,109,2.5649493574615367,1,English,False,,,,,,1
M0199725,0199725,Love & Basketball,Drama,2000.0,4.0,10,124,2.3978952727983707,0,Other,False,Gina Prince-Bythewood,United States,20000000.0,27728118.0,20000.0,1
M0199753,0199753,Red Planet,Action,2000.0,2.88,17,106,2.8903717578961645,0,Other,False,Antony Hoffman,United States,80000000.0,33463969.0,56000.0,1
M0200027,0200027,Riding in Cars with Boys,Biography,2001.0,3.67,12,132,2.5649493574615367,0,Other,False,Penny Marshall,United States,48000000.0,35743308.0,27000.0,1
M0200071,0200071,Rosetta,Drama,1999.0,3.76,34,95,3.5553480614894135,1,Other,False,Jean-Pierre Dardenne,France,,293092.0,13000.0,1
M0200465,0200465,The Bank Job,Crime,2008.0,3.76,68,111,4.23410650459726,0,Other,False,Roger Donaldson,United Kingdom,20000000.0,64828421.0,176000.0,1
M0200550,0200550,Coyote Ugly,Comedy,2000.0,3.0,22,100,3.1354942159291497,0,Other,False,David McNally,United States,45000000.0,113916474.0,108000.0,1
M0202381,0202381,Guest House Paradiso,Comedy,1999.0,3.3,10,100,2.3978952727983707,1,English,False,,,,,,1
M0202470,0202470,Rock Star,Drama,2001.0,3.43,14,105,2.70805020110221,0,Other,False,Stephen Herek,United States,57000000.0,19334145.0,42000.0,1
M0202677,0202677,The Way of the Gun,Action,2000.0,3.3,10,119,2.3978952727983707,0,Other,False,Christopher McQuarrie,United States,8500000.0,13200972.0,32000.0,1
M0203009,0203009,Moulin Rouge!,Drama,2001.0,4.07,92,127,4.532599493153256,0,Other,False,Baz Luhrmann,Australia,50000000.0,184935320.0,271000.0,1
M0203019,0203019,Men of Honor,Biography,2000.0,3.97,62,129,4.143134726391533,0,Other,False,George Tillman Jr.,United States,32000000.0,82343495.0,110000.0,1
M0203119,0203119,Sexy Beast,Crime,2000.0,3.74,38,89,3.6635616461296463,0,Other,False,Jonathan Glazer,United Kingdom,,10045677.0,57000.0,1
M0203230,0203230,You Can Count on Me,Drama,2000.0,3.86,14,111,2.70805020110221,0,Other,False,Kenneth Lonergan,United States,1200000.0,11242521.0,29000.0,1
M0204946,0204946,Bring It On,Comedy,2000.0,3.47,16,98,2.833213344056216,0,Other,False,Peyton Reed,United States,11000000.0,90449929.0,90000.0,1
M0205177,0205177,Kevin & Perry Go Large,Comedy,2000.0,3.69,13,100,2.6390573296152584,0,English,False,,,,,,1
M0206013,0206013,Hôhokekyo tonari no Yamada-kun,Animation,1999.0,3.05,10,91,2.3978952727983707,1,English,False,,,,,,1
M0206275,0206275,Save the Last Dance,Drama,2001.0,3.88,13,112,2.6390573296152584,0,Other,False,Thomas Carter,United States,13000000.0,131706809.0,59000.0,1
M0206314,0206314,Joy Ride,Thriller,2001.0,3.81,47,97,3.871201010907891,0,Other,False,John Dahl,United States,23000000.0,36642838.0,66000.0,1
M0206634,0206634,Children of Men,Drama,2006.0,3.94,319,109,5.768320995793772,0,Other,False,Alfonso Cuarón,United States,76000000.0,70595464.0,474000.0,1
M0207201,0207201,What Women Want,Comedy,2000.0,3.61,54,127,4.007333185232471,0,Other,False,Nancy Meyers,United States,70000000.0,374111707.0,197000.0,1
M0208003,0208003,Big Momma&x27;s House,Action,2000.0,3.5,15,107,2.772588722239781,0,English,False,,,,,,1
M0208092,0208092,Snatch,Comedy,2000.0,4.1,418,102,6.037870919922137,0,Other,False,Guy Ritchie,United Kingdom,,83557872.0,800000.0,1
M0208990,0208990,La stanza del figlio,Drama,2001.0,3.75,14,109,2.70805020110221,0,English,False,,,,,,1
M0209144,0209144,Memento,Thriller,2000.0,4.23,607,113,6.410174881966167,0,Other,False,Christopher Nolan,United States,9000000.0,40047078.0,1200000.0,1
M0209163,0209163,The Mummy Returns,Action,2001.0,3.45,46,130,3.8501476017100584,0,Other,False,Stephen Sommers,United States,98000000.0,443280904.0,307000.0,1
M0209463,0209463,Bad ma ra khahad bord,Drama,1999.0,4.1,15,109,2.772588722239781,1,English,False,,,,,,1
M0209475,0209475,The Wedding Planner,Comedy,2001.0,3.06,17,103,2.8903717578961645,0,Other,False,Adam Shankman,Germany,35000000.0,94728529.0,78000.0,1
M0209958,0209958,The Cell,Horror,2000.0,3.35,20,107,3.044522437723423,0,Other,False,Tarsem Singh,United States,33000000.0,104155843.0,97000.0,1
M0210070,0210070,Ginger Snaps,Drama,2000.0,3.58,18,108,2.9444389791664403,0,Other,False,John Fawcett,Canada,5000000.0,2554.0,43000.0,1
M0210616,0210616,Center Stage,Drama,2000.0,3.46,12,115,2.5649493574615367,0,Other,False,Nicholas Hytner,United States,29000000.0,26385941.0,19000.0,1
M0210945,0210945,Remember the Titans,Biography,2000.0,3.93,80,113,4.394449154672439,0,Other,False,Boaz Yakin,United States,30000000.0,136771683.0,202000.0,1
M0211443,0211443,Jason X,Action,2001.0,2.17,18,92,2.9444389791664403,0,Other,False,James Isaac,Canada,11000000.0,17077882.0,52000.0,1
M0211915,0211915,Amélie,Comedy,2001.0,4.23,319,122,5.768320995793772,0,Other,False,Jean-Pierre Jeunet,France,10000000.0,173997108.0,717000.0,1
M0211933,0211933,Awake,Crime,2007.0,3.57,53,84,3.9889840465642745,0,Other,False,Joby Harold,United States,8600000.0,32730062.0,73000.0,1
M0211946,0211946,Berlin Calling,Comedy,2008.0,3.8,10,100,2.3978952727983707,0,English,False,,,,,,1
M0212338,0212338,Meet the Parents,Comedy,2000.0,3.55,59,108,4.0943445622221,0,Other,False,Jay Roach,United States,55000000.0,330444045.0,317000.0,1
M0212346,0212346,Miss Congeniality,Action,2000.0,3.55,58,109,4.07753744390572,0,Other,False,Donald Petrie,United States,45000000.0,212742720.0,194000.0,1
M0212712,0212712,2046,Drama,2004.0,3.98,22,129,3.1354942159291497,0,Other,False,Kar-Wai Wong,Hong Kong,12000000.0,20205757.0,53000.0,1
M0212720,0212720,A.I. Artificial Intelligence,Adventure,2001.0,3.66,88,146,4.48863636973214,0,Other,False,Steven Spielberg,United States,100000000.0,235926552.0,295000.0,1
M0212985,0212985,Hannibal,Crime,2001.0,3.55,108,131,4.6913478822291435,0,Other,False,Ridley Scott,United States,87000000.0,351692268.0,261000.0,1
M0213149,0213149,Pearl Harbor,Action,2001.0,3.66,74,183,4.31748811353631,0,Other,False,Michael Bay,United States,140000000.0,449220945.0,317000.0,1
M0213847,0213847,Malèna,Comedy,2000.0,3.81,76,100,4.343805421853684,0,English,False,,,,,,1
M0215129,0215129,Road Trip,Adventure,2000.0,3.49,37,93,3.6375861597263857,0,Other,False,Todd Phillips,United States,16000000.0,119754278.0,161000.0,1
M0215750,0215750,Enemy at the Gates,Drama,2001.0,3.91,147,131,4.997212273764115,0,Other,False,Jean-Jacques Annaud,Ireland,68000000.0,96976270.0,249000.0,1
M0216216,0216216,The 6th Day,Action,2000.0,3.36,29,123,3.4011973816621555,0,Other,False,Roger Spottiswoode,United States,82000000.0,96085477.0,118000.0,1
M0217505,0217505,Gangs of New York,Crime,2002.0,3.89,290,167,5.673323267171493,0,Other,False,Martin Scorsese,United States,100000000.0,193772504.0,415000.0,1
M0217630,0217630,Loser,Comedy,2000.0,3.04,13,98,2.6390573296152584,0,Other,False,Amy Heckerling,United States,20000000.0,18404706.0,27000.0,1
M0217869,0217869,Unbreakable,Drama,2000.0,3.68,237,106,5.472270673671475,0,Other,False,M. Night Shyamalan,United States,75000000.0,248118121.0,396000.0,1
M0218839,0218839,Best in Show,Comedy,2000.0,3.79,17,90,2.8903717578961645,0,Other,False,Christopher Guest,United States,10000000.0,20789556.0,58000.0,1
M0218922,0218922,Original Sin,Drama,2001.0,2.91,11,116,2.4849066497880004,0,Other,False,Michael Cristofer,France,42000000.0,35402320.0,55000.0,1
M0218967,0218967,The Family Man,Comedy,2000.0,3.93,38,125,3.6635616461296463,0,Other,False,Brett Ratner,United States,60000000.0,124745083.0,105000.0,1
M0219653,0219653,Dracula 2000,Action,2000.0,2.92,12,99,2.5649493574615367,0,Other,False,Patrick Lussier,United States,54000000.0,47053625.0,33000.0,1
M0219699,0219699,The Gift,Drama,2000.0,3.54,25,111,3.258096538021482,0,Other,False,Sam Raimi,United States,10000000.0,44567606.0,65000.0,1
M0219965,0219965,Bandits,Comedy,2001.0,3.18,14,123,2.70805020110221,0,Other,False,Barry Levinson,United States,75000000.0,67631903.0,66000.0,1
M0220506,0220506,Halloween: Resurrection,Horror,2002.0,1.83,26,94,3.295836866004329,0,Other,False,Rick Rosenthal,United States,13000000.0,37664855.0,39000.0,1
M0221027,0221027,Blow,Biography,2001.0,3.9,146,124,4.990432586778736,0,Other,False,Ted Demme,United States,53000000.0,83282296.0,246000.0,1
M0221073,0221073,Chopper,Biography,2000.0,3.39,14,94,2.70805020110221,0,Other,False,Andrew Dominik,Australia,,238471.0,37000.0,1
M0221218,0221218,The Glass House,Crime,2001.0,2.82,17,106,2.8903717578961645,0,Other,False,Daniel Sackheim,United States,30000000.0,23619609.0,34000.0,1
M0223897,0223897,Pay It Forward,Drama,2000.0,3.95,48,123,3.8918202981106265,0,Other,False,Mimi Leder,United States,40000000.0,55707411.0,114000.0,1
M0225071,0225071,Angel Eyes,Drama,2001.0,3.61,14,102,2.70805020110221,0,Other,False,Luis Mandoki,United States,53000000.0,29715606.0,23000.0,1
M0227445,0227445,The Score,Crime,2001.0,3.82,53,124,3.9889840465642745,0,Other,False,Frank Oz,Germany,68000000.0,114252154.0,124000.0,1
M0227538,0227538,Spy Kids,Action,2001.0,3.66,16,88,2.833213344056216,0,Other,False,Robert Rodriguez,United States,35000000.0,147934180.0,111000.0,1
M0227984,0227984,The 51st State,Action,2001.0,3.5,16,107,2.833213344056216,0,English,False,,,,,,1
M0228333,0228333,Ghosts of Mars,Action,2001.0,2.5,14,98,2.70805020110221,0,Other,False,John Carpenter,United States,28000000.0,14010832.0,52000.0,1
M0228786,0228786,Les rivières pourpres,Crime,2000.0,3.75,14,109,2.70805020110221,0,English,False,,,,,,1
M0229260,0229260,Book of Shadows: Blair Witch 2,Adventure,2000.0,2.57,14,90,2.70805020110221,0,Other,False,Joe Berlinger,United States,15000000.0,47737094.0,36000.0,1
M0230011,0230011,Atlantis: The Lost Empire,Animation,2001.0,3.56,27,95,3.332204510175204,0,Other,False,Gary Trousdale,United States,120000000.0,186053725.0,109000.0,1
M0230030,0230030,Bedazzled,Comedy,2000.0,3.09,16,93,2.833213344056216,0,Other,False,Harold Ramis,United States,48000000.0,90383208.0,99000.0,1
M0230600,0230600,The Others,Horror,2001.0,3.91,132,104,4.890349128221754,0,Other,False,Alejandro Amenábar,Spain,17000000.0,209947037.0,346000.0,1
M0230838,0230838,Sweet November,Drama,2001.0,3.55,49,119,3.912023005428146,0,Other,False,Pat O'Connor,United States,40000000.0,65754228.0,87000.0,1
M0232500,0232500,The Fast and the Furious,Action,2001.0,3.62,136,106,4.919980925828125,0,Other,False,Rob Cohen,United States,38000000.0,207305509.0,362000.0,1
M0233469,0233469,Collateral Damage,Action,2002.0,2.83,26,108,3.295836866004329,0,Other,False,Andrew Davis,United States,85000000.0,78382433.0,73000.0,1
M0234215,0234215,The Matrix Reloaded,Action,2003.0,3.85,99,138,4.605170185988092,0,Other,False,Lana Wachowski,United States,150000000.0,741847937.0,529000.0,1
M0235198,0235198,Ôdishon,Drama,1999.0,3.41,39,109,3.6888794541139363,1,English,False,,,,,,1
M0236493,0236493,The Mexican,Adventure,2001.0,3.09,34,123,3.5553480614894135,0,Other,False,Gore Verbinski,United States,57000000.0,147845033.0,105000.0,1
M0236640,0236640,Prozac Nation,Biography,2001.0,3.57,15,117,2.772588722239781,0,English,False,,,,,,1
M0237534,0237534,Le pacte des loups,Action,2001.0,3.68,11,107,2.4849066497880004,0,English,False,,,,,,1
M0237572,0237572,The Pledge,Crime,2001.0,3.39,42,124,3.7612001156935624,0,Other,False,Sean Penn,United States,35000000.0,29419291.0,55000.0,1
M0238112,0238112,Captain Corelli's Mandolin,Drama,2001.0,3.64,11,131,2.4849066497880004,0,Other,False,John Madden,United Kingdom,57000000.0,62112895.0,33000.0,1
M0238380,0238380,Equilibrium,Action,2002.0,3.55,110,107,4.709530201312334,0,Other,False,Kurt Wimmer,United States,20000000.0,5368217.0,316000.0,1
M0238546,0238546,Queen of the Damned,Drama,2002.0,3.0,18,101,2.9444389791664403,0,Other,False,Michael Rymer,United States,35000000.0,45479110.0,53000.0,1
M0239948,0239948,Saving Silverman,Comedy,2001.0,2.9,15,90,2.772588722239781,0,Other,False,Dennis Dugan,United States,22000000.0,26086706.0,39000.0,1
M0240468,0240468,Kung Pow: Enter the Fist,Action,2002.0,3.45,10,81,2.3978952727983707,0,Other,False,Steve Oedekerk,United States,10000000.0,16994625.0,44000.0,1
M0240515,0240515,Freddy Got Fingered,Comedy,2001.0,2.7,10,87,2.3978952727983707,0,Other,False,Tom Green,United States,14000000.0,14343028.0,47000.0,1
M0240772,0240772,Ocean's Eleven,Crime,2001.0,4.01,245,116,5.5053315359323625,0,Other,False,Steven Soderbergh,United States,85000000.0,450717150.0,531000.0,1
M0240890,0240890,Serendipity,Comedy,2001.0,3.43,49,90,3.912023005428146,0,Other,False,Peter Chelsom,United States,28000000.0,77516304.0,106000.0,1
M0241303,0241303,Chocolat,Drama,2000.0,3.79,68,105,4.23410650459726,0,Other,False,Claire Denis,France,,2319801.0,3100.0,1
M0241527,0241527,Harry Potter and the Sorcerer's Stone,Adventure,2001.0,3.9,282,152,5.645446897643238,0,Other,False,Chris Columbus,United Kingdom,125000000.0,1006968171.0,685000.0,1
M0241760,0241760,The New Guy,Comedy,2002.0,3.65,10,88,2.3978952727983707,0,Other,False,Ed Decter,United States,13000000.0,31167388.0,34000.0,1
M0242193,0242193,Bully,Biography,2001.0,3.47,17,108,2.8903717578961645,0,Other,False,Larry Clark,United States,,704808.0,35000.0,1
M0242423,0242423,"Dude, Where's My Car?",Comedy,2000.0,3.12,24,83,3.2188758248682006,0,Other,False,Danny Leiner,United States,13000000.0,73180723.0,136000.0,1
M0242527,0242527,The Hole,Drama,2001.0,3.0,10,109,2.3978952727983707,0,English,False,,,,,,1
M0242653,0242653,The Matrix Revolutions,Action,2003.0,3.56,101,129,4.624972813284271,0,Other,False,Lana Wachowski,United States,150000000.0,427344325.0,459000.0,1
M0243017,0243017,Waking Life,Animation,2001.0,3.83,29,99,3.4011973816621555,0,Other,False,Richard Linklater,United States,,3176880.0,62000.0,1
M0243133,0243133,The Man Who Wasn't There,Crime,2001.0,3.92,69,111,4.248495242049359,0,Other,False,Bruce Malmuth,United States,,2443487.0,513.0,1
M0243155,0243155,Bridget Jones's Diary,Comedy,2001.0,3.43,57,97,4.060443010546419,0,Other,False,Sharon Maguire,United Kingdom,25000000.0,281995610.0,232000.0,1
M0243585,0243585,Stuart Little 2,Animation,2002.0,3.18,11,77,2.4849066497880004,0,Other,False,Rob Minkoff,United States,120000000.0,169956806.0,51000.0,1
M0243655,0243655,Wet Hot American Summer,Comedy,2001.0,3.11,41,97,3.7376696182833684,0,Other,False,David Wain,United States,5000000.0,295206.0,55000.0,1
M0244244,0244244,Swordfish,Action,2001.0,3.23,42,99,3.7612001156935624,0,Other,False,Dominic Sena,United States,102000000.0,147080413.0,179000.0,1
M0244316,0244316,Yi yi,Drama,2000.0,4.47,16,173,2.833213344056216,0,Other,False,Edward Yang,Taiwan,,1196218.0,22000.0,1
M0245429,0245429,Sen to Chihiro no kamikakushi,Animation,2001.0,4.26,381,91,5.945420608606575,0,English,False,,,,,,1
M0245562,0245562,Windtalkers,Action,2002.0,3.64,11,134,2.4849066497880004,0,Other,False,John Woo,United States,115000000.0,77628265.0,67000.0,1
M0245574,0245574,Y tu mamá también,Adventure,2001.0,3.77,71,106,4.276666119016055,0,Other,False,Alfonso Cuarón,Mexico,2000000.0,33616692.0,118000.0,1
M0245674,0245674,Thir13en Ghosts,Horror,2001.0,2.98,21,91,3.091042453358316,0,Other,False,Steve Beck,United States,42000000.0,68467960.0,81000.0,1
M0245686,0245686,Joe Dirt,Adventure,2001.0,3.06,16,91,2.833213344056216,0,Other,False,Dennie Gordon,United States,17700000.0,30987695.0,53000.0,1
M0245712,0245712,Amores perros,Drama,2000.0,4.11,118,154,4.77912349311153,0,Other,False,Alejandro G. Iñárritu,Mexico,2000000.0,20908467.0,228000.0,1
M0245803,0245803,Bulletproof Monk,Action,2003.0,2.45,10,104,2.3978952727983707,0,Other,False,Paul Hunter,United States,52000000.0,37713879.0,48000.0,1
M0245844,0245844,The Count of Monte Cristo,Action,2002.0,4.19,67,131,4.219507705176107,0,Other,False,Kevin Reynolds,United Kingdom,35000000.0,75395048.0,132000.0,1
M0246460,0246460,Die Another Day,Action,2002.0,3.12,54,133,4.007333185232471,0,Other,False,Lee Tamahori,United Kingdom,142000000.0,431971116.0,209000.0,1
M0246578,0246578,Donnie Darko,Drama,2001.0,4.02,330,113,5.802118375377063,0,Other,False,Richard Kelly,United States,6000000.0,6981586.0,755000.0,1
M0247199,0247199,The Believer,Drama,2001.0,3.33,23,98,3.1780538303479458,0,Other,False,Henry Bean,United States,1500000.0,1309316.0,37000.0,1
M0247425,0247425,In the Bedroom,Crime,2001.0,3.8,15,131,2.772588722239781,0,Other,False,Todd Field,United States,1700000.0,44763181.0,38000.0,1
M0247586,0247586,Nueve reinas,Crime,2000.0,4.01,41,109,3.7376696182833684,0,English,False,,,,,,1
M0247613,0247613,Bakha satang,Drama,1999.0,4.18,11,109,2.4849066497880004,1,English,False,,,,,,1
M0247638,0247638,The Princess Diaries,Comedy,2001.0,3.4,25,111,3.258096538021482,0,Other,False,Garry Marshall,United States,26000000.0,165335153.0,133000.0,1
M0247745,0247745,Super Troopers,Comedy,2001.0,3.43,35,100,3.58351893845611,0,Other,False,Jay Chandrasekhar,United States,3000000.0,23182223.0,98000.0,1
M0248126,0248126,Kabhi Khushi Kabhie Gham...,Drama,2001.0,4.18,19,210,2.995732273553991,0,Other,False,Karan Johar,India,7500000.0,11334547.0,46000.0,1
M0248667,0248667,Ali,Biography,2001.0,3.55,56,157,4.04305126783455,0,Other,False,Michael Mann,United States,107000000.0,87812729.0,95000.0,1
M0248845,0248845,Hedwig and the Angry Inch,Comedy,2001.0,3.9,15,95,2.772588722239781,0,Other,False,John Cameron Mitchell,United States,6000000.0,3645107.0,33000.0,1
M0249241,0249241,Werckmeister harmóniák,Drama,2000.0,4.23,11,109,2.4849066497880004,0,English,False,,,,,,1
M0249462,0249462,Billy Elliot,Drama,2000.0,4.08,45,110,3.828641396489095,0,Other,False,Stephen Daldry,United Kingdom,5000000.0,109283018.0,129000.0,1
M0250224,0250224,Crazy/Beautiful,Drama,2001.0,3.59,11,99,2.4849066497880004,0,Other,False,John Stockwell,United States,13000000.0,19937988.0,24000.0,1
M0250258,0250258,Das Experiment,Drama,2001.0,3.81,37,109,3.6375861597263857,0,English,False,,,,,,1
M0250494,0250494,Legally Blonde,Comedy,2001.0,3.52,43,96,3.784189633918261,0,Other,False,Robert Luketic,United States,18000000.0,141774679.0,195000.0,1
M0250687,0250687,Rat Race,Adventure,2001.0,3.1,20,112,3.044522437723423,0,Other,False,Jerry Zucker,United States,48000000.0,85498534.0,111000.0,1
M0250797,0250797,Unfaithful,Drama,2002.0,3.49,38,124,3.6635616461296463,0,Other,False,Adrian Lyne,France,50000000.0,119137784.0,83000.0,1
M0251075,0251075,Evolution,Comedy,2001.0,3.57,22,101,3.1354942159291497,0,Other,False,Ivan Reitman,United States,80000000.0,98376292.0,122000.0,1
M0251114,0251114,Hart's War,Drama,2002.0,3.5,10,125,2.3978952727983707,0,Other,False,Gregory Hoblit,United States,70000000.0,32287044.0,51000.0,1
M0251127,0251127,How to Lose a Guy in 10 Days,Comedy,2003.0,3.36,65,116,4.189654742026425,0,Other,False,Donald Petrie,United States,50000000.0,177502387.0,218000.0,1
M0251160,0251160,John Q,Crime,2002.0,3.92,109,116,4.700480365792417,0,Other,False,Nick Cassavetes,United States,36000000.0,102244770.0,127000.0,1
M0251736,0251736,House of 1000 Corpses,Horror,2003.0,3.32,38,89,3.6635616461296463,0,Other,False,Rob Zombie,United States,7000000.0,16829545.0,80000.0,1
M0252076,0252076,Maid in Manhattan,Comedy,2002.0,3.16,19,105,2.995732273553991,0,Other,False,Wayne Wang,United States,55000000.0,154906693.0,86000.0,1
M0252444,0252444,Rabbit-Proof Fence,Adventure,2002.0,3.8,10,94,2.3978952727983707,0,Other,False,Phillip Noyce,Australia,6000000.0,16217411.0,28000.0,1
M0252503,0252503,Heist,Action,2001.0,3.79,14,109,2.70805020110221,0,Other,False,David Mamet,Canada,39000000.0,28510652.0,34000.0,1
M0252866,0252866,American Pie 2,Comedy,2001.0,3.49,43,108,3.784189633918261,0,Other,False,J.B. Rogers,United States,30000000.0,287553595.0,244000.0,1
M0253474,0253474,The Pianist,Biography,2002.0,4.29,529,150,6.272877006546167,0,Other,False,Roman Polanski,United Kingdom,35000000.0,120072577.0,756000.0,1
M0253556,0253556,Reign of Fire,Action,2002.0,3.29,39,101,3.6888794541139363,0,Other,False,Rob Bowman,United States,60000000.0,82150183.0,129000.0,1
M0253754,0253754,Star Trek: Nemesis,Action,2002.0,3.27,30,116,3.4339872044851463,0,Other,False,Stuart Baird,United States,60000000.0,67336470.0,75000.0,1
M0253867,0253867,The Sweetest Thing,Comedy,2002.0,2.8,10,84,2.3978952727983707,0,Other,False,Roger Kumble,United States,43000000.0,69319426.0,56000.0,1
M0254455,0254455,Lucía y el sexo,Drama,2001.0,3.38,13,109,2.6390573296152584,0,English,False,,,,,,1
M0254686,0254686,La pianiste,Drama,2001.0,3.85,54,109,4.007333185232471,0,English,False,,,,,,1
M0255094,0255094,Dayereh,Drama,2000.0,4.0,12,109,2.5649493574615367,0,English,False,,,,,,1
M0256009,0256009,El espinazo del diablo,Drama,2001.0,3.74,31,109,3.4657359027997265,0,English,False,,,,,,1
M0256380,0256380,Shallow Hal,Comedy,2001.0,3.12,28,114,3.367295829986474,0,Other,False,Bobby Farrelly,United States,40000000.0,141069860.0,129000.0,1
M0256415,0256415,Sweet Home Alabama,Comedy,2002.0,3.52,22,108,3.1354942159291497,0,Other,False,Andy Tennant,United States,30000000.0,180622424.0,105000.0,1
M0256524,0256524,The Curse of the Jade Scorpion,Comedy,2001.0,3.42,12,103,2.5649493574615367,0,Other,False,Woody Allen,United States,33000000.0,18914307.0,38000.0,1
M0257044,0257044,Road to Perdition,Crime,2002.0,3.86,187,117,5.236441962829949,0,Other,False,Sam Mendes,United States,80000000.0,181001478.0,253000.0,1
M0257076,0257076,S.W.A.T.,Action,2003.0,3.35,48,117,3.8918202981106265,0,Other,False,Clark Johnson,United States,80000000.0,207725639.0,141000.0,1
M0257106,0257106,Scary Movie 2,Comedy,2001.0,3.1,31,83,3.4657359027997265,0,Other,False,Keenen Ivory Wayans,United States,45000000.0,141220678.0,152000.0,1
M0257360,0257360,About Schmidt,Comedy,2002.0,3.79,77,125,4.356708826689592,0,Other,False,Alexander Payne,United States,30000000.0,105834556.0,124000.0,1
M0257516,0257516,Cursed,Comedy,2005.0,2.35,10,97,2.3978952727983707,0,Other,False,Wes Craven,Germany,38000000.0,29621722.0,31000.0,1
M0257756,0257756,High Crimes,Crime,2002.0,3.46,23,115,3.1780538303479458,0,Other,False,Carl Franklin,United States,42000000.0,63781810.0,40000.0,1
M0258000,0258000,Panic Room,Crime,2002.0,3.62,108,112,4.6913478822291435,0,Other,False,David Fincher,United States,48000000.0,197079546.0,266000.0,1
M0258068,0258068,The Quiet American,Drama,2002.0,3.65,10,101,2.3978952727983707,0,Other,False,Phillip Noyce,United Kingdom,30000000.0,27674124.0,27000.0,1
M0258153,0258153,S1m0ne,Comedy,2002.0,3.0,11,117,2.4849066497880004,0,Other,False,Andrew Niccol,United States,10000000.0,19576023.0,59000.0,1
M0258463,0258463,The Bourne Identity,Action,2002.0,3.91,200,119,5.303304908059076,0,Other,False,Doug Liman,United States,60000000.0,214034224.0,519000.0,1
M0259072,0259072,Zamani barayé masti asbha,Drama,2000.0,3.9,10,109,2.3978952727983707,0,English,False,,,,,,1
M0259324,0259324,Ghost Rider,Action,2007.0,2.79,40,110,3.713572066704308,0,Other,False,Mark Steven Johnson,United States,110000000.0,228738393.0,227000.0,1
M0259446,0259446,My Big Fat Greek Wedding,Comedy,2002.0,3.47,18,95,2.9444389791664403,0,Other,False,Joel Zwick,Canada,5000000.0,368744044.0,122000.0,1
M0259484,0259484,Paid in Full,Action,2002.0,3.36,21,97,3.091042453358316,0,Other,False,Charles Stone III,United States,,3116526.0,11000.0,1
M0259711,0259711,Vanilla Sky,Fantasy,2001.0,3.59,75,136,4.330733340286331,0,Other,False,Cameron Crowe,United States,68000000.0,203388341.0,253000.0,1
M0260866,0260866,Don't Say a Word,Drama,2001.0,3.21,14,113,2.70805020110221,0,Other,False,Gary Fleder,United States,50000000.0,100020092.0,50000.0,1
M0260991,0260991,Gongdong gyeongbi guyeok JSA,Action,2000.0,4.07,23,107,3.1780538303479458,0,English,False,,,,,,1
M0261392,0261392,Jay and Silent Bob Strike Back,Comedy,2001.0,3.6,29,104,3.4011973816621555,0,Other,False,Kevin Smith,United States,22000000.0,33788161.0,150000.0,1
M0261983,0261983,Session 9,Horror,2001.0,2.72,23,97,3.1780538303479458,0,Other,False,Brad Anderson,United States,1500000.0,1612259.0,56000.0,1
M0263488,0263488,Jeepers Creepers,Horror,2001.0,3.21,33,90,3.5263605246161616,0,Other,False,Victor Salva,United States,10000000.0,59371303.0,115000.0,1
M0263757,0263757,Uptown Girls,Comedy,2003.0,3.27,11,92,2.4849066497880004,0,Other,False,Boaz Yakin,United States,20000000.0,44617342.0,36000.0,1
M0264395,0264395,Basic,Action,2003.0,3.31,18,98,2.9444389791664403,0,Other,False,John McTiernan,Germany,50000000.0,42792561.0,61000.0,1
M0264464,0264464,Catch Me If You Can,Biography,2002.0,4.28,593,141,6.386879319362645,0,Other,False,Steven Spielberg,United States,52000000.0,352114312.0,866000.0,1
M0264472,0264472,Changing Lanes,Drama,2002.0,3.43,27,98,3.332204510175204,0,Other,False,Roger Michell,United States,45000000.0,94935764.0,68000.0,1
M0264616,0264616,Frailty,Crime,2001.0,3.78,39,100,3.6888794541139363,0,Other,False,Bill Paxton,United States,11000000.0,17423030.0,79000.0,1
M0264935,0264935,Murder by Numbers,Crime,2002.0,3.4,20,115,3.044522437723423,0,Other,False,Barbet Schroeder,United States,50000000.0,56714147.0,54000.0,1
M0265029,0265029,America's Sweethearts,Comedy,2001.0,3.28,18,102,2.9444389791664403,0,Other,False,Joe Roth,United States,46000000.0,138307673.0,55000.0,1
M0265086,0265086,Black Hawk Down,Drama,2001.0,3.97,154,144,5.043425116919247,0,Other,False,Ridley Scott,United States,92000000.0,172989651.0,372000.0,1
M0265087,0265087,Black Knight,Adventure,2001.0,2.75,10,95,2.3978952727983707,0,Other,False,Gil Junger,United States,50000000.0,39976235.0,39000.0,1
M0265208,0265208,The Girl Next Door,Comedy,2004.0,3.4,49,109,3.912023005428146,0,Other,False,Luke Greenfield,United States,25000000.0,30381722.0,208000.0,1
M0265349,0265349,The Mothman Prophecies,Drama,2002.0,3.35,23,119,3.1780538303479458,0,Other,False,Mark Pellington,United States,32000000.0,55305279.0,77000.0,1
M0265459,0265459,One Hour Photo,Drama,2002.0,3.69,54,96,4.007333185232471,0,Other,False,Mark Romanek,United States,12000000.0,52223306.0,117000.0,1
M0265666,0265666,The Royal Tenenbaums,Comedy,2001.0,3.88,144,110,4.976733742420574,0,Other,False,Wes Anderson,United States,21000000.0,71444482.0,273000.0,1
M0266308,0266308,Batoru rowaiaru,Adventure,2000.0,3.8,103,105,4.6443908991413725,0,English,False,,,,,,1
M0266465,0266465,A Man Apart,Action,2003.0,3.13,19,109,2.995732273553991,0,Other,False,F. Gary Gray,United States,36000000.0,44350926.0,46000.0,1
M0266489,0266489,Duplex,Comedy,2003.0,3.16,19,89,2.995732273553991,0,Other,False,Danny DeVito,Germany,40000000.0,19322135.0,56000.0,1
M0266543,0266543,Finding Nemo,Animation,2003.0,4.23,157,100,5.062595033026967,0,Other,False,Andrew Stanton,United States,94000000.0,940352645.0,972000.0,1
M0266697,0266697,Kill Bill: Vol. 1,Action,2003.0,4.13,375,111,5.929589143389895,0,Other,False,Quentin Tarantino,United States,30000000.0,180906076.0,1000000.0,1
M0266915,0266915,Rush Hour 2,Action,2001.0,3.41,47,90,3.871201010907891,0,Other,False,Brett Ratner,Hong Kong,90000000.0,347325802.0,205000.0,1
M0266987,0266987,Spy Game,Action,2001.0,3.68,69,126,4.248495242049359,0,Other,False,Tony Scott,United States,115000000.0,143049560.0,149000.0,1
M0267626,0267626,K-19: The Widowmaker,Drama,2002.0,3.5,23,138,3.1780538303479458,0,Other,False,Kathryn Bigelow,United Kingdom,100000000.0,65716126.0,61000.0,1
M0267804,0267804,The One,Action,2001.0,3.17,18,87,2.9444389791664403,0,Other,False,James Wong,United States,49000000.0,74005691.0,89000.0,1
M0267913,0267913,Scooby-Doo,Adventure,2002.0,3.22,23,86,3.1780538303479458,0,Other,False,Raja Gosnell,United States,84000000.0,275650703.0,103000.0,1
M0268126,0268126,Adaptation.,Comedy,2002.0,3.86,96,115,4.574710978503383,0,Other,False,Spike Jonze,United States,19000000.0,32801173.0,183000.0,1
M0268380,0268380,Ice Age,Animation,2002.0,4.01,49,81,3.912023005428146,0,Other,False,Chris Wedge,United States,59000000.0,383257136.0,452000.0,1
M0268695,0268695,The Time Machine,Action,2002.0,3.22,30,96,3.4339872044851463,0,Other,False,Simon Wells,United States,80000000.0,123729176.0,120000.0,1
M0268978,0268978,A Beautiful Mind,Biography,2001.0,4.44,595,135,6.39024066706535,0,Other,False,Ron Howard,United States,58000000.0,316791257.0,871000.0,1
M0268995,0268995,The Majestic,Drama,2001.0,3.71,14,152,2.70805020110221,0,Other,False,Frank Darabont,United States,72000000.0,37317673.0,53000.0,1
M0269095,0269095,City by the Sea,Crime,2002.0,3.5,13,108,2.6390573296152584,0,Other,False,Michael Caton-Jones,United States,40000000.0,29676703.0,24000.0,1
M0269347,0269347,The Hunted,Action,2003.0,3.07,15,110,2.772588722239781,0,Other,False,J.F. Lawton,United States,20000000.0,6609661.0,4900.0,1
M0270288,0270288,Confessions of a Dangerous Mind,Biography,2002.0,3.53,32,113,3.4965075614664802,0,Other,False,George Clooney,United States,30000000.0,33013805.0,85000.0,1
M0271027,0271027,Kiss of the Dragon,Action,2001.0,3.45,22,98,3.1354942159291497,0,Other,False,Chris Nahon,France,25000000.0,64437847.0,62000.0,1
M0271367,0271367,Eight Legged Freaks,Action,2002.0,2.88,13,99,2.6390573296152584,0,Other,False,Ellory Elkayem,United States,30000000.0,45867333.0,53000.0,1
M0271668,0271668,National Security,Action,2003.0,3.27,22,88,3.1354942159291497,0,Other,False,Dennis Dugan,United States,,50097949.0,49000.0,1
M0272020,0272020,The Last Castle,Action,2001.0,3.81,69,131,4.248495242049359,0,Other,False,Rod Lurie,United States,72000000.0,27642707.0,75000.0,1
M0272152,0272152,K-PAX,Drama,2001.0,3.95,72,120,4.290459441148391,0,Other,False,Iain Softley,United States,68000000.0,65001485.0,177000.0,1
M0272207,0272207,Narc,Crime,2002.0,3.65,20,105,3.044522437723423,0,Other,False,Joe Carnahan,United States,6500000.0,12633747.0,39000.0,1
M0272338,0272338,Punch-Drunk Love,Comedy,2002.0,3.71,96,95,4.574710978503383,0,Other,False,Paul Thomas Anderson,United States,25000000.0,24675714.0,152000.0,1
M0273923,0273923,Orange County,Comedy,2002.0,3.5,12,82,2.5649493574615367,0,Other,False,Jake Kasdan,United States,18000000.0,43325009.0,48000.0,1
M0274117,0274117,Sur mes lèvres,Crime,2001.0,3.9,24,109,3.2188758248682006,0,English,False,,,,,,1
M0274166,0274166,Johnny English,Action,2003.0,3.24,33,87,3.5263605246161616,0,Other,False,Peter Howitt,United Kingdom,40000000.0,160466000.0,152000.0,1
M0274309,0274309,24 Hour Party People,Biography,2002.0,4.05,22,117,3.1354942159291497,0,Other,False,Michael Winterbottom,United Kingdom,,2801397.0,34000.0,1
M0274558,0274558,The Hours,Drama,2002.0,4.03,96,110,4.574710978503383,0,Other,False,Stephen Daldry,United States,25000000.0,108846072.0,127000.0,1
M0274812,0274812,Secretary,Comedy,2002.0,3.57,34,107,3.5553480614894135,0,Other,False,Steven Shainberg,United States,4000000.0,9304609.0,86000.0,1
M0275277,0275277,Cowboy Bebop: Tengoku no tobira,Animation,2001.0,4.57,15,91,2.772588722239781,0,English,False,,,,,,1
M0275491,0275491,La mala educación,Crime,2004.0,3.94,26,109,3.295836866004329,0,English,False,,,,,,1
M0275719,0275719,Tape,Drama,2001.0,4.0,12,86,2.5649493574615367,0,Other,False,Richard Linklater,United States,100000.0,515900.0,19000.0,1
M0275847,0275847,Lilo &amp; Stitch,Animation,2002.0,3.93,45,91,3.828641396489095,0,English,False,,,,,,1
M0276751,0276751,About a Boy,Comedy,2002.0,3.72,59,101,4.0943445622221,0,Other,False,Chris Weitz,United Kingdom,30000000.0,130549455.0,176000.0,1
M0276816,0276816,Below,Action,2002.0,3.0,10,105,2.3978952727983707,0,Other,False,David Twohy,United States,40000000.0,2622015.0,21000.0,1
M0276919,0276919,Dogville,Crime,2003.0,4.18,46,178,3.8501476017100584,0,Other,False,Lars von Trier,Denmark,10000000.0,16689283.0,141000.0,1
M0277027,0277027,I Am Sam,Drama,2001.0,4.28,114,132,4.74493212836325,0,Other,False,Jessie Nelson,United States,22000000.0,97818139.0,145000.0,1
M0277296,0277296,The Scorpion King,Action,2002.0,2.71,17,92,2.8903717578961645,0,Other,False,Chuck Russell,United States,60000000.0,180630907.0,133000.0,1
M0277371,0277371,Not Another Teen Movie,Comedy,2001.0,2.69,29,89,3.4011973816621555,0,Other,False,Joel Gallen,United States,15000000.0,66468985.0,100000.0,1
M0277434,0277434,We Were Soldiers,Action,2002.0,3.81,37,138,3.6375861597263857,0,Other,False,Randall Wallace,United States,75000000.0,115374915.0,133000.0,1
M0277941,0277941,Ned Kelly,Action,2003.0,3.41,11,110,2.4849066497880004,0,Other,False,Gregor Jordan,Australia,,6585516.0,26000.0,1
M0278435,0278435,Enough,Crime,2002.0,3.45,22,115,3.1354942159291497,0,Other,False,Michael Apted,United States,38000000.0,51806184.0,41000.0,1
M0278488,0278488,How High,Comedy,2001.0,3.45,10,93,2.3978952727983707,0,Other,False,Jesse Dylan,United States,20000000.0,31283740.0,55000.0,1
M0278504,0278504,Insomnia,Drama,2002.0,3.72,230,96,5.442417710521793,0,Other,False,Erik Skjoldbjærg,Norway,,227569.0,14000.0,1
M0278731,0278731,Spider,Drama,2002.0,3.54,13,98,2.6390573296152584,0,Other,False,David Cronenberg,Canada,10000000.0,5808941.0,36000.0,1
M0278823,0278823,Hollywood Ending,Comedy,2002.0,3.55,10,100,2.3978952727983707,0,English,False,,,,,,1
M0279113,0279113,The Good Girl,Drama,2002.0,3.41,11,93,2.4849066497880004,0,Other,False,Miguel Arteta,United States,8000000.0,16860964.0,44000.0,1
M0279331,0279331,Dark Blue,Crime,2002.0,3.27,11,118,2.4849066497880004,0,Other,False,Ron Shelton,United States,15000000.0,12150301.0,21000.0,1
M0279493,0279493,Undercover Brother,Action,2002.0,3.2,10,86,2.3978952727983707,0,Other,False,Malcolm D. Lee,United States,25000000.0,41604473.0,34000.0,1
M0280486,0280486,Bad Company,Action,2002.0,2.87,15,108,2.772588722239781,0,Other,False,Damian Harris,United States,15000000.0,3674841.0,2800.0,1
M0280491,0280491,Bloody Sunday,Drama,2002.0,3.83,15,107,2.772588722239781,0,Other,False,Paul Greengrass,United Kingdom,,1758689.0,24000.0,1
M0280590,0280590,Mr. Deeds,Comedy,2002.0,2.91,22,96,3.1354942159291497,0,Other,False,Steven Brill,United States,50000000.0,171269535.0,138000.0,1
M0280609,0280609,Dog Soldiers,Action,2002.0,3.52,31,107,3.4657359027997265,0,English,False,,,,,,1
M0280707,0280707,Gosford Park,Comedy,2001.0,3.86,37,131,3.6375861597263857,0,Other,False,Robert Altman,United States,19800000.0,87754044.0,82000.0,1
M0281322,0281322,Undisputed,Action,2002.0,3.04,14,94,2.70805020110221,0,Other,False,Walter Hill,United States,20000000.0,14946150.0,30000.0,1
M0281358,0281358,A Walk to Remember,Drama,2002.0,3.99,91,101,4.5217885770490405,0,Other,False,Adam Shankman,United States,11800000.0,47494916.0,203000.0,1
M0281686,0281686,Bubba Ho-Tep,Comedy,2002.0,3.69,16,92,2.833213344056216,0,Other,False,Don Coscarelli,United States,1000000.0,1239183.0,47000.0,1
M0283003,0283003,Spun,Comedy,2002.0,3.23,11,101,2.4849066497880004,0,Other,False,Jonas Åkerlund,United States,2000000.0,685608.0,37000.0,1
M0283026,0283026,Swimfan,Drama,2002.0,2.5,12,85,2.5649493574615367,0,Other,False,John Polson,United States,10000000.0,34411240.0,19000.0,1
M0283111,0283111,National Lampoon's Van Wilder,Comedy,2002.0,3.42,18,100,2.9444389791664403,0,English,False,,,,,,1
M0283509,0283509,No Man's Land,Drama,2001.0,3.78,20,106,3.044522437723423,0,Other,False,Peter Werner,United States,8000000.0,2877571.0,4400.0,1
M0283832,0283832,8 femmes,Comedy,2002.0,3.62,12,100,2.5649493574615367,0,English,False,,,,,,1
M0283900,0283900,L'auberge espagnole,Comedy,2002.0,3.88,12,100,2.5649493574615367,0,English,False,,,,,,1
M0284490,0284490,Showtime,Action,2002.0,2.88,13,95,2.6390573296152584,0,Other,False,Tom Dey,United States,85000000.0,77885672.0,61000.0,1
M0284837,0284837,Ali G Indahouse,Comedy,2002.0,3.52,25,100,3.258096538021482,0,English,False,,,,,,1
M0284978,0284978,Cypher,Thriller,2002.0,3.27,13,102,2.6390573296152584,0,English,False,,,,,,1
M0285492,0285492,Cube 2: Hypercube,Drama,2002.0,2.71,17,109,2.8903717578961645,0,English,False,,,,,,1
M0285531,0285531,Dreamcatcher,Drama,2003.0,3.15,26,134,3.295836866004329,0,Other,False,Lawrence Kasdan,United States,68000000.0,81240406.0,90000.0,1
M0285742,0285742,Monster's Ball,Drama,2001.0,3.41,33,111,3.5263605246161616,0,Other,False,Marc Forster,United States,4000000.0,45011434.0,84000.0,1
M0285823,0285823,Once Upon a Time in Mexico,Action,2003.0,3.3,40,102,3.713572066704308,0,Other,False,Robert Rodriguez,United States,29000000.0,98769390.0,156000.0,1
M0286106,0286106,Signs,Drama,2002.0,3.57,80,106,4.394449154672439,0,Other,False,M. Night Shyamalan,United States,72000000.0,408247917.0,344000.0,1
M0286112,0286112,Siu lam juk kau,Action,2001.0,3.5,23,107,3.1780538303479458,0,English,False,,,,,,1
M0286244,0286244,Les triplettes de Belleville,Animation,2003.0,3.9,21,91,3.091042453358316,0,English,False,,,,,,1
M0286499,0286499,Bend It Like Beckham,Comedy,2002.0,3.84,19,112,2.995732273553991,0,Other,False,Gurinder Chadha,United Kingdom,,76585828.0,106000.0,1
M0286716,0286716,Hulk,Action,2003.0,2.68,42,138,3.7612001156935624,0,Other,False,Ang Lee,United States,137000000.0,245285165.0,255000.0,1
M0286788,0286788,What a Girl Wants,Comedy,2003.0,3.54,23,105,3.1780538303479458,0,Other,False,Dennie Gordon,United States,25000000.0,50732139.0,61000.0,1
M0287467,0287467,Hable con ella,Drama,2002.0,4.07,57,109,4.060443010546419,0,English,False,,,,,,1
M0287978,0287978,Daredevil,Action,2003.0,3.03,59,103,4.0943445622221,0,Other,False,Mark Steven Johnson,United States,78000000.0,179179718.0,209000.0,1
M0288477,0288477,Ghost Ship,Horror,2002.0,3.48,24,91,3.2188758248682006,0,Other,False,Steve Beck,United States,20000000.0,68349884.0,96000.0,1
M0289043,0289043,28 Days Later...,Drama,2002.0,3.59,150,113,5.017279836814924,0,Other,False,Danny Boyle,United Kingdom,8000000.0,85720385.0,386000.0,1
M0289765,0289765,Red Dragon,Crime,2002.0,3.75,135,124,4.912654885736052,0,Other,False,Brett Ratner,Germany,78000000.0,209196298.0,259000.0,1
M0289848,0289848,Analyze That,Comedy,2002.0,3.09,28,96,3.367295829986474,0,Other,False,Harold Ramis,United States,60000000.0,55003135.0,83000.0,1
M0289879,0289879,The Butterfly Effect,Drama,2004.0,4.02,138,113,4.9344739331306915,0,Other,False,Eric Bress,United States,13000000.0,96822421.0,460000.0,1
M0289992,0289992,The Life of David Gale,Crime,2003.0,4.09,121,130,4.804021044733257,0,Other,False,Alan Parker,United States,38000000.0,38955598.0,114000.0,1
M0290002,0290002,Meet the Fockers,Comedy,2004.0,3.27,44,115,3.8066624897703196,0,Other,False,Jay Roach,United States,80000000.0,522657936.0,257000.0,1
M0290095,0290095,The Tuxedo,Action,2002.0,3.21,14,98,2.70805020110221,0,Other,False,Kevin Donovan,United States,60000000.0,104391623.0,81000.0,1
M0290334,0290334,X2,Action,2003.0,3.79,182,107,5.209486152841421,0,English,False,,,,,,1
M0290673,0290673,Irréversible,Crime,2002.0,3.73,57,109,4.060443010546419,0,English,False,,,,,,1
M0291341,0291341,Mean Machine,Comedy,2001.0,2.92,12,99,2.5649493574615367,0,Other,False,Barry Skolnick,United Kingdom,,7310206.0,37000.0,1
M0291350,0291350,Sennen joyû,Animation,2001.0,4.08,12,91,2.5649493574615367,0,English,False,,,,,,1
M0292506,0292506,The Recruit,Action,2003.0,3.37,52,115,3.970291913552122,0,Other,False,Roger Donaldson,United States,46000000.0,101191884.0,131000.0,1
M0292644,0292644,The Rules of Attraction,Comedy,2002.0,3.37,15,110,2.772588722239781,0,Other,False,Roger Avary,United States,4000000.0,11832822.0,50000.0,1
M0292963,0292963,Before the Devil Knows You're Dead,Crime,2007.0,3.68,52,117,3.970291913552122,0,Other,False,Sidney Lumet,United States,18000000.0,25038466.0,99000.0,1
M0293429,0293429,Mortal Kombat,Action,2021.0,3.11,116,101,4.762173934797756,0,Other,False,Paul W.S. Anderson,United States,18000000.0,122195920.0,112000.0,1
M0293508,0293508,The Phantom of the Opera,Drama,2004.0,3.84,40,93,3.713572066704308,0,Other,False,Dwight H. Little,United States,,3953745.0,3800.0,1
M0293564,0293564,Rush Hour 3,Action,2007.0,3.27,30,91,3.4339872044851463,0,Other,False,Brett Ratner,United States,140000000.0,258097122.0,157000.0,1
M0293662,0293662,The Transporter,Action,2002.0,3.46,64,92,4.174387269895637,0,Other,False,Louis Leterrier,France,21000000.0,43928932.0,290000.0,1
M0293715,0293715,Yeopgijeogin geunyeo,Comedy,2001.0,4.31,21,100,3.091042453358316,0,English,False,,,,,,1
M0293815,0293815,Friday After Next,Comedy,2002.0,3.17,12,85,2.5649493574615367,0,Other,False,Marcus Raboy,United States,10000000.0,33526835.0,26000.0,1
M0294870,0294870,Rent,Drama,2005.0,3.39,14,135,2.70805020110221,0,Other,False,Chris Columbus,United States,40000000.0,31670620.0,49000.0,1
M0295178,0295178,Austin Powers in Goldmember,Action,2002.0,3.5,33,94,3.5263605246161616,0,Other,False,Jay Roach,United States,63000000.0,296938801.0,199000.0,1
M0295297,0295297,Harry Potter and the Chamber of Secrets,Adventure,2002.0,3.9,233,161,5.455321115357702,0,Other,False,Chris Columbus,United Kingdom,100000000.0,879602366.0,572000.0,1
M0295700,0295700,Wrong Turn,Horror,2003.0,3.15,39,84,3.6888794541139363,0,Other,False,Rob Schmidt,Canada,12600000.0,28650575.0,113000.0,1
M0295701,0295701,xXx,Action,2002.0,3.35,46,124,3.8501476017100584,0,Other,False,Rob Cohen,United States,70000000.0,277448382.0,175000.0,1
M0296042,0296042,Koroshiya 1,Action,2001.0,3.65,20,107,3.044522437723423,0,English,False,,,,,,1
M0296572,0296572,The Chronicles of Riddick,Action,2004.0,3.63,77,119,4.356708826689592,0,Other,False,David Twohy,United States,105000000.0,115900534.0,218000.0,1
M0297284,0297284,Mindhunters,Crime,2004.0,3.11,14,106,2.70805020110221,0,Other,False,Renny Harlin,Netherlands,27000000.0,21148829.0,59000.0,1
M0297884,0297884,Far from Heaven,Drama,2002.0,3.48,23,107,3.1780538303479458,0,Other,False,Todd Haynes,United States,13500000.0,29027914.0,45000.0,1
M0298130,0298130,The Ring,Horror,2002.0,3.65,68,115,4.23410650459726,0,Other,False,Gore Verbinski,United States,48000000.0,249348933.0,328000.0,1
M0298148,0298148,Shrek 2,Animation,2004.0,3.88,46,93,3.8501476017100584,0,Other,False,Andrew Adamson,United States,150000000.0,928760770.0,431000.0,1
M0298203,0298203,8 Mile,Drama,2002.0,4.11,192,110,5.262690188904886,0,Other,False,Curtis Hanson,United States,41000000.0,242875078.0,259000.0,1
M0298228,0298228,Whale Rider,Drama,2002.0,3.75,14,101,2.70805020110221,0,Other,False,Niki Caro,New Zealand,3500000.0,41062976.0,40000.0,1
M0298814,0298814,The Core,Action,2003.0,2.92,24,135,3.2188758248682006,0,Other,False,Jon Amiel,United Kingdom,60000000.0,73498611.0,95000.0,1
M0298845,0298845,In America,Drama,2002.0,3.84,16,105,2.833213344056216,0,Other,False,Jim Sheridan,Ireland,,25382911.0,41000.0,1
M0299658,0299658,Chicago,Comedy,2002.0,3.98,81,113,4.406719247264253,0,Other,False,Rob Marshall,United States,45000000.0,306776732.0,220000.0,1
M0299977,0299977,Ying xiong,Action,2002.0,4.13,46,107,3.8501476017100584,0,English,False,,,,,,1
M0300051,0300051,Jersey Girl,Comedy,2004.0,3.35,23,102,3.1780538303479458,0,Other,False,Kevin Smith,United States,35000000.0,35492921.0,64000.0,1
M0300140,0300140,Lilja 4-ever,Crime,2002.0,4.03,57,109,4.060443010546419,0,English,False,,,,,,1
M0300471,0300471,Shanghai Knights,Action,2003.0,3.38,16,114,2.833213344056216,0,Other,False,David Dobkin,United States,50000000.0,88323487.0,102000.0,1
M0300556,0300556,Timeline,Action,2003.0,2.8,22,116,3.1354942159291497,0,Other,False,Richard Donner,United States,80000000.0,43935763.0,61000.0,1
M0301199,0301199,Dirty Pretty Things,Crime,2002.0,3.8,23,97,3.1780538303479458,0,Other,False,Stephen Frears,United Kingdom,10000000.0,13904766.0,41000.0,1
M0301357,0301357,Good Bye Lenin!,Comedy,2003.0,4.02,97,121,4.584967478670572,0,Other,False,Wolfgang Becker,Germany,,79316957.0,140000.0,1
M0301470,0301470,Jeepers Creepers 2,Horror,2003.0,3.31,18,104,2.9444389791664403,0,Other,False,Victor Salva,United States,17000000.0,63102666.0,60000.0,1
M0301976,0301976,The United States of Leland,Drama,2003.0,3.5,13,108,2.6390573296152584,0,Other,False,Matthew Ryan Hoge,United States,,343847.0,23000.0,1
M0302640,0302640,The Hot Chick,Comedy,2002.0,3.75,14,104,2.70805020110221,0,Other,False,Tom Brady,United States,,54639553.0,92000.0,1
M0302886,0302886,Old School,Comedy,2003.0,3.6,78,88,4.3694478524670215,0,Other,False,Todd Phillips,United States,24000000.0,87135520.0,219000.0,1
M0303816,0303816,Cabin Fever,Horror,2002.0,2.68,31,93,3.4657359027997265,0,Other,False,Eli Roth,United States,1500000.0,30553394.0,75000.0,1
M0304141,0304141,Harry Potter and the Prisoner of Azkaban,Adventure,2004.0,4.09,240,142,5.484796933490655,0,Other,False,Alfonso Cuarón,United Kingdom,130000000.0,797361618.0,570000.0,1
M0304415,0304415,Mona Lisa Smile,Drama,2003.0,3.56,42,117,3.7612001156935624,0,Other,False,Mike Newell,United States,65000000.0,141337989.0,79000.0,1
M0304669,0304669,The Santa Clause 2,Comedy,2002.0,2.88,13,104,2.6390573296152584,0,Other,False,Michael Lembeck,United States,65000000.0,172855065.0,52000.0,1
M0305206,0305206,American Splendor,Biography,2003.0,3.65,20,101,3.044522437723423,0,Other,False,Shari Springer Berman,United States,,7986084.0,48000.0,1
M0305224,0305224,Anger Management,Comedy,2003.0,3.2,53,106,3.9889840465642745,0,Other,False,Peter Segal,United States,75000000.0,195745823.0,207000.0,1
M0305357,0305357,Charlie's Angels: Full Throttle,Action,2003.0,2.7,23,106,3.1780538303479458,0,Other,False,McG,United States,120000000.0,259175788.0,123000.0,1
M0305711,0305711,Just Married,Comedy,2003.0,3.03,17,95,2.8903717578961645,0,Other,False,Shawn Levy,United States,18000000.0,101564935.0,69000.0,1
M0306047,0306047,Scary Movie 3,Comedy,2003.0,2.9,25,84,3.258096538021482,0,Other,False,David Zucker,United States,48000000.0,220673217.0,140000.0,1
M0307453,0307453,Shark Tale,Animation,2004.0,3.07,23,90,3.1780538303479458,0,Other,False,Bibo Bergeron,United States,75000000.0,374583879.0,171000.0,1
M0307479,0307479,Solaris,Drama,2002.0,3.19,32,99,3.4965075614664802,0,Other,False,Steven Soderbergh,United States,47000000.0,30002758.0,80000.0,1
M0307901,0307901,25th Hour,Drama,2002.0,3.88,82,135,4.418840607796598,0,Other,False,Spike Lee,United States,5000000.0,23932055.0,172000.0,1
M0307987,0307987,Bad Santa,Comedy,2003.0,3.68,68,92,4.23410650459726,0,Other,False,Terry Zwigoff,Germany,23000000.0,76490720.0,137000.0,1
M0308055,0308055,Bobby,Biography,2006.0,3.18,11,117,2.4849066497880004,0,Other,False,Emilio Estevez,United States,14000000.0,20718608.0,41000.0,1
M0308152,0308152,Dead End,Adventure,2003.0,3.27,11,105,2.4849066497880004,0,English,False,,,,,,1
M0308379,0308379,Honogurai mizu no soko kara,Drama,2002.0,3.65,10,109,2.3978952727983707,0,English,False,,,,,,1
M0308383,0308383,The Human Stain,Drama,2003.0,3.58,12,106,2.5649493574615367,0,Other,False,Robert Benton,Germany,30000000.0,22954068.0,30000.0,1
M0308644,0308644,Finding Neverland,Biography,2004.0,4.09,86,106,4.465908118654584,0,Other,False,Marc Forster,United States,25000000.0,116650613.0,201000.0,1
M0309377,0309377,Blood Work,Action,2002.0,3.44,16,110,2.833213344056216,0,Other,False,Clint Eastwood,United States,50000000.0,31794718.0,43000.0,1
M0309593,0309593,Final Destination 2,Horror,2003.0,3.4,29,90,3.4011973816621555,0,Other,False,David R. Ellis,United States,26000000.0,90941129.0,156000.0,1
M0309698,0309698,Identity,Thriller,2003.0,3.77,194,90,5.272999558563747,0,Other,False,James Mangold,United States,28000000.0,90259536.0,233000.0,1
M0309987,0309987,The Dreamers,Drama,2003.0,3.69,75,115,4.330733340286331,0,Other,False,Bernardo Bertolucci,United Kingdom,15000000.0,24152155.0,114000.0,1
M0310281,0310281,A Mighty Wind,Comedy,2003.0,3.86,14,91,2.70805020110221,0,Other,False,Christopher Guest,United States,,18750246.0,27000.0,1
M0310775,0310775,Boksuneun naui geot,Action,2002.0,3.69,42,107,3.7612001156935624,0,English,False,,,,,,1
M0310793,0310793,Bowling for Columbine,Documentary,2002.0,4.24,29,102,3.4011973816621555,0,English,False,,,,,,1
M0311113,0311113,Master and Commander: The Far Side of the World,Action,2003.0,3.83,86,138,4.465908118654584,0,Other,False,Peter Weir,United States,150000000.0,211622535.0,208000.0,1
M0311289,0311289,Holes,Adventure,2003.0,3.91,33,117,3.5263605246161616,0,Other,False,Andrew Davis,United States,20000000.0,71406573.0,81000.0,1
M0311429,0311429,The League of Extraordinary Gentlemen,Action,2003.0,3.19,37,110,3.6375861597263857,0,Other,False,Stephen Norrington,United States,78000000.0,179265204.0,171000.0,1
M0312004,0312004,Wallace & Gromit in The Curse of the Were-Rabbit,Animation,2005.0,3.81,24,91,3.2188758248682006,0,English,False,,,,,,1
M0312528,0312528,The Cat in the Hat,Adventure,2003.0,3.38,12,82,2.5649493574615367,0,Other,False,Bo Welch,United States,109000000.0,133960541.0,59000.0,1
M0312549,0312549,Veronica Guerin,Biography,2003.0,3.71,12,98,2.5649493574615367,0,Other,False,Joel Schumacher,Ireland,17000000.0,9439660.0,20000.0,1
M0313443,0313443,Out of Time,Crime,2003.0,3.38,28,105,3.367295829986474,0,Other,False,Carl Franklin,United States,50000000.0,55495563.0,58000.0,1
M0313542,0313542,Runaway Jury,Crime,2003.0,3.61,41,127,3.7376696182833684,0,Other,False,Gary Fleder,United States,60000000.0,80154140.0,94000.0,1
M0313737,0313737,Two Weeks Notice,Comedy,2002.0,3.33,44,101,3.8066624897703196,0,Other,False,Marc Lawrence,United States,60000000.0,199043471.0,111000.0,1
M0313792,0313792,Anything Else,Comedy,2003.0,3.18,11,108,2.4849066497880004,0,Other,False,Woody Allen,United States,18000000.0,13585075.0,30000.0,1
M0314331,0314331,Love Actually,Comedy,2003.0,3.91,149,135,5.0106352940962555,0,Other,False,Richard Curtis,United Kingdom,40000000.0,245203167.0,444000.0,1
M0314353,0314353,Tears of the Sun,Action,2003.0,3.82,45,121,3.828641396489095,0,Other,False,Antoine Fuqua,United States,75000000.0,86468162.0,115000.0,1
M0314498,0314498,The Perfect Score,Comedy,2004.0,2.95,10,93,2.3978952727983707,0,Other,False,Brian Robbins,United States,40000000.0,10898337.0,24000.0,1
M0315327,0315327,Bruce Almighty,Comedy,2003.0,3.48,66,101,4.204692619390966,0,Other,False,Tom Shadyac,United States,81000000.0,484592874.0,380000.0,1
M0315642,0315642,Wazir,Action,2016.0,3.87,31,107,3.4657359027997265,0,English,False,,,,,,1
M0315733,0315733,21 Grams,Crime,2003.0,4.05,113,124,4.736198448394496,0,Other,False,Alejandro G. Iñárritu,United States,20000000.0,60427839.0,228000.0,1
M0315983,0315983,House of Sand and Fog,Crime,2003.0,3.7,20,126,3.044522437723423,0,Other,False,Vadim Perelman,United States,16500000.0,16763804.0,66000.0,1
M0316356,0316356,Open Range,Action,2003.0,3.64,25,139,3.258096538021482,0,Other,False,Kevin Costner,United States,22000000.0,68296293.0,68000.0,1
M0316396,0316396,Peter Pan,Adventure,2003.0,3.56,17,113,2.8903717578961645,0,Other,False,P.J. Hogan,United Kingdom,100000000.0,121975011.0,68000.0,1
M0316465,0316465,Radio,Biography,2003.0,3.72,18,109,2.9444389791664403,0,Other,False,Michael Tollin,United States,35000000.0,53293628.0,39000.0,1
M0316654,0316654,Spider-Man 2,Action,2004.0,3.78,116,127,4.762173934797756,0,Other,False,Sam Raimi,United States,200000000.0,788976453.0,559000.0,1
M0317198,0317198,Bridget Jones: The Edge of Reason,Comedy,2004.0,3.22,37,108,3.6375861597263857,0,Other,False,Beeban Kidron,United Kingdom,40000000.0,265126918.0,109000.0,1
M0317219,0317219,Cars,Animation,2006.0,3.85,82,117,4.418840607796598,0,Other,False,John Lasseter,United States,120000000.0,461991867.0,381000.0,1
M0317248,0317248,Cidade de Deus,Crime,2002.0,4.28,317,109,5.762051382780177,0,English,False,,,,,,1
M0317303,0317303,Daddy Day Care,Comedy,2003.0,3.12,20,92,3.044522437723423,0,Other,False,Steve Carr,United States,60000000.0,164433867.0,65000.0,1
M0317648,0317648,Hidalgo,Action,2004.0,3.27,13,136,2.6390573296152584,0,Other,False,Joe Johnston,United States,100000000.0,108040622.0,79000.0,1
M0317705,0317705,The Incredibles,Animation,2004.0,4.18,161,115,5.087596335232384,0,Other,False,Brad Bird,United States,92000000.0,631607053.0,673000.0,1
M0317740,0317740,The Italian Job,Action,2003.0,3.69,115,111,4.7535901911063645,0,Other,False,F. Gary Gray,United States,60000000.0,176070171.0,350000.0,1
M0317910,0317910,The Fog of War: Eleven Lessons from the Life of Robert S. McNamara,Documentary,2003.0,4.1,10,102,2.3978952727983707,0,English,False,,,,,,1
M0317919,0317919,Mission: Impossible III,Action,2006.0,3.61,105,126,4.663439094112067,0,Other,False,J.J. Abrams,United States,150000000.0,398479497.0,337000.0,1
M0318034,0318034,Russkiy kovcheg,Drama,2002.0,4.19,13,109,2.6390573296152584,0,English,False,,,,,,1
M0318411,0318411,The Magdalene Sisters,Drama,2002.0,3.7,15,114,2.772588722239781,0,Other,False,Peter Mullan,Ireland,,21107578.0,26000.0,1
M0318462,0318462,Diarios de motocicleta,Adventure,2004.0,4.06,39,105,3.6888794541139363,0,English,False,,,,,,1
M0318627,0318627,Resident Evil: Apocalypse,Action,2004.0,3.38,48,94,3.8918202981106265,0,Other,False,Alexander Witt,Germany,45000000.0,129342769.0,190000.0,1
M0318649,0318649,Sahara,Action,2005.0,3.19,24,111,3.2188758248682006,0,Other,False,Andrew V. McLaglen,United Kingdom,25000000.0,1402962.0,1500.0,1
M0319061,0319061,Big Fish,Adventure,2003.0,4.13,185,125,5.225746673713202,0,Other,False,Tim Burton,United States,70000000.0,123218424.0,422000.0,1
M0319262,0319262,The Day After Tomorrow,Action,2004.0,3.48,99,124,4.605170185988092,0,Other,False,Roland Emmerich,United States,125000000.0,552639571.0,424000.0,1
M0319343,0319343,Elf,Comedy,2003.0,3.66,94,97,4.553876891600541,0,Other,False,Jon Favreau,United States,33000000.0,223853736.0,235000.0,1
M0319769,0319769,Los lunes al sol,Comedy,2002.0,3.87,15,100,2.772588722239781,0,English,False,,,,,,1
M0320193,0320193,Oasiseu,Drama,2002.0,3.77,13,109,2.6390573296152584,0,English,False,,,,,,1
M0320661,0320661,Kingdom of Heaven,Action,2005.0,3.89,93,144,4.543294782270004,0,Other,False,Ridley Scott,United Kingdom,130000000.0,218122627.0,272000.0,1
M0320691,0320691,Underworld,Action,2003.0,3.85,65,121,4.189654742026425,0,Other,False,Len Wiseman,United States,22000000.0,95708457.0,258000.0,1
M0322259,0322259,2 Fast 2 Furious,Action,2003.0,3.16,101,107,4.624972813284271,0,Other,False,John Singleton,United States,76000000.0,236350661.0,259000.0,1
M0322330,0322330,Freaky Friday,Comedy,2003.0,3.55,32,97,3.4965075614664802,0,Other,False,Mark Waters,United States,20000000.0,160846332.0,129000.0,1
M0322589,0322589,Honey,Drama,2003.0,3.32,11,94,2.4849066497880004,0,Other,False,Bille Woodruff,United States,18000000.0,62228395.0,44000.0,1
M0322802,0322802,Jackass: The Movie,Documentary,2002.0,3.22,18,102,2.9444389791664403,0,English,False,,,,,,1
M0324133,0324133,Swimming Pool,Crime,2003.0,3.58,18,102,2.9444389791664403,0,Other,False,François Ozon,France,,22441497.0,43000.0,1
M0324216,0324216,The Texas Chainsaw Massacre,Horror,2003.0,3.38,41,98,3.7376696182833684,0,Other,False,Marcus Nispel,United States,9500000.0,107363905.0,133000.0,1
M0324554,0324554,Wicker Park,Drama,2004.0,3.8,22,114,3.1354942159291497,0,Other,False,Paul McGuigan,United States,30000000.0,21741598.0,53000.0,1
M0325055,0325055,Sylvia,Biography,2003.0,3.45,11,100,2.4849066497880004,0,Other,False,Christine Jeffs,United Kingdom,,2917393.0,10000.0,1
M0325655,0325655,Gin gwai,Drama,2002.0,3.4,10,109,2.3978952727983707,0,English,False,,,,,,1
M0325703,0325703,Lara Croft Tomb Raider: The Cradle of Life,Action,2003.0,2.98,27,117,3.332204510175204,0,Other,False,Jan de Bont,United States,95000000.0,160099222.0,132000.0,1
M0325710,0325710,The Last Samurai,Action,2003.0,4.09,158,154,5.0689042022202315,0,Other,False,Edward Zwick,United States,140000000.0,454627263.0,409000.0,1
M0325805,0325805,Matchstick Men,Comedy,2003.0,3.67,48,116,3.8918202981106265,0,Other,False,Ridley Scott,United States,62000000.0,65565672.0,126000.0,1
M0325980,0325980,Pirates of the Caribbean: The Curse of the Black Pearl,Action,2003.0,4.16,213,143,5.365976015021851,0,Other,False,Gore Verbinski,United States,140000000.0,654264015.0,1000000.0,1
M0327056,0327056,Mystic River,Crime,2003.0,4.13,342,138,5.8377304471659395,0,Other,False,Clint Eastwood,United States,25000000.0,156595191.0,430000.0,1
M0327084,0327084,Over the Hedge,Animation,2006.0,3.68,31,83,3.4657359027997265,0,Other,False,Tim Johnson,United States,80000000.0,339795890.0,164000.0,1
M0327137,0327137,Secondhand Lions,Comedy,2003.0,3.85,13,109,2.6390573296152584,0,Other,False,Tim McCanlies,United States,30000000.0,48260279.0,54000.0,1
M0327162,0327162,The Stepford Wives,Comedy,2004.0,3.14,18,93,2.9444389791664403,0,Other,False,Frank Oz,United States,90000000.0,103370127.0,62000.0,1
M0327247,0327247,The Whole Ten Yards,Comedy,2004.0,2.85,10,98,2.3978952727983707,0,Other,False,Howard Deutch,United States,40000000.0,26170671.0,55000.0,1
M0327437,0327437,Around the World in 80 Days,Action,2004.0,3.03,15,120,2.772588722239781,0,Other,False,Frank Coraci,United States,110000000.0,72178895.0,87000.0,1
M0327554,0327554,Catwoman,Action,2004.0,2.3,25,104,3.258096538021482,0,Other,False,Pitof,United States,100000000.0,82102379.0,113000.0,1
M0327597,0327597,Coraline,Animation,2009.0,3.87,78,100,4.3694478524670215,0,Other,False,Henry Selick,United States,60000000.0,124596837.0,204000.0,1
M0327679,0327679,Ella Enchanted,Comedy,2004.0,3.82,19,96,2.995732273553991,0,Other,False,Tommy O'Haver,United States,31000000.0,27388767.0,64000.0,1
M0327850,0327850,The Rundown,Action,2003.0,3.28,41,104,3.7376696182833684,0,Other,False,Peter Berg,United States,85000000.0,80981914.0,103000.0,1
M0328107,0328107,Man on Fire,Action,2004.0,3.93,193,92,5.267858159063328,0,Other,False,Élie Chouraqui,France,,519596.0,1900.0,1
M0328538,0328538,Thirteen,Drama,2003.0,3.55,20,100,3.044522437723423,0,Other,False,Catherine Hardwicke,United States,2000000.0,10128960.0,81000.0,1
M0328589,0328589,Under the Tuscan Sun,Comedy,2003.0,3.54,27,113,3.332204510175204,0,Other,False,Audrey Wells,United States,18000000.0,58878723.0,49000.0,1
M0328828,0328828,American Wedding,Comedy,2003.0,3.46,41,96,3.7376696182833684,0,Other,False,Jesse Dylan,United States,55000000.0,232722935.0,198000.0,1
M0328832,0328832,The Animatrix,Animation,2003.0,3.75,18,91,2.9444389791664403,0,English,False,,,,,,1
M0328880,0328880,Brother Bear,Animation,2003.0,3.6,21,85,3.091042453358316,0,Other,False,Aaron Blaise,United States,128000000.0,250397798.0,101000.0,1
M0329101,0329101,Freddy vs. Jason,Action,2003.0,3.19,37,97,3.6375861597263857,0,Other,False,Ronny Yu,Canada,30000000.0,116632628.0,113000.0,1
M0329575,0329575,Seabiscuit,Drama,2003.0,4.05,21,140,3.091042453358316,0,Other,False,Gary Ross,United States,87000000.0,148336445.0,68000.0,1
M0329774,0329774,xXx: State of the Union,Action,2005.0,2.71,19,101,2.995732273553991,0,Other,False,Lee Tamahori,United States,113000000.0,71022693.0,68000.0,1
M0330373,0330373,Harry Potter and the Goblet of Fire,Adventure,2005.0,4.1,230,157,5.442417710521793,0,Other,False,Mike Newell,United Kingdom,150000000.0,896678241.0,566000.0,1
M0330793,0330793,The Punisher,Action,2004.0,3.38,55,124,4.02535169073515,0,Other,False,Jonathan Hensleigh,United States,33000000.0,54700105.0,152000.0,1
M0331811,0331811,11:14,Crime,2003.0,3.76,19,109,2.995732273553991,0,English,False,,,,,,1
M0332047,0332047,Fever Pitch,Comedy,2005.0,3.54,24,96,3.2188758248682006,0,Other,False,Richard Brooks,United States,7000000.0,618847.0,243.0,1
M0332136,0332136,If Only,Comedy,2004.0,3.46,25,100,3.258096538021482,0,English,False,,,,,,1
M0332280,0332280,The Notebook,Drama,2004.0,4.15,379,123,5.940171252720432,0,Other,False,Nick Cassavetes,United States,29000000.0,117815157.0,534000.0,1
M0332379,0332379,The School of Rock,Comedy,2003.0,3.82,85,100,4.454347296253507,0,English,False,,,,,,1
M0332452,0332452,Troy,Drama,2004.0,3.93,149,163,5.0106352940962555,0,Other,False,Wolfgang Petersen,United States,175000000.0,497409852.0,500000.0,1
M0333766,0333766,Garden State,Comedy,2004.0,3.77,72,102,4.290459441148391,0,Other,False,Zach Braff,United States,2500000.0,35825316.0,209000.0,1
M0333780,0333780,"Legally Blonde 2: Red, White &amp; Blonde",Comedy,2003.0,2.64,14,100,2.70805020110221,0,English,False,,,,,,1
M0335119,0335119,Girl with a Pearl Earring,Biography,2003.0,3.31,24,100,3.2188758248682006,0,Other,False,Peter Webber,United Kingdom,12000000.0,33030115.0,74000.0,1
M0335245,0335245,The Ladykillers,Comedy,2004.0,3.41,50,104,3.9318256327243257,0,Other,False,Ethan Coen,United States,35000000.0,76665191.0,101000.0,1
M0335266,0335266,Lost in Translation,Drama,2003.0,3.74,336,102,5.820082930352362,0,Other,False,Sofia Coppola,United States,4000000.0,118686937.0,426000.0,1
M0335345,0335345,The Passion of the Christ,Drama,2004.0,4.22,68,127,4.23410650459726,0,Other,False,Mel Gibson,United States,30000000.0,612054506.0,221000.0,1
M0335438,0335438,Starsky &amp; Hutch,Comedy,2004.0,3.33,33,100,3.5263605246161616,0,English,False,,,,,,1
M0337563,0337563,13 Going on 30,Comedy,2004.0,3.57,52,98,3.970291913552122,0,Other,False,Gary Winick,United States,37000000.0,96455697.0,174000.0,1
M0337692,0337692,On the Road,Adventure,2012.0,3.04,66,124,4.204692619390966,0,Other,False,Walter Salles,France,25000000.0,9617377.0,40000.0,1
M0337741,0337741,Something's Gotta Give,Comedy,2003.0,3.59,34,128,3.5553480614894135,0,Other,False,Nancy Meyers,United States,80000000.0,265328738.0,115000.0,1
M0337876,0337876,Birth,Drama,2004.0,3.54,14,100,2.70805020110221,0,Other,False,Jonathan Glazer,United Kingdom,20000000.0,23925492.0,35000.0,1
M0337909,0337909,Calendar Girls,Comedy,2003.0,3.77,11,108,2.4849066497880004,0,Other,False,Nigel Cole,United Kingdom,10000000.0,93400759.0,24000.0,1
M0337921,0337921,Cellular,Action,2004.0,3.41,33,94,3.5263605246161616,0,Other,False,David R. Ellis,United States,25000000.0,57678321.0,95000.0,1
M0337978,0337978,Die Hard 4.0,Action,2007.0,3.62,94,107,4.553876891600541,0,English,False,,,,,,1
M0338013,0338013,Eternal Sunshine of the Spotless Mind,Drama,2004.0,4.12,524,108,6.263398262591624,0,Other,False,Michel Gondry,United States,20000000.0,74036715.0,935000.0,1
M0338094,0338094,The Haunted Mansion,Comedy,2003.0,2.68,14,88,2.70805020110221,0,Other,False,Rob Minkoff,United States,90000000.0,182290266.0,44000.0,1
M0338095,0338095,Haute tension,Horror,2003.0,3.92,25,96,3.258096538021482,0,English,False,,,,,,1
M0338135,0338135,Les invasions barbares,Comedy,2003.0,3.77,13,100,2.6390573296152584,0,English,False,,,,,,1
M0338188,0338188,The Missing,Adventure,2003.0,3.75,18,137,2.9444389791664403,0,Other,False,Ron Howard,United States,60000000.0,38364277.0,34000.0,1
M0338337,0338337,Paycheck,Action,2003.0,3.24,37,119,3.6375861597263857,0,Other,False,John Woo,United States,60000000.0,117248958.0,105000.0,1
M0338348,0338348,The Polar Express,Animation,2004.0,3.54,67,100,4.219507705176107,0,Other,False,Robert Zemeckis,United States,165000000.0,314215454.0,185000.0,1
M0338459,0338459,Spy Kids 3-D: Game Over,Action,2003.0,2.55,10,84,2.3978952727983707,0,Other,False,Robert Rodriguez,United States,38000000.0,197101678.0,57000.0,1
M0338466,0338466,Stuck on You,Comedy,2003.0,3.0,11,118,2.4849066497880004,0,Other,False,Bobby Farrelly,United States,55000000.0,65784503.0,52000.0,1
M0338526,0338526,Van Helsing,Action,2004.0,3.34,50,131,3.9318256327243257,0,Other,False,Stephen Sommers,United States,160000000.0,300157638.0,251000.0,1
M0338564,0338564,Mou gaan dou,Crime,2002.0,4.1,56,109,4.04305126783455,0,English,False,,,,,,1
M0338751,0338751,The Aviator,Biography,2004.0,3.87,238,96,5.476463551931511,0,Other,False,George Miller,United States,,1304192.0,1200.0,1
M0339291,0339291,A Series of Unfortunate Events,Adventure,2004.0,3.79,56,108,4.04305126783455,0,Other,False,Brad Silberling,Germany,140000000.0,211468235.0,199000.0,1
M0340163,0340163,Hostage,Action,2005.0,3.42,36,113,3.6109179126442243,0,Other,False,Florent-Emilio Siri,United States,52000000.0,77663556.0,108000.0,1
M0340377,0340377,The Station Agent,Comedy,2003.0,3.72,47,89,3.871201010907891,0,Other,False,Tom McCarthy,United States,500000.0,8701337.0,68000.0,1
M0340855,0340855,Monster,Biography,2003.0,3.76,129,109,4.867534450455582,0,Other,False,Patty Jenkins,United States,8000000.0,58469210.0,140000.0,1
M0342172,0342172,Capturing the Friedmans,Documentary,2003.0,3.75,18,102,2.9444389791664403,0,English,False,,,,,,1
M0342258,0342258,Unleashed,Action,2005.0,3.82,25,103,3.258096538021482,0,Other,False,Louis Leterrier,United Kingdom,45000000.0,50871113.0,100000.0,1
M0342735,0342735,Manderlay,Drama,2005.0,3.75,10,139,2.3978952727983707,0,Other,False,Lars von Trier,Denmark,14200000.0,674918.0,23000.0,1
M0343135,0343135,Along Came Polly,Comedy,2004.0,2.9,35,90,3.58351893845611,0,Other,False,John Hamburg,United States,42000000.0,178311729.0,129000.0,1
M0343660,0343660,50 First Dates,Comedy,2004.0,3.41,66,99,4.204692619390966,0,Other,False,Peter Segal,United States,75000000.0,198520934.0,335000.0,1
M0343737,0343737,The Good Shepherd,Drama,2006.0,3.34,31,167,3.4657359027997265,0,Other,False,Robert De Niro,United States,110000000.0,100266865.0,100000.0,1
M0343818,0343818,"I, Robot",Action,2004.0,3.72,92,115,4.532599493153256,0,Other,False,Alex Proyas,United States,120000000.0,353133898.0,509000.0,1
M0344510,0344510,Un long dimanche de fiançailles,Drama,2004.0,3.59,23,109,3.1780538303479458,0,English,False,,,,,,1
M0345061,0345061,Code 46,Drama,2003.0,3.36,11,93,2.4849066497880004,0,Other,False,Michael Winterbottom,United Kingdom,7500000.0,886018.0,20000.0,1
M0345950,0345950,The SpongeBob SquarePants Movie,Animation,2004.0,3.92,18,87,2.9444389791664403,0,Other,False,Stephen Hillenburg,United States,30000000.0,141067127.0,82000.0,1
M0346094,0346094,Uzak,Drama,2002.0,3.93,21,109,3.091042453358316,0,English,False,,,,,,1
M0346156,0346156,Sky Captain and the World of Tomorrow,Action,2004.0,3.06,16,106,2.833213344056216,0,Other,False,Kerry Conran,United States,70000000.0,57947036.0,83000.0,1
M0346336,0346336,La meglio gioventù,Drama,2003.0,4.56,26,109,3.295836866004329,0,English,False,,,,,,1
M0346491,0346491,Alexander,Action,2004.0,3.02,26,175,3.295836866004329,0,Other,False,Oliver Stone,United States,155000000.0,167298192.0,165000.0,1
M0347048,0347048,Gegen die Wand,Drama,2004.0,3.92,26,109,3.295836866004329,0,English,False,,,,,,1
M0347149,0347149,Hauru no ugoku shiro,Animation,2004.0,4.24,227,91,5.429345628954441,0,English,False,,,,,,1
M0347246,0347246,Inosensu: Innocence,Animation,2004.0,3.91,16,91,2.833213344056216,0,English,False,,,,,,1
M0347304,0347304,Kal Ho Naa Ho,Comedy,2003.0,4.35,13,186,2.6390573296152584,0,Other,False,Nikkhil Advani,India,,13200241.0,65000.0,1
M0347618,0347618,Neko no ongaeshi,Animation,2002.0,3.55,38,91,3.6635616461296463,0,English,False,,,,,,1
M0348150,0348150,Superman Returns,Action,2006.0,3.28,76,154,4.343805421853684,0,Other,False,Bryan Singer,United States,270000000.0,391081192.0,274000.0,1
M0348333,0348333,Waiting...,Comedy,2005.0,3.26,25,94,3.258096538021482,0,Other,False,Rob McKittrick,United States,3000000.0,18637690.0,93000.0,1
M0348568,0348568,Keulraesik,Drama,2003.0,3.77,11,109,2.4849066497880004,0,English,False,,,,,,1
M0348836,0348836,Gothika,Horror,2003.0,3.23,43,98,3.784189633918261,0,Other,False,Mathieu Kassovitz,United States,40000000.0,141591324.0,108000.0,1
M0349205,0349205,Cheaper by the Dozen,Comedy,2003.0,3.34,22,98,3.1354942159291497,0,Other,False,Shawn Levy,United States,40000000.0,190538630.0,96000.0,1
M0349683,0349683,King Arthur,Action,2004.0,3.67,27,126,3.332204510175204,0,Other,False,Antoine Fuqua,United States,120000000.0,203567857.0,162000.0,1
M0349710,0349710,Ladder 49,Action,2004.0,3.73,11,115,2.4849066497880004,0,Other,False,Jay Russell,United States,55000000.0,100572044.0,55000.0,1
M0349825,0349825,Miracle,Biography,2004.0,3.81,18,135,2.9444389791664403,0,Other,False,Gavin O'Connor,Canada,28000000.0,64445708.0,50000.0,1
M0349903,0349903,Ocean's Twelve,Crime,2004.0,3.27,127,125,4.852030263919617,0,Other,False,Steven Soderbergh,United States,110000000.0,362744280.0,367000.0,1
M0350028,0350028,Raising Helen,Comedy,2004.0,3.08,12,119,2.5649493574615367,0,Other,False,Garry Marshall,United States,50000000.0,49718611.0,36000.0,1
M0350258,0350258,Ray,Biography,2004.0,4.09,80,152,4.394449154672439,0,Other,False,Taylor Hackford,United States,40000000.0,123971376.0,141000.0,1
M0350261,0350261,An Unfinished Life,Drama,2005.0,3.61,18,108,2.9444389791664403,0,Other,False,Lasse Hallström,Germany,30000000.0,18618284.0,29000.0,1
M0351283,0351283,Madagascar,Animation,2005.0,3.5,56,86,4.04305126783455,0,Other,False,Eric Darnell,United States,75000000.0,542063846.0,376000.0,1
M0351817,0351817,Tasogare Seibei,Drama,2002.0,4.4,15,109,2.772588722239781,0,English,False,,,,,,1
M0351977,0351977,Walking Tall,Action,2004.0,3.1,21,86,3.091042453358316,0,Other,False,Kevin Bray,United States,46000000.0,57223890.0,72000.0,1
M0352248,0352248,Cinderella Man,Biography,2005.0,4.32,202,144,5.313205979041787,0,Other,False,Ron Howard,United States,88000000.0,108539911.0,179000.0,1
M0352343,0352343,La finestra di fronte,Drama,2003.0,3.53,15,109,2.772588722239781,0,English,False,,,,,,1
M0353969,0353969,Salinui chueok,Action,2003.0,4.22,234,107,5.459585514144159,0,English,False,,,,,,1
M0354899,0354899,La science des rêves,Comedy,2006.0,3.79,14,100,2.70805020110221,0,English,False,,,,,,1
M0355295,0355295,The Brothers Grimm,Action,2005.0,3.0,25,118,3.258096538021482,0,Other,False,Terry Gilliam,United States,88000000.0,105316267.0,118000.0,1
M0355702,0355702,Lords of Dogtown,Biography,2005.0,3.81,13,107,2.6390573296152584,0,Other,False,Catherine Hardwicke,United States,25000000.0,13411957.0,53000.0,1
M0356150,0356150,EuroTrip,Adventure,2004.0,3.29,34,92,3.5553480614894135,0,Other,False,Jeff Schaffer,United States,25000000.0,22605153.0,200000.0,1
M0356470,0356470,A Cinderella Story,Comedy,2004.0,3.7,15,95,2.772588722239781,0,Other,False,Mark Rosman,United States,19000000.0,70067909.0,83000.0,1
M0356618,0356618,The Forgotten,Drama,2004.0,3.1,26,91,3.295836866004329,0,Other,False,Joseph Ruben,United States,42000000.0,117592831.0,65000.0,1
M0356634,0356634,Garfield,Animation,2004.0,2.58,13,80,2.6390573296152584,0,Other,False,Peter Hewitt,United States,50000000.0,203172417.0,81000.0,1
M0356680,0356680,The Family Stone,Comedy,2005.0,3.23,22,103,3.1354942159291497,0,Other,False,Thomas Bezucha,United States,18000000.0,92884429.0,63000.0,1
M0356721,0356721,I Heart Huckabees,Comedy,2004.0,3.62,21,107,3.091042453358316,0,Other,False,David O. Russell,United Kingdom,20000000.0,20094909.0,63000.0,1
M0356910,0356910,Mr. &amp; Mrs. Smith,Action,2005.0,3.41,114,107,4.74493212836325,0,English,False,,,,,,1
M0357277,0357277,Elektra,Action,2005.0,2.48,21,97,3.091042453358316,0,Other,False,Rob Bowman,Canada,43000000.0,56995646.0,89000.0,1
M0357413,0357413,Anchorman: The Legend of Ron Burgundy,Comedy,2004.0,3.52,172,94,5.153291594497779,0,Other,False,Adam McKay,United States,26000000.0,90709367.0,337000.0,1
M0358082,0358082,Robots,Animation,2005.0,3.61,19,91,2.995732273553991,0,Other,False,Chris Wedge,United States,75000000.0,262511490.0,137000.0,1
M0358135,0358135,Shall We Dance,Comedy,2004.0,3.12,13,106,2.6390573296152584,0,Other,False,Peter Chelsom,United States,50000000.0,170128460.0,45000.0,1
M0358273,0358273,Walk the Line,Biography,2005.0,4.23,213,136,5.365976015021851,0,Other,False,James Mangold,United States,28000000.0,186797986.0,239000.0,1
M0358456,0358456,Earthlings,Documentary,2005.0,4.5,10,102,2.3978952727983707,0,English,False,,,,,,1
M0359013,0359013,Blade: Trinity,Action,2004.0,2.89,46,113,3.8501476017100584,0,Other,False,David S. Goyer,United States,65000000.0,131977904.0,169000.0,1
M0359950,0359950,The Secret Life of Walter Mitty,Adventure,2013.0,3.74,1060,114,6.966967138613983,0,Other,False,Ben Stiller,United States,90000000.0,188133322.0,300000.0,1
M0360201,0360201,Wimbledon,Comedy,2004.0,3.43,21,98,3.091042453358316,0,Other,False,Richard Loncraine,United Kingdom,31000000.0,41682237.0,61000.0,1
M0360486,0360486,Constantine,Action,2005.0,3.6,105,121,4.663439094112067,0,Other,False,Francis Lawrence,United States,100000000.0,230884728.0,317000.0,1
M0360556,0360556,Fahrenheit 451,Drama,2018.0,2.61,28,109,3.367295829986474,0,English,False,,,,,,1
M0360717,0360717,King Kong,Action,2005.0,3.87,86,187,4.465908118654584,0,Other,False,Peter Jackson,United States,207000000.0,562363449.0,403000.0,1
M0361127,0361127,The Woodsman,Drama,2004.0,3.79,19,87,2.995732273553991,0,Other,False,Nicole Kassell,United States,,4678405.0,33000.0,1
M0361596,0361596,Fahrenheit 9/11,Documentary,2004.0,3.74,33,102,3.5263605246161616,0,English,False,,,,,,1
M0361748,0361748,Inglourious Basterds,Adventure,2009.0,4.21,771,153,6.648984550024776,0,Other,False,Quentin Tarantino,United States,70000000.0,321457747.0,1300000.0,1
M0361862,0361862,The Machinist,Drama,2004.0,3.85,254,101,5.541263545158426,0,Other,False,Brad Anderson,Spain,5000000.0,8203235.0,366000.0,1
M0362120,0362120,Scary Movie 4,Comedy,2006.0,2.94,17,83,2.8903717578961645,0,Other,False,David Zucker,United States,45000000.0,178262620.0,116000.0,1
M0362225,0362225,Ne le dis à personne,Crime,2006.0,3.92,73,109,4.30406509320417,0,English,False,,,,,,1
M0362227,0362227,The Terminal,Comedy,2004.0,4.01,369,128,5.91350300563827,0,Other,False,Steven Spielberg,United States,60000000.0,219100084.0,421000.0,1
M0362270,0362270,The Life Aquatic with Steve Zissou,Action,2004.0,3.91,97,119,4.584967478670572,0,Other,False,Wes Anderson,United States,50000000.0,34809623.0,185000.0,1
M0362478,0362478,The Box,Drama,2009.0,2.86,32,115,3.4965075614664802,0,Other,False,Richard Kelly,United States,30000000.0,33334176.0,90000.0,1
M0363163,0363163,Der Untergang,Biography,2004.0,4.19,149,117,5.0106352940962555,0,English,False,,,,,,1
M0363226,0363226,Zatôichi,Action,2003.0,3.84,19,107,2.995732273553991,0,English,False,,,,,,1
M0363547,0363547,Dawn of the Dead,Horror,2004.0,3.67,81,101,4.406719247264253,0,Other,False,Zack Snyder,United States,26000000.0,102278712.0,243000.0,1
M0363589,0363589,Elephant,Crime,2003.0,3.69,36,81,3.6109179126442243,0,Other,False,Gus Van Sant,United States,3000000.0,10012022.0,88000.0,1
M0363771,0363771,"The Chronicles of Narnia: The Lion, the Witch and the Wardrobe",Adventure,2005.0,4.06,42,143,3.7612001156935624,0,Other,False,Andrew Adamson,United Kingdom,180000000.0,745013115.0,375000.0,1
M0363988,0363988,Secret Window,Drama,2004.0,3.53,81,96,4.406719247264253,0,Other,False,David Koepp,United States,40000000.0,92913171.0,186000.0,1
M0364045,0364045,Taking Lives,Crime,2004.0,3.18,37,103,3.6375861597263857,0,Other,False,D.J. Caruso,United States,45000000.0,65470529.0,84000.0,1
M0364343,0364343,The Final Cut,Drama,2004.0,2.8,15,95,2.772588722239781,0,Other,False,Omar Naim,United States,,3222439.0,32000.0,1
M0364517,0364517,Jeux d'enfants,Comedy,2003.0,3.92,44,100,3.8066624897703196,0,English,False,,,,,,1
M0364569,0364569,Oldeuboi,Action,2003.0,4.14,380,107,5.942799375126701,0,English,False,,,,,,1
M0364725,0364725,Dodgeball: A True Underdog Story,Comedy,2004.0,3.71,58,92,4.07753744390572,0,Other,False,Rawson Marshall Thurber,United States,20000000.0,168423227.0,235000.0,1
M0364751,0364751,Without a Paddle,Adventure,2004.0,2.8,10,95,2.3978952727983707,0,Other,False,Steven Brill,United States,19000000.0,73029190.0,45000.0,1
M0364930,0364930,Aileen: Life and Death of a Serial Killer,Documentary,2003.0,3.73,15,102,2.772588722239781,0,English,False,,,,,,1
M0364961,0364961,The Assassination of Richard Nixon,Biography,2004.0,3.65,10,117,2.3978952727983707,0,English,False,,,,,,1
M0364970,0364970,Babylon A.D.,Action,2008.0,2.71,26,90,3.295836866004329,0,Other,False,Mathieu Kassovitz,France,70000000.0,72109200.0,94000.0,1
M0365376,0365376,"Janghwa, Hongryeon",Drama,2003.0,3.62,36,109,3.6109179126442243,0,English,False,,,,,,1
M0365485,0365485,The Matador,Comedy,2005.0,3.64,11,96,2.4849066497880004,0,Other,False,Richard Shepard,Ireland,12500000.0,17356268.0,44000.0,1
M0365545,0365545,Nappily Ever After,Comedy,2018.0,3.41,34,100,3.5553480614894135,0,English,False,,,,,,1
M0365686,0365686,Revolver,Action,2005.0,3.14,22,111,3.1354942159291497,0,Other,False,Guy Ritchie,France,,7155807.0,92000.0,1
M0365737,0365737,Syriana,Drama,2005.0,3.53,46,128,3.8501476017100584,0,Other,False,Stephen Gaghan,United States,50000000.0,93974620.0,127000.0,1
M0365748,0365748,Shaun of the Dead,Comedy,2004.0,3.92,227,99,5.429345628954441,0,Other,False,Edgar Wright,United Kingdom,,30097092.0,525000.0,1
M0365830,0365830,Tenacious D in The Pick of Destiny,Adventure,2006.0,3.42,20,93,3.044522437723423,0,Other,False,Liam Lynch,United States,20000000.0,13939963.0,104000.0,1
M0365907,0365907,A Walk Among the Tombstones,Action,2014.0,3.24,403,114,6.0014148779611505,0,Other,False,Scott Frank,United States,28000000.0,58834384.0,115000.0,1
M0365929,0365929,Whiteout,Action,2009.0,2.66,22,101,3.1354942159291497,0,Other,False,Dominic Sena,United States,35000000.0,17976667.0,38000.0,1
M0366548,0366548,Happy Feet,Animation,2006.0,3.48,23,108,3.1780538303479458,0,Other,False,George Miller,United States,100000000.0,384336108.0,174000.0,1
M0366551,0366551,Harold &amp; Kumar Go to White Castle,Adventure,2004.0,3.72,29,105,3.4011973816621555,0,English,False,,,,,,1
M0366627,0366627,The Jacket,Drama,2005.0,3.47,48,103,3.8918202981106265,0,Other,False,John Maybury,Germany,29000000.0,21733230.0,110000.0,1
M0367027,0367027,Shortbus,Drama,2006.0,3.38,13,101,2.6390573296152584,0,Other,False,John Cameron Mitchell,United States,2000000.0,5526675.0,32000.0,1
M0367085,0367085,Soul Plane,Comedy,2004.0,2.17,15,86,2.772588722239781,0,Other,False,Jessy Terrero,United States,16000000.0,14821824.0,22000.0,1
M0367089,0367089,The Squid and the Whale,Comedy,2005.0,3.74,37,81,3.6375861597263857,0,Other,False,Noah Baumbach,United States,1500000.0,11098131.0,80000.0,1
M0367110,0367110,"Swades: We, the People",Drama,2004.0,4.19,13,109,2.6390573296152584,0,English,False,,,,,,1
M0367188,0367188,Modigliani,Biography,2004.0,4.05,11,117,2.4849066497880004,0,English,False,,,,,,1
M0367479,0367479,After the Sunset,Action,2004.0,3.21,12,97,2.5649493574615367,0,Other,False,Brett Ratner,United States,60000000.0,62657868.0,45000.0,1
M0367594,0367594,Charlie and the Chocolate Factory,Adventure,2005.0,3.35,93,115,4.543294782270004,0,Other,False,Tim Burton,United Kingdom,150000000.0,474968763.0,441000.0,1
M0367882,0367882,Indiana Jones and the Kingdom of the Crystal Skull,Action,2008.0,3.28,78,122,4.3694478524670215,0,Other,False,Steven Spielberg,United States,185000000.0,790653942.0,433000.0,1
M0367959,0367959,Hannibal Rising,Adventure,2007.0,3.34,47,121,3.871201010907891,0,Other,False,Peter Webber,Czech Republic,50000000.0,82169884.0,106000.0,1
M0368008,0368008,The Manchurian Candidate,Drama,2004.0,3.3,51,129,3.9512437185814275,0,Other,False,Jonathan Demme,United States,80000000.0,96105910.0,107000.0,1
M0368226,0368226,The Room,Drama,2003.0,2.36,90,99,4.51085950651685,0,Other,False,Tommy Wiseau,United States,6000000.0,4988181.0,84000.0,1
M0368447,0368447,The Village,Drama,2004.0,3.43,58,108,4.07753744390572,0,Other,False,M. Night Shyamalan,United States,60000000.0,256697520.0,247000.0,1
M0368709,0368709,Elizabethtown,Comedy,2005.0,3.81,16,123,2.833213344056216,0,Other,False,Cameron Crowe,United States,45000000.0,52164016.0,68000.0,1
M0368794,0368794,I'm Not There.,Biography,2007.0,3.64,18,117,2.9444389791664403,0,English,False,,,,,,1
M0368891,0368891,National Treasure,Action,2004.0,3.56,51,131,3.9512437185814275,0,Other,False,Jon Turteltaub,United States,100000000.0,347512318.0,311000.0,1
M0368909,0368909,Ong-bak,Action,2003.0,3.65,20,107,3.044522437723423,0,English,False,,,,,,1
M0368933,0368933,The Princess Diaries 2: Royal Engagement,Comedy,2004.0,3.67,12,113,2.5649493574615367,0,Other,False,Garry Marshall,United States,40000000.0,134734481.0,76000.0,1
M0369339,0369339,Collateral,Crime,2004.0,3.74,202,120,5.313205979041787,0,Other,False,Michael Mann,United States,65000000.0,220239925.0,373000.0,1
M0369436,0369436,Four Christmases,Comedy,2008.0,2.84,34,88,3.5553480614894135,0,Other,False,Seth Gordon,Germany,80000000.0,164112721.0,67000.0,1
M0369441,0369441,Fun with Dick and Jane,Comedy,2005.0,3.35,48,90,3.8918202981106265,0,Other,False,Dean Parisot,United States,100000000.0,204681899.0,139000.0,1
M0369610,0369610,Jurassic World,Action,2015.0,3.64,1225,124,7.111512116496157,0,Other,False,Colin Trevorrow,United States,150000000.0,1670516444.0,593000.0,1
M0369702,0369702,Mar adentro,Biography,2004.0,4.15,57,117,4.060443010546419,0,English,False,,,,,,1
M0370032,0370032,Ultraviolet,Action,2006.0,2.32,19,88,2.995732273553991,0,Other,False,Kurt Wimmer,United States,30000000.0,31070211.0,80000.0,1
M0370263,0370263,AVP: Alien vs. Predator,Action,2004.0,3.0,54,107,4.007333185232471,0,English,False,,,,,,1
M0370986,0370986,Mysterious Skin,Drama,2004.0,3.69,35,105,3.58351893845611,0,Other,False,Gregg Araki,United States,,1532932.0,67000.0,1
M0371246,0371246,Spanglish,Comedy,2004.0,3.48,28,131,3.367295829986474,0,Other,False,James L. Brooks,United States,80000000.0,55470154.0,81000.0,1
M0371257,0371257,Stay,Drama,2005.0,3.35,37,99,3.6375861597263857,0,Other,False,Marc Forster,United States,50000000.0,8483797.0,77000.0,1
M0371606,0371606,Chicken Little,Animation,2005.0,3.25,16,81,2.833213344056216,0,Other,False,Mark Dindal,United States,150000000.0,314432837.0,88000.0,1
M0371724,0371724,The Hitchhiker's Guide to the Galaxy,Adventure,2005.0,3.62,67,109,4.219507705176107,0,Other,False,Garth Jennings,United Kingdom,50000000.0,104478416.0,190000.0,1
M0371746,0371746,Iron Man,Action,2008.0,3.97,515,126,6.246106765481563,0,Other,False,Jon Favreau,United States,140000000.0,585796247.0,969000.0,1
M0372183,0372183,The Bourne Supremacy,Action,2004.0,3.93,156,108,5.056245805348308,0,Other,False,Paul Greengrass,United States,75000000.0,290835269.0,443000.0,1
M0372237,0372237,Guess Who,Comedy,2005.0,3.46,13,105,2.6390573296152584,0,Other,False,Kevin Rodney Sullivan,United States,35000000.0,103121466.0,41000.0,1
M0372532,0372532,The Wedding Date,Comedy,2005.0,2.89,14,90,2.70805020110221,0,Other,False,Clare Kilner,United States,15000000.0,47096206.0,50000.0,1
M0372588,0372588,Team America: World Police,Action,2004.0,3.8,37,98,3.6375861597263857,0,Other,False,Trey Parker,United States,32000000.0,50826898.0,162000.0,1
M0372784,0372784,Batman Begins,Action,2005.0,4.24,413,140,6.025865973825314,0,Other,False,Christopher Nolan,United Kingdom,150000000.0,373661946.0,1300000.0,1
M0372824,0372824,Les choristes,Drama,2004.0,4.3,37,109,3.6375861597263857,0,English,False,,,,,,1
M0373051,0373051,Journey to the Center of the Earth,Action,2008.0,3.41,27,93,3.332204510175204,0,Other,False,Eric Brevig,United States,60000000.0,244232688.0,116000.0,1
M0373074,0373074,Kung fu,Action,2004.0,3.9,55,107,4.02535169073515,0,English,False,,,,,,1
M0373283,0373283,Saints and Soldiers,Action,2003.0,3.46,13,90,2.6390573296152584,0,Other,False,Ryan Little,United States,780000.0,1310470.0,20000.0,1
M0373469,0373469,Kiss Kiss Bang Bang,Action,2005.0,3.71,108,103,4.6913478822291435,0,Other,False,Shane Black,United States,15000000.0,15785148.0,219000.0,1
M0373883,0373883,Halloween,Horror,2007.0,3.71,46,109,3.8501476017100584,0,Other,False,Rob Zombie,United States,15000000.0,80460948.0,111000.0,1
M0373889,0373889,Harry Potter and the Order of the Phoenix,Adventure,2007.0,3.96,201,138,5.308267697401205,0,Other,False,David Yates,United Kingdom,150000000.0,942172396.0,527000.0,1
M0373926,0373926,The Interpreter,Crime,2005.0,3.32,37,128,3.6375861597263857,0,Other,False,Sydney Pollack,United Kingdom,80000000.0,162944923.0,101000.0,1
M0374102,0374102,Open Water,Adventure,2003.0,3.15,10,79,2.3978952727983707,0,Other,False,Chris Kentis,United States,500000.0,54683487.0,52000.0,1
M0374536,0374536,Bewitched,Comedy,2005.0,2.29,17,102,2.8903717578961645,0,Other,False,Nora Ephron,United States,85000000.0,131426169.0,70000.0,1
M0374546,0374546,Bom yeoreum gaeul gyeoul geurigo bom,Drama,2003.0,4.13,38,109,3.6635616461296463,0,English,False,,,,,,1
M0374569,0374569,Che: Part Two,Biography,2008.0,3.62,17,117,2.8903717578961645,0,English,False,,,,,,1
M0374900,0374900,Napoleon Dynamite,Comedy,2004.0,3.65,44,96,3.8066624897703196,0,Other,False,Jared Hess,United States,400000.0,46138887.0,204000.0,1
M0375063,0375063,Sideways,Comedy,2004.0,3.78,109,127,4.700480365792417,0,Other,False,Alexander Payne,United States,16000000.0,109706931.0,183000.0,1
M0375154,0375154,Tristan & Isolde,Action,2006.0,4.1,10,107,2.3978952727983707,0,English,False,,,,,,1
M0375173,0375173,Alfie,Comedy,2004.0,3.24,19,103,2.995732273553991,0,Other,False,Charles Shyer,United Kingdom,60000000.0,35060882.0,51000.0,1
M0375568,0375568,Astro Boy,Animation,2009.0,2.93,15,94,2.772588722239781,0,Other,False,David Bowers,Hong Kong,65000000.0,39886986.0,34000.0,1
M0375611,0375611,Black,Drama,2005.0,4.22,37,122,3.6375861597263857,0,Other,False,Sanjay Leela Bhansali,India,,1266341.0,34000.0,1
M0375679,0375679,Crash,Crime,2004.0,4.01,170,100,5.14166355650266,0,Other,False,David Cronenberg,Canada,9000000.0,2671291.0,54000.0,1
M0375912,0375912,Layer Cake,Action,2004.0,3.7,110,105,4.709530201312334,0,Other,False,Matthew Vaughn,United Kingdom,,11850214.0,171000.0,1
M0376136,0376136,The Rum Diary,Comedy,2011.0,3.28,60,119,4.110873864173311,0,Other,False,Bruce Robinson,United States,45000000.0,30134958.0,100000.0,1
M0376479,0376479,American Pastoral,Crime,2016.0,3.1,30,108,3.4339872044851463,0,Other,False,Ewan McGregor,Hong Kong,,2063436.0,16000.0,1
M0376541,0376541,Closer,Drama,2004.0,3.75,120,104,4.795790545596741,0,Other,False,Mike Nichols,United States,27000000.0,115505027.0,207000.0,1
M0376968,0376968,Vozvrashchenie,Drama,2003.0,3.76,47,109,3.871201010907891,0,English,False,,,,,,1
M0376994,0376994,X-Men: The Last Stand,Action,2006.0,3.4,183,104,5.214935757608986,0,Other,False,Brett Ratner,United States,210000000.0,460435291.0,491000.0,1
M0377062,0377062,Flight of the Phoenix,Action,2004.0,3.58,12,113,2.5649493574615367,0,Other,False,John Moore,United States,45000000.0,35021497.0,52000.0,1
M0377091,0377091,Mean Creek,Crime,2004.0,3.47,19,90,2.995732273553991,0,Other,False,Jacob Estes,United States,500000.0,802948.0,31000.0,1
M0377092,0377092,Mean Girls,Comedy,2004.0,3.75,97,97,4.584967478670572,0,Other,False,Mark Waters,United States,17000000.0,130126277.0,347000.0,1
M0377107,0377107,Proof,Drama,2005.0,3.26,17,86,2.8903717578961645,0,Other,False,Jocelyn Moorhouse,Australia,,524668.0,6300.0,1
M0377109,0377109,The Ring Two,Horror,2005.0,3.02,24,110,3.2188758248682006,0,Other,False,Hideo Nakata,United States,50000000.0,163995949.0,93000.0,1
M0377471,0377471,Be Cool,Comedy,2005.0,2.45,10,118,2.3978952727983707,0,Other,False,F. Gary Gray,United States,53000000.0,95763716.0,68000.0,1
M0377818,0377818,The Dukes of Hazzard,Adventure,2005.0,2.95,11,104,2.4849066497880004,0,Other,False,Jay Chandrasekhar,United States,50000000.0,111069515.0,76000.0,1
M0377981,0377981,Gnomeo & Juliet,Animation,2011.0,3.33,18,84,2.9444389791664403,0,Other,False,Kelly Asbury,United Kingdom,36000000.0,193967670.0,53000.0,1
M0378109,0378109,Into the Blue,Action,2005.0,3.48,24,110,3.2188758248682006,0,Other,False,John Stockwell,United States,50000000.0,46117696.0,74000.0,1
M0378194,0378194,Kill Bill: Vol. 2,Action,2004.0,4.04,259,137,5.560681631015528,0,Other,False,Quentin Tarantino,United States,30000000.0,154118820.0,702000.0,1
M0378793,0378793,Speak,Drama,2004.0,3.59,22,109,3.1354942159291497,0,English,False,,,,,,1
M0378947,0378947,Melinda and Melinda,Comedy,2004.0,3.17,18,99,2.9444389791664403,0,Other,False,Woody Allen,United States,,20129327.0,31000.0,1
M0379217,0379217,Coffee and Cigarettes,Comedy,2003.0,3.76,38,95,3.6635616461296463,0,Other,False,Jim Jarmusch,United States,,7929307.0,61000.0,1
M0379557,0379557,Touching the Void,Documentary,2003.0,3.94,25,102,3.258096538021482,0,English,False,,,,,,1
M0379725,0379725,Capote,Biography,2005.0,3.81,116,114,4.762173934797756,0,Other,False,Bennett Miller,United States,7000000.0,49327405.0,128000.0,1
M0379786,0379786,Serenity,Action,2005.0,3.85,65,119,4.189654742026425,0,Other,False,Joss Whedon,United States,39000000.0,40445129.0,287000.0,1
M0379889,0379889,The Merchant of Venice,Drama,2004.0,3.83,27,131,3.332204510175204,0,Other,False,Michael Radford,United Kingdom,30000000.0,21560182.0,36000.0,1
M0380268,0380268,Cocaine Cowboys,Documentary,2006.0,3.75,12,102,2.5649493574615367,0,English,False,,,,,,1
M0380389,0380389,Goal!,Drama,2005.0,3.68,20,109,3.044522437723423,0,English,False,,,,,,1
M0380510,0380510,The Lovely Bones,Drama,2009.0,3.25,61,135,4.127134385045092,0,Other,False,Peter Jackson,United States,65000000.0,93621340.0,162000.0,1
M0380599,0380599,Oliver Twist,Crime,2005.0,3.86,18,130,2.9444389791664403,0,Other,False,Roman Polanski,France,60000000.0,42580321.0,32000.0,1
M0380623,0380623,The Perfect Man,Comedy,2005.0,3.27,11,100,2.4849066497880004,0,Other,False,Mark Rosman,United States,10000000.0,19770475.0,29000.0,1
M0381061,0381061,Casino Royale,Action,2006.0,4.03,218,144,5.389071729816501,0,Other,False,Martin Campbell,United Kingdom,150000000.0,616502912.0,594000.0,1
M0381681,0381681,Before Sunset,Drama,2004.0,4.16,278,80,5.631211781821365,0,Other,False,Richard Linklater,United States,2700000.0,15936507.0,244000.0,1
M0381707,0381707,White Chicks,Comedy,2004.0,3.48,78,109,4.3694478524670215,0,Other,False,Keenen Ivory Wayans,United States,37000000.0,113100873.0,135000.0,1
M0381849,0381849,3:10 to Yuma,Action,2007.0,3.87,200,122,5.303304908059076,0,Other,False,James Mangold,United States,55000000.0,70016220.0,295000.0,1
M0381966,0381966,Creep,Horror,2004.0,3.0,11,96,2.4849066497880004,0,English,False,,,,,,1
M0382077,0382077,Hide and Seek,Drama,2005.0,3.37,26,101,3.295836866004329,0,Other,False,John Polson,Germany,30000000.0,127369981.0,83000.0,1
M0382189,0382189,My Summer of Love,Drama,2004.0,3.6,10,86,2.3978952727983707,0,Other,False,Pawel Pawlikowski,United Kingdom,,2766976.0,20000.0,1
M0382625,0382625,The Da Vinci Code,Thriller,2006.0,3.57,141,149,4.955827057601261,0,Other,False,Ron Howard,United States,125000000.0,760006945.0,410000.0,1
M0382628,0382628,Dark Water,Drama,2005.0,3.03,15,105,2.772588722239781,0,Other,False,Walter Salles,United States,30000000.0,68357079.0,60000.0,1
M0382932,0382932,Ratatouille,Animation,2007.0,4.18,181,111,5.204006687076795,0,Other,False,Brad Bird,United States,150000000.0,623726085.0,660000.0,1
M0383010,0383010,The Three Stooges,Comedy,2012.0,2.5,33,92,3.5263605246161616,0,Other,False,Bobby Farrelly,United States,30000000.0,54819301.0,30000.0,1
M0383028,0383028,"Synecdoche, New York",Comedy,2008.0,3.91,67,124,4.219507705176107,0,Other,False,Charlie Kaufman,United States,20000000.0,4658401.0,86000.0,1
M0383216,0383216,The Pink Panther,Adventure,2006.0,3.35,17,93,2.8903717578961645,0,Other,False,Shawn Levy,United States,80000000.0,164115897.0,83000.0,1
M0383574,0383574,Pirates of the Caribbean: Dead Man's Chest,Action,2006.0,3.9,156,151,5.056245805348308,0,Other,False,Gore Verbinski,United States,225000000.0,1066179747.0,668000.0,1
M0383694,0383694,Vera Drake,Crime,2004.0,3.9,10,125,2.3978952727983707,0,Other,False,Mike Leigh,United Kingdom,11000000.0,13267869.0,24000.0,1
M0384537,0384537,Silent Hill,Horror,2006.0,3.28,63,125,4.1588830833596715,0,Other,False,Christophe Gans,Canada,50000000.0,100605135.0,217000.0,1
M0384680,0384680,The Weather Man,Comedy,2005.0,3.11,19,102,2.995732273553991,0,Other,False,Gore Verbinski,United States,22000000.0,19126398.0,78000.0,1
M0384793,0384793,Accepted,Comedy,2006.0,3.38,37,93,3.6375861597263857,0,Other,False,Steve Pink,United States,23000000.0,38623262.0,127000.0,1
M0384806,0384806,The Amityville Horror,Drama,2005.0,3.03,44,90,3.8066624897703196,0,Other,False,Andrew Douglas,United States,19000000.0,107516369.0,107000.0,1
M0385002,0385002,Hooligans,Crime,2005.0,3.74,91,109,4.5217885770490405,0,English,False,,,,,,1
M0385004,0385004,Shi mian mai fu,Action,2004.0,4.1,25,107,3.258096538021482,0,English,False,,,,,,1
M0385267,0385267,In Good Company,Comedy,2004.0,3.61,14,109,2.70805020110221,0,Other,False,Paul Weitz,United States,26000000.0,61315215.0,54000.0,1
M0385307,0385307,Miss Congeniality 2: Armed &amp; Fabulous,Action,2005.0,2.25,14,107,2.70805020110221,0,English,False,,,,,,1
M0385700,0385700,Fainaru fantajî sebun adobento chirudoren,Animation,2005.0,4.07,22,91,3.1354942159291497,0,English,False,,,,,,1
M0385705,0385705,The Football Factory,Crime,2004.0,3.53,19,109,2.995732273553991,0,English,False,,,,,,1
M0385726,0385726,Glory Road,Biography,2006.0,3.7,30,118,3.4339872044851463,0,Other,False,James Gartner,United States,,42938449.0,44000.0,1
M0385752,0385752,The Golden Compass,Adventure,2007.0,3.19,27,113,3.332204510175204,0,Other,False,Chris Weitz,United Kingdom,180000000.0,372234864.0,182000.0,1
M0385880,0385880,Monster House,Animation,2006.0,3.48,23,91,3.1780538303479458,0,Other,False,Gil Kenan,United States,75000000.0,141861243.0,106000.0,1
M0385887,0385887,Motherless Brooklyn,Crime,2019.0,3.35,115,109,4.7535901911063645,0,English,False,,,,,,1
M0386032,0386032,Sicko,Documentary,2007.0,4.18,19,102,2.995732273553991,0,English,False,,,,,,1
M0386064,0386064,Taegukgi hwinalrimyeo,Action,2004.0,4.14,28,107,3.367295829986474,0,English,False,,,,,,1
M0386117,0386117,Where the Wild Things Are,Adventure,2009.0,3.48,54,101,4.007333185232471,0,Other,False,Spike Jonze,Germany,100000000.0,100140916.0,102000.0,1
M0386140,0386140,The Legend of Zorro,Action,2005.0,3.3,27,129,3.332204510175204,0,Other,False,Martin Campbell,United States,75000000.0,142400065.0,95000.0,1
M0386588,0386588,Hitch,Comedy,2005.0,3.57,101,118,4.624972813284271,0,Other,False,Andy Tennant,United States,70000000.0,371594210.0,301000.0,1
M0387131,0387131,The Constant Gardener,Drama,2005.0,3.61,53,129,3.9889840465642745,0,Other,False,Fernando Meirelles,United Kingdom,25000000.0,82468097.0,135000.0,1
M0387564,0387564,Saw,Crime,2004.0,3.8,124,103,4.8283137373023015,0,Other,False,James Wan,United States,1200000.0,103911669.0,391000.0,1
M0387575,0387575,Seed of Chucky,Comedy,2004.0,2.8,22,87,3.1354942159291497,0,Other,False,Don Mancini,United States,12000000.0,24829644.0,40000.0,1
M0387808,0387808,Idiocracy,Adventure,2006.0,3.29,52,84,3.970291913552122,0,Other,False,Mike Judge,United States,,495303.0,150000.0,1
M0387877,0387877,The Black Dahlia,Crime,2006.0,2.83,21,121,3.091042453358316,0,Other,False,Brian De Palma,United States,50000000.0,49332692.0,72000.0,1
M0387898,0387898,Caché,Drama,2005.0,3.52,49,109,3.912023005428146,0,English,False,,,,,,1
M0387914,0387914,Voces inocentes,Drama,2004.0,4.1,10,109,2.3978952727983707,0,English,False,,,,,,1
M0388125,0388125,In Her Shoes,Comedy,2005.0,3.27,22,130,3.1354942159291497,0,Other,False,Curtis Hanson,United States,,83697473.0,60000.0,1
M0388182,0388182,King of California,Comedy,2007.0,3.35,10,100,2.3978952727983707,0,English,False,,,,,,1
M0388419,0388419,Christmas with the Kranks,Comedy,2004.0,3.07,22,99,3.1354942159291497,0,Other,False,Joe Roth,United States,60000000.0,96593018.0,45000.0,1
M0388473,0388473,Tôkyô goddofâzâzu,Animation,2003.0,3.84,19,91,2.995732273553991,0,English,False,,,,,,1
M0388482,0388482,Transporter 2,Action,2005.0,3.26,40,87,3.713572066704308,0,Other,False,Louis Leterrier,France,32000000.0,89083229.0,195000.0,1
M0388795,0388795,Brokeback Mountain,Drama,2005.0,3.8,125,134,4.836281906951478,0,Other,False,Ang Lee,United States,14000000.0,178062759.0,333000.0,1
M0388980,0388980,The Greatest Game Ever Played,Biography,2005.0,3.6,15,120,2.772588722239781,0,Other,False,Bill Paxton,United States,26000000.0,15431177.0,29000.0,1
M0389557,0389557,Zwartboek,Drama,2006.0,3.87,46,109,3.8501476017100584,0,English,False,,,,,,1
M0389722,0389722,30 Days of Night,Action,2007.0,3.62,56,113,4.04305126783455,0,Other,False,David Slade,United States,30000000.0,75513170.0,168000.0,1
M0389790,0389790,Bee Movie,Animation,2007.0,3.4,31,91,3.4657359027997265,0,Other,False,Simon J. Smith,United States,150000000.0,293514336.0,148000.0,1
M0389860,0389860,Click,Comedy,2006.0,3.41,66,107,4.204692619390966,0,Other,False,Frank Coraci,United States,82500000.0,240685326.0,313000.0,1
M0390022,0390022,Friday Night Lights,Action,2004.0,3.93,37,118,3.6375861597263857,0,Other,False,Peter Berg,Germany,30000000.0,61950770.0,60000.0,1
M0390221,0390221,Maria Full of Grace,Crime,2004.0,3.78,18,101,2.9444389791664403,0,Other,False,Joshua Marston,Colombia,3000000.0,12594630.0,34000.0,1
M0390384,0390384,Primer,Drama,2004.0,3.46,65,77,4.189654742026425,0,Other,False,Shane Carruth,United States,7000.0,545436.0,101000.0,1
M0390521,0390521,Super Size Me,Documentary,2004.0,3.54,28,102,3.367295829986474,0,English,False,,,,,,1
M0391198,0391198,The Grudge,Horror,2004.0,3.03,30,91,3.4339872044851463,0,Other,False,Takashi Shimizu,United States,10000000.0,187281115.0,140000.0,1
M0391304,0391304,A Lot Like Love,Comedy,2005.0,3.56,25,107,3.258096538021482,0,Other,False,Nigel Cole,United States,30000000.0,42886719.0,68000.0,1
M0393109,0393109,Brick,Action,2005.0,3.45,39,110,3.6888794541139363,0,Other,False,Rian Johnson,United States,475000.0,3947579.0,103000.0,1
M0393162,0393162,Coach Carter,Biography,2005.0,3.99,97,136,4.584967478670572,0,Other,False,Thomas Carter,United States,30000000.0,76669554.0,133000.0,1
M0395169,0395169,Hotel Rwanda,Biography,2004.0,4.21,122,121,4.812184355372417,0,Other,False,Terry George,United Kingdom,17500000.0,33882243.0,340000.0,1
M0395251,0395251,The Producers,Comedy,2005.0,3.85,13,134,2.6390573296152584,0,Other,False,Susan Stroman,United States,45000000.0,38075318.0,42000.0,1
M0395495,0395495,Catch and Release,Comedy,2006.0,2.85,13,124,2.6390573296152584,0,Other,False,Susannah Grant,United States,25000000.0,16162580.0,25000.0,1
M0395584,0395584,The Devil's Rejects,Horror,2005.0,3.49,45,107,3.828641396489095,0,Other,False,Rob Zombie,United States,7000000.0,20901859.0,95000.0,1
M0395699,0395699,The Pacifier,Action,2005.0,3.06,26,95,3.295836866004329,0,Other,False,Adam Shankman,Canada,56000000.0,198636868.0,90000.0,1
M0395972,0395972,North Country,Drama,2005.0,3.86,38,126,3.6635616461296463,0,Other,False,Niki Caro,United States,35000000.0,25211175.0,41000.0,1
M0396171,0396171,Perfume: The Story of a Murderer,Crime,2006.0,3.74,167,147,5.123963979403259,0,Other,False,Tom Tykwer,Germany,60000000.0,135039924.0,239000.0,1
M0396184,0396184,Pusher II,Action,2004.0,3.4,15,107,2.772588722239781,0,English,False,,,,,,1
M0396269,0396269,Wedding Crashers,Comedy,2005.0,3.67,88,119,4.48863636973214,0,Other,False,David Dobkin,United States,40000000.0,288467645.0,339000.0,1
M0396555,0396555,Meet the Robinsons,Animation,2007.0,3.75,18,95,2.9444389791664403,0,Other,False,Stephen J. Anderson,United States,150000000.0,169333034.0,91000.0,1
M0396752,0396752,Nanny McPhee,Comedy,2005.0,3.79,21,97,3.091042453358316,0,Other,False,Kirk Jones,United States,25000000.0,123276807.0,70000.0,1
M0397065,0397065,House of Wax,Horror,2005.0,3.14,45,113,3.828641396489095,0,Other,False,Jaume Collet-Serra,Australia,40000000.0,68766121.0,118000.0,1
M0397078,0397078,Just My Luck,Comedy,2006.0,3.03,15,103,2.772588722239781,0,Other,False,Donald Petrie,United States,28000000.0,38159905.0,55000.0,1
M0397101,0397101,The Skeleton Key,Drama,2005.0,3.5,39,104,3.6888794541139363,0,Other,False,Iain Softley,United States,43000000.0,93983911.0,108000.0,1
M0397313,0397313,Eight Below,Adventure,2006.0,4.19,24,120,3.2188758248682006,0,Other,False,Frank Marshall,United States,40000000.0,120455994.0,62000.0,1
M0397535,0397535,Memoirs of a Geisha,Drama,2005.0,3.64,55,145,4.02535169073515,0,Other,False,Rob Marshall,France,85000000.0,162242962.0,141000.0,1
M0397892,0397892,Bolt,Animation,2008.0,3.68,48,96,3.8918202981106265,0,Other,False,Byron Howard,United States,150000000.0,309979994.0,196000.0,1
M0398017,0398017,Derailed,Crime,2005.0,3.57,29,108,3.4011973816621555,0,Other,False,Mikael Håfström,United States,22000000.0,57479076.0,72000.0,1
M0398165,0398165,The Longest Yard,Comedy,2005.0,3.62,55,113,4.02535169073515,0,Other,False,Peter Segal,United States,82000000.0,191466556.0,167000.0,1
M0398286,0398286,Tangled,Animation,2010.0,4.03,130,100,4.875197323201151,0,Other,False,Nathan Greno,United States,260000000.0,592462816.0,417000.0,1
M0398375,0398375,Rumor Has It...,Comedy,2005.0,2.8,22,97,3.1354942159291497,0,Other,False,Rob Reiner,United States,70000000.0,88933562.0,55000.0,1
M0398712,0398712,Assault on Precinct 13,Action,2005.0,3.41,22,109,3.1354942159291497,0,Other,False,Jean-François Richet,France,30000000.0,35294470.0,75000.0,1
M0398808,0398808,Bridge to Terabithia,Adventure,2007.0,3.76,54,96,4.007333185232471,0,Other,False,Gabor Csupo,United States,17000000.0,137587063.0,147000.0,1
M0398883,0398883,Le conseguenze dell'amore,Crime,2004.0,3.79,17,109,2.8903717578961645,0,English,False,,,,,,1
M0398913,0398913,DOA: Dead or Alive,Action,2006.0,2.37,15,87,2.772588722239781,0,Other,False,Corey Yuen,United Kingdom,21000000.0,7563172.0,44000.0,1
M0399095,0399095,Trade,Crime,2007.0,3.65,10,109,2.3978952727983707,0,English,False,,,,,,1
M0399146,0399146,A History of Violence,Drama,2005.0,3.59,99,96,4.605170185988092,0,Other,False,David Cronenberg,Canada,32000000.0,61385065.0,228000.0,1
M0399201,0399201,The Island,Action,2005.0,3.7,61,109,4.127134385045092,0,Other,False,Michael Ritchie,United States,22000000.0,15716828.0,3900.0,1
M0399295,0399295,Lord of War,Crime,2005.0,3.95,108,122,4.6913478822291435,0,Other,False,Andrew Niccol,France,50000000.0,72617068.0,300000.0,1
M0399327,0399327,The Man,Action,2005.0,2.55,11,83,2.4849066497880004,0,Other,False,Les Mayfield,United States,33000000.0,13485145.0,25000.0,1
M0400717,0400717,Open Season,Animation,2006.0,3.07,14,86,2.70805020110221,0,Other,False,Roger Allers,United States,85000000.0,200811689.0,89000.0,1
M0401085,0401085,C.R.A.Z.Y.,Comedy,2005.0,4.0,25,100,3.258096538021482,0,English,False,,,,,,1
M0401383,0401383,Le scaphandre et le papillon,Biography,2007.0,4.16,71,117,4.276666119016055,0,English,False,,,,,,1
M0401445,0401445,A Good Year,Comedy,2006.0,3.61,45,117,3.828641396489095,0,Other,False,Ridley Scott,United States,35000000.0,42269923.0,91000.0,1
M0401711,0401711,"Paris, je t'aime",Comedy,2006.0,3.74,41,120,3.7376696182833684,0,Other,False,Directors,France,13000000.0,17471727.0,71000.0,1
M0401729,0401729,John Carter,Action,2012.0,3.18,122,132,4.812184355372417,0,Other,False,Andrew Stanton,United States,250000000.0,284139100.0,260000.0,1
M0401792,0401792,Sin City,Crime,2005.0,4.02,182,124,5.209486152841421,0,Other,False,Frank Miller,United States,40000000.0,158733820.0,745000.0,1
M0401855,0401855,Underworld: Evolution,Action,2006.0,3.73,44,106,3.8066624897703196,0,Other,False,Len Wiseman,United States,50000000.0,111476513.0,193000.0,1
M0401997,0401997,Breach,Biography,2007.0,3.45,19,110,2.995732273553991,0,Other,False,Billy Ray,United States,,40953935.0,58000.0,1
M0402022,0402022,Æon Flux,Action,2005.0,3.07,37,93,3.6375861597263857,0,Other,False,Karyn Kusama,United States,62000000.0,53321673.0,125000.0,1
M0402399,0402399,The New World,Biography,2005.0,3.65,30,135,3.4339872044851463,0,Other,False,Terrence Malick,United States,30000000.0,49334775.0,84000.0,1
M0402894,0402894,Casanova,Adventure,2005.0,3.69,16,112,2.833213344056216,0,Other,False,Lasse Hallström,United States,,37691644.0,53000.0,1
M0402910,0402910,Chaos,Action,2005.0,3.22,18,107,2.9444389791664403,0,English,False,,,,,,1
M0403508,0403508,The Sisterhood of the Traveling Pants,Comedy,2005.0,3.58,19,119,2.995732273553991,0,Other,False,Ken Kwapis,United States,25000000.0,42013878.0,56000.0,1
M0403702,0403702,Youth in Revolt,Comedy,2009.0,3.46,28,90,3.367295829986474,0,Other,False,Miguel Arteta,United States,18000000.0,19651093.0,73000.0,1
M0404030,0404030,Everything Is Illuminated,Comedy,2005.0,3.74,25,106,3.258096538021482,0,Other,False,Liev Schreiber,United States,7000000.0,3601974.0,57000.0,1
M0404032,0404032,The Exorcism of Emily Rose,Drama,2005.0,3.75,55,119,4.02535169073515,0,Other,False,Scott Derrickson,United States,19000000.0,145166804.0,122000.0,1
M0404203,0404203,Little Children,Drama,2006.0,3.91,53,137,3.9889840465642745,0,Other,False,Todd Field,United States,26000000.0,14821658.0,107000.0,1
M0404390,0404390,Running Scared,Action,2006.0,3.81,34,107,3.5553480614894135,0,Other,False,Peter Hyams,United States,,38500726.0,12000.0,1
M0404978,0404978,Gambit,Comedy,2012.0,2.8,87,100,4.477336814478207,0,English,False,,,,,,1
M0405094,0405094,The Lives of Others,Drama,2006.0,4.3,271,137,5.605802066295998,0,Other,False,Florian Henckel von Donnersmarck,Germany,2000000.0,77356942.0,368000.0,1
M0405159,0405159,Million Dollar Baby,Drama,2004.0,4.22,380,132,5.942799375126701,0,Other,False,Clint Eastwood,United States,30000000.0,216763646.0,650000.0,1
M0405296,0405296,A Scanner Darkly,Animation,2006.0,3.35,37,100,3.6375861597263857,0,Other,False,Richard Linklater,United States,8700000.0,7659918.0,108000.0,1
M0405325,0405325,Sky High,Adventure,2005.0,3.45,19,100,2.995732273553991,0,Other,False,Mike Mitchell,United States,35000000.0,86369815.0,81000.0,1
M0405422,0405422,The 40 Year Old Virgin,Comedy,2005.0,3.56,145,100,4.983606621708336,0,English,False,,,,,,1
M0405508,0405508,Rang De Basanti,Comedy,2006.0,4.08,19,167,2.995732273553991,0,Other,False,Rakeysh Omprakash Mehra,India,,10800778.0,115000.0,1
M0406375,0406375,Zathura: A Space Adventure,Action,2005.0,3.21,17,101,2.8903717578961645,0,Other,False,Jon Favreau,United States,65000000.0,65079104.0,97000.0,1
M0406759,0406759,The Eye,Horror,2008.0,3.28,20,98,3.044522437723423,0,Other,False,David Moreau,United States,12000000.0,58010320.0,52000.0,1
M0406816,0406816,The Guardian,Action,2006.0,3.81,34,92,3.5553480614894135,0,Other,False,William Friedkin,United States,,17037887.0,5300.0,1
M0407265,0407265,Transamerica,Adventure,2005.0,4.1,10,103,2.3978952727983707,0,Other,False,Duncan Tucker,United States,1000000.0,15151744.0,41000.0,1
M0407304,0407304,War of the Worlds,Adventure,2005.0,3.41,107,116,4.68213122712422,0,Other,False,Steven Spielberg,United States,132000000.0,603873119.0,424000.0,1
M0407887,0407887,The Departed,Crime,2006.0,4.34,759,151,6.633318433280377,0,Other,False,Martin Scorsese,United States,90000000.0,291465373.0,1200000.0,1
M0408236,0408236,Sweeney Todd: The Demon Barber of Fleet Street,Drama,2007.0,3.93,120,116,4.795790545596741,0,Other,False,Tim Burton,United States,50000000.0,153383627.0,350000.0,1
M0408306,0408306,Munich,Drama,2005.0,3.7,97,164,4.584967478670572,0,Other,False,Steven Spielberg,United States,70000000.0,130982129.0,216000.0,1
M0408345,0408345,Firewall,Crime,2006.0,3.07,22,105,3.1354942159291497,0,Other,False,Richard Loncraine,United States,50000000.0,82751189.0,57000.0,1
M0408664,0408664,Dare mo shiranai,Drama,2004.0,4.17,26,109,3.295836866004329,0,English,False,,,,,,1
M0408777,0408777,Die fetten Jahre sind vorbei,Drama,2004.0,4.08,12,109,2.5649493574615367,0,English,False,,,,,,1
M0408790,0408790,Flightplan,Action,2005.0,3.58,75,98,4.330733340286331,0,Other,False,Robert Schwentke,United States,55000000.0,223387299.0,155000.0,1
M0408839,0408839,The Heartbreak Kid,Comedy,2007.0,3.35,30,116,3.4339872044851463,0,Other,False,Bobby Farrelly,United States,60000000.0,128453183.0,88000.0,1
M0408985,0408985,Last Holiday,Comedy,2006.0,3.35,13,112,2.6390573296152584,0,Other,False,Wayne Wang,United States,45000000.0,43451846.0,30000.0,1
M0409182,0409182,Poseidon,Action,2006.0,3.08,33,98,3.5263605246161616,0,Other,False,Wolfgang Petersen,United States,160000000.0,181674817.0,100000.0,1
M0409379,0409379,In Secret,Crime,2013.0,3.17,18,107,2.9444389791664403,0,Other,False,Charlie Stratton,Serbia,,652228.0,8000.0,1
M0409459,0409459,Watchmen,Action,2009.0,3.94,245,162,5.5053315359323625,0,Other,False,Zack Snyder,United States,130000000.0,185382813.0,520000.0,1
M0409847,0409847,Cowboys &amp; Aliens,Action,2011.0,3.22,83,107,4.430816798843313,0,English,False,,,,,,1
M0410097,0410097,Hustle & Flow,Crime,2005.0,3.91,27,116,3.332204510175204,0,Other,False,Craig Brewer,United States,2800000.0,23563727.0,39000.0,1
M0410297,0410297,The Lake House,Drama,2006.0,3.43,42,99,3.7612001156935624,0,Other,False,Alejandro Agresti,United States,40000000.0,114830111.0,143000.0,1
M0411061,0411061,88 Minutes,Crime,2007.0,3.03,36,108,3.6109179126442243,0,Other,False,Jon Avnet,United States,30000000.0,32593385.0,75000.0,1
M0411195,0411195,Breakfast on Pluto,Comedy,2005.0,3.85,10,128,2.3978952727983707,0,Other,False,Neil Jordan,Ireland,,3942254.0,21000.0,1
M0411272,0411272,L'ennemi public n°1,Action,2008.0,3.79,14,107,2.70805020110221,0,English,False,,,,,,1
M0411477,0411477,Hellboy II: The Golden Army,Action,2008.0,3.78,59,120,4.0943445622221,0,Other,False,Guillermo del Toro,United States,85000000.0,168319243.0,260000.0,1
M0412019,0412019,Broken Flowers,Comedy,2005.0,3.75,51,106,3.9512437185814275,0,Other,False,Jim Jarmusch,France,10000000.0,47329961.0,100000.0,1
M0412080,0412080,The World&x27;s Fastest Indian,Biography,2005.0,4.05,30,117,3.4339872044851463,0,English,False,,,,,,1
M0412922,0412922,Little Manhattan,Comedy,2005.0,4.23,11,90,2.4849066497880004,0,Other,False,Mark Levin,United States,,1254005.0,23000.0,1
M0413099,0413099,Evan Almighty,Comedy,2007.0,2.85,33,96,3.5263605246161616,0,Other,False,Tom Shadyac,United States,175000000.0,174440724.0,142000.0,1
M0413267,0413267,Shrek the Third,Animation,2007.0,3.29,33,93,3.5263605246161616,0,Other,False,Chris Miller,United States,160000000.0,813367380.0,288000.0,1
M0413300,0413300,Spider-Man 3,Action,2007.0,3.23,105,139,4.663439094112067,0,Other,False,Sam Raimi,United States,258000000.0,894983373.0,513000.0,1
M0413895,0413895,Charlotte's Web,Comedy,2006.0,3.85,13,97,2.6390573296152584,0,Other,False,Gary Winick,United States,85000000.0,148963822.0,39000.0,1
M0414055,0414055,Elizabeth: The Golden Age,Biography,2007.0,3.39,35,114,3.58351893845611,0,Other,False,Shekhar Kapur,United Kingdom,55000000.0,75782758.0,69000.0,1
M0414387,0414387,Pride &amp; Prejudice,Drama,2005.0,4.06,177,109,5.181783550292085,0,English,False,,,,,,1
M0414852,0414852,Banlieue 13,Action,2004.0,4.03,15,107,2.772588722239781,0,English,False,,,,,,1
M0414982,0414982,Final Destination 3,Horror,2006.0,3.13,27,93,3.332204510175204,0,Other,False,James Wong,United States,25000000.0,118890272.0,133000.0,1
M0414993,0414993,The Fountain,Drama,2006.0,3.73,122,97,4.812184355372417,0,Other,False,Darren Aronofsky,Canada,35000000.0,16468343.0,232000.0,1
M0415306,0415306,Talladega Nights: The Ballad of Ricky Bobby,Comedy,2006.0,3.43,42,108,3.7612001156935624,0,Other,False,Adam McKay,United States,72500000.0,163362095.0,172000.0,1
M0416044,0416044,Mongol,Action,2007.0,3.69,26,107,3.295836866004329,0,English,False,,,,,,1
M0416212,0416212,The Secret Life of Bees,Drama,2008.0,3.95,22,114,3.1354942159291497,0,Other,False,Gina Prince-Bythewood,United States,11000000.0,39952437.0,25000.0,1
M0416236,0416236,The Spiderwick Chronicles,Action,2008.0,3.53,18,96,2.9444389791664403,0,Other,False,Mark Waters,United States,90000000.0,164170327.0,91000.0,1
M0416315,0416315,Wolf Creek,Horror,2005.0,3.23,35,99,3.58351893845611,0,Other,False,Greg McLean,Australia,1000000.0,30894796.0,69000.0,1
M0416320,0416320,Match Point,Drama,2005.0,3.71,125,124,4.836281906951478,0,Other,False,Woody Allen,United Kingdom,15000000.0,85638656.0,209000.0,1
M0416449,0416449,300,Action,2006.0,3.92,240,117,5.484796933490655,0,Other,False,Zack Snyder,United States,65000000.0,456068181.0,750000.0,1
M0416508,0416508,Becoming Jane,Biography,2007.0,3.84,29,120,3.4011973816621555,0,Other,False,Julian Jarrold,United Kingdom,16500000.0,37407812.0,59000.0,1
M0416960,0416960,Marmoulak,Comedy,2004.0,4.12,13,100,2.6390573296152584,0,English,False,,,,,,1
M0417148,0417148,Snakes on a Plane,Action,2006.0,2.95,30,105,3.4339872044851463,0,Other,False,David R. Ellis,United States,33000000.0,62022014.0,134000.0,1
M0417217,0417217,Two for the Money,Drama,2005.0,3.28,25,122,3.258096538021482,0,Other,False,D.J. Caruso,United States,35000000.0,30526509.0,44000.0,1
M0417741,0417741,Harry Potter and the Half-Blood Prince,Adventure,2009.0,4.03,207,153,5.337538079701318,0,Other,False,David Yates,United Kingdom,250000000.0,934454096.0,492000.0,1
M0418279,0418279,Transformers,Action,2007.0,3.83,125,144,4.836281906951478,0,Other,False,Michael Bay,United States,150000000.0,709709780.0,607000.0,1
M0418455,0418455,Adams æbler,Comedy,2005.0,4.14,22,100,3.1354942159291497,0,English,False,,,,,,1
M0418689,0418689,Flags of Our Fathers,Drama,2006.0,3.73,42,135,3.7612001156935624,0,Other,False,Clint Eastwood,United States,90000000.0,65900249.0,119000.0,1
M0418763,0418763,Jarhead,Biography,2005.0,3.61,57,125,4.060443010546419,0,Other,False,Sam Mendes,United States,72000000.0,97076152.0,179000.0,1
M0418819,0418819,Land of the Dead,Horror,2005.0,3.22,25,93,3.258096538021482,0,Other,False,George A. Romero,United States,15000000.0,47074133.0,93000.0,1
M0419198,0419198,La tigre e la neve,Comedy,2005.0,3.55,10,100,2.3978952727983707,0,English,False,,,,,,1
M0419294,0419294,The Three Burials of Melquiades Estrada,Adventure,2005.0,4.05,20,121,3.044522437723423,0,Other,False,Tommy Lee Jones,France,15000000.0,12045362.0,39000.0,1
M0419677,0419677,Dead Man's Shoes,Crime,2004.0,3.96,54,90,4.007333185232471,0,Other,False,Shane Meadows,United Kingdom,,203450.0,51000.0,1
M0419706,0419706,Doom,Action,2005.0,2.56,36,105,3.6109179126442243,0,Other,False,Andrzej Bartkowiak,United Kingdom,60000000.0,58072119.0,110000.0,1
M0419749,0419749,Find Me Guilty,Biography,2006.0,3.8,27,125,3.332204510175204,0,Other,False,Sidney Lumet,Germany,13000000.0,2636637.0,33000.0,1
M0419887,0419887,The Kite Runner,Drama,2007.0,3.87,57,128,4.060443010546419,0,Other,False,Marc Forster,United States,20000000.0,75011029.0,78000.0,1
M0419946,0419946,The Marine,Action,2006.0,2.47,16,92,2.833213344056216,0,Other,False,John Bonito,United States,20000000.0,22165608.0,33000.0,1
M0420223,0420223,Stranger Than Fiction,Comedy,2006.0,3.97,106,113,4.672828834461906,0,Other,False,Marc Forster,United States,30000000.0,53653224.0,222000.0,1
M0420238,0420238,The Tale of Despereaux,Animation,2008.0,3.17,12,93,2.5649493574615367,0,Other,False,Sam Fell,United Kingdom,60000000.0,86957280.0,36000.0,1
M0420251,0420251,Saam gaang yi,Horror,2004.0,3.75,10,96,2.3978952727983707,0,English,False,,,,,,1
M0420293,0420293,The Stanford Prison Experiment,Biography,2015.0,3.47,98,122,4.59511985013459,0,Other,False,Kyle Patrick Alvarez,United States,,663114.0,40000.0,1
M0420294,0420294,The Texas Chainsaw Massacre: The Beginning,Horror,2006.0,3.28,30,91,3.4339872044851463,0,Other,False,Jonathan Liebesman,United States,16000000.0,51764406.0,69000.0,1
M0420332,0420332,Veer-Zaara,Drama,2004.0,4.32,14,192,2.70805020110221,0,Other,False,Yash Chopra,India,7000000.0,6887221.0,50000.0,1
M0420509,0420509,El aura,Crime,2005.0,3.7,10,109,2.3978952727983707,0,English,False,,,,,,1
M0420609,0420609,Infamous,Biography,2006.0,3.73,11,110,2.4849066497880004,0,Other,False,Douglas McGrath,United States,13000000.0,2689799.0,17000.0,1
M0421054,0421054,Domino,Action,2005.0,2.84,16,127,2.833213344056216,0,Other,False,Tony Scott,United States,50000000.0,22984628.0,65000.0,1
M0421073,0421073,Street Kings,Action,2008.0,3.45,47,109,3.871201010907891,0,Other,False,David Ayer,United States,20000000.0,66476363.0,109000.0,1
M0421082,0421082,Control,Biography,2007.0,3.62,28,111,3.367295829986474,0,Other,False,Nimród Antal,Hungary,,1277800.0,25000.0,1
M0421206,0421206,Gridiron Gang,Crime,2006.0,3.79,19,125,2.995732273553991,0,Other,False,Phil Joanou,United States,30000000.0,41480851.0,58000.0,1
M0421238,0421238,The Proposition,Crime,2005.0,3.94,25,104,3.258096538021482,0,Other,False,John Hillcoat,Australia,20000000.0,5048693.0,51000.0,1
M0421239,0421239,Red Eye,Thriller,2005.0,3.39,68,85,4.23410650459726,0,Other,False,Wes Craven,United States,26000000.0,96258201.0,115000.0,1
M0421715,0421715,The Curious Case of Benjamin Button,Drama,2008.0,4.34,410,166,6.018593214496234,0,Other,False,David Fincher,United States,150000000.0,335802786.0,605000.0,1
M0421729,0421729,Big Momma's House 2,Comedy,2006.0,3.46,12,99,2.5649493574615367,0,Other,False,John Whitesell,United States,40000000.0,141522961.0,41000.0,1
M0421994,0421994,Imagine Me &amp; You,Comedy,2005.0,3.19,13,100,2.6390573296152584,0,English,False,,,,,,1
M0422401,0422401,Hatchet,Action,2006.0,3.64,11,93,2.4849066497880004,0,Other,False,Adam Green,United States,1500000.0,208550.0,30000.0,1
M0422720,0422720,Marie Antoinette,Biography,2006.0,3.37,30,123,3.4339872044851463,0,Other,False,Sofia Coppola,United States,40000000.0,60917189.0,104000.0,1
M0423294,0423294,Surf's Up,Animation,2007.0,3.53,18,85,2.9444389791664403,0,Other,False,Ash Brannon,United States,100000000.0,152005713.0,72000.0,1
M0423866,0423866,Bin-jip,Crime,2004.0,3.9,34,109,3.5553480614894135,0,English,False,,,,,,1
M0423977,0423977,Charlie Bartlett,Comedy,2007.0,3.56,27,97,3.332204510175204,0,Other,False,Jon Poll,United States,12000000.0,5254986.0,64000.0,1
M0424095,0424095,Flushed Away,Animation,2006.0,3.54,12,85,2.5649493574615367,0,Other,False,David Bowers,United Kingdom,149000000.0,178281554.0,117000.0,1
M0424136,0424136,Hard Candy,Crime,2005.0,3.59,98,104,4.59511985013459,0,Other,False,David Slade,United States,950000.0,7022209.0,156000.0,1
M0424205,0424205,Joyeux Noël,Drama,2005.0,4.03,19,109,2.995732273553991,0,English,False,,,,,,1
M0424227,0424227,Lakposhtha parvaz mikonand,Drama,2004.0,4.32,37,109,3.6375861597263857,0,English,False,,,,,,1
M0424345,0424345,Clerks II,Comedy,2006.0,4.08,20,97,3.044522437723423,0,Other,False,Kevin Smith,United States,5000000.0,26986174.0,131000.0,1
M0424880,0424880,Candy,Drama,2006.0,3.76,29,108,3.4011973816621555,0,Other,False,Neil Armfield,Australia,,2105096.0,44000.0,1
M0424993,0424993,Employee of the Month,Comedy,2006.0,2.97,17,103,2.8903717578961645,0,Other,False,Greg Coolidge,United States,12000000.0,38395414.0,46000.0,1
M0425061,0425061,Get Smart,Action,2008.0,3.4,76,110,4.343805421853684,0,Other,False,Peter Segal,United States,80000000.0,230685453.0,208000.0,1
M0425112,0425112,Hot Fuzz,Action,2007.0,3.88,226,121,5.424950017481403,0,Other,False,Edgar Wright,United Kingdom,,80743363.0,476000.0,1
M0425123,0425123,Just Like Heaven,Comedy,2005.0,3.54,24,95,3.2188758248682006,0,Other,False,Mark Waters,United States,58000000.0,102854431.0,101000.0,1
M0425210,0425210,Lucky Number Slevin,Crime,2006.0,3.95,105,110,4.663439094112067,0,Other,False,Paul McGuigan,United States,27000000.0,56308881.0,303000.0,1
M0425379,0425379,Pusher III,Crime,2005.0,3.92,12,109,2.5649493574615367,0,English,False,,,,,,1
M0425413,0425413,Run Fatboy Run,Comedy,2007.0,3.27,22,100,3.1354942159291497,0,English,False,,,,,,1
M0425637,0425637,Chi bi,Action,2008.0,3.58,18,107,2.9444389791664403,0,English,False,,,,,,1
M0426459,0426459,Feast,Action,2005.0,3.05,10,95,2.3978952727983707,0,Other,False,John Gulager,United States,3200000.0,719135.0,30000.0,1
M0426578,0426578,Sophie Scholl - Die letzten Tage,Biography,2005.0,3.88,16,117,2.833213344056216,0,English,False,,,,,,1
M0426592,0426592,Superhero Movie,Action,2008.0,2.63,15,75,2.772588722239781,0,Other,False,Craig Mazin,United States,35000000.0,71571300.0,65000.0,1
M0426883,0426883,Alpha Dog,Biography,2006.0,3.54,36,122,3.6109179126442243,0,Other,False,Nick Cassavetes,Germany,,32351125.0,100000.0,1
M0426931,0426931,August Rush,Drama,2007.0,4.04,56,114,4.04305126783455,0,Other,False,Kirsten Sheridan,United States,30000000.0,66122026.0,105000.0,1
M0427152,0427152,Dinner for Schmucks,Comedy,2010.0,3.2,46,114,3.8501476017100584,0,Other,False,Jay Roach,United States,69000000.0,86855739.0,103000.0,1
M0427229,0427229,Failure to Launch,Comedy,2006.0,2.81,21,97,3.091042453358316,0,Other,False,Tom Dey,United States,50000000.0,130224158.0,76000.0,1
M0427309,0427309,The Great Debaters,Biography,2007.0,3.86,50,126,3.9318256327243257,0,Other,False,Denzel Washington,United States,15000000.0,30271556.0,57000.0,1
M0427312,0427312,Grizzly Man,Documentary,2005.0,3.97,29,102,3.4011973816621555,0,English,False,,,,,,1
M0427327,0427327,Hairspray,Comedy,2007.0,3.82,30,92,3.4339872044851463,0,Other,False,John Waters,United States,2000000.0,6673032.0,20000.0,1
M0427392,0427392,The Invasion,Sci-Fi,2007.0,3.43,27,99,3.332204510175204,0,Other,False,Oliver Hirschbiegel,United States,80000000.0,40170558.0,75000.0,1
M0427470,0427470,The Lookout,Crime,2007.0,3.39,44,99,3.8066624897703196,0,Other,False,Scott Frank,United States,16000000.0,5371181.0,57000.0,1
M0427944,0427944,Thank You for Smoking,Comedy,2005.0,3.77,80,92,4.394449154672439,0,Other,False,Jason Reitman,United States,6500000.0,39323027.0,215000.0,1
M0427969,0427969,Hollywoodland,Biography,2006.0,3.82,17,126,2.8903717578961645,0,Other,False,Allen Coulter,United States,28000000.0,16800438.0,33000.0,1
M0428803,0428803,March of the Penguins,Documentary,2005.0,4.14,11,102,2.4849066497880004,0,English,False,,,,,,1
M0428870,0428870,Nae meorisokui jiwoogae,Drama,2004.0,4.19,18,109,2.9444389791664403,0,English,False,,,,,,1
M0429493,0429493,The A-Team,Action,2010.0,3.48,99,117,4.605170185988092,0,Other,False,Joe Carnahan,United States,110000000.0,177238796.0,250000.0,1
M0429589,0429589,The Ant Bully,Animation,2006.0,2.95,11,88,2.4849066497880004,0,Other,False,John A. Davis,United States,50000000.0,55181129.0,38000.0,1
M0429591,0429591,Aquamarine,Comedy,2006.0,3.7,10,110,2.3978952727983707,0,Other,False,Elizabeth Allen Rosenbaum,United States,12000000.0,22989957.0,39000.0,1
M0430105,0430105,Four Brothers,Action,2005.0,3.5,73,109,4.30406509320417,0,Other,False,John Singleton,United States,45000000.0,92374674.0,138000.0,1
M0430304,0430304,Little Man,Comedy,2006.0,2.62,13,98,2.6390573296152584,0,Other,False,Keenen Ivory Wayans,United States,64000000.0,104003322.0,52000.0,1
M0430308,0430308,Get Rich or Die Tryin',Biography,2005.0,3.29,17,117,2.8903717578961645,0,Other,False,Jim Sheridan,United States,40000000.0,46563961.0,45000.0,1
M0430357,0430357,Miami Vice,Action,2006.0,3.03,37,132,3.6375861597263857,0,Other,False,Michael Mann,Germany,135000000.0,163794509.0,112000.0,1
M0430634,0430634,Stick It,Comedy,2006.0,3.15,10,103,2.3978952727983707,0,Other,False,Jessica Bendinger,Germany,,31976848.0,27000.0,1
M0430922,0430922,Role Models,Comedy,2008.0,3.27,62,99,4.143134726391533,0,Other,False,David Wain,Germany,28000000.0,92649419.0,223000.0,1
M0431021,0431021,The Possession,Horror,2012.0,2.93,109,92,4.700480365792417,0,Other,False,Ole Bornedal,United States,14000000.0,85446075.0,58000.0,1
M0431197,0431197,The Kingdom,Action,2007.0,3.79,59,110,4.0943445622221,0,Other,False,Peter Berg,United States,70000000.0,87019158.0,121000.0,1
M0431308,0431308,P.S. I Love You,Drama,2007.0,3.74,69,126,4.248495242049359,0,Other,False,Richard LaGravenese,United States,30000000.0,156835339.0,203000.0,1
M0432021,0432021,Resident Evil: Extinction,Action,2007.0,3.46,40,94,3.713572066704308,0,Other,False,Russell Mulcahy,France,45000000.0,147717833.0,187000.0,1
M0432283,0432283,Fantastic Mr. Fox,Animation,2009.0,4.03,136,87,4.919980925828125,0,Other,False,Wes Anderson,United States,40000000.0,46474181.0,208000.0,1
M0432291,0432291,The Fog,Horror,2005.0,1.64,14,89,2.70805020110221,0,Other,False,John Carpenter,United States,1000000.0,21448782.0,66000.0,1
M0432348,0432348,Saw II,Crime,2005.0,3.55,64,93,4.174387269895637,0,Other,False,Darren Lynn Bousman,Canada,4000000.0,147748505.0,239000.0,1
M0433035,0433035,Real Steel,Action,2011.0,3.8,160,127,5.081404364984463,0,Other,False,Shawn Levy,United States,110000000.0,299268508.0,306000.0,1
M0433362,0433362,Daybreakers,Action,2009.0,3.3,60,98,4.110873864173311,0,Other,False,Michael Spierig,Australia,20000000.0,51417188.0,124000.0,1
M0433383,0433383,"Good Night, and Good Luck.",Biography,2005.0,3.92,38,93,3.6635616461296463,0,Other,False,George Clooney,United States,7000000.0,54641191.0,95000.0,1
M0433386,0433386,The Grudge 2,Horror,2006.0,2.5,18,102,2.9444389791664403,0,Other,False,Takashi Shimizu,United States,20000000.0,70711175.0,48000.0,1
M0433387,0433387,Harsh Times,Action,2005.0,3.52,52,116,3.970291913552122,0,Other,False,David Ayer,United States,2000000.0,5969708.0,64000.0,1
M0433400,0433400,Just Friends,Comedy,2005.0,2.92,50,96,3.9318256327243257,0,Other,False,Roger Kumble,Germany,,51024243.0,109000.0,1
M0433416,0433416,The Namesake,Drama,2006.0,3.77,15,109,2.772588722239781,0,English,False,,,,,,1
M0433442,0433442,The Return,Horror,2006.0,2.68,11,110,2.4849066497880004,0,Other,False,Andrey Zvyagintsev,Russia,,8482993.0,44000.0,1
M0434124,0434124,Kinky Boots,Comedy,2005.0,3.5,19,107,2.995732273553991,0,Other,False,Julian Jarrold,United States,,9950133.0,19000.0,1
M0434139,0434139,The Last Kiss,Comedy,2006.0,3.25,14,104,2.70805020110221,0,Other,False,Tony Goldwyn,United States,20000000.0,15852401.0,41000.0,1
M0434409,0434409,V for Vendetta,Action,2005.0,4.19,391,132,5.971261839790462,0,Other,False,James McTeigue,United States,54000000.0,132511035.0,1100000.0,1
M0435625,0435625,The Descent,Adventure,2005.0,3.64,71,99,4.276666119016055,0,Other,False,Neil Marshall,United Kingdom,,57130027.0,207000.0,1
M0435651,0435651,The Giver,Drama,2014.0,3.4,251,97,5.529429087511423,0,Other,False,Phillip Noyce,United States,25000000.0,66980456.0,114000.0,1
M0435670,0435670,The Invisible,Crime,2007.0,3.55,10,102,2.3978952727983707,0,Other,False,David S. Goyer,United States,30000000.0,26810113.0,35000.0,1
M0435679,0435679,Keith,Drama,2008.0,3.57,21,109,3.091042453358316,0,English,False,,,,,,1
M0435680,0435680,Kidulthood,Crime,2006.0,3.5,12,109,2.5649493574615367,0,English,False,,,,,,1
M0435705,0435705,Next,Action,2007.0,3.3,33,96,3.5263605246161616,0,Other,False,Lee Tamahori,United States,70000000.0,77621983.0,152000.0,1
M0435761,0435761,Toy Story 3,Animation,2010.0,4.37,185,103,5.225746673713202,0,Other,False,Lee Unkrich,United States,200000000.0,1066970811.0,776000.0,1
M0436331,0436331,Friends with Money,Comedy,2006.0,3.12,30,88,3.4339872044851463,0,Other,False,Nicole Holofcener,United States,6500000.0,18245244.0,29000.0,1
M0436339,0436339,G-Force,Animation,2009.0,2.73,11,88,2.4849066497880004,0,Other,False,Hoyt Yeatman,United States,150000000.0,292817898.0,44000.0,1
M0436374,0436374,El habitante incierto,Drama,2004.0,3.97,16,109,2.833213344056216,0,English,False,,,,,,1
M0436697,0436697,The Queen,Biography,2006.0,3.96,45,103,3.828641396489095,0,Other,False,Stephen Frears,United Kingdom,,123384128.0,106000.0,1
M0437086,0437086,Alita: Battle Angel,Action,2019.0,3.63,329,122,5.799092654460526,0,Other,False,Robert Rodriguez,United States,170000000.0,404980543.0,240000.0,1
M0437179,0437179,See No Evil,Action,2006.0,2.96,12,84,2.5649493574615367,0,Other,False,Gregory Dark,United States,8000000.0,18707966.0,26000.0,1
M0437405,0437405,Paper Man,Comedy,2009.0,3.25,12,110,2.5649493574615367,0,Other,False,Kieran Mulroney,United States,,13514.0,19000.0,1
M0437800,0437800,Akeelah and the Bee,Drama,2006.0,3.9,10,112,2.3978952727983707,0,Other,False,Doug Atchison,United States,8000000.0,18948425.0,19000.0,1
M0437863,0437863,The Benchwarmers,Comedy,2006.0,3.41,16,85,2.833213344056216,0,Other,False,Dennis Dugan,United States,33000000.0,64962629.0,49000.0,1
M0438097,0438097,Ice Age: The Meltdown,Animation,2006.0,3.68,25,91,3.258096538021482,0,Other,False,Carlos Saldanha,United States,80000000.0,667094506.0,262000.0,1
M0438315,0438315,Peaceful Warrior,Drama,2006.0,3.98,21,120,3.091042453358316,0,Other,False,Victor Salva,United States,10000000.0,4326927.0,27000.0,1
M0438488,0438488,Terminator Salvation,Action,2009.0,3.45,111,115,4.718498871295094,0,Other,False,McG,United States,200000000.0,371353001.0,348000.0,1
M0439662,0439662,Fanaa,Drama,2006.0,4.14,14,109,2.70805020110221,0,English,False,,,,,,1
M0439815,0439815,Slither,Comedy,2006.0,3.11,42,95,3.7612001156935624,0,Other,False,James Gunn,Canada,15000000.0,12834936.0,76000.0,1
M0440803,0440803,Shutter,Horror,2004.0,3.76,17,85,2.8903717578961645,0,Other,False,Masayuki Ochiai,United States,8000000.0,48555306.0,33000.0,1
M0440963,0440963,The Bourne Ultimatum,Action,2007.0,4.11,171,115,5.147494476813453,0,Other,False,Paul Greengrass,United States,110000000.0,444100035.0,612000.0,1
M0441773,0441773,Kung Fu Panda,Animation,2008.0,3.78,72,92,4.290459441148391,0,Other,False,Mark Osborne,United States,130000000.0,631746197.0,432000.0,1
M0441774,0441774,Lonely Hearts,Crime,2006.0,3.29,14,106,2.70805020110221,0,Other,False,Paul Cox,Australia,,777087.0,336.0,1
M0441796,0441796,Stay Alive,Fantasy,2006.0,3.12,16,85,2.833213344056216,0,Other,False,William Brent Bell,United States,7000000.0,27298695.0,31000.0,1
M0441881,0441881,Danger Close: The Battle of Long Tan,Action,2019.0,3.42,12,107,2.5649493574615367,0,English,False,,,,,,1
M0441909,0441909,Volver,Comedy,2006.0,3.73,37,121,3.6375861597263857,0,Other,False,Pedro Almodóvar,Spain,,85585177.0,97000.0,1
M0442933,0442933,Beowulf,Animation,2007.0,3.03,32,115,3.4965075614664802,0,Other,False,Robert Zemeckis,United States,150000000.0,196393745.0,163000.0,1
M0443272,0443272,Lincoln,Biography,2012.0,3.78,387,150,5.961005339623274,0,Other,False,Steven Spielberg,United States,65000000.0,275293450.0,250000.0,1
M0443274,0443274,Vantage Point,Action,2008.0,3.52,61,90,4.127134385045092,0,Other,False,Pete Travis,United States,40000000.0,152039882.0,146000.0,1
M0443453,0443453,Borat: Cultural Learnings of America for Make Benefit Glorious Nation of Kazakhstan,Comedy,2006.0,3.55,85,84,4.454347296253507,0,Other,False,Larry Charles,United States,18000000.0,262552893.0,387000.0,1
M0443456,0443456,Breaking and Entering,Crime,2006.0,3.41,11,109,2.4849066497880004,0,English,False,,,,,,1
M0443465,0443465,Before We Go,Comedy,2014.0,3.51,159,95,5.075173815233827,0,Other,False,Chris Evans,United States,,462875.0,54000.0,1
M0443473,0443473,The Condemned,Action,2007.0,3.07,21,113,3.091042453358316,0,Other,False,Scott Wiper,United States,,8642858.0,51000.0,1
M0443489,0443489,Dreamgirls,Drama,2006.0,3.79,24,130,3.2188758248682006,0,Other,False,Bill Condon,United States,70000000.0,155430335.0,71000.0,1
M0443543,0443543,The Illusionist,Drama,2006.0,3.87,155,110,5.049856007249537,0,Other,False,Neil Burger,United States,16500000.0,87892388.0,360000.0,1
M0443632,0443632,The Sentinel,Action,2006.0,3.27,15,108,2.772588722239781,0,Other,False,Clark Johnson,United States,60000000.0,78810595.0,49000.0,1
M0443649,0443649,"10,000 BC",Action,2008.0,2.79,29,109,3.4011973816621555,0,Other,False,Roland Emmerich,United States,105000000.0,269784201.0,127000.0,1
M0443676,0443676,Undisputed II: Last Man Standing,Action,2006.0,3.55,21,107,3.091042453358316,0,English,False,,,,,,1
M0443680,0443680,The Assassination of Jesse James by the Coward Robert Ford,Biography,2007.0,3.84,125,160,4.836281906951478,0,Other,False,Andrew Dominik,United States,30000000.0,15001776.0,173000.0,1
M0443701,0443701,The X Files: I Want to Believe,Drama,2008.0,2.82,20,104,3.044522437723423,0,Other,False,Chris Carter,United States,30000000.0,69363381.0,89000.0,1
M0443706,0443706,Zodiac,Crime,2007.0,3.84,497,157,6.210600077024653,0,Other,False,David Fincher,United States,65000000.0,84785914.0,486000.0,1
M0444653,0444653,Keeping Mum,Comedy,2005.0,3.5,17,99,2.8903717578961645,0,Other,False,Niall Johnson,United Kingdom,169000.0,18586834.0,34000.0,1
M0444682,0444682,The Reaping,Horror,2007.0,3.15,13,99,2.6390573296152584,0,Other,False,Stephen Hopkins,United States,40000000.0,62771059.0,42000.0,1
M0445336,0445336,Du levande,Comedy,2007.0,3.87,15,100,2.772588722239781,0,English,False,,,,,,1
M0445620,0445620,Paradise Now,Crime,2005.0,3.5,20,109,3.044522437723423,0,English,False,,,,,,1
M0445922,0445922,Across the Universe,Drama,2007.0,3.98,46,133,3.8501476017100584,0,Other,False,Julie Taymor,United States,45000000.0,29625761.0,107000.0,1
M0445934,0445934,Blades of Glory,Comedy,2007.0,3.28,37,93,3.6375861597263857,0,Other,False,Josh Gordon,United States,61000000.0,145710347.0,161000.0,1
M0445946,0445946,The Contract,Action,2006.0,2.85,10,107,2.3978952727983707,0,English,False,,,,,,1
M0445990,0445990,Invincible,Biography,2006.0,3.58,38,105,3.6635616461296463,0,Other,False,Ericson Core,United States,40000000.0,58480828.0,68000.0,1
M0446013,0446013,Pathfinder,Action,2007.0,2.55,10,99,2.3978952727983707,0,Other,False,Marcus Nispel,United States,45000000.0,30984583.0,43000.0,1
M0446029,0446029,Scott Pilgrim vs. the World,Action,2010.0,3.85,202,112,5.313205979041787,0,Other,False,Edgar Wright,United States,60000000.0,48917974.0,394000.0,1
M0446059,0446059,Huo Yuan Jia,Action,2006.0,3.91,16,107,2.833213344056216,0,English,False,,,,,,1
M0446755,0446755,The Painted Veil,Drama,2006.0,3.73,48,125,3.8918202981106265,0,Other,False,John Curran,China,19400000.0,26910847.0,90000.0,1
M0448011,0448011,Knowing,Action,2009.0,3.06,59,121,4.0943445622221,0,Other,False,Alex Proyas,United States,50000000.0,183658498.0,225000.0,1
M0448115,0448115,Shazam!,Action,2019.0,3.69,624,132,6.437751649736401,0,Other,False,David F. Sandberg,United States,100000000.0,365971656.0,284000.0,1
M0448134,0448134,Sunshine,Adventure,2007.0,3.68,93,181,4.543294782270004,0,Other,False,István Szabó,Germany,,7918035.0,13000.0,1
M0448157,0448157,Hancock,Action,2008.0,3.46,113,92,4.736198448394496,0,Other,False,Peter Berg,United States,150000000.0,629443428.0,454000.0,1
M0448694,0448694,Puss in Boots,Animation,2011.0,3.25,48,90,3.8918202981106265,0,Other,False,Chris Miller,United States,130000000.0,554987477.0,148000.0,1
M0449010,0449010,Eragon,Action,2006.0,3.47,16,104,2.833213344056216,0,Other,False,Stefen Fangmeier,United States,100000000.0,250425512.0,123000.0,1
M0449059,0449059,Little Miss Sunshine,Comedy,2006.0,3.95,215,101,5.375278407684165,0,Other,False,Jonathan Dayton,United States,8000000.0,101058954.0,450000.0,1
M0449061,0449061,London,Drama,2005.0,3.36,11,92,2.4849066497880004,0,Other,False,Hunter Richards,United Kingdom,,20361.0,23000.0,1
M0449088,0449088,Pirates of the Caribbean: At World's End,Action,2007.0,3.8,124,169,4.8283137373023015,0,Other,False,Gore Verbinski,United States,300000000.0,960996492.0,608000.0,1
M0449089,0449089,RV,Adventure,2006.0,3.0,18,99,2.9444389791664403,0,Other,False,Barry Sonnenfeld,United Kingdom,50000000.0,87528173.0,57000.0,1
M0449467,0449467,Babel,Drama,2006.0,3.88,130,143,4.875197323201151,0,Other,False,Alejandro G. Iñárritu,United States,25000000.0,135330182.0,293000.0,1
M0449487,0449487,Passengers,Drama,2008.0,3.2,28,93,3.367295829986474,0,Other,False,Rodrigo García,United States,25000000.0,5798974.0,35000.0,1
M0450188,0450188,La Vie En Rose,Biography,2007.0,4.21,71,140,4.276666119016055,0,Other,False,Olivier Dahan,France,25000000.0,86274793.0,84000.0,1
M0450232,0450232,16 Blocks,Action,2006.0,3.38,40,102,3.713572066704308,0,Other,False,Richard Donner,United States,52000000.0,65664721.0,128000.0,1
M0450259,0450259,Blood Diamond,Adventure,2006.0,4.13,319,143,5.768320995793772,0,Other,False,Edward Zwick,United States,100000000.0,171720398.0,511000.0,1
M0450278,0450278,Hostel,Horror,2005.0,3.27,42,94,3.7612001156935624,0,Other,False,Eli Roth,United States,4800000.0,81979826.0,172000.0,1
M0450314,0450314,Punisher: War Zone,Action,2008.0,3.21,28,103,3.367295829986474,0,Other,False,Lexi Alexander,United States,35000000.0,10161493.0,61000.0,1
M0450340,0450340,Unknown,Crime,2006.0,2.88,13,113,2.6390573296152584,0,Other,False,Jaume Collet-Serra,United Kingdom,30000000.0,135710029.0,253000.0,1
M0450345,0450345,The Wicker Man,Horror,2006.0,1.81,24,102,3.2188758248682006,0,Other,False,Neil LaBute,United States,40000000.0,38805380.0,65000.0,1
M0450385,0450385,1408,Drama,2007.0,3.4,86,104,4.465908118654584,0,Other,False,Mikael Håfström,United States,25000000.0,132963417.0,260000.0,1
M0450405,0450405,Cirque du Freak: The Vampire's Assistant,Action,2009.0,3.47,18,109,2.9444389791664403,0,Other,False,Paul Weitz,United States,40000000.0,39291383.0,44000.0,1
M0451079,0451079,Horton Hears a Who!,Animation,2008.0,3.7,22,86,3.1354942159291497,0,Other,False,Jimmy Hayward,United States,85000000.0,298572799.0,132000.0,1
M0451094,0451094,Chinjeolhan geumjassi,Crime,2005.0,3.8,47,109,3.871201010907891,0,English,False,,,,,,1
M0451279,0451279,Wonder Woman,Action,2017.0,3.76,1159,141,7.05617528410041,0,Other,False,Patty Jenkins,United States,149000000.0,822824522.0,600000.0,1
M0452594,0452594,The Break-Up,Comedy,2006.0,3.12,43,106,3.784189633918261,0,Other,False,Peyton Reed,United States,52000000.0,205668210.0,128000.0,1
M0452598,0452598,Cheaper by the Dozen 2,Adventure,2005.0,2.85,13,94,2.6390573296152584,0,Other,False,Adam Shankman,United States,60000000.0,130154568.0,56000.0,1
M0452608,0452608,Death Race,Action,2008.0,3.41,55,105,4.02535169073515,0,Other,False,Paul W.S. Anderson,United States,45000000.0,76014335.0,201000.0,1
M0452623,0452623,Gone Baby Gone,Crime,2007.0,3.87,256,114,5.54907608489522,0,Other,False,Ben Affleck,United States,19000000.0,34612443.0,258000.0,1
M0452625,0452625,Good Luck Chuck,Comedy,2007.0,2.92,18,96,2.9444389791664403,0,Other,False,Mark Helfrich,United States,25000000.0,59768495.0,87000.0,1
M0452637,0452637,Lady in the Water,Drama,2006.0,3.13,19,110,2.995732273553991,0,Other,False,M. Night Shyamalan,United States,70000000.0,72785169.0,96000.0,1
M0452694,0452694,The Time Traveler's Wife,Drama,2009.0,3.52,74,107,4.31748811353631,0,Other,False,Robert Schwentke,United States,39000000.0,101344412.0,144000.0,1
M0452702,0452702,Vacancy,Crime,2007.0,3.26,42,85,3.7612001156935624,0,Other,False,Nimród Antal,United States,19000000.0,35442935.0,96000.0,1
M0453451,0453451,Mr. Bean's Holiday,Comedy,2007.0,3.47,35,90,3.58351893845611,0,Other,False,Steve Bendelack,United Kingdom,25000000.0,232225908.0,119000.0,1
M0453467,0453467,Deja Vu,Action,2006.0,3.79,102,126,4.634728988229636,0,Other,False,Tony Scott,United States,75000000.0,180557550.0,298000.0,1
M0453562,0453562,42,Biography,2013.0,3.96,330,128,5.802118375377063,0,Other,False,Brian Helgeland,United States,40000000.0,97470701.0,89000.0,1
M0454824,0454824,Flyboys,Action,2006.0,3.5,15,140,2.772588722239781,0,Other,False,Tony Bill,United Kingdom,60000000.0,17858059.0,42000.0,1
M0454841,0454841,The Hills Have Eyes,Horror,2006.0,3.33,51,107,3.9512437185814275,0,Other,False,Alexandre Aja,United States,15000000.0,70009308.0,162000.0,1
M0454848,0454848,Inside Man,Crime,2006.0,3.75,231,129,5.44673737166631,0,Other,False,Spike Lee,United States,45000000.0,186003591.0,350000.0,1
M0454876,0454876,Life of Pi,Adventure,2012.0,4.06,822,127,6.71295620067707,0,Other,False,Ang Lee,United States,120000000.0,609016565.0,594000.0,1
M0454921,0454921,The Pursuit of Happyness,Biography,2006.0,4.27,322,117,5.777652323222656,0,Other,False,Gabriele Muccino,United States,55000000.0,307127625.0,465000.0,1
M0454945,0454945,She's the Man,Comedy,2006.0,3.46,28,105,3.367295829986474,0,Other,False,Andy Fickman,United States,20000000.0,57194667.0,149000.0,1
M0454970,0454970,Turistas,Horror,2006.0,3.12,13,93,2.6390573296152584,0,Other,False,John Stockwell,United States,10000000.0,14756513.0,37000.0,1
M0454987,0454987,Let&x27;s Go to Prison,Comedy,2006.0,3.1,10,100,2.3978952727983707,0,English,False,,,,,,1
M0455323,0455323,Being Flynn,Drama,2012.0,3.21,28,109,3.367295829986474,0,English,False,,,,,,1
M0455407,0455407,The Crazies,Horror,2010.0,3.35,65,101,4.189654742026425,0,Other,False,Breck Eisner,United States,20000000.0,54806823.0,114000.0,1
M0455538,0455538,How to Lose Friends & Alienate People,Biography,2008.0,3.57,21,110,3.091042453358316,0,Other,False,Robert B. Weide,United Kingdom,28000000.0,19152009.0,68000.0,1
M0455590,0455590,The Last King of Scotland,Biography,2006.0,3.74,94,123,4.553876891600541,0,Other,False,Kevin Macdonald,United Kingdom,6000000.0,48618191.0,179000.0,1
M0455760,0455760,Dead Silence,Horror,2007.0,3.11,53,89,3.9889840465642745,0,Other,False,James Wan,United States,20000000.0,22382047.0,89000.0,1
M0455824,0455824,Australia,Adventure,2008.0,3.46,38,165,3.6635616461296463,0,Other,False,Baz Luhrmann,United Kingdom,130000000.0,211787511.0,121000.0,1
M0455857,0455857,When a Stranger Calls,Horror,2006.0,3.11,18,87,2.9444389791664403,0,Other,False,Simon West,United States,15000000.0,67062123.0,44000.0,1
M0455944,0455944,The Equalizer,Action,2014.0,3.67,986,132,6.894670039433482,0,Other,False,Antoine Fuqua,United States,55000000.0,192330738.0,344000.0,1
M0455960,0455960,The Hitcher,Crime,2007.0,3.25,22,97,3.1354942159291497,0,Other,False,Robert Harmon,United States,6000000.0,5844868.0,45000.0,1
M0455967,0455967,John Tucker Must Die,Comedy,2006.0,3.29,19,89,2.995732273553991,0,Other,False,Betty Thomas,United States,18000000.0,68844775.0,81000.0,1
M0456554,0456554,Grandma's Boy,Comedy,2006.0,3.83,23,94,3.1780538303479458,0,Other,False,Nicholaus Goossen,United States,,6566277.0,79000.0,1
M0456912,0456912,Dalkomhan insaeng,Action,2005.0,3.52,31,107,3.4657359027997265,0,English,False,,,,,,1
M0457400,0457400,Land of the Lost,Action,2009.0,2.68,22,102,3.1354942159291497,0,Other,False,Brad Silberling,United States,100000000.0,68777554.0,68000.0,1
M0457419,0457419,Mr. Magorium's Wonder Emporium,Comedy,2007.0,2.9,15,93,2.772588722239781,0,Other,False,Zach Helm,United States,65000000.0,69474661.0,44000.0,1
M0457430,0457430,Pan's Labyrinth,Drama,2006.0,4.14,314,118,5.752572638825633,0,Other,False,Guillermo del Toro,Spain,19000000.0,83850267.0,631000.0,1
M0457433,0457433,Perfect Stranger,Crime,2007.0,2.95,20,109,3.044522437723423,0,Other,False,James Foley,United States,60795000.0,73534117.0,46000.0,1
M0457510,0457510,Nacho Libre,Comedy,2006.0,3.28,25,92,3.258096538021482,0,Other,False,Jared Hess,United States,35000000.0,99255460.0,83000.0,1
M0457513,0457513,Scoop,Comedy,2006.0,3.43,34,96,3.5553480614894135,0,Other,False,Woody Allen,United Kingdom,17300000.0,39220946.0,82000.0,1
M0457655,0457655,Efter brylluppet,Drama,2006.0,3.96,28,109,3.367295829986474,0,English,False,,,,,,1
M0457939,0457939,The Holiday,Comedy,2006.0,3.7,111,136,4.718498871295094,0,Other,False,Nancy Meyers,United States,85000000.0,205850134.0,258000.0,1
M0458339,0458339,Captain America: The First Avenger,Action,2011.0,3.48,475,124,6.16541785423142,0,Other,False,Joe Johnston,United States,140000000.0,370569774.0,769000.0,1
M0458352,0458352,The Devil Wears Prada,Comedy,2006.0,3.64,136,109,4.919980925828125,0,Other,False,David Frankel,United States,35000000.0,326706115.0,385000.0,1
M0458413,0458413,A Long Way Down,Comedy,2014.0,3.16,114,96,4.74493212836325,0,Other,False,Pascal Chaumeil,United Kingdom,12000000.0,7257942.0,32000.0,1
M0458481,0458481,Sin City: A Dame to Kill For,Crime,2014.0,3.34,357,102,5.8805329864007,0,Other,False,Frank Miller,United States,65000000.0,39407616.0,155000.0,1
M0458525,0458525,X-Men Origins: Wolverine,Action,2009.0,3.45,227,107,5.429345628954441,0,Other,False,Gavin Hood,United States,150000000.0,373062864.0,477000.0,1
M0460740,0460740,Cashback,Comedy,2006.0,3.52,54,102,4.007333185232471,0,Other,False,Sean Ellis,United Kingdom,,2294291.0,84000.0,1
M0460745,0460745,Chaos Theory,Comedy,2008.0,3.44,16,87,2.833213344056216,0,Other,False,Marcos Siega,United States,,338440.0,32000.0,1
M0460780,0460780,In the Name of the King: A Dungeon Siege Tale,Action,2006.0,2.65,10,127,2.3978952727983707,0,Other,False,Uwe Boll,Germany,60000000.0,13097915.0,45000.0,1
M0460791,0460791,The Fall,Adventure,2006.0,3.97,54,117,4.007333185232471,0,Other,False,Tarsem Singh,United States,30000000.0,3669465.0,109000.0,1
M0460829,0460829,Inland Empire,Drama,2006.0,3.31,21,180,3.091042453358316,0,Other,False,David Lynch,France,,4046144.0,55000.0,1
M0460890,0460890,The Only Living Boy in New York,Drama,2017.0,3.11,23,89,3.1780538303479458,0,Other,False,Marc Webb,United States,,2550321.0,13000.0,1
M0460989,0460989,The Wind that Shakes the Barley,Drama,2006.0,4.05,28,127,3.367295829986474,0,Other,False,Ken Loach,Ireland,,22903165.0,48000.0,1
M0461770,0461770,Enchanted,Animation,2007.0,3.86,44,107,3.8066624897703196,0,Other,False,Kevin Lima,United States,85000000.0,340487836.0,181000.0,1
M0462200,0462200,Black Snake Moan,Drama,2006.0,3.34,16,116,2.833213344056216,0,Other,False,Craig Brewer,United States,15000000.0,10907485.0,62000.0,1
M0462322,0462322,Grindhouse,Action,2007.0,3.91,23,191,3.1780538303479458,0,Other,False,Directors,United States,67000000.0,25422088.0,180000.0,1
M0462335,0462335,High-Rise,Drama,2015.0,2.92,92,119,4.532599493153256,0,Other,False,Ben Wheatley,United Kingdom,,4289074.0,40000.0,1
M0462465,0462465,Outlander,Action,2008.0,3.29,17,115,2.8903717578961645,0,Other,False,Howard McCain,United States,50000000.0,7034698.0,73000.0,1
M0462499,0462499,Rambo,Action,2008.0,3.55,64,92,4.174387269895637,0,Other,False,Sylvester Stallone,Germany,50000000.0,113244290.0,222000.0,1
M0462504,0462504,Rescue Dawn,Action,2006.0,3.6,84,120,4.442651256490317,0,Other,False,Werner Herzog,United States,10000000.0,7177143.0,103000.0,1
M0462538,0462538,The Simpsons Movie,Animation,2007.0,3.71,52,87,3.970291913552122,0,Other,False,David Silverman,United States,75000000.0,536414293.0,314000.0,1
M0462590,0462590,Step Up,Crime,2006.0,3.72,36,104,3.6109179126442243,0,Other,False,Anne Fletcher,United States,12000000.0,114197742.0,113000.0,1
M0463034,0463034,"You, Me and Dupree",Comedy,2006.0,3.0,18,110,2.9444389791664403,0,Other,False,Anthony Russo,United States,54000000.0,130628903.0,79000.0,1
M0463854,0463854,28 Weeks Later,Drama,2007.0,3.51,104,100,4.653960350157523,0,Other,False,Juan Carlos Fresnadillo,United Kingdom,15000000.0,65048678.0,263000.0,1
M0463985,0463985,The Fast and the Furious: Tokyo Drift,Action,2006.0,3.2,92,104,4.532599493153256,0,Other,False,Justin Lin,United States,85000000.0,158964610.0,252000.0,1
M0463998,0463998,Freedom Writers,Biography,2007.0,4.06,55,123,4.02535169073515,0,Other,False,Richard LaGravenese,Germany,21000000.0,43095175.0,72000.0,1
M0464041,0464041,The Lazarus Project,Drama,2008.0,3.42,18,109,2.9444389791664403,0,English,False,,,,,,1
M0464049,0464049,The History Boys,Comedy,2006.0,3.81,16,100,2.833213344056216,0,English,False,,,,,,1
M0464141,0464141,El orfanato,Drama,2007.0,3.7,79,109,4.382026634673881,0,English,False,,,,,,1
M0464154,0464154,Piranha 3D,Comedy,2010.0,2.9,26,88,3.295836866004329,0,Other,False,Alexandre Aja,United States,24000000.0,83188165.0,87000.0,1
M0464196,0464196,Severance,Comedy,2006.0,3.3,10,96,2.3978952727983707,0,Other,False,Christopher Smith,United Kingdom,,5515163.0,37000.0,1
M0465203,0465203,Ils,Horror,2006.0,3.39,19,96,2.995732273553991,0,English,False,,,,,,1
M0465234,0465234,National Treasure: Book of Secrets,Action,2007.0,3.56,34,124,3.5553480614894135,0,Other,False,Jon Turteltaub,United States,130000000.0,459242249.0,223000.0,1
M0465494,0465494,Hitman,Action,2007.0,3.37,51,100,3.9512437185814275,0,Other,False,Xavier Gens,France,24000000.0,101276318.0,163000.0,1
M0465538,0465538,Michael Clayton,Crime,2007.0,3.66,70,119,4.2626798770413155,0,Other,False,Tony Gilroy,United States,25000000.0,92991835.0,159000.0,1
M0465551,0465551,Notes on a Scandal,Crime,2006.0,3.81,56,92,4.04305126783455,0,Other,False,Richard Eyre,United Kingdom,15000000.0,49814392.0,76000.0,1
M0465580,0465580,Push,Action,2009.0,3.44,48,111,3.8918202981106265,0,Other,False,Paul McGuigan,United States,38000000.0,48858618.0,107000.0,1
M0465602,0465602,Shoot 'Em Up,Action,2007.0,3.24,34,86,3.5553480614894135,0,Other,False,Michael Davis,United States,39000000.0,27122238.0,146000.0,1
M0465624,0465624,My Super Ex-Girlfriend,Comedy,2006.0,2.67,12,96,2.5649493574615367,0,Other,False,Ivan Reitman,United States,30000000.0,61108981.0,63000.0,1
M0466893,0466893,Margaret,Drama,2011.0,2.97,19,109,2.995732273553991,0,English,False,,,,,,1
M0466909,0466909,The Omen,Horror,2006.0,3.1,21,110,3.091042453358316,0,Other,False,John Moore,United States,25000000.0,119974972.0,57000.0,1
M0467197,0467197,Max Payne,Action,2008.0,2.69,32,100,3.4965075614664802,0,Other,False,John Moore,United States,35000000.0,87066930.0,123000.0,1
M0467200,0467200,The Other Boleyn Girl,Biography,2008.0,3.65,55,115,4.02535169073515,0,Other,False,Justin Chadwick,United Kingdom,35000000.0,78201830.0,107000.0,1
M0467406,0467406,Juno,Comedy,2007.0,3.79,136,96,4.919980925828125,0,Other,False,Jason Reitman,United States,7500000.0,232372681.0,499000.0,1
M0468489,0468489,Half Nelson,Drama,2006.0,3.63,63,106,4.1588830833596715,0,Other,False,Ryan Fleck,United States,700000.0,4660481.0,85000.0,1
M0468492,0468492,Gwoemul,Action,2006.0,3.73,58,107,4.07753744390572,0,English,False,,,,,,1
M0468565,0468565,Tsotsi,Crime,2005.0,3.74,17,109,2.8903717578961645,0,English,False,,,,,,1
M0468569,0468569,The Dark Knight,Action,2008.0,4.63,663,152,6.498282149476434,0,Other,False,Christopher Nolan,United States,185000000.0,1005973645.0,2400000.0,1
M0469021,0469021,Alan Partridge: Alpha Papa,Action,2013.0,3.68,217,107,5.384495062789089,0,English,False,,,,,,1
M0469494,0469494,There Will Be Blood,Drama,2007.0,4.22,476,158,6.1675164908883415,0,Other,False,Paul Thomas Anderson,United States,25000000.0,76182388.0,535000.0,1
M0469623,0469623,Things We Lost in the Fire,Drama,2007.0,3.62,16,118,2.833213344056216,0,Other,False,Susanne Bier,United States,16000000.0,8591255.0,28000.0,1
M0469641,0469641,World Trade Center,Drama,2006.0,3.46,27,129,3.332204510175204,0,Other,False,Oliver Stone,United States,65000000.0,163247198.0,79000.0,1
M0469903,0469903,The Express,Biography,2008.0,3.76,19,130,2.995732273553991,0,Other,False,Gary Fleder,United States,40000000.0,9808124.0,20000.0,1
M0470705,0470705,Bug,Drama,2006.0,3.22,16,102,2.833213344056216,0,Other,False,William Friedkin,United States,4000000.0,8095658.0,34000.0,1
M0470752,0470752,Ex Machina,Drama,2014.0,3.8,1013,108,6.921658184151129,0,Other,False,Alex Garland,United Kingdom,15000000.0,36869414.0,493000.0,1
M0471042,0471042,Tower Heist,Action,2011.0,3.22,100,104,4.61512051684126,0,Other,False,Brett Ratner,United States,75000000.0,152930623.0,137000.0,1
M0472033,0472033,9,Animation,2009.0,3.41,48,79,3.8918202981106265,0,Other,False,Shane Acker,United States,30000000.0,48428063.0,135000.0,1
M0472043,0472043,Apocalypto,Action,2006.0,3.94,114,139,4.74493212836325,0,Other,False,Mel Gibson,United States,40000000.0,120673227.0,297000.0,1
M0472062,0472062,Charlie Wilson's War,Biography,2007.0,3.54,89,102,4.499809670330265,0,Other,False,Mike Nichols,United States,75000000.0,119483446.0,113000.0,1
M0472160,0472160,Penelope,Comedy,2006.0,3.31,24,104,3.2188758248682006,0,Other,False,Mark Palansky,United Kingdom,15000000.0,21156270.0,61000.0,1
M0472181,0472181,The Smurfs,Animation,2011.0,3.15,39,103,3.6888794541139363,0,Other,False,Raja Gosnell,United States,110000000.0,563749323.0,86000.0,1
M0472198,0472198,Notorious,Biography,2009.0,3.64,18,122,2.9444389791664403,0,Other,False,George Tillman Jr.,United States,20000000.0,44420167.0,42000.0,1
M0472399,0472399,The Mechanic,Action,2011.0,3.34,79,93,4.382026634673881,0,Other,False,Simon West,United States,40000000.0,76130093.0,154000.0,1
M0473075,0473075,Prince of Persia: The Sands of Time,Action,2010.0,3.35,71,116,4.276666119016055,0,Other,False,Mike Newell,United States,200000000.0,336365676.0,277000.0,1
M0473188,0473188,The Death and Life of Bobby Z,Action,2007.0,2.96,14,107,2.70805020110221,0,English,False,,,,,,1
M0473308,0473308,Waitress,Comedy,2007.0,4.08,19,108,2.995732273553991,0,Other,False,Adrienne Shelly,United States,1500000.0,22240529.0,44000.0,1
M0473360,0473360,Goal II: Living the Dream,Drama,2007.0,2.55,11,109,2.4849066497880004,0,English,False,,,,,,1
M0473444,0473444,Man cheng jin dai huang jin jia,Action,2006.0,3.6,10,107,2.3978952727983707,0,English,False,,,,,,1
M0473488,0473488,A Guide to Recognizing Your Saints,Crime,2006.0,3.5,10,100,2.3978952727983707,0,Other,False,Dito Montiel,United States,,2035468.0,25000.0,1
M0473705,0473705,State of Play,Crime,2009.0,3.6,75,127,4.330733340286331,0,Other,False,Kevin Macdonald,United States,,87812371.0,145000.0,1
M0473753,0473753,Angel-A,Comedy,2005.0,3.69,21,91,3.091042453358316,0,Other,False,Luc Besson,France,,9995168.0,33000.0,1
M0475276,0475276,United 93,Drama,2006.0,3.94,59,111,4.0943445622221,0,Other,False,Paul Greengrass,United States,15000000.0,76700659.0,100000.0,1
M0475290,0475290,"Hail, Caesar!",Comedy,2016.0,3.2,301,106,5.71042701737487,0,Other,False,Ethan Coen,United States,22000000.0,63945241.0,127000.0,1
M0475394,0475394,Smokin' Aces,Action,2006.0,3.31,39,108,3.6888794541139363,0,Other,False,Joe Carnahan,United Kingdom,17000000.0,57232879.0,140000.0,1
M0475783,0475783,Welkkeom tu Dongmakgol,Comedy,2005.0,3.9,10,100,2.3978952727983707,0,English,False,,,,,,1
M0475944,0475944,The Covenant,Action,2006.0,2.92,13,97,2.6390573296152584,0,Other,False,Renny Harlin,United States,20000000.0,37598767.0,48000.0,1
M0476735,0476735,Babam ve Oglum,Drama,2005.0,4.04,26,109,3.295836866004329,0,English,False,,,,,,1
M0476964,0476964,The Brave One,Action,2007.0,3.21,29,122,3.4011973816621555,0,Other,False,Neil Jordan,United States,70000000.0,69787394.0,59000.0,1
M0477051,0477051,Norbit,Comedy,2007.0,2.16,22,102,3.1354942159291497,0,Other,False,Brian Robbins,United States,60000000.0,159814490.0,71000.0,1
M0477071,0477071,Premonition,Drama,2007.0,3.05,40,96,3.713572066704308,0,Other,False,Mennan Yapo,United States,20000000.0,84297309.0,74000.0,1
M0477080,0477080,Unstoppable,Action,2010.0,3.56,125,98,4.836281906951478,0,Other,False,Tony Scott,United States,100000000.0,167805466.0,189000.0,1
M0477095,0477095,Starter for 10,Comedy,2006.0,3.55,28,92,3.367295829986474,0,Other,False,Tom Vaughan,United Kingdom,,1736394.0,22000.0,1
M0477139,0477139,Wristcutters: A Love Story,Comedy,2006.0,3.81,29,88,3.4011973816621555,0,Other,False,Goran Dukic,United States,1000000.0,454026.0,54000.0,1
M0477302,0477302,Extremely Loud &amp; Incredibly Close,Adventure,2011.0,3.77,127,105,4.852030263919617,0,English,False,,,,,,1
M0477347,0477347,Night at the Museum,Adventure,2006.0,3.49,63,108,4.1588830833596715,0,Other,False,Shawn Levy,United States,110000000.0,574481229.0,323000.0,1
M0477348,0477348,No Country for Old Men,Crime,2007.0,4.04,593,122,6.386879319362645,0,Other,False,Ethan Coen,United States,25000000.0,171627166.0,886000.0,1
M0478087,0478087,21,Crime,2008.0,3.57,106,123,4.672828834461906,0,Other,False,Robert Luketic,United States,35000000.0,159808370.0,235000.0,1
M0478134,0478134,In the Valley of Elah,Crime,2007.0,3.5,26,121,3.295836866004329,0,Other,False,Paul Haggis,United States,,29541790.0,70000.0,1
M0478304,0478304,The Tree of Life,Drama,2011.0,3.53,126,139,4.844187086458591,0,Other,False,Terrence Malick,United States,32000000.0,58409247.0,171000.0,1
M0478311,0478311,Knocked Up,Comedy,2007.0,3.52,87,129,4.477336814478207,0,Other,False,Judd Apatow,United States,30000000.0,219922417.0,356000.0,1
M0478970,0478970,Ant-Man,Action,2015.0,3.77,1306,117,7.175489713624222,0,Other,False,Peyton Reed,United States,130000000.0,519311965.0,595000.0,1
M0479143,0479143,Rocky Balboa,Drama,2006.0,3.71,78,102,4.3694478524670215,0,Other,False,Sylvester Stallone,United States,24000000.0,155929020.0,208000.0,1
M0479528,0479528,Rogue,Action,2007.0,3.33,15,99,2.772588722239781,0,Other,False,Greg McLean,Australia,,4631926.0,29000.0,1
M0479884,0479884,Crank,Action,2006.0,3.36,64,88,4.174387269895637,0,Other,False,Mark Neveldine,United States,12000000.0,42931041.0,239000.0,1
M0479952,0479952,Madagascar: Escape 2 Africa,Animation,2008.0,3.51,37,89,3.6375861597263857,0,Other,False,Eric Darnell,United States,150000000.0,603900354.0,211000.0,1
M0479968,0479968,One Missed Call,Horror,2008.0,2.27,11,87,2.4849066497880004,0,Other,False,Eric Valette,United States,20000000.0,45847751.0,31000.0,1
M0479997,0479997,Season of the Witch,Action,2011.0,2.74,38,95,3.6635616461296463,0,Other,False,Dominic Sena,United States,40000000.0,91627228.0,91000.0,1
M0480025,0480025,This Is England,Crime,2006.0,3.81,67,101,4.219507705176107,0,Other,False,Shane Meadows,United Kingdom,,8481254.0,117000.0,1
M0480242,0480242,Dan in Real Life,Comedy,2007.0,3.46,51,98,3.9512437185814275,0,Other,False,Peter Hedges,United States,25000000.0,68474305.0,99000.0,1
M0480249,0480249,I Am Legend,Drama,2007.0,3.75,179,101,5.19295685089021,0,Other,False,Francis Lawrence,United States,150000000.0,585410052.0,704000.0,1
M0480255,0480255,The Losers,Action,2010.0,3.39,36,97,3.6109179126442243,0,Other,False,Sylvain White,United States,25000000.0,29397654.0,94000.0,1
M0480669,0480669,Los cronocrímenes,Horror,2007.0,3.39,42,96,3.7612001156935624,0,English,False,,,,,,1
M0480687,0480687,Hall Pass,Comedy,2011.0,2.87,45,105,3.828641396489095,0,Other,False,Bobby Farrelly,United States,36000000.0,86157237.0,121000.0,1
M0481141,0481141,No Reservations,Comedy,2007.0,3.46,42,104,3.7612001156935624,0,Other,False,Scott Hicks,United States,28000000.0,92601050.0,72000.0,1
M0481369,0481369,The Number 23,Crime,2007.0,3.19,66,98,4.204692619390966,0,Other,False,Joel Schumacher,United States,30000000.0,77677553.0,196000.0,1
M0481499,0481499,The Croods,Animation,2013.0,3.74,515,98,6.246106765481563,0,Other,False,Kirk DeMicco,United States,135000000.0,587205319.0,199000.0,1
M0481536,0481536,Harold & Kumar Escape from Guantanamo Bay,Adventure,2008.0,3.17,18,114,2.9444389791664403,0,Other,False,Jon Hurwitz,United States,12000000.0,43495888.0,132000.0,1
M0482088,0482088,Hors de prix,Comedy,2006.0,3.67,12,100,2.5649493574615367,0,English,False,,,,,,1
M0482527,0482527,It&x27;s a Boy Girl Thing,Comedy,2006.0,3.3,10,100,2.3978952727983707,0,English,False,,,,,,1
M0482546,0482546,Miss Potter,Biography,2006.0,3.79,17,88,2.8903717578961645,0,Other,False,Chris Noonan,United Kingdom,30000000.0,35078241.0,28000.0,1
M0482571,0482571,The Prestige,Drama,2006.0,4.42,774,130,6.652863029353347,0,Other,False,Christopher Nolan,United Kingdom,40000000.0,109676311.0,1200000.0,1
M0482572,0482572,Pride and Glory,Crime,2008.0,3.52,32,130,3.4965075614664802,0,Other,False,Gavin O'Connor,United States,30000000.0,31200557.0,60000.0,1
M0482599,0482599,Shutter,Horror,2008.0,2.72,20,85,3.044522437723423,0,Other,False,Masayuki Ochiai,United States,8000000.0,48555306.0,33000.0,1
M0482606,0482606,The Strangers,Horror,2008.0,3.15,71,86,4.276666119016055,0,Other,False,Bryan Bertino,United States,9000000.0,82410456.0,121000.0,1
M0483607,0483607,Doomsday,Action,2008.0,2.79,21,105,3.091042453358316,0,Other,False,Neil Marshall,United Kingdom,30000000.0,22472631.0,75000.0,1
M0483726,0483726,Man of the Year,Comedy,2006.0,3.09,11,100,2.4849066497880004,0,English,False,,,,,,1
M0484740,0484740,Love in the Time of Cholera,Drama,2007.0,3.31,16,139,2.833213344056216,0,Other,False,Mike Newell,United States,45000000.0,31575877.0,23000.0,1
M0485241,0485241,"Je vais bien, ne t'en fais pas",Drama,2006.0,4.0,13,109,2.6390573296152584,0,English,False,,,,,,1
M0485601,0485601,The Secret of Kells,Animation,2009.0,3.39,14,75,2.70805020110221,0,Other,False,Tomm Moore,Ireland,8000000.0,1803412.0,33000.0,1
M0485947,0485947,Mr. Nobody,Drama,2009.0,3.97,240,141,5.484796933490655,0,Other,False,Jaco Van Dormael,Belgium,47000000.0,3559160.0,222000.0,1
M0485985,0485985,Red Tails,Action,2012.0,2.87,26,125,3.295836866004329,0,Other,False,Anthony Hemingway,United States,58000000.0,50365498.0,34000.0,1
M0486051,0486051,Wind Chill,Drama,2007.0,2.79,17,109,2.8903717578961645,0,English,False,,,,,,1
M0486576,0486576,4: Rise of the Silver Surfer,Action,2007.0,2.98,67,107,4.219507705176107,0,English,False,,,,,,1
M0486583,0486583,Fred Claus,Comedy,2007.0,2.91,16,116,2.833213344056216,0,Other,False,David Dobkin,United States,100000000.0,97838349.0,41000.0,1
M0486655,0486655,Stardust,Adventure,2007.0,3.81,70,127,4.2626798770413155,0,Other,False,Matthew Vaughn,United Kingdom,70000000.0,137515140.0,260000.0,1
M0486674,0486674,What Just Happened,Comedy,2008.0,2.67,15,104,2.772588722239781,0,Other,False,Barry Levinson,United States,25000000.0,6759057.0,27000.0,1
M0486822,0486822,Disturbia,Crime,2007.0,3.57,87,105,4.477336814478207,0,Other,False,D.J. Caruso,United States,20000000.0,118114220.0,226000.0,1
M0486946,0486946,Wild Hogs,Adventure,2007.0,3.29,19,100,2.995732273553991,0,Other,False,Walt Becker,United States,,253625427.0,115000.0,1
M0488085,0488085,Big Nothing,Comedy,2006.0,3.5,16,100,2.833213344056216,0,English,False,,,,,,1
M0488120,0488120,Fracture,Crime,2007.0,3.75,202,113,5.313205979041787,0,Other,False,Gregory Hoblit,United States,,92011561.0,192000.0,1
M0488604,0488604,The Oxford Murders,Crime,2008.0,3.59,11,109,2.4849066497880004,0,English,False,,,,,,1
M0489049,0489049,Fanboys,Adventure,2009.0,3.67,24,90,3.2188758248682006,0,Other,False,Kyle Newman,United States,3900000.0,961203.0,57000.0,1
M0489099,0489099,Jumper,Action,2008.0,3.28,88,88,4.48863636973214,0,Other,False,Doug Liman,United States,85000000.0,225132113.0,292000.0,1
M0489237,0489237,The Nanny Diaries,Comedy,2007.0,3.24,19,105,2.995732273553991,0,Other,False,Shari Springer Berman,United States,20000000.0,47817020.0,57000.0,1
M0489270,0489270,Saw III,Crime,2006.0,3.34,48,108,3.8918202981106265,0,Other,False,Darren Lynn Bousman,Canada,10000000.0,164874275.0,183000.0,1
M0490076,0490076,All the Boys Love Mandy Lane,Horror,2006.0,3.02,32,96,3.4965075614664802,0,English,False,,,,,,1
M0490086,0490086,Big Stan,Action,2007.0,3.58,13,107,2.6390573296152584,0,English,False,,,,,,1
M0490204,0490204,Reign Over Me,Drama,2007.0,4.07,37,124,3.6375861597263857,0,Other,False,Mike Binder,United States,20000000.0,22242388.0,94000.0,1
M0490215,0490215,Silence,Adventure,2016.0,3.72,298,161,5.700443573390687,0,Other,False,Martin Scorsese,United States,46000000.0,23834809.0,104000.0,1
M0491152,0491152,Something Borrowed,Comedy,2011.0,3.42,20,112,3.044522437723423,0,Other,False,Luke Greenfield,United States,35000000.0,65100369.0,59000.0,1
M0491175,0491175,Suburbicon,Comedy,2017.0,2.99,81,105,4.406719247264253,0,Other,False,George Clooney,United Kingdom,25000000.0,12751667.0,42000.0,1
M0491203,0491203,Tulip Fever,Drama,2017.0,3.4,29,105,3.4011973816621555,0,Other,False,Justin Chadwick,United Kingdom,25000000.0,9204549.0,19000.0,1
M0491747,0491747,Away from Her,Drama,2006.0,3.72,25,109,3.258096538021482,0,English,False,,,,,,1
M0492044,0492044,The Haunting in Connecticut,Drama,2009.0,2.93,28,92,3.367295829986474,0,Other,False,Peter Cornwell,United States,10000000.0,77578320.0,60000.0,1
M0492956,0492956,The Game Plan,Comedy,2007.0,3.65,10,110,2.3978952727983707,0,Other,False,Andy Fickman,United States,22000000.0,147880543.0,61000.0,1
M0493076,0493076,Nina,Biography,2016.0,3.05,10,117,2.3978952727983707,0,English,False,,,,,,1
M0493405,0493405,CHIPS,Action,2017.0,3.17,101,100,4.624972813284271,0,Other,False,Dax Shepard,United States,25000000.0,26800152.0,44000.0,1
M0493430,0493430,Jackass Number Two,Documentary,2006.0,3.88,12,102,2.5649493574615367,0,English,False,,,,,,1
M0493459,0493459,This Film Is Not Yet Rated,Documentary,2006.0,3.55,10,102,2.3978952727983707,0,English,False,,,,,,1
M0493464,0493464,Wanted,Action,2008.0,3.43,102,110,4.634728988229636,0,Other,False,Timur Bekmambetov,United States,75000000.0,342463063.0,369000.0,1
M0494222,0494222,Eagle vs Shark,Comedy,2007.0,3.42,13,88,2.6390573296152584,0,Other,False,Taika Waititi,New Zealand,,1298037.0,24000.0,1
M0494238,0494238,Inkheart,Adventure,2008.0,3.55,22,106,3.1354942159291497,0,Other,False,Iain Softley,Germany,60000000.0,62803180.0,75000.0,1
M0494271,0494271,La sconosciuta,Drama,2006.0,3.77,24,109,3.2188758248682006,0,English,False,,,,,,1
M0495596,0495596,Gedo senki,Animation,2006.0,3.18,19,91,2.995732273553991,0,English,False,,,,,,1
M0496806,0496806,Ocean's Thirteen,Crime,2007.0,3.59,104,122,4.653960350157523,0,Other,False,Steven Soderbergh,United States,85000000.0,311312624.0,328000.0,1
M0497116,0497116,An Inconvenient Truth,Documentary,2006.0,3.94,17,102,2.8903717578961645,0,English,False,,,,,,1
M0497137,0497137,Ssa-i-bo-geu-ji-man-gwen-chan-a,Comedy,2006.0,3.9,10,100,2.3978952727983707,0,English,False,,,,,,1
M0497465,0497465,Vicky Cristina Barcelona,Comedy,2008.0,3.6,106,96,4.672828834461906,0,Other,False,Woody Allen,Spain,15500000.0,96409300.0,246000.0,1
M0498097,0498097,Iklimler,Drama,2006.0,3.77,11,109,2.4849066497880004,0,English,False,,,,,,1
M0498353,0498353,Hostel: Part II,Crime,2007.0,3.03,30,94,3.4339872044851463,0,Other,False,Eli Roth,United States,10200000.0,35728183.0,87000.0,1
M0498380,0498380,Letters from Iwo Jima,Drama,2006.0,4.06,47,141,3.871201010907891,0,Other,False,Clint Eastwood,United States,19000000.0,68673228.0,156000.0,1
M0498381,0498381,Rings,Drama,2017.0,2.31,110,102,4.709530201312334,0,Other,False,F. Javier Gutiérrez,United States,25000000.0,83080890.0,39000.0,1
M0498399,0498399,We Own the Night,Crime,2007.0,3.67,24,117,3.2188758248682006,0,Other,False,James Gray,United States,21000000.0,55033767.0,86000.0,1
M0499097,0499097,Tom Clancy&x27;s Without Remorse,Action,2021.0,2.87,41,107,3.7376696182833684,0,English,False,,,,,,1
M0499448,0499448,The Chronicles of Narnia: Prince Caspian,Action,2008.0,3.45,38,150,3.6635616461296463,0,Other,False,Andrew Adamson,United States,225000000.0,419665568.0,199000.0,1
M0499549,0499549,Avatar,Action,2009.0,4.07,191,162,5.2574953720277815,0,Other,False,James Cameron,United States,237000000.0,2847246203.0,1100000.0,1
M0499556,0499556,War,Action,2007.0,2.83,24,103,3.2188758248682006,0,Other,False,Philip G. Atwell,Canada,25000000.0,40481352.0,87000.0,1
M0499603,0499603,10 Items or Less,Comedy,2006.0,3.4,10,100,2.3978952727983707,0,English,False,,,,,,1
M0756683,0756683,The Man from Earth,Drama,2007.0,3.95,149,109,5.0106352940962555,0,English,False,,,,,,1
M0757361,0757361,Margot at the Wedding,Comedy,2007.0,2.97,15,91,2.772588722239781,0,Other,False,Noah Baumbach,United States,10000000.0,2900156.0,20000.0,1
M0758730,0758730,AVPR: Aliens vs Predator - Requiem,Action,2007.0,2.38,38,107,3.6635616461296463,0,English,False,,,,,,1
M0758746,0758746,Friday the 13th,Horror,2009.0,2.81,66,95,4.204692619390966,0,Other,False,Sean S. Cunningham,United States,550000.0,39754601.0,123000.0,1
M0758752,0758752,Love &amp; Other Drugs,Comedy,2010.0,3.48,128,100,4.859812404361672,0,English,False,,,,,,1
M0758758,0758758,Into the Wild,Adventure,2007.0,4.15,438,148,6.0844994130751715,0,Other,False,Sean Penn,United States,15000000.0,56675895.0,588000.0,1
M0758766,0758766,Music and Lyrics,Comedy,2007.0,3.52,30,104,3.4339872044851463,0,Other,False,Marc Lawrence,United States,40000000.0,145896422.0,99000.0,1
M0758774,0758774,Body of Lies,Action,2008.0,3.6,144,128,4.976733742420574,0,Other,False,Ridley Scott,United States,70000000.0,115900897.0,218000.0,1
M0758794,0758794,We Are Marshall,Drama,2006.0,3.98,28,131,3.367295829986474,0,Other,False,McG,United States,65000000.0,43545364.0,59000.0,1
M0762073,0762073,Bakjwi,Drama,2009.0,3.64,18,109,2.9444389791664403,0,English,False,,,,,,1
M0762107,0762107,I Now Pronounce You Chuck &amp; Larry,Comedy,2007.0,2.87,19,100,2.995732273553991,0,English,False,,,,,,1
M0762138,0762138,Syrup,Comedy,2013.0,2.97,32,100,3.4965075614664802,0,English,False,,,,,,1
M0763831,0763831,A Thousand Words,Comedy,2012.0,3.12,41,91,3.7376696182833684,0,Other,False,Brian Robbins,United States,40000000.0,22044277.0,41000.0,1
M0765010,0765010,Brothers,Drama,2009.0,3.76,131,105,4.882801922586371,0,Other,False,Jim Sheridan,United States,26000000.0,43474578.0,115000.0,1
M0765120,0765120,My Blueberry Nights,Drama,2007.0,3.37,19,95,2.995732273553991,0,Other,False,Kar-Wai Wong,China,10000000.0,22007671.0,53000.0,1
M0765429,0765429,American Gangster,Biography,2007.0,4.07,210,157,5.351858133476067,0,Other,False,Ridley Scott,United States,100000000.0,269755430.0,401000.0,1
M0765432,0765432,Der Baader Meinhof Komplex,Action,2008.0,3.81,27,107,3.332204510175204,0,English,False,,,,,,1
M0765443,0765443,Eastern Promises,Crime,2007.0,3.87,187,100,5.236441962829949,0,Other,False,David Cronenberg,United Kingdom,,56107312.0,232000.0,1
M0765446,0765446,Escape from Planet Earth,Animation,2013.0,3.04,55,89,4.02535169073515,0,Other,False,Cal Brunker,United States,40000000.0,74939189.0,25000.0,1
M0770703,0770703,What&x27;s Your Number?,Comedy,2011.0,3.32,42,100,3.7612001156935624,0,English,False,,,,,,1
M0770752,0770752,Fool's Gold,Action,2008.0,3.29,28,112,3.367295829986474,0,Other,False,Andy Tennant,United States,70000000.0,111231041.0,76000.0,1
M0770802,0770802,Samsara,Documentary,2011.0,4.42,62,102,4.143134726391533,0,English,False,,,,,,1
M0770828,0770828,Man of Steel,Action,2013.0,3.78,2157,143,7.67693714581808,0,Other,False,Zack Snyder,United States,225000000.0,668045518.0,721000.0,1
M0775440,0775440,Cell,Action,2016.0,1.93,64,107,4.174387269895637,0,English,False,,,,,,1
M0775489,0775489,L'illusionniste,Animation,2010.0,4.18,14,91,2.70805020110221,0,English,False,,,,,,1
M0775529,0775529,The Savages,Comedy,2007.0,3.96,12,113,2.5649493574615367,0,Other,False,Tamara Jenkins,United States,,10653221.0,36000.0,1
M0780504,0780504,Drive,Crime,2011.0,3.86,523,100,6.261491684321042,0,Other,False,Nicolas Winding Refn,United States,15000000.0,77187281.0,587000.0,1
M0780511,0780511,Everybody's Fine,Adventure,2009.0,3.65,58,118,4.07753744390572,0,Other,False,Giuseppe Tornatore,Italy,,1745470.0,3700.0,1
M0780516,0780516,Flawless,Crime,2007.0,3.4,10,112,2.3978952727983707,0,Other,False,Joel Schumacher,United States,15000000.0,4488529.0,18000.0,1
M0780521,0780521,The Princess and the Frog,Animation,2009.0,3.85,42,97,3.7612001156935624,0,Other,False,Ron Clements,United States,105000000.0,267045765.0,130000.0,1
M0780536,0780536,In Bruges,Comedy,2008.0,4.05,279,107,5.634789603169249,0,Other,False,Martin McDonagh,United Kingdom,15000000.0,34085749.0,398000.0,1
M0780548,0780548,Kid Cannabis,Biography,2014.0,3.29,21,117,3.091042453358316,0,English,False,,,,,,1
M0780571,0780571,Mr. Brooks,Crime,2007.0,3.66,63,120,4.1588830833596715,0,Other,False,Bruce A. Evans,United States,20000000.0,48443734.0,146000.0,1
M0780622,0780622,Teeth,Comedy,2007.0,2.67,23,94,3.1780538303479458,0,Other,False,Mitchell Lichtenstein,United States,,2340110.0,42000.0,1
M0780653,0780653,The Wolfman,Drama,2010.0,3.04,36,109,3.6109179126442243,0,English,False,Joe Johnston,,,,104000.0,1
M0783233,0783233,Atonement,Drama,2007.0,4.2,293,123,5.683579767338681,0,Other,False,Joe Wright,United Kingdom,30000000.0,131016624.0,259000.0,1
M0783238,0783238,The Dead Girl,Crime,2006.0,3.3,10,109,2.3978952727983707,0,English,False,,,,,,1
M0783640,0783640,The Last Full Measure,Drama,2019.0,3.46,113,109,4.736198448394496,0,English,False,,,,,,1
M0787442,0787442,L'attentat,Drama,2012.0,3.74,21,109,3.091042453358316,0,English,False,,,,,,1
M0787474,0787474,The Boxtrolls,Animation,2014.0,3.35,124,91,4.8283137373023015,0,English,False,,,,,,1
M0787475,0787475,Hot Rod,Comedy,2007.0,3.45,33,88,3.5263605246161616,0,Other,False,Akiva Schaffer,United States,,14353654.0,80000.0,1
M0787524,0787524,The Man Who Knew Infinity,Biography,2015.0,3.69,156,108,5.056245805348308,0,Other,False,Matt Brown,United Kingdom,10000000.0,12252684.0,53000.0,1
M0790604,0790604,Deck the Halls,Comedy,2006.0,2.64,11,100,2.4849066497880004,0,English,False,,,,,,1
M0790628,0790628,The Incredible Burt Wonderstone,Adventure,2013.0,3.03,284,100,5.652489180268651,0,Other,False,Don Scardino,United States,30000000.0,27437881.0,71000.0,1
M0790636,0790636,Dallas Buyers Club,Biography,2013.0,4.01,1557,117,7.351158226430694,0,Other,False,Jean-Marc Vallée,United States,5000000.0,55736588.0,455000.0,1
M0790663,0790663,The First Grader,Biography,2010.0,3.75,10,117,2.3978952727983707,0,English,False,,,,,,1
M0790686,0790686,Mirrors,Horror,2008.0,3.0,25,110,3.258096538021482,0,Other,False,Alexandre Aja,United States,35000000.0,78094714.0,104000.0,1
M0790712,0790712,The Messenger,Drama,2009.0,3.71,17,113,2.8903717578961645,0,Other,False,Oren Moverman,United States,6500000.0,1595417.0,34000.0,1
M0790724,0790724,Jack Reacher,Action,2012.0,3.51,774,130,6.652863029353347,0,Other,False,Christopher McQuarrie,United States,60000000.0,218340595.0,317000.0,1
M0790736,0790736,R.I.P.D.,Action,2013.0,2.76,422,96,6.0473721790462776,0,Other,False,Robert Schwentke,United States,130000000.0,78324220.0,123000.0,1
M0790770,0790770,Miles Ahead,Biography,2015.0,3.22,23,117,3.1780538303479458,0,English,False,,,,,,1
M0795351,0795351,Case 39,Horror,2009.0,3.1,62,109,4.143134726391533,0,Other,False,Christian Alvart,United States,26000000.0,28190603.0,81000.0,1
M0795368,0795368,Death at a Funeral,Comedy,2007.0,3.6,66,90,4.204692619390966,0,Other,False,Frank Oz,United States,9000000.0,46789413.0,111000.0,1
M0795421,0795421,Mamma Mia!,Comedy,2008.0,3.52,74,108,4.31748811353631,0,Other,False,Phyllida Lloyd,United States,52000000.0,611257819.0,224000.0,1
M0795441,0795441,Oorlogswinter,Drama,2008.0,3.6,15,109,2.772588722239781,0,English,False,,,,,,1
M0795461,0795461,Scary Movie 5,Comedy,2013.0,1.96,179,100,5.19295685089021,0,English,False,,,,,,1
M0795493,0795493,Cassandra's Dream,Crime,2007.0,3.41,16,108,2.833213344056216,0,Other,False,Woody Allen,United States,,22687639.0,51000.0,1
M0796302,0796302,The Babysitters,Drama,2007.0,2.7,10,88,2.3978952727983707,0,Other,False,David Ross,United States,,44852.0,11000.0,1
M0796366,0796366,Star Trek,Action,2009.0,4.06,309,127,5.736572297479192,0,Other,False,J.J. Abrams,United States,150000000.0,385680446.0,585000.0,1
M0798817,0798817,13,Drama,2010.0,3.02,27,109,3.332204510175204,0,English,False,,,,,,1
M0799934,0799934,Be Kind Rewind,Comedy,2008.0,3.14,18,102,2.9444389791664403,0,Other,False,Michel Gondry,United Kingdom,20000000.0,30579406.0,89000.0,1
M0800039,0800039,Forgetting Sarah Marshall,Comedy,2008.0,3.65,86,111,4.465908118654584,0,Other,False,Nicholas Stoller,United States,30000000.0,105833257.0,271000.0,1
M0800069,0800069,The Hills Have Eyes II,Action,2007.0,3.02,23,107,3.1780538303479458,0,English,False,,,,,,1
M0800080,0800080,The Incredible Hulk,Action,2008.0,3.3,272,112,5.60947179518496,0,Other,False,Louis Leterrier,United States,150000000.0,264770996.0,448000.0,1
M0800240,0800240,Deception,Crime,2008.0,2.92,18,107,2.9444389791664403,0,Other,False,Marcel Langenegger,United States,25000000.0,18024545.0,38000.0,1
M0800241,0800241,Transsiberian,Crime,2008.0,3.36,28,111,3.367295829986474,0,Other,False,Brad Anderson,United Kingdom,15000000.0,5926410.0,51000.0,1
M0800308,0800308,Appaloosa,Crime,2008.0,3.36,21,115,3.091042453358316,0,Other,False,Ed Harris,United States,20000000.0,27712362.0,59000.0,1
M0800320,0800320,Clash of the Titans,Action,2010.0,3.25,73,118,4.30406509320417,0,Other,False,Desmond Davis,United Kingdom,15000000.0,41092328.0,42000.0,1
M0800325,0800325,The Dirt,Biography,2019.0,3.51,50,117,3.9318256327243257,0,English,False,,,,,,1
M0800369,0800369,Thor,Action,2011.0,3.62,515,115,6.246106765481563,0,Other,False,Kenneth Branagh,United States,150000000.0,449326618.0,772000.0,1
M0802948,0802948,An American Crime,Biography,2007.0,3.86,44,117,3.8066624897703196,0,English,False,,,,,,1
M0803096,0803096,Warcraft,Action,2016.0,3.37,485,123,6.186208623900494,0,Other,False,Duncan Jones,China,160000000.0,439048914.0,249000.0,1
M0804461,0804461,Death Sentence,Action,2007.0,3.49,44,105,3.8066624897703196,0,Other,False,James Wan,United States,20000000.0,16974459.0,70000.0,1
M0804463,0804463,Devil's Knot,Biography,2013.0,3.09,71,117,4.276666119016055,0,English,False,,,,,,1
M0804497,0804497,It's Kind of a Funny Story,Comedy,2010.0,3.72,132,101,4.890349128221754,0,Other,False,Anna Boden,United States,8000000.0,6491240.0,139000.0,1
M0804516,0804516,P2,Crime,2007.0,3.21,21,98,3.091042453358316,0,Other,False,Franck Khalfoun,United States,8000000.0,7766240.0,33000.0,1
M0804522,0804522,Rendition,Drama,2007.0,3.69,27,122,3.332204510175204,0,Other,False,Gavin Hood,United States,27500000.0,27066382.0,55000.0,1
M0805564,0805564,Lars and the Real Girl,Comedy,2007.0,3.79,115,106,4.7535901911063645,0,Other,False,Craig Gillespie,United States,12000000.0,11293663.0,141000.0,1
M0805570,0805570,The Midnight Meat Train,Horror,2008.0,3.11,45,100,3.828641396489095,0,Other,False,Ryûhei Kitamura,United States,15000000.0,3534313.0,61000.0,1
M0805647,0805647,The Witches,Adventure,2020.0,2.68,11,91,2.4849066497880004,0,Other,False,Nicolas Roeg,United Kingdom,,10360553.0,46000.0,1
M0806203,0806203,Carriers,Drama,2009.0,3.08,20,84,3.044522437723423,0,Other,False,David Pastor,United States,,5805279.0,45000.0,1
M0808151,0808151,Angels &amp; Demons,Thriller,2009.0,3.6,146,102,4.990432586778736,0,English,False,,,,,,1
M0808185,0808185,Den brysomme mannen,Comedy,2006.0,3.66,16,100,2.833213344056216,0,English,False,,,,,,1
M0808276,0808276,Fritt vilt,Horror,2006.0,3.8,10,96,2.3978952727983707,0,English,False,,,,,,1
M0808279,0808279,Funny Games,Crime,2007.0,3.41,34,111,3.5553480614894135,0,Other,False,Michael Haneke,United States,15000000.0,7938872.0,93000.0,1
M0808331,0808331,Joshua,Drama,2007.0,3.15,10,106,2.3978952727983707,0,Other,False,George Ratliff,United States,,719968.0,12000.0,1
M0808399,0808399,"New York, I Love You",Comedy,2009.0,2.83,24,103,3.2188758248682006,0,Other,False,Directors,United States,14700000.0,14603177.0,45000.0,1
M0808417,0808417,Persepolis,Animation,2007.0,4.06,44,96,3.8066624897703196,0,Other,False,Vincent Paronnaud,France,7300000.0,22783978.0,90000.0,1
M0808506,0808506,Toki o kakeru shôjo,Animation,2006.0,3.94,54,91,4.007333185232471,0,English,False,,,,,,1
M0808510,0808510,Tooth Fairy,Comedy,2010.0,3.27,15,101,2.772588722239781,0,Other,False,Michael Lembeck,United States,48000000.0,112462508.0,44000.0,1
M0810784,0810784,Bright Star,Biography,2009.0,3.45,20,119,3.044522437723423,0,Other,False,Jane Campion,United Kingdom,8500000.0,14374652.0,26000.0,1
M0810819,0810819,The Danish Girl,Biography,2015.0,3.53,466,119,6.1463292576688975,0,Other,False,Tom Hooper,United Kingdom,15000000.0,64191523.0,170000.0,1
M0810827,0810827,Desu nôto: The last name,Adventure,2006.0,3.54,14,105,2.70805020110221,0,English,False,,,,,,1
M0810913,0810913,Jack and Jill,Comedy,2011.0,2.11,46,91,3.8501476017100584,0,Other,False,Dennis Dugan,United States,79000000.0,149673788.0,80000.0,1
M0810922,0810922,Take Me Home Tonight,Comedy,2011.0,3.43,30,97,3.4339872044851463,0,Other,False,Michael Dowse,United States,23000000.0,7550073.0,52000.0,1
M0811080,0811080,Speed Racer,Action,2008.0,3.15,17,135,2.8903717578961645,0,Other,False,Lana Wachowski,United States,120000000.0,93945766.0,70000.0,1
M0813547,0813547,Die Fälscher,Crime,2007.0,3.81,32,109,3.4965075614664802,0,English,False,,,,,,1
M0814022,0814022,Bangkok Dangerous,Action,2008.0,3.0,13,99,2.6390573296152584,0,Other,False,Danny Pang,United States,45000000.0,42487390.0,55000.0,1
M0814255,0814255,Percy Jackson &amp; the Olympians: The Lightning Thief,Adventure,2010.0,3.18,70,105,4.2626798770413155,0,English,False,,,,,,1
M0814314,0814314,Seven Pounds,Drama,2008.0,4.04,168,123,5.1298987149230735,0,Other,False,Gabriele Muccino,United States,55000000.0,169748929.0,291000.0,1
M0814335,0814335,The Stepfather,Crime,2009.0,2.9,21,89,3.091042453358316,0,Other,False,Joseph Ruben,United Kingdom,,2488740.0,14000.0,1
M0815236,0815236,She's Out of My League,Comedy,2010.0,3.58,43,104,3.784189633918261,0,Other,False,Jim Field Smith,United States,20000000.0,49779728.0,130000.0,1
M0815241,0815241,Religulous,Documentary,2008.0,3.85,26,102,3.295836866004329,0,English,False,,,,,,1
M0815245,0815245,The Uninvited,Drama,2009.0,3.12,39,87,3.6888794541139363,0,Other,False,Charles Guard,United States,,41633384.0,78000.0,1
M0816442,0816442,The Book Thief,Drama,2013.0,3.86,521,131,6.257667587882639,0,Other,False,Brian Percival,United States,19000000.0,76586316.0,130000.0,1
M0816462,0816462,Conan the Barbarian,Action,2011.0,2.7,46,129,3.8501476017100584,0,Other,False,John Milius,United States,20000000.0,68851475.0,141000.0,1
M0816556,0816556,Lake Mungo,Drama,2008.0,3.21,12,109,2.5649493574615367,0,English,False,,,,,,1
M0816692,0816692,Interstellar,Adventure,2014.0,4.45,2313,169,7.746732907753622,0,Other,False,Christopher Nolan,United States,165000000.0,701729206.0,1600000.0,1
M0816711,0816711,World War Z,Action,2013.0,3.62,2070,116,7.635786861395585,0,Other,False,Marc Forster,United States,190000000.0,540455876.0,618000.0,1
M0817177,0817177,Flipped,Comedy,2010.0,3.88,73,90,4.30406509320417,0,Other,False,Rob Reiner,United States,14000000.0,4324817.0,85000.0,1
M0817225,0817225,Milyang,Drama,2007.0,4.05,10,109,2.3978952727983707,0,English,False,,,,,,1
M0817230,0817230,Valentine's Day,Comedy,2010.0,3.1,42,125,3.7612001156935624,0,Other,False,Garry Marshall,United States,52000000.0,216485654.0,116000.0,1
M0817538,0817538,Drillbit Taylor,Comedy,2008.0,3.19,13,110,2.6390573296152584,0,Other,False,Steven Brill,United States,40000000.0,49944325.0,59000.0,1
M0817545,0817545,The Power of Few,Action,2013.0,2.65,13,107,2.6390573296152584,0,English,False,,,,,,1
M0819714,0819714,The Edge of Love,Biography,2008.0,3.59,16,110,2.833213344056216,0,Other,False,John Maybury,United Kingdom,,4297711.0,17000.0,1
M0821442,0821442,Biyeolhan geori,Action,2006.0,3.75,12,107,2.5649493574615367,0,English,False,,,,,,1
M0821640,0821640,Ghosts of Girlfriends Past,Comedy,2009.0,2.84,32,100,3.4965075614664802,0,Other,False,Mark Waters,United States,37500000.0,102366815.0,86000.0,1
M0821642,0821642,The Soloist,Biography,2009.0,3.55,31,117,3.4657359027997265,0,Other,False,Joe Wright,United Kingdom,60000000.0,38332994.0,52000.0,1
M0822832,0822832,Marley &amp; Me,Comedy,2008.0,3.66,67,100,4.219507705176107,0,English,False,,,,,,1
M0822847,0822847,Priest,Action,2011.0,2.81,49,98,3.912023005428146,0,Other,False,Antonia Bird,United Kingdom,,4165845.0,9800.0,1
M0822854,0822854,Shooter,Action,2007.0,3.78,140,124,4.948759890378168,0,Other,False,Antoine Fuqua,United States,61000000.0,95696996.0,317000.0,1
M0824747,0824747,Changeling,Biography,2008.0,4.12,203,141,5.318119993844216,0,Other,False,Clint Eastwood,United States,55000000.0,113398237.0,244000.0,1
M0824758,0824758,The Last Station,Biography,2009.0,3.5,12,117,2.5649493574615367,0,English,False,,,,,,1
M0825232,0825232,The Bucket List,Adventure,2007.0,3.88,243,97,5.497168225293202,0,Other,False,Rob Reiner,United States,45000000.0,175372502.0,235000.0,1
M0825236,0825236,Sukkar banat,Comedy,2007.0,3.72,23,100,3.1780538303479458,0,English,False,,,,,,1
M0829150,0829150,Dracula Untold,Action,2014.0,3.17,373,92,5.924255797414532,0,Other,False,Gary Shore,United States,70000000.0,217124280.0,184000.0,1
M0829176,0829176,Gallowwalkers,Action,2012.0,1.33,23,107,3.1780538303479458,0,English,False,,,,,,1
M0829459,0829459,A Mighty Heart,Biography,2007.0,3.0,10,117,2.3978952727983707,0,English,False,,,,,,1
M0829482,0829482,Superbad,Comedy,2007.0,3.8,231,113,5.44673737166631,0,Other,False,Greg Mottola,United States,20000000.0,170812526.0,535000.0,1
M0830515,0830515,Quantum of Solace,Action,2008.0,3.25,150,106,5.017279836814924,0,Other,False,Marc Forster,United Kingdom,200000000.0,589580482.0,412000.0,1
M0830558,0830558,The Girl Next Door,Crime,2007.0,2.8,15,109,2.772588722239781,0,Other,False,Luke Greenfield,United States,25000000.0,30381722.0,208000.0,1
M0831387,0831387,Godzilla,Action,2014.0,3.32,1329,139,7.1929342212158,0,Other,False,Roland Emmerich,Japan,130000000.0,379014294.0,186000.0,1
M0831884,0831884,Reservation Road,Crime,2007.0,3.66,16,102,2.833213344056216,0,Other,False,Terry George,United States,11000000.0,1783226.0,23000.0,1
M0831887,0831887,The Spirit,Action,2008.0,2.67,15,103,2.772588722239781,0,Other,False,Frank Miller,United States,60000000.0,39164441.0,60000.0,1
M0832266,0832266,"Definitely, Maybe",Comedy,2008.0,3.72,79,112,4.382026634673881,0,Other,False,Adam Brooks,United Kingdom,,55990299.0,159000.0,1
M0834001,0834001,Underworld: Rise of the Lycans,Action,2009.0,3.53,43,92,3.784189633918261,0,Other,False,Patrick Tatopoulos,United States,35000000.0,92158961.0,154000.0,1
M0835418,0835418,The Babymakers,Comedy,2012.0,2.5,10,100,2.3978952727983707,0,English,False,,,,,,1
M0837106,0837106,Arn: Tempelriddaren,Action,2007.0,3.29,12,107,2.5649493574615367,0,English,False,,,,,,1
M0837156,0837156,Pee-wee's Big Holiday,Adventure,2016.0,3.19,13,105,2.6390573296152584,0,English,False,,,,,,1
M0837562,0837562,Hotel Transylvania,Animation,2012.0,3.59,208,91,5.342334251964811,0,Other,False,Genndy Tartakovsky,United States,85000000.0,358375603.0,232000.0,1
M0837563,0837563,Pet Sematary,Horror,2019.0,2.92,140,103,4.948759890378168,0,Other,False,Mary Lambert,United States,11500000.0,57470138.0,97000.0,1
M0838221,0838221,The Darjeeling Limited,Adventure,2007.0,3.72,116,91,4.762173934797756,0,Other,False,Wes Anderson,United States,16000000.0,35310019.0,186000.0,1
M0838232,0838232,The Pink Panther 2,Action,2009.0,3.08,12,92,2.5649493574615367,0,Other,False,Harald Zwart,United States,70000000.0,76025134.0,43000.0,1
M0838247,0838247,After.Life,Drama,2009.0,3.36,11,104,2.4849066497880004,0,Other,False,Agnieszka Wojtowicz-Vosloo,United States,4500000.0,2425535.0,37000.0,1
M0838283,0838283,Step Brothers,Comedy,2008.0,3.43,94,98,4.553876891600541,0,Other,False,Adam McKay,United States,65000000.0,128108211.0,274000.0,1
M0839980,0839980,Semi-Pro,Comedy,2008.0,2.68,17,91,2.8903717578961645,0,Other,False,Kent Alterman,United States,55000000.0,44004502.0,80000.0,1
M0840361,0840361,The Town,Crime,2010.0,3.84,305,125,5.723585101952381,0,Other,False,Ben Affleck,United States,37000000.0,154026136.0,363000.0,1
M0841044,0841044,2 Days in Paris,Comedy,2007.0,3.41,17,100,2.8903717578961645,0,English,False,,,,,,1
M0841046,0841046,Walk Hard: The Dewey Cox Story,Comedy,2007.0,3.3,10,96,2.3978952727983707,0,Other,False,Jake Kasdan,United States,35000000.0,20576198.0,69000.0,1
M0842926,0842926,The Kids Are All Right,Comedy,2010.0,3.53,70,106,4.2626798770413155,0,Other,False,Lisa Cholodenko,United States,4000000.0,34758951.0,127000.0,1
M0844286,0844286,The Brothers Bloom,Action,2008.0,3.96,13,114,2.6390573296152584,0,Other,False,Rian Johnson,United States,20000000.0,5530764.0,49000.0,1
M0844457,0844457,Nordwand,Adventure,2008.0,3.73,15,105,2.772588722239781,0,English,False,,,,,,1
M0844471,0844471,Cloudy with a Chance of Meatballs,Animation,2009.0,3.65,110,90,4.709530201312334,0,Other,False,Phil Lord,United States,100000000.0,243006126.0,212000.0,1
M0844479,0844479,The Collector,Horror,2009.0,3.33,51,90,3.9512437185814275,0,Other,False,Marcus Dunstan,United States,6000000.0,10234475.0,61000.0,1
M0844708,0844708,The Last House on the Left,Horror,2009.0,3.43,29,110,3.4011973816621555,0,Other,False,Dennis Iliadis,United States,15000000.0,45995223.0,88000.0,1
M0845046,0845046,Son of Rambow,Action,2007.0,3.81,13,96,2.6390573296152584,0,Other,False,Garth Jennings,United Kingdom,,10871449.0,31000.0,1
M0845439,0845439,Chaharshanbe-soori,Drama,2006.0,3.95,21,109,3.091042453358316,0,English,False,,,,,,1
M0848228,0848228,The Avengers,Action,2012.0,4.09,588,89,6.3784261836515865,0,Other,False,Jeremiah S. Chechik,United States,60000000.0,23384939.0,41000.0,1
M0848537,0848537,Epic,Animation,2013.0,3.31,264,102,5.579729825986222,0,Other,False,Chris Wedge,United States,100000000.0,268426634.0,101000.0,1
M0848557,0848557,Diary of the Dead,Fantasy,2007.0,3.12,13,95,2.6390573296152584,0,Other,False,George A. Romero,United States,2000000.0,5540941.0,46000.0,1
M0851578,0851578,Papurika,Animation,2006.0,3.94,63,91,4.1588830833596715,0,English,False,,,,,,1
M0852713,0852713,The House Bunny,Comedy,2008.0,3.19,26,97,3.295836866004329,0,Other,False,Fred Wolf,United States,25000000.0,70439696.0,81000.0,1
M0856288,0856288,À l'intérieur,Horror,2007.0,3.53,15,96,2.772588722239781,0,English,False,,,,,,1
M0857190,0857190,The Sweeney,Action,2012.0,3.23,73,112,4.30406509320417,0,Other,False,Nick Love,United Kingdom,,7708312.0,19000.0,1
M0857191,0857191,The Visitor,Drama,2007.0,3.85,27,104,3.332204510175204,0,Other,False,Tom McCarthy,United States,4000000.0,18197518.0,42000.0,1
M0859163,0859163,The Mummy: Tomb of the Dragon Emperor,Action,2008.0,2.85,40,112,3.713572066704308,0,Other,False,Rob Cohen,United States,145000000.0,403449830.0,154000.0,1
M0859635,0859635,Super Troopers 2,Comedy,2018.0,3.06,34,99,3.5553480614894135,0,Other,False,Jay Chandrasekhar,United States,13500000.0,31626386.0,25000.0,1
M0860906,0860906,Evangerion shin gekijôban: Ha,Animation,2009.0,4.08,13,91,2.6390573296152584,0,English,False,,,,,,1
M0860907,0860907,Evangelion Shin Gekijôban: Kyu,Animation,2012.0,3.11,18,91,2.9444389791664403,0,English,False,,,,,,1
M0861689,0861689,Blindness,Drama,2008.0,3.18,30,121,3.4339872044851463,0,Other,False,Fernando Meirelles,Brazil,25000000.0,19844979.0,71000.0,1
M0861739,0861739,Tropa de Elite,Action,2007.0,3.86,64,107,4.174387269895637,0,English,False,,,,,,1
M0862467,0862467,Valhalla Rising,Adventure,2009.0,2.96,48,93,3.8918202981106265,0,Other,False,Nicolas Winding Refn,Denmark,,282737.0,57000.0,1
M0862846,0862846,Sunshine Cleaning,Comedy,2008.0,3.48,29,91,3.4011973816621555,0,Other,False,Christine Jeffs,United States,8000000.0,16580250.0,70000.0,1
M0862856,0862856,Trick &x27;r Treat,Comedy,2007.0,3.43,61,100,4.127134385045092,0,English,False,,,,,,1
M0864761,0864761,The Duchess,Biography,2008.0,3.68,39,110,3.6888794541139363,0,Other,False,Saul Dibb,United Kingdom,,43343384.0,80000.0,1
M0864835,0864835,Mr. Peabody &amp; Sherman,Animation,2014.0,3.59,160,91,5.081404364984463,0,English,False,,,,,,1
M0865556,0865556,The Forbidden Kingdom,Action,2008.0,3.08,25,104,3.258096538021482,0,Other,False,Rob Minkoff,United States,55000000.0,128792411.0,103000.0,1
M0866437,0866437,The Jane Austen Book Club,Comedy,2007.0,3.62,13,106,2.6390573296152584,0,Other,False,Robin Swicord,United States,,7163566.0,27000.0,1
M0866439,0866439,Made of Honor,Comedy,2008.0,3.19,26,101,3.295836866004329,0,Other,False,Paul Weiland,United States,40000000.0,106407672.0,69000.0,1
M0869994,0869994,Paris,Comedy,2008.0,3.39,14,100,2.70805020110221,0,English,False,,,,,,1
M0870111,0870111,Frost/Nixon,Biography,2008.0,4.13,62,122,4.143134726391533,0,Other,False,Ron Howard,United Kingdom,25000000.0,27426335.0,105000.0,1
M0870154,0870154,Jungle Cruise,Action,2021.0,3.32,108,107,4.6913478822291435,0,English,False,,,,,,1
M0870984,0870984,Antichrist,Drama,2009.0,3.19,70,108,4.2626798770413155,0,Other,False,Lars von Trier,Denmark,11000000.0,7413863.0,119000.0,1
M0871426,0871426,Baby Mama,Comedy,2008.0,3.37,15,99,2.772588722239781,0,Other,False,Michael McCullers,United States,30000000.0,64444713.0,43000.0,1
M0871510,0871510,Chak De India!,Drama,2007.0,4.36,14,109,2.70805020110221,0,English,False,,,,,,1
M0873886,0873886,Red State,Action,2011.0,3.29,54,88,4.007333185232471,0,Other,False,Kevin Smith,United States,4000000.0,1874460.0,63000.0,1
M0875034,0875034,Nine,Drama,2009.0,3.14,21,118,3.091042453358316,0,Other,False,Rob Marshall,United Kingdom,80000000.0,54004950.0,43000.0,1
M0875113,0875113,99 francs,Comedy,2007.0,3.55,10,100,2.3978952727983707,0,English,False,,,,,,1
M0875595,0875595,Kader,Drama,2006.0,3.86,11,109,2.4849066497880004,0,English,False,,,,,,1
M0876563,0876563,Gake no ue no Ponyo,Animation,2008.0,3.93,80,91,4.394449154672439,0,English,False,,,,,,1
M0878695,0878695,Murder Party,Comedy,2007.0,3.0,10,100,2.3978952727983707,0,English,False,,,,,,1
M0878804,0878804,The Blind Side,Biography,2009.0,4.09,264,129,5.579729825986222,0,Other,False,John Lee Hancock,United States,29000000.0,309208309.0,303000.0,1
M0879843,0879843,Katyn,Drama,2007.0,3.5,14,109,2.70805020110221,0,English,False,,,,,,1
M0879870,0879870,Eat Pray Love,Drama,2010.0,3.3,83,133,4.430816798843313,0,Other,False,Ryan Murphy,United States,60000000.0,204594016.0,92000.0,1
M0880502,0880502,Auf der anderen Seite,Drama,2007.0,3.79,19,109,2.995732273553991,0,English,False,,,,,,1
M0880578,0880578,Untraceable,Crime,2008.0,3.15,17,101,2.8903717578961645,0,Other,False,Gregory Hoblit,United States,35000000.0,52933513.0,48000.0,1
M0881320,0881320,Sanctum,Adventure,2011.0,3.19,26,108,3.295836866004329,0,Other,False,Alister Grierson,United States,30000000.0,108609310.0,54000.0,1
M0881891,0881891,All About Steve,Comedy,2009.0,2.61,22,99,3.1354942159291497,0,Other,False,Phil Traill,United States,15000000.0,40105542.0,40000.0,1
M0882977,0882977,Snitch,Action,2013.0,3.36,305,112,5.723585101952381,0,Other,False,Ric Roman Waugh,United States,15000000.0,57824674.0,85000.0,1
M0884328,0884328,The Mist,Horror,2007.0,3.59,182,126,5.209486152841421,0,Other,False,Frank Darabont,United States,18000000.0,57470220.0,287000.0,1
M0884732,0884732,The Wedding Ringer,Comedy,2015.0,3.56,235,101,5.4638318050256105,0,Other,False,Jeremy Garelick,United States,23000000.0,79799880.0,72000.0,1
M0887883,0887883,Burn After Reading,Comedy,2008.0,3.48,145,96,4.983606621708336,0,Other,False,Ethan Coen,United States,37000000.0,163728902.0,317000.0,1
M0887912,0887912,The Hurt Locker,Drama,2008.0,3.85,190,131,5.25227342804663,0,Other,False,Kathryn Bigelow,United States,15000000.0,49259766.0,430000.0,1
M0889573,0889573,The Switch,Comedy,2010.0,3.11,52,101,3.970291913552122,0,Other,False,Josh Gordon,United States,19000000.0,49843011.0,100000.0,1
M0889583,0889583,Brüno,Comedy,2009.0,2.75,20,81,3.044522437723423,0,Other,False,Larry Charles,United States,42000000.0,138805831.0,146000.0,1
M0890870,0890870,Saw IV,Crime,2007.0,3.11,47,93,3.871201010907891,0,Other,False,Darren Lynn Bousman,Canada,10000000.0,139352633.0,144000.0,1
M0891527,0891527,Lions for Lambs,Drama,2007.0,3.33,23,92,3.1780538303479458,0,Other,False,Robert Redford,United States,35000000.0,64811540.0,48000.0,1
M0891592,0891592,Street Fighter: The Legend of Chun-Li,Action,2009.0,1.42,13,96,2.6390573296152584,0,Other,False,Andrzej Bartkowiak,Canada,18000000.0,12764201.0,23000.0,1
M0892255,0892255,Che: Part One,Biography,2008.0,3.75,26,134,3.295836866004329,0,Other,False,Steven Soderbergh,France,35000000.0,34209066.0,45000.0,1
M0892318,0892318,Letters to Juliet,Adventure,2010.0,3.48,42,105,3.7612001156935624,0,Other,False,Gary Winick,United States,30000000.0,79628830.0,95000.0,1
M0892767,0892767,Horsemen,Crime,2009.0,3.04,12,109,2.5649493574615367,0,English,False,,,,,,1
M0892769,0892769,How to Train Your Dragon,Animation,2010.0,4.16,221,98,5.402677381872279,0,Other,False,Dean DeBlois,United States,165000000.0,494879471.0,685000.0,1
M0892782,0892782,Monsters vs Aliens,Animation,2009.0,3.66,25,91,3.258096538021482,0,English,False,,,,,,1
M0892791,0892791,Shrek Forever After,Animation,2010.0,3.27,30,93,3.4339872044851463,0,Other,False,Mike Mitchell,United States,165000000.0,752600867.0,190000.0,1
M0896529,0896529,Cairo Time,Drama,2009.0,3.7,10,109,2.3978952727983707,0,English,False,,,,,,1
M0896798,0896798,Cleaner,Crime,2007.0,3.32,19,109,2.995732273553991,0,English,False,,,,,,1
M0896872,0896872,The Whistleblower,Action,2010.0,3.74,40,112,3.713572066704308,0,Other,False,Larysa Kondracki,Canada,,1870392.0,32000.0,1
M0898367,0898367,The Road,Adventure,2009.0,3.59,185,111,5.225746673713202,0,Other,False,John Hillcoat,United States,25000000.0,27639579.0,228000.0,1
M0899106,0899106,Love Happens,Drama,2009.0,3.13,15,109,2.772588722239781,0,Other,False,Brandon Camp,United States,18000000.0,36088028.0,32000.0,1
M0900387,0900387,Suite française,Drama,2014.0,3.52,67,109,4.219507705176107,0,English,False,,,,,,1
M0901476,0901476,Bride Wars,Comedy,2009.0,2.92,30,89,3.4339872044851463,0,Other,False,Gary Winick,United States,30000000.0,115375850.0,102000.0,1
M0901487,0901487,Joheunnom nabbeunnom isanghannom,Action,2008.0,4.18,17,107,2.8903717578961645,0,English,False,,,,,,1
M0901507,0901507,Rise of the Footsoldier,Action,2007.0,3.5,12,107,2.5649493574615367,0,English,False,,,,,,1
M0903624,0903624,The Hobbit: An Unexpected Journey,Adventure,2012.0,3.92,683,169,6.52795791762255,0,Other,False,Peter Jackson,New Zealand,180000000.0,1017003568.0,773000.0,1
M0903657,0903657,Love &amp; Mercy,Biography,2014.0,3.81,112,117,4.727387818712341,0,English,False,,,,,,1
M0905372,0905372,The Thing,Horror,2011.0,3.12,70,109,4.2626798770413155,0,Other,False,John Carpenter,United States,15000000.0,19632053.0,382000.0,1
M0907657,0907657,Once,Drama,2007.0,3.83,120,86,4.795790545596741,0,Other,False,John Carney,Ireland,150000.0,20936722.0,112000.0,1
M0910554,0910554,Frequently Asked Questions About Time Travel,Comedy,2009.0,3.39,31,100,3.4657359027997265,0,English,False,,,,,,1
M0910885,0910885,A Merry Friggin' Christmas,Comedy,2014.0,2.29,14,100,2.70805020110221,0,English,False,,,,,,1
M0910905,0910905,In the Electric Mist,Crime,2009.0,3.21,12,109,2.5649493574615367,0,English,False,,,,,,1
M0910936,0910936,Pineapple Express,Action,2008.0,3.49,138,111,4.9344739331306915,0,Other,False,David Gordon Green,United States,27000000.0,101624843.0,322000.0,1
M0910970,0910970,WALL·E,Animation,2008.0,4.33,203,98,5.318119993844216,0,Other,False,Andrew Stanton,United States,180000000.0,521311890.0,1000000.0,1
M0913354,0913354,Armored,Action,2009.0,2.78,16,107,2.833213344056216,0,English,False,,,,,,1
M0913425,0913425,Los abrazos rotos,Drama,2009.0,3.76,25,109,3.258096538021482,0,English,False,,,,,,1
M0914797,0914797,Bottle Shock,Comedy,2008.0,3.29,12,110,2.5649493574615367,0,Other,False,Randall Miller,United States,5000000.0,4629770.0,16000.0,1
M0914798,0914798,The Boy in the Striped Pyjamas,Drama,2008.0,4.0,246,109,5.5093883366279774,0,English,False,,,,,,1
M0914863,0914863,Unthinkable,Crime,2010.0,3.58,66,109,4.204692619390966,0,English,False,,,,,,1
M0918927,0918927,Doubt,Drama,2008.0,3.79,102,104,4.634728988229636,0,Other,False,John Patrick Shanley,United States,20000000.0,51699984.0,124000.0,1
M0918940,0918940,The Legend of Tarzan,Action,2016.0,3.17,458,110,6.129050210060545,0,Other,False,David Yates,United Kingdom,180000000.0,356700357.0,168000.0,1
M0920458,0920458,Flammen &amp; Citronen,Action,2008.0,3.5,10,107,2.3978952727983707,0,English,False,,,,,,1
M0923752,0923752,The King of Kong,Documentary,2007.0,3.96,23,102,3.1780538303479458,0,English,False,,,,,,1
M0923811,0923811,Evangelion Shin Gekijôban: Jo,Animation,2007.0,4.06,16,91,2.833213344056216,0,English,False,,,,,,1
M0924129,0924129,Crossing Over,Crime,2009.0,3.32,14,113,2.70805020110221,0,Other,False,Wayne Kramer,United States,19000000.0,3676533.0,23000.0,1
M0926084,0926084,Harry Potter and the Deathly Hallows: Part 1,Adventure,2010.0,4.08,191,146,5.2574953720277815,0,Other,False,David Yates,United Kingdom,,977043483.0,495000.0,1
M0926129,0926129,Prom Night,Horror,2008.0,1.96,14,92,2.70805020110221,0,Other,False,Paul Lynch,Canada,,14796236.0,16000.0,1
M0926759,0926759,Le premier jour du reste de ta vie,Drama,2008.0,3.9,10,109,2.3978952727983707,0,English,False,,,,,,1
M0926762,0926762,Loft,Crime,2008.0,4.03,30,109,3.4339872044851463,0,English,False,,,,,,1
M0929425,0929425,Gomorra,Crime,2008.0,3.55,22,109,3.1354942159291497,0,English,False,,,,,,1
M0929632,0929632,Precious,Drama,2009.0,3.79,87,110,4.477336814478207,0,Other,False,Lee Daniels,United States,10000000.0,63649529.0,107000.0,1
M0935075,0935075,Rabbit Hole,Drama,2010.0,3.61,42,91,3.7612001156935624,0,Other,False,John Cameron Mitchell,United States,5000000.0,5144717.0,48000.0,1
M0936501,0936501,Taken,Action,2008.0,3.99,217,90,5.384495062789089,0,Other,False,Pierre Morel,France,25000000.0,226837760.0,575000.0,1
M0938283,0938283,The Last Airbender,Action,2010.0,2.72,44,103,3.8066624897703196,0,Other,False,M. Night Shyamalan,United States,150000000.0,319713881.0,156000.0,1
M0938330,0938330,Silent Hill: Revelation,Horror,2012.0,2.51,97,95,4.584967478670572,0,Other,False,M.J. Bassett,Canada,20000000.0,55362705.0,61000.0,1
M0942385,0942385,Tropic Thunder,Action,2008.0,3.76,117,107,4.770684624465665,0,Other,False,Ben Stiller,United States,92000000.0,195702963.0,390000.0,1
M0944835,0944835,Salt,Action,2010.0,3.51,136,100,4.919980925828125,0,Other,False,Phillip Noyce,United States,110000000.0,293503354.0,301000.0,1
M0945513,0945513,Source Code,Action,2011.0,3.88,303,93,5.717027701406222,0,Other,False,Duncan Jones,United States,32000000.0,147332697.0,495000.0,1
M0947798,0947798,Black Swan,Drama,2010.0,4.1,394,108,5.978885764901122,0,Other,False,Darren Aronofsky,United States,13000000.0,329398046.0,716000.0,1
M0947802,0947802,Lakeview Terrace,Crime,2008.0,3.36,35,110,3.58351893845611,0,Other,False,Neil LaBute,United States,20000000.0,44655002.0,50000.0,1
M0947810,0947810,Green Zone,Action,2010.0,3.36,56,115,4.04305126783455,0,Other,False,Paul Greengrass,United Kingdom,100000000.0,154711438.0,133000.0,1
M0948470,0948470,The Amazing Spider-Man,Action,2012.0,3.63,362,136,5.8944028342648505,0,Other,False,Marc Webb,United States,230000000.0,757930663.0,571000.0,1
M0949731,0949731,The Happening,Thriller,2008.0,2.36,66,91,4.204692619390966,0,Other,False,M. Night Shyamalan,United States,48000000.0,163403799.0,199000.0,1
M0951216,0951216,Mad Money,Comedy,2008.0,3.27,11,104,2.4849066497880004,0,Other,False,Callie Khouri,United States,22000000.0,26412163.0,21000.0,1
M0951335,0951335,The New Daughter,Horror,2009.0,2.25,14,96,2.70805020110221,0,English,False,,,,,,1
M0952682,0952682,Shotgun Stories,Drama,2007.0,3.5,18,92,2.9444389791664403,0,Other,False,Jeff Nichols,United States,,185699.0,10000.0,1
M0954947,0954947,The Killer Inside Me,Crime,2010.0,3.6,10,109,2.3978952727983707,0,Other,False,Michael Winterbottom,United Kingdom,13000000.0,4052191.0,33000.0,1
M0955308,0955308,Robin Hood,Action,2010.0,3.55,80,140,4.394449154672439,0,Other,False,Ridley Scott,United States,200000000.0,321669741.0,257000.0,1
M0956038,0956038,Nights in Rodanthe,Drama,2008.0,3.12,13,97,2.6390573296152584,0,Other,False,George C. Wolfe,United States,30000000.0,84375346.0,24000.0,1
M0959329,0959329,Nine Dead,Crime,2010.0,2.5,11,109,2.4849066497880004,0,English,False,,,,,,1
M0959337,0959337,Revolutionary Road,Drama,2008.0,3.79,219,119,5.393627546352362,0,Other,False,Sam Mendes,United States,35000000.0,75981180.0,202000.0,1
M0960144,0960144,You Don't Mess with the Zohan,Comedy,2008.0,2.95,46,113,3.8501476017100584,0,Other,False,Dennis Dugan,United States,90000000.0,204313400.0,194000.0,1
M0960731,0960731,Bedtime Stories,Comedy,2008.0,3.0,20,99,3.044522437723423,0,Other,False,Adam Shankman,United States,80000000.0,212874864.0,90000.0,1
M0961066,0961066,Maria Larssons eviga ögonblick,Biography,2008.0,4.05,11,117,2.4849066497880004,0,English,False,,,,,,1
M0961097,0961097,Un monstre à Paris,Animation,2011.0,3.34,19,91,2.995732273553991,0,English,False,,,,,,1
M0961722,0961722,Cabin Fever 2: Spring Fever,Horror,2009.0,1.82,14,96,2.70805020110221,0,English,False,,,,,,1
M0962736,0962736,The Young Victoria,Biography,2009.0,3.72,43,105,3.784189633918261,0,Other,False,Jean-Marc Vallée,United Kingdom,35000000.0,29196409.0,59000.0,1
M0963178,0963178,The International,Action,2009.0,3.28,18,118,2.9444389791664403,0,Other,False,Tom Tykwer,United States,50000000.0,60253843.0,93000.0,1
M0963794,0963794,The Ruins,Horror,2008.0,2.89,22,90,3.1354942159291497,0,Other,False,Carter Smith,United States,8000000.0,22818256.0,72000.0,1
M0963966,0963966,The Sorcerer's Apprentice,Action,2010.0,3.43,37,109,3.6375861597263857,0,Other,False,Jon Turteltaub,United States,150000000.0,215283742.0,156000.0,1
M0964517,0964517,The Fighter,Biography,2010.0,3.94,281,116,5.641907070938114,0,Other,False,David O. Russell,United States,25000000.0,129190869.0,348000.0,1
M0964539,0964539,Pathology,Crime,2008.0,3.03,15,95,2.772588722239781,0,Other,False,Marc Schölermann,United States,8000000.0,3234706.0,32000.0,1
M0968264,0968264,The Conspirator,Crime,2010.0,3.57,27,122,3.332204510175204,0,Other,False,Robert Redford,United States,25000000.0,15625544.0,28000.0,1
M0970179,0970179,Hugo,Adventure,2011.0,3.89,227,126,5.429345628954441,0,Other,False,Martin Scorsese,United Kingdom,150000000.0,185770310.0,310000.0,1
M0970411,0970411,City of Ember,Adventure,2008.0,3.11,14,90,2.70805020110221,0,Other,False,Gil Kenan,United States,55000000.0,17929684.0,64000.0,1
M0970416,0970416,The Day the Earth Stood Still,Drama,2008.0,2.87,41,104,3.7376696182833684,0,Other,False,Scott Derrickson,United States,80000000.0,233093859.0,165000.0,1
M0970452,0970452,Solomon Kane,Action,2009.0,3.06,33,107,3.5263605246161616,0,English,False,,,,,,1
M0970468,0970468,Miss Pettigrew Lives for a Day,Comedy,2008.0,4.04,13,92,2.6390573296152584,0,Other,False,Bharat Nalluri,United Kingdom,,16724933.0,27000.0,1
M0970866,0970866,Little Fockers,Comedy,2010.0,2.89,31,98,3.4657359027997265,0,Other,False,Paul Weitz,United States,100000000.0,310650585.0,108000.0,1
M0971209,0971209,A Perfect Getaway,Adventure,2009.0,3.55,32,98,3.4965075614664802,0,Other,False,David Twohy,United States,14000000.0,22955544.0,69000.0,1
M0974014,0974014,Creation,Biography,2009.0,3.15,17,117,2.8903717578961645,0,English,False,,,,,,1
M0974015,0974015,Justice League,Action,2017.0,3.37,735,120,6.601230118728877,0,Other,False,Zack Snyder,United States,300000000.0,657926987.0,418000.0,1
M0974554,0974554,Elegy,Drama,2008.0,3.5,15,109,2.772588722239781,0,English,False,,,,,,1
M0974661,0974661,17 Again,Comedy,2009.0,3.54,86,102,4.465908118654584,0,Other,False,Burr Steers,United States,20000000.0,136316880.0,187000.0,1
M0975645,0975645,Hitchcock,Biography,2012.0,3.57,269,98,5.598421958998375,0,Other,False,Sacha Gervasi,United States,15700000.0,27039669.0,73000.0,1
M0976051,0976051,The Reader,Drama,2008.0,3.9,144,124,4.976733742420574,0,Other,False,Stephen Daldry,Germany,32000000.0,108902486.0,234000.0,1
M0976238,0976238,Old Dogs,Comedy,2009.0,2.57,14,88,2.70805020110221,0,Other,False,Walt Becker,United States,35000000.0,96753696.0,37000.0,1
M0977855,0977855,Fair Game,Biography,2010.0,3.54,35,91,3.58351893845611,0,Other,False,Andrew Sipes,United States,50000000.0,11534477.0,12000.0,1
M0978759,0978759,Frozen River,Crime,2008.0,3.5,14,97,2.70805020110221,0,Other,False,Courtney Hunt,United States,1000000.0,5457664.0,25000.0,1
M0978762,0978762,Mary and Max,Animation,2009.0,4.18,100,91,4.61512051684126,0,English,False,,,,,,1
M0978764,0978764,Sucker Punch,Action,2011.0,2.96,80,110,4.394449154672439,0,Other,False,Zack Snyder,United States,82000000.0,89792502.0,235000.0,1
M0980970,0980970,The Chronicles of Narnia: The Voyage of the Dawn Treader,Adventure,2010.0,3.47,36,113,3.6109179126442243,0,Other,False,Michael Apted,United States,155000000.0,415686217.0,145000.0,1
M0981227,0981227,Nick and Norah's Infinite Playlist,Comedy,2008.0,3.56,44,90,3.8066624897703196,0,Other,False,Peter Sollett,United States,10000000.0,33556631.0,90000.0,1
M0983193,0983193,The Adventures of Tintin,Animation,2011.0,3.8,105,107,4.663439094112067,0,Other,False,Steven Spielberg,United States,135000000.0,373993951.0,221000.0,1
M0983213,0983213,Byôsoku 5 senchimêtoru,Animation,2007.0,3.63,55,91,4.02535169073515,0,English,False,,,,,,1
M0983946,0983946,Fantasy Island,Adventure,2020.0,2.4,81,105,4.406719247264253,0,English,False,,,,,,1
M0985694,0985694,Machete,Action,2010.0,3.49,78,105,4.3694478524670215,0,Other,False,Ethan Maniquis,United States,10500000.0,45491656.0,192000.0,1
M0985699,0985699,Valkyrie,Drama,2008.0,3.69,115,121,4.7535901911063645,0,Other,False,Bryan Singer,United States,75000000.0,201545517.0,233000.0,1
M0986233,0986233,Hunger,Biography,2008.0,3.71,126,96,4.844187086458591,0,Other,False,Steve McQueen,Ireland,,3185113.0,68000.0,1
M0986263,0986263,Surrogates,Action,2009.0,3.28,51,89,3.9512437185814275,0,Other,False,Jonathan Mostow,United States,80000000.0,122444772.0,171000.0,1
M0986264,0986264,Taare Zameen Par,Drama,2007.0,4.5,94,109,4.553876891600541,0,English,False,,,,,,1
M0988045,0988045,Sherlock Holmes,Action,2009.0,3.96,191,128,5.2574953720277815,0,Other,False,Guy Ritchie,United States,90000000.0,524028679.0,596000.0,1
M0988047,0988047,Traitor,Action,2008.0,3.36,21,114,3.091042453358316,0,Other,False,Jeffrey Nachmanoff,United States,22000000.0,27675014.0,56000.0,1
M0988595,0988595,27 Dresses,Comedy,2008.0,3.35,23,111,3.1780538303479458,0,Other,False,Anne Fletcher,United States,30000000.0,162655351.0,157000.0,1
M0989757,0989757,Dear John,Drama,2010.0,3.27,62,108,4.143134726391533,0,Other,False,Lasse Hallström,United States,25000000.0,114984666.0,142000.0,1
M0990407,0990407,The Green Hornet,Action,2011.0,2.76,62,119,4.143134726391533,0,Other,False,Michel Gondry,United States,120000000.0,227817248.0,157000.0,1
M0993840,0993840,Army of the Dead,Action,2021.0,2.9,131,107,4.882801922586371,0,English,False,,,,,,1
M0993842,0993842,Hanna,Action,2011.0,3.39,109,111,4.700480365792417,0,Other,False,Joe Wright,United States,30000000.0,63782078.0,193000.0,1
M0993846,0993846,The Wolf of Wall Street,Biography,2013.0,4.17,2444,180,7.801800401908973,0,Other,False,Martin Scorsese,United States,100000000.0,392000694.0,1200000.0,1
M0995039,0995039,Ghost Town,Comedy,2008.0,3.34,31,102,3.4657359027997265,0,Other,False,David Koepp,United States,20000000.0,27090159.0,71000.0,1
M0995851,0995851,In Her Skin,Drama,2009.0,3.25,12,109,2.5649493574615367,0,English,False,,,,,,1
M0995868,0995868,Pelé: Birth of a Legend,Biography,2016.0,3.88,41,117,3.7376696182833684,0,English,False,,,,,,1
M0997152,0997152,The Experiment,Drama,2010.0,3.23,56,120,4.04305126783455,0,Other,False,Oliver Hirschbiegel,Germany,,13782896.0,92000.0,1
M0997246,0997246,Avaze gonjeshk-ha,Drama,2008.0,4.08,18,109,2.9444389791664403,0,English,False,,,,,,1
M0999913,0999913,Straw Dogs,Action,2011.0,3.24,34,110,3.5553480614894135,0,Other,False,Rod Lurie,United States,25000000.0,11168712.0,33000.0,1
M1000774,1000774,Sex and the City,Comedy,2008.0,3.47,19,145,2.995732273553991,0,Other,False,Michael Patrick King,United States,65000000.0,418765519.0,117000.0,1
M1001508,1001508,He&x27;s Just Not That Into You,Comedy,2009.0,3.52,73,100,4.30406509320417,0,English,False,,,,,,1
M1001526,1001526,Megamind,Animation,2010.0,3.68,83,95,4.430816798843313,0,Other,False,Tom McGrath,United States,130000000.0,321885765.0,236000.0,1
M1007028,1007028,Zack and Miri Make a Porno,Comedy,2008.0,3.32,40,101,3.713572066704308,0,Other,False,Kevin Smith,United States,24000000.0,42784344.0,174000.0,1
M1007029,1007029,The Iron Lady,Biography,2011.0,3.43,97,105,4.584967478670572,0,Other,False,Phyllida Lloyd,United Kingdom,13000000.0,115890699.0,105000.0,1
M1010048,1010048,Slumdog Millionaire,Drama,2008.0,4.11,177,120,5.181783550292085,0,Other,False,Danny Boyle,United Kingdom,15000000.0,378410542.0,812000.0,1
M1013743,1013743,Knight and Day,Action,2010.0,3.27,78,109,4.3694478524670215,0,Other,False,James Mangold,United States,117000000.0,261989769.0,184000.0,1
M1013752,1013752,Fast &amp; Furious,Action,2009.0,3.6,110,107,4.709530201312334,0,English,False,,,,,,1
M1013753,1013753,Milk,Biography,2008.0,3.81,79,128,4.382026634673881,0,Other,False,Gus Van Sant,United States,20000000.0,54589558.0,167000.0,1
M1013860,1013860,Dylan Dog: Dead of Night,Action,2010.0,2.58,12,107,2.5649493574615367,0,English,False,,,,,,1
M1014759,1014759,Alice in Wonderland,Adventure,2010.0,3.36,107,108,4.68213122712422,0,Other,False,Tim Burton,United States,200000000.0,1025468216.0,392000.0,1
M1014762,1014762,Home,Documentary,2009.0,4.35,10,94,2.3978952727983707,0,Other,False,Tim Johnson,United States,135000000.0,386041607.0,95000.0,1
M1014763,1014763,Child 44,Crime,2015.0,3.28,181,137,5.204006687076795,0,Other,False,Daniel Espinosa,Czech Republic,50000000.0,12951093.0,68000.0,1
M1016268,1016268,Enron: The Smartest Guys in the Room,Documentary,2005.0,3.81,16,102,2.833213344056216,0,English,False,,,,,,1
M1016301,1016301,La habitación de Fermat,Thriller,2007.0,3.66,34,102,3.5553480614894135,0,English,False,,,,,,1
M1017451,1017451,The Runaways,Biography,2010.0,3.26,21,106,3.091042453358316,0,Other,False,Floria Sigismondi,United States,10000000.0,4681651.0,47000.0,1
M1017460,1017460,Splice,Drama,2009.0,2.76,38,104,3.6635616461296463,0,Other,False,Vincenzo Natali,Canada,30000000.0,27127620.0,95000.0,1
M1017464,1017464,The Tortured,Horror,2010.0,3.25,10,96,2.3978952727983707,0,English,False,,,,,,1
M1018765,1018765,Our Brand Is Crisis,Comedy,2015.0,3.06,79,107,4.382026634673881,0,Other,False,David Gordon Green,United States,28000000.0,8527658.0,21000.0,1
M1019452,1019452,A Serious Man,Comedy,2009.0,3.44,99,106,4.605170185988092,0,Other,False,Ethan Coen,United Kingdom,7000000.0,31430334.0,137000.0,1
M1020072,1020072,Selma,Biography,2014.0,3.84,334,128,5.814130531825066,0,Other,False,Ava DuVernay,United Kingdom,20000000.0,66787908.0,88000.0,1
M1020530,1020530,Eden Lake,Horror,2008.0,3.25,71,91,4.276666119016055,0,Other,False,James Watkins,United Kingdom,,3984669.0,79000.0,1
M1020558,1020558,Centurion,Action,2010.0,3.45,39,97,3.6888794541139363,0,Other,False,Neil Marshall,United Kingdom,12000000.0,6890432.0,80000.0,1
M1020773,1020773,Copie conforme,Drama,2010.0,4.02,44,109,3.8066624897703196,0,English,False,,,,,,1
M1022603,1022603,500 jours ensemble,Comedy,2009.0,3.9,24,100,3.2188758248682006,0,English,False,,,,,,1
M1023111,1023111,Never Back Down,Action,2008.0,3.5,38,113,3.6635616461296463,0,Other,False,Jeff Wadlow,United States,20000000.0,41627431.0,98000.0,1
M1023114,1023114,The Way Back,Adventure,2010.0,3.77,147,133,4.997212273764115,0,Other,False,Peter Weir,United States,30000000.0,24172201.0,112000.0,1
M1023481,1023481,Step Up 2: The Streets,Drama,2008.0,4.02,25,98,3.258096538021482,0,Other,False,Jon M. Chu,United States,17500000.0,150988382.0,81000.0,1
M1023490,1023490,Il divo: La spettacolare vita di Giulio Andreotti,Biography,2008.0,4.05,10,117,2.3978952727983707,0,English,False,,,,,,1
M1023500,1023500,Doghouse,Comedy,2009.0,3.1,10,100,2.3978952727983707,0,English,False,,,,,,1
M1024255,1024255,Wild Child,Comedy,2008.0,3.34,16,98,2.833213344056216,0,Other,False,Nick Moore,United States,20000000.0,21972336.0,52000.0,1
M1024648,1024648,Argo,Biography,2012.0,4.0,997,120,6.905753276311464,0,Other,False,Ben Affleck,United States,44500000.0,232325503.0,585000.0,1
M1024715,1024715,Choke,Comedy,2008.0,3.0,10,92,2.3978952727983707,0,Other,False,Clark Gregg,United States,3000000.0,3982459.0,32000.0,1
M1025100,1025100,Gemini Man,Action,2019.0,2.63,236,117,5.4680601411351315,0,Other,False,Ang Lee,China,138000000.0,173469516.0,98000.0,1
M1027718,1027718,Wall Street: Money Never Sleeps,Drama,2010.0,3.18,52,133,3.970291913552122,0,Other,False,Oliver Stone,United States,70000000.0,134748021.0,100000.0,1
M1027873,1027873,The Magnificent Eleven,Comedy,2013.0,1.95,10,100,2.3978952727983707,0,English,False,,,,,,1
M1028528,1028528,Death Proof,Action,2007.0,3.59,150,107,5.017279836814924,0,English,False,,,,,,1
M1028532,1028532,Hachi: A Dog's Tale,Drama,2009.0,4.34,151,109,5.0238805208462765,0,English,False,,,,,,1
M1028576,1028576,Secretariat,Biography,2010.0,3.75,14,123,2.70805020110221,0,Other,False,Randall Wallace,United States,35000000.0,60321861.0,27000.0,1
M1029231,1029231,Krrish 3,Action,2013.0,3.31,18,107,2.9444389791664403,0,English,False,,,,,,1
M1029234,1029234,Martyrs,Horror,2008.0,3.65,50,96,3.9318256327243257,0,English,False,,,,,,1
M1029235,1029235,Max Manus,Action,2008.0,3.75,12,107,2.5649493574615367,0,English,False,,,,,,1
M1029360,1029360,Poltergeist,Horror,2015.0,2.57,169,114,5.135798437050262,0,Other,False,Tobe Hooper,United States,10700000.0,77142388.0,148000.0,1
M1031280,1031280,Splinter,Horror,2008.0,2.98,20,96,3.044522437723423,0,English,False,,,,,,1
M1032751,1032751,The Warrior's Way,Action,2010.0,3.12,13,100,2.6390573296152584,0,Other,False,Sngmoo Lee,New Zealand,42000000.0,11103434.0,26000.0,1
M1032755,1032755,RocknRolla,Action,2008.0,3.72,106,114,4.672828834461906,0,Other,False,Guy Ritchie,United Kingdom,18000000.0,25740863.0,241000.0,1
M1032815,1032815,"I Love You, Beth Cooper",Comedy,2009.0,2.87,15,102,2.772588722239781,0,Other,False,Chris Columbus,United States,18000000.0,15821907.0,34000.0,1
M1032825,1032825,Love and Other Impossible Pursuits,Drama,2009.0,3.3,22,109,3.1354942159291497,0,English,False,,,,,,1
M1032846,1032846,"4 luni, 3 saptamâni si 2 zile",Drama,2007.0,3.99,42,109,3.7612001156935624,0,English,False,,,,,,1
M1032856,1032856,Bikur Ha-Tizmoret,Comedy,2007.0,3.55,10,100,2.3978952727983707,0,English,False,,,,,,1
M1033575,1033575,The Descendants,Comedy,2011.0,3.79,179,115,5.19295685089021,0,Other,False,Alexander Payne,United States,20000000.0,177243185.0,235000.0,1
M1033643,1033643,What Happens in Vegas,Comedy,2008.0,3.2,42,99,3.7612001156935624,0,Other,False,Tom Vaughan,United States,35000000.0,219375562.0,168000.0,1
M1034032,1034032,Gamer,Action,2009.0,2.91,43,95,3.784189633918261,0,Other,False,Mark Neveldine,United States,50000000.0,40828540.0,131000.0,1
M1034303,1034303,Defiance,Action,2008.0,3.88,76,137,4.343805421853684,0,Other,False,Edward Zwick,United States,32000000.0,51262751.0,141000.0,1
M1034314,1034314,Iron Sky,Action,2012.0,2.63,47,107,3.871201010907891,0,English,False,,,,,,1
M1034331,1034331,Righteous Kill,Crime,2008.0,3.11,40,101,3.713572066704308,0,Other,False,Jon Avnet,United States,60000000.0,79498846.0,86000.0,1
M1034385,1034385,Cold Skin,Adventure,2017.0,3.0,12,105,2.5649493574615367,0,English,False,,,,,,1
M1034389,1034389,The Eagle,Action,2011.0,3.17,42,114,3.7612001156935624,0,Other,False,Kevin Macdonald,United Kingdom,25000000.0,37989684.0,67000.0,1
M1034415,1034415,Suspiria,Fantasy,2018.0,3.43,81,152,4.406719247264253,0,Other,False,Luca Guadagnino,Italy,20000000.0,7942093.0,66000.0,1
M1035736,1035736,Coco avant Chanel,Biography,2009.0,3.57,28,117,3.367295829986474,0,English,False,,,,,,1
M1037705,1037705,The Book of Eli,Action,2010.0,3.43,129,118,4.867534450455582,0,Other,False,Albert Hughes,United States,80000000.0,157107755.0,300000.0,1
M1038686,1038686,Legion,Action,2010.0,2.76,34,100,3.5553480614894135,0,Other,False,Scott Stewart,United States,26000000.0,67918658.0,101000.0,1
M1038693,1038693,The Story of Luke,Comedy,2012.0,3.55,10,100,2.3978952727983707,0,English,False,,,,,,1
M1038919,1038919,The Bounty Hunter,Action,2010.0,3.12,57,110,4.060443010546419,0,Other,False,Andy Tennant,United States,40000000.0,136333522.0,123000.0,1
M1038988,1038988,[Rec],Horror,2007.0,3.64,66,96,4.204692619390966,0,English,False,,,,,,1
M1041829,1041829,The Proposal,Comedy,2009.0,3.56,132,108,4.890349128221754,0,Other,False,Anne Fletcher,United States,40000000.0,317375031.0,303000.0,1
M1042877,1042877,Cadillac Records,Biography,2008.0,3.68,19,109,2.995732273553991,0,Other,False,Darnell Martin,United States,12000000.0,8883644.0,21000.0,1
M1043726,1043726,The Legend of Hercules,Action,2014.0,2.28,196,99,5.2832037287379885,0,Other,False,Renny Harlin,United States,70000000.0,61279452.0,53000.0,1
M1045658,1045658,Silver Linings Playbook,Comedy,2012.0,4.03,1281,122,7.156176637480615,0,Other,False,David O. Russell,United States,21000000.0,236412453.0,675000.0,1
M1045670,1045670,Happy-Go-Lucky,Comedy,2008.0,3.92,12,118,2.5649493574615367,0,Other,False,Mike Leigh,United Kingdom,,18696602.0,38000.0,1
M1045772,1045772,I Love You Phillip Morris,Biography,2009.0,3.53,43,98,3.784189633918261,0,Other,False,Glenn Ficarra,France,13000000.0,20768906.0,93000.0,1
M1045778,1045778,Year One,Adventure,2009.0,2.57,22,97,3.1354942159291497,0,Other,False,Harold Ramis,United States,60000000.0,62357900.0,94000.0,1
M1046163,1046163,My Best Friend's Girl,Comedy,2008.0,3.08,12,101,2.5649493574615367,0,Other,False,Howard Deutch,United States,20000000.0,41624687.0,43000.0,1
M1046173,1046173,G.I. Joe: The Rise of Cobra,Action,2009.0,2.88,76,118,4.343805421853684,0,Other,False,Stephen Sommers,United States,175000000.0,302469017.0,202000.0,1
M1046947,1046947,Last Chance Harvey,Drama,2008.0,3.62,12,93,2.5649493574615367,0,Other,False,Joel Hopkins,United States,,32568427.0,21000.0,1
M1047011,1047011,Song for Marion,Comedy,2012.0,3.85,39,100,3.6888794541139363,0,English,False,,,,,,1
M1047540,1047540,Parental Guidance,Comedy,2012.0,3.4,72,105,4.290459441148391,0,Other,False,Andy Fickman,United States,25000000.0,119772232.0,25000.0,1
M1049413,1049413,Up,Animation,2009.0,4.16,235,96,5.4638318050256105,0,Other,False,Pete Docter,United States,175000000.0,735099102.0,962000.0,1
M1051904,1051904,Goosebumps,Adventure,2015.0,3.28,194,103,5.272999558563747,0,Other,False,Rob Letterman,United States,58000000.0,158261424.0,83000.0,1
M1051906,1051906,The Invisible Man,Horror,2020.0,3.58,398,124,5.988961416889864,0,Other,False,Leigh Whannell,Canada,7000000.0,143151000.0,186000.0,1
M1053424,1053424,Repo Men,Action,2010.0,3.28,32,111,3.4965075614664802,0,Other,False,Miguel Sapochnik,United States,32000000.0,18409891.0,103000.0,1
M1053810,1053810,The Big Year,Comedy,2011.0,3.26,37,100,3.6375861597263857,0,Other,False,David Frankel,United States,41000000.0,8179416.0,43000.0,1
M1053859,1053859,The Grudge 3,Horror,2009.0,2.32,17,96,2.8903717578961645,0,English,False,,,,,,1
M1054606,1054606,The Imaginarium of Doctor Parnassus,Adventure,2009.0,3.55,39,123,3.6888794541139363,0,Other,False,Terry Gilliam,United Kingdom,30000000.0,61808775.0,146000.0,1
M1055292,1055292,Life as We Know It,Comedy,2010.0,3.49,69,114,4.248495242049359,0,Other,False,Greg Berlanti,United States,38000000.0,105734416.0,126000.0,1
M1055369,1055369,Transformers: Revenge of the Fallen,Action,2009.0,3.32,105,149,4.663439094112067,0,Other,False,Michael Bay,United States,200000000.0,836303693.0,390000.0,1
M1057500,1057500,Invictus,Biography,2009.0,3.95,86,134,4.465908118654584,0,Other,False,Clint Eastwood,United States,60000000.0,122426792.0,153000.0,1
M1058017,1058017,The Invention of Lying,Comedy,2009.0,3.3,95,100,4.564348191467836,0,Other,False,Ricky Gervais,United States,18500000.0,32406507.0,133000.0,1
M1059786,1059786,Eagle Eye,Action,2008.0,3.42,59,118,4.0943445622221,0,Other,False,D.J. Caruso,United States,80000000.0,178767383.0,180000.0,1
M1059836,1059836,Transit,Action,2012.0,2.92,12,107,2.5649493574615367,0,English,False,,,,,,1
M1060277,1060277,Cloverfield,Action,2008.0,3.56,138,85,4.9344739331306915,0,Other,False,Matt Reeves,United States,25000000.0,172394180.0,379000.0,1
M1063669,1063669,Die Welle,Drama,2008.0,3.74,76,109,4.343805421853684,0,English,False,,,,,,1
M1064932,1064932,Bienvenue chez les Ch'tis,Comedy,2008.0,3.31,13,100,2.6390573296152584,0,English,False,,,,,,1
M1065073,1065073,Boyhood,Drama,2014.0,4.03,999,165,6.907755278982137,0,Other,False,Richard Linklater,United States,4000000.0,48137666.0,341000.0,1
M1067106,1067106,A Christmas Carol,Animation,2009.0,3.61,54,96,4.007333185232471,0,Other,False,Robert Zemeckis,United States,200000000.0,325286646.0,106000.0,1
M1067583,1067583,Water for Elephants,Drama,2011.0,3.56,56,120,4.04305126783455,0,Other,False,Francis Lawrence,United States,38000000.0,117094902.0,113000.0,1
M1067765,1067765,Adult World,Comedy,2013.0,3.04,26,100,3.295836866004329,0,English,False,,,,,,1
M1067774,1067774,Monte Carlo,Adventure,2011.0,2.97,17,109,2.8903717578961645,0,Other,False,Thomas Bezucha,Hungary,20000000.0,39782683.0,42000.0,1
M1068242,1068242,Footloose,Comedy,2011.0,2.73,28,107,3.367295829986474,0,Other,False,Herbert Ross,United States,8200000.0,80039064.0,73000.0,1
M1068641,1068641,The Burning Plain,Crime,2008.0,3.59,17,107,2.8903717578961645,0,Other,False,Guillermo Arriaga,United States,20000000.0,5642478.0,19000.0,1
M1068646,1068646,Entre les murs,Drama,2008.0,3.78,20,109,3.044522437723423,0,English,False,,,,,,1
M1068649,1068649,Il y a longtemps que je t'aime,Drama,2008.0,4.27,11,109,2.4849066497880004,0,English,False,,,,,,1
M1068680,1068680,Yes Man,Comedy,2008.0,3.49,130,104,4.875197323201151,0,Other,False,Peyton Reed,United States,70000000.0,223241637.0,343000.0,1
M1069238,1069238,Okuribito,Drama,2008.0,4.33,61,109,4.127134385045092,0,English,False,,,,,,1
M1070874,1070874,The Trial of the Chicago 7,Drama,2020.0,3.91,114,109,4.74493212836325,0,English,False,,,,,,1
M1071875,1071875,Ghost Rider: Spirit of Vengeance,Action,2011.0,2.15,53,96,3.9889840465642745,0,Other,False,Mark Neveldine,United States,57000000.0,132563930.0,113000.0,1
M1072748,1072748,Winchester,Biography,2018.0,2.8,64,99,4.174387269895637,0,Other,False,Michael Spierig,Australia,3500000.0,44019588.0,32000.0,1
M1073105,1073105,The Descent: Part 2,Adventure,2009.0,2.89,19,105,2.995732273553991,0,English,False,,,,,,1
M1073241,1073241,Nothing But the Truth,Crime,2008.0,3.5,35,108,3.58351893845611,0,Other,False,Rod Lurie,United States,11500000.0,409832.0,37000.0,1
M1073498,1073498,Meet the Spartans,Comedy,2008.0,2.0,15,87,2.772588722239781,0,Other,False,Jason Friedberg,United States,30000000.0,85897593.0,103000.0,1
M1074638,1074638,Skyfall,Action,2012.0,3.87,470,143,6.154858094016418,0,Other,False,Sam Mendes,United Kingdom,200000000.0,1108569499.0,642000.0,1
M1075417,1075417,Race to Witch Mountain,Action,2009.0,3.0,17,98,2.8903717578961645,0,Other,False,Andy Fickman,United States,65000000.0,106387141.0,57000.0,1
M1075747,1075747,Jonah Hex,Action,2010.0,2.81,24,81,3.2188758248682006,0,Other,False,Jimmy Hayward,United States,47000000.0,10903312.0,56000.0,1
M1077258,1077258,Planet Terror,Action,2007.0,3.76,73,107,4.30406509320417,0,English,False,,,,,,1
M1077368,1077368,Dark Shadows,Comedy,2012.0,3.17,173,113,5.159055299214529,0,Other,False,Tim Burton,United States,150000000.0,245527149.0,252000.0,1
M1078188,1078188,Boy A,Drama,2007.0,3.75,12,109,2.5649493574615367,0,English,False,,,,,,1
M1078588,1078588,My Sister's Keeper,Drama,2009.0,3.92,58,109,4.07753744390572,0,Other,False,Nick Cassavetes,United States,30000000.0,95714875.0,91000.0,1
M1078912,1078912,Night at the Museum: Battle of the Smithsonian,Adventure,2009.0,2.99,45,105,3.828641396489095,0,Other,False,Shawn Levy,United States,150000000.0,413106170.0,183000.0,1
M1078940,1078940,Couples Retreat,Comedy,2009.0,3.08,33,113,3.5263605246161616,0,Other,False,Peter Billingsley,United States,70000000.0,171844840.0,104000.0,1
M1080016,1080016,Ice Age: Dawn of the Dinosaurs,Animation,2009.0,3.84,28,94,3.367295829986474,0,Other,False,Carlos Saldanha,United States,90000000.0,886686817.0,230000.0,1
M1082601,1082601,Fighting,Action,2009.0,3.15,24,105,3.2188758248682006,0,Other,False,Dito Montiel,United States,,32482728.0,32000.0,1
M1082807,1082807,The Belko Experiment,Horror,2016.0,3.19,132,89,4.890349128221754,0,Other,False,Greg McLean,United States,5000000.0,11084630.0,46000.0,1
M1082868,1082868,Quarantine,Horror,2008.0,3.12,30,89,3.4339872044851463,0,Other,False,John Erick Dowdle,United States,12000000.0,41319906.0,71000.0,1
M1082886,1082886,The Wackness,Comedy,2008.0,3.5,12,99,2.5649493574615367,0,Other,False,Jonathan Levine,United Kingdom,6000000.0,3175469.0,30000.0,1
M1083452,1083452,Eddie the Eagle,Biography,2015.0,3.82,265,106,5.583496308781699,0,Other,False,Dexter Fletcher,United Kingdom,23000000.0,46152800.0,88000.0,1
M1083456,1083456,Fired Up!,Comedy,2009.0,3.08,13,90,2.6390573296152584,0,Other,False,Will Gluck,United States,20000000.0,18599102.0,43000.0,1
M1084950,1084950,Rachel Getting Married,Drama,2008.0,3.32,17,113,2.8903717578961645,0,Other,False,Jonathan Demme,United States,,16937968.0,48000.0,1
M1085492,1085492,The Prince,Action,2014.0,2.4,57,107,4.060443010546419,0,English,False,,,,,,1
M1085779,1085779,The Hole,Adventure,2009.0,3.09,27,105,3.332204510175204,0,English,False,,,,,,1
M1086064,1086064,Bill &amp; Ted Face the Music,Comedy,2020.0,2.87,26,100,3.295836866004329,0,English,False,,,,,,1
M1086772,1086772,Blended,Comedy,2014.0,3.38,333,117,5.811140992976701,0,Other,False,Frank Coraci,United States,40000000.0,127994610.0,124000.0,1
M1087578,1087578,Aruitemo aruitemo,Drama,2008.0,4.36,18,109,2.9444389791664403,0,English,False,,,,,,1
M1091191,1091191,Lone Survivor,Action,2013.0,3.89,927,121,6.833031732786201,0,Other,False,Peter Berg,United States,40000000.0,154802912.0,272000.0,1
M1091722,1091722,Adventureland,Comedy,2009.0,3.51,79,107,4.382026634673881,0,Other,False,Greg Mottola,United States,,17164820.0,155000.0,1
M1092026,1092026,Paul,Adventure,2011.0,3.59,135,104,4.912654885736052,0,Other,False,Greg Mottola,United States,40000000.0,97984015.0,240000.0,1
M1092633,1092633,"The Goods: Live Hard, Sell Hard",Comedy,2009.0,2.55,10,89,2.3978952727983707,0,Other,False,Neal Brennan,United States,10000000.0,15300885.0,21000.0,1
M1093357,1093357,The Darkest Hour,Action,2011.0,2.57,46,89,3.8501476017100584,0,Other,False,Chris Gorak,United States,30000000.0,64626786.0,59000.0,1
M1093908,1093908,Confessions of a Shopaholic,Comedy,2009.0,3.44,27,104,3.332204510175204,0,Other,False,P.J. Hogan,United States,,108394089.0,76000.0,1
M1095217,1095217,The Bad Lieutenant: Port of Call - New Orleans,Crime,2009.0,3.2,30,109,3.4339872044851463,0,English,False,,,,,,1
M1098327,1098327,Dragonball Evolution,Action,2009.0,1.27,15,85,2.772588722239781,0,Other,False,James Wong,United States,30000000.0,55720772.0,71000.0,1
M1099212,1099212,Twilight,Drama,2008.0,3.05,86,94,4.465908118654584,0,Other,False,Robert Benton,United States,37000000.0,15055091.0,11000.0,1
M1100089,1100089,Foxcatcher,Biography,2014.0,3.56,536,134,6.285998094508865,0,Other,False,Bennett Miller,United States,24000000.0,19206513.0,137000.0,1
M1103153,1103153,Killers,Action,2010.0,3.27,35,100,3.58351893845611,0,Other,False,Robert Luketic,United States,75000000.0,98159963.0,89000.0,1
M1103275,1103275,Two Lovers,Drama,2008.0,3.72,52,110,3.970291913552122,0,Other,False,James Gray,United States,9800000.0,16303643.0,39000.0,1
M1103982,1103982,The Girlfriend Experience,Drama,2009.0,2.79,17,77,2.8903717578961645,0,Other,False,Steven Soderbergh,United States,1700000.0,1060941.0,16000.0,1
M1104001,1104001,Tron,Action,2010.0,3.61,97,96,4.584967478670572,0,Other,False,Steven Lisberger,United States,17000000.0,33000525.0,115000.0,1
M1106860,1106860,Ca$h,Crime,2010.0,3.0,10,109,2.3978952727983707,0,English,False,,,,,,1
M1107319,1107319,Dirty Girl,Comedy,2010.0,3.14,14,90,2.70805020110221,0,Other,False,Abe Sylvia,United States,4000000.0,143485.0,10000.0,1
M1107860,1107860,The Maiden Heist,Comedy,2009.0,2.86,14,100,2.70805020110221,0,English,False,,,,,,1
M1109624,1109624,Paddington,Adventure,2014.0,3.66,255,95,5.545177444479562,0,Other,False,Paul King,United Kingdom,55000000.0,282377683.0,103000.0,1
M1111422,1111422,The Taking of Pelham 123,Action,2009.0,3.49,92,106,4.532599493153256,0,Other,False,Tony Scott,United States,100000000.0,150166126.0,189000.0,1
M1112782,1112782,Thick as Thieves,Action,2009.0,3.12,16,107,2.833213344056216,0,English,False,,,,,,1
M1113829,1113829,George Harrison: Living in the Material World,Documentary,2011.0,4.24,17,102,2.8903717578961645,0,English,False,,,,,,1
M1114740,1114740,Paul Blart: Mall Cop,Action,2009.0,2.95,31,91,3.4657359027997265,0,Other,False,Steve Carr,United States,26000000.0,183348429.0,105000.0,1
M1116184,1116184,Jackass 3D,Documentary,2010.0,3.59,23,102,3.1780538303479458,0,English,False,,,,,,1
M1117385,1117385,Felon,Crime,2008.0,3.73,49,104,3.912023005428146,0,Other,False,Ric Roman Waugh,United States,2900000.0,,76000.0,1
M1119646,1119646,The Hangover,Comedy,2009.0,3.92,305,100,5.723585101952381,0,Other,False,Todd Phillips,United States,35000000.0,469310836.0,733000.0,1
M1120985,1120985,Blue Valentine,Drama,2010.0,3.72,197,112,5.288267030694535,0,Other,False,Derek Cianfrance,United States,1000000.0,15440333.0,188000.0,1
M1121096,1121096,Seventh Son,Action,2014.0,2.71,150,102,5.017279836814924,0,Other,False,Sergei Bodrov,United States,95000000.0,114178613.0,74000.0,1
M1121794,1121794,Stranger: Mukô hadan,Animation,2007.0,4.2,28,91,3.367295829986474,0,English,False,,,,,,1
M1121931,1121931,Crank: High Voltage,Action,2009.0,3.21,42,96,3.7612001156935624,0,Other,False,Mark Neveldine,United States,20000000.0,34572541.0,143000.0,1
M1121977,1121977,Mother and Child,Drama,2009.0,3.55,11,109,2.4849066497880004,0,English,False,,,,,,1
M1124035,1124035,The Ides of March,Drama,2011.0,3.6,163,101,5.099866427824199,0,Other,False,George Clooney,United States,12500000.0,76338111.0,218000.0,1
M1124037,1124037,Free State of Jones,Action,2016.0,3.6,136,139,4.919980925828125,0,Other,False,Gary Ross,United States,50000000.0,25035950.0,55000.0,1
M1125849,1125849,The Wrestler,Drama,2008.0,3.99,129,109,4.867534450455582,0,Other,False,Darren Aronofsky,United States,6000000.0,44734660.0,294000.0,1
M1126590,1126590,Big Eyes,Biography,2014.0,3.73,332,106,5.808142489980444,0,Other,False,Tim Burton,United States,10000000.0,29253166.0,88000.0,1
M1126591,1126591,Burlesque,Drama,2010.0,3.57,29,119,3.4011973816621555,0,Other,False,Steve Antin,United States,55000000.0,89520336.0,81000.0,1
M1126618,1126618,Morning Glory,Comedy,2010.0,3.4,51,107,3.9512437185814275,0,Other,False,Roger Michell,United States,40000000.0,60040976.0,76000.0,1
M1127180,1127180,Drag Me to Hell,Horror,2009.0,3.26,70,99,4.2626798770413155,0,Other,False,Sam Raimi,United States,30000000.0,90842646.0,192000.0,1
M1127715,1127715,Sin nombre,Adventure,2009.0,3.7,22,96,3.1354942159291497,0,Other,False,Cary Joji Fukunaga,Mexico,,5102705.0,32000.0,1
M1129442,1129442,Transporter 3,Action,2008.0,3.18,42,104,3.7612001156935624,0,Other,False,Olivier Megaton,France,30000000.0,108979549.0,160000.0,1
M1130080,1130080,The Informant!,Biography,2009.0,3.1,24,108,3.2188758248682006,0,Other,False,Steven Soderbergh,United States,22000000.0,41771168.0,64000.0,1
M1130884,1130884,Shutter Island,Thriller,2010.0,4.26,677,138,6.519147287940395,0,Other,False,Martin Scorsese,United States,80000000.0,294805697.0,1200000.0,1
M1130988,1130988,JCVD,Action,2008.0,3.73,11,97,2.4849066497880004,0,Other,False,Mabrouk El Mechri,Belgium,,2342211.0,38000.0,1
M1131724,1131724,2:22,Thriller,2017.0,3.14,58,102,4.07753744390572,0,English,False,,,,,,1
M1131729,1131729,The Boat That Rocked,Comedy,2009.0,3.97,31,100,3.4657359027997265,0,English,False,,,,,,1
M1131734,1131734,Jennifer&x27;s Body,Comedy,2009.0,2.99,49,100,3.912023005428146,0,English,False,,,,,,1
M1132285,1132285,The Factory,Crime,2012.0,2.89,31,109,3.4657359027997265,0,English,False,,,,,,1
M1132449,1132449,Lay the Favorite,Comedy,2012.0,2.45,40,94,3.713572066704308,0,Other,False,Stephen Frears,United States,26350000.0,1577272.0,11000.0,1
M1132620,1132620,Män som hatar kvinnor,Crime,2009.0,3.93,82,109,4.418840607796598,0,English,False,,,,,,1
M1132626,1132626,Saw V,Crime,2008.0,2.93,44,92,3.8066624897703196,0,Other,False,David Hackl,Canada,10800000.0,113864059.0,118000.0,1
M1133985,1133985,Green Lantern,Action,2011.0,2.9,109,114,4.700480365792417,0,Other,False,Martin Campbell,United States,200000000.0,219851172.0,272000.0,1
M1135084,1135084,Takers,Action,2010.0,3.4,59,107,4.0943445622221,0,Other,False,John Luessenhop,United States,32000000.0,80205382.0,60000.0,1
M1135092,1135092,The Limits of Control,Crime,2009.0,3.27,11,109,2.4849066497880004,0,English,False,,,,,,1
M1135487,1135487,Duplicity,Comedy,2009.0,3.42,19,125,2.995732273553991,0,Other,False,Tony Gilroy,United States,60000000.0,78176181.0,49000.0,1
M1135503,1135503,Julie &amp; Julia,Biography,2009.0,3.73,86,117,4.465908118654584,0,English,False,,,,,,1
M1135985,1135985,Sex Drive,Adventure,2008.0,3.3,20,109,3.044522437723423,0,Other,False,Sean Anders,United States,19000000.0,18755936.0,85000.0,1
M1136608,1136608,District 9,Action,2009.0,3.98,219,112,5.393627546352362,0,Other,False,Neill Blomkamp,South Africa,30000000.0,210888950.0,648000.0,1
M1137450,1137450,Death Wish,Action,2018.0,3.25,123,107,4.820281565605037,0,Other,False,Eli Roth,United States,30000000.0,49562710.0,67000.0,1
M1137470,1137470,Accidental Love,Comedy,2015.0,1.66,16,100,2.833213344056216,0,English,False,,,,,,1
M1139328,1139328,The Ghost Writer,Drama,2010.0,3.67,70,128,4.2626798770413155,0,Other,False,Roman Polanski,France,45000000.0,60331447.0,159000.0,1
M1139592,1139592,Jeepers Creepers 3,Action,2017.0,1.82,19,107,2.995732273553991,0,English,False,,,,,,1
M1139668,1139668,The Unborn,Drama,2009.0,2.31,13,83,2.6390573296152584,0,Other,False,Rodman Flender,United States,,1159578.0,1100.0,1
M1139797,1139797,Låt den rätte komma in,Drama,2008.0,3.89,89,109,4.499809670330265,0,English,False,,,,,,1
M1142977,1142977,Frankenweenie,Animation,2012.0,3.64,94,87,4.553876891600541,0,Other,False,Tim Burton,United States,39000000.0,81493846.0,101000.0,1
M1142988,1142988,The Ugly Truth,Comedy,2009.0,3.18,63,96,4.1588830833596715,0,Other,False,Robert Luketic,United States,38000000.0,321682600.0,209000.0,1
M1144539,1144539,Best Worst Movie,Documentary,2009.0,3.95,11,102,2.4849066497880004,0,English,False,,,,,,1
M1144884,1144884,The Final Destination,Horror,2009.0,2.76,27,82,3.332204510175204,0,Other,False,David R. Ellis,United States,40000000.0,186167139.0,99000.0,1
M1148204,1148204,Orphan,Horror,2009.0,3.69,126,123,4.844187086458591,0,Other,False,Jaume Collet-Serra,United States,,77912251.0,199000.0,1
M1149361,1149361,Micmacs à tire-larigot,Action,2009.0,4.06,24,107,3.2188758248682006,0,English,False,,,,,,1
M1149362,1149362,Das weiße Band - Eine deutsche Kindergeschichte,Drama,2009.0,3.81,44,109,3.8066624897703196,0,English,False,,,,,,1
M1151309,1151309,Bigger Stronger Faster*,Documentary,2008.0,3.58,12,102,2.5649493574615367,0,English,False,,,,,,1
M1151359,1151359,Leaves of Grass,Comedy,2009.0,3.41,11,100,2.4849066497880004,0,English,False,,,,,,1
M1152398,1152398,Beastly,Drama,2011.0,3.15,27,86,3.332204510175204,0,Other,False,Daniel Barnz,United States,17000000.0,43202283.0,76000.0,1
M1152758,1152758,Dear Zachary: A Letter to a Son About His Father,Documentary,2008.0,4.17,29,102,3.4011973816621555,0,English,False,,,,,,1
M1152836,1152836,Public Enemies,Biography,2009.0,3.71,207,140,5.337538079701318,0,Other,False,Michael Mann,United States,100000000.0,214104620.0,287000.0,1
M1152850,1152850,Wendy and Lucy,Drama,2008.0,3.58,12,80,2.5649493574615367,0,Other,False,Kelly Reichardt,United States,200000.0,1192995.0,17000.0,1
M1153053,1153053,Today's Special,Comedy,2009.0,3.46,12,100,2.5649493574615367,0,English,False,,,,,,1
M1155056,1155056,"I Love You, Man",Comedy,2009.0,3.6,87,105,4.477336814478207,0,Other,False,John Hamburg,United States,40000000.0,91980359.0,197000.0,1
M1155076,1155076,The Karate Kid,Action,2010.0,3.35,70,126,4.2626798770413155,0,Other,False,John G. Avildsen,United States,8000000.0,91119319.0,205000.0,1
M1155592,1155592,Man on Wire,Documentary,2008.0,3.79,28,102,3.367295829986474,0,English,False,,,,,,1
M1156398,1156398,Zombieland,Adventure,2009.0,3.73,267,88,5.5909869805108565,0,Other,False,Ruben Fleischer,United States,23600000.0,102392080.0,534000.0,1
M1156466,1156466,Undisputed III: Redemption,Action,2010.0,3.85,20,107,3.044522437723423,0,English,False,,,,,,1
M1157605,1157605,Anvil: The Story of Anvil,Documentary,2008.0,3.86,11,102,2.4849066497880004,0,English,False,,,,,,1
M1160368,1160368,12 Rounds,Action,2009.0,2.45,11,108,2.4849066497880004,0,Other,False,Renny Harlin,United States,22000000.0,17280326.0,28000.0,1
M1160419,1160419,Dune: Part One,Adventure,2021.0,4.02,329,105,5.799092654460526,0,English,False,,,,,,1
M1160996,1160996,The Colony,Action,2013.0,2.77,139,107,4.941642422609304,0,English,False,,,,,,1
M1161864,1161864,The Rite,Drama,2011.0,3.32,45,114,3.828641396489095,0,Other,False,Mikael Håfström,United States,37000000.0,96560591.0,93000.0,1
M1164999,1164999,Biutiful,Drama,2010.0,3.78,65,148,4.189654742026425,0,Other,False,Alejandro G. Iñárritu,Mexico,,25147786.0,88000.0,1
M1166100,1166100,Ghajini,Action,2008.0,3.63,23,186,3.1780538303479458,0,Other,False,A.R. Murugadoss,India,,38316584.0,58000.0,1
M1167638,1167638,L'immortel,Action,2010.0,3.75,16,107,2.833213344056216,0,English,False,,,,,,1
M1167675,1167675,Sint,Horror,2010.0,3.2,10,96,2.3978952727983707,0,English,False,,,,,,1
M1170358,1170358,The Hobbit: The Desolation of Smaug,Adventure,2013.0,4.04,1498,161,7.312553498102598,0,Other,False,Peter Jackson,New Zealand,225000000.0,959007513.0,615000.0,1
M1171222,1171222,Baggage Claim,Comedy,2013.0,2.92,40,100,3.713572066704308,0,English,False,,,,,,1
M1172049,1172049,Demolition,Comedy,2015.0,3.59,382,101,5.948034989180646,0,Other,False,Jean-Marc Vallée,United States,10000000.0,4366460.0,93000.0,1
M1172233,1172233,Whip It,Drama,2009.0,3.59,32,111,3.4965075614664802,0,Other,False,Drew Barrymore,United States,15000000.0,16691303.0,65000.0,1
M1172570,1172570,Bronson,Action,2008.0,3.63,175,92,5.170483995038151,0,Other,False,Nicolas Winding Refn,United Kingdom,230000.0,2260712.0,123000.0,1
M1172571,1172571,The Children,Horror,2008.0,3.25,20,96,3.044522437723423,0,English,False,,,,,,1
M1172991,1172991,The Company Men,Drama,2010.0,3.59,33,104,3.5263605246161616,0,Other,False,John Wells,United States,15000000.0,8087000.0,44000.0,1
M1172994,1172994,The House of the Devil,Horror,2009.0,3.12,34,95,3.5553480614894135,0,Other,False,Ti West,United States,900000.0,101215.0,42000.0,1
M1173687,1173687,The Bang Bang Club,Biography,2010.0,3.5,12,117,2.5649493574615367,0,English,False,,,,,,1
M1173745,1173745,Revanche,Crime,2008.0,4.0,13,109,2.6390573296152584,0,English,False,,,,,,1
M1174730,1174730,City Island,Comedy,2009.0,3.77,24,104,3.2188758248682006,0,Other,False,Raymond De Felitta,United States,6000000.0,7878856.0,31000.0,1
M1174732,1174732,An Education,Drama,2009.0,3.74,75,100,4.330733340286331,0,Other,False,Lone Scherfig,United Kingdom,7500000.0,26096852.0,131000.0,1
M1175491,1175491,W.,Biography,2008.0,3.33,21,129,3.091042453358316,0,Other,False,Oliver Stone,United States,25100000.0,29560587.0,47000.0,1
M1175709,1175709,All Good Things,Crime,2010.0,3.23,94,101,4.553876891600541,0,Other,False,Andrew Jarecki,United States,,1754389.0,54000.0,1
M1176740,1176740,Away We Go,Comedy,2009.0,3.48,22,98,3.1354942159291497,0,Other,False,Sam Mendes,United States,17000000.0,15779455.0,52000.0,1
M1178663,1178663,Whatever Works,Comedy,2009.0,3.7,57,93,4.060443010546419,0,Other,False,Woody Allen,United States,15000000.0,36020534.0,72000.0,1
M1178665,1178665,A Walk in the Woods,Adventure,2015.0,3.11,53,104,3.9889840465642745,0,Other,False,Ken Kwapis,United States,8000000.0,37461274.0,26000.0,1
M1179025,1179025,Les aventures extraordinaires d'Adèle Blanc-Sec,Action,2010.0,3.35,10,107,2.3978952727983707,0,English,False,,,,,,1
M1179031,1179031,Cold in July,Crime,2014.0,3.51,160,109,5.081404364984463,0,English,False,,,,,,1
M1179034,1179034,From Paris with Love,Action,2010.0,3.19,52,92,3.970291913552122,0,Other,False,Pierre Morel,France,52000000.0,52844496.0,114000.0,1
M1179056,1179056,A Nightmare on Elm Street,Crime,2010.0,2.79,45,91,3.828641396489095,0,Other,False,Wes Craven,United States,1800000.0,25507137.0,212000.0,1
M1179069,1179069,6 Souls,Horror,2010.0,2.86,32,96,3.4965075614664802,0,English,False,,,,,,1
M1179258,1179258,Chéri,Comedy,2009.0,2.77,11,86,2.4849066497880004,0,Other,False,Stephen Frears,United Kingdom,23000000.0,9368242.0,11000.0,1
M1179891,1179891,My Bloody Valentine,Horror,2009.0,3.18,17,90,2.8903717578961645,0,Other,False,George Mihalka,Canada,,5672031.0,19000.0,1
M1179904,1179904,Paranormal Activity,Horror,2007.0,3.42,52,86,3.970291913552122,0,Other,False,Oren Peli,United States,15000.0,193355800.0,225000.0,1
M1179933,1179933,10 Cloverfield Lane,Drama,2016.0,3.59,773,103,6.651571873589727,0,Other,False,Dan Trachtenberg,United States,15000000.0,110216998.0,300000.0,1
M1181791,1181791,Black Death,Action,2010.0,3.33,23,102,3.1780538303479458,0,Other,False,Christopher Smith,Germany,,382879.0,45000.0,1
M1181795,1181795,Bunraku,Action,2010.0,3.25,12,107,2.5649493574615367,0,English,False,,,,,,1
M1182345,1182345,Moon,Drama,2009.0,3.8,255,97,5.545177444479562,0,Other,False,Duncan Jones,United Kingdom,5000000.0,9760107.0,342000.0,1
M1182350,1182350,You Will Meet a Tall Dark Stranger,Comedy,2010.0,3.08,55,98,4.02535169073515,0,Other,False,Woody Allen,United States,22000000.0,36015260.0,44000.0,1
M1182937,1182937,Rab Ne Bana Di Jodi,Comedy,2008.0,3.64,11,100,2.4849066497880004,0,English,False,,,,,,1
M1183374,1183374,Pet,Horror,2016.0,2.83,32,94,3.4965075614664802,0,Other,False,Carles Torrens,Spain,,22003.0,16000.0,1
M1183665,1183665,Cracks,Drama,2009.0,3.72,23,104,3.1780538303479458,0,Other,False,Jordan Scott,United Kingdom,,101860.0,19000.0,1
M1183911,1183911,Mr. Nice,Biography,2010.0,3.47,17,117,2.8903717578961645,0,English,False,,,,,,1
M1183919,1183919,Marley,Documentary,2012.0,4.22,32,102,3.4965075614664802,0,English,False,,,,,,1
M1183923,1183923,Welcome to the Rileys,Drama,2010.0,3.5,14,109,2.70805020110221,0,English,False,,,,,,1
M1185416,1185416,When in Rome,Comedy,2010.0,2.82,22,91,3.1354942159291497,0,Other,False,Mark Steven Johnson,United States,55000000.0,43053376.0,60000.0,1
M1185616,1185616,Waltz with Bashir,Animation,2008.0,4.27,22,90,3.1354942159291497,0,Other,False,Ari Folman,Israel,1500000.0,11179372.0,56000.0,1
M1185834,1185834,Star Wars: The Clone Wars,Animation,2008.0,3.02,23,98,3.1780538303479458,0,Other,False,Dave Filoni,United States,8500000.0,68282844.0,61000.0,1
M1185836,1185836,Adam,Comedy,2009.0,3.68,37,100,3.6375861597263857,0,English,False,,,,,,1
M1186367,1186367,Ninja Assassin,Action,2009.0,3.88,20,99,3.044522437723423,0,Other,False,James McTeigue,Germany,40000000.0,61601280.0,70000.0,1
M1186370,1186370,Spread,Comedy,2009.0,2.5,19,97,2.995732273553991,0,Other,False,David Mackenzie,United States,,12035862.0,39000.0,1
M1186830,1186830,Agora,Adventure,2009.0,3.68,57,127,4.060443010546419,0,Other,False,Alejandro Amenábar,Spain,70000000.0,39457342.0,67000.0,1
M1187043,1187043,3 Idiots,Comedy,2009.0,4.32,195,170,5.278114659230517,0,Other,False,Rajkumar Hirani,India,,60262836.0,361000.0,1
M1187064,1187064,Triangle,Fantasy,2009.0,3.51,85,96,4.454347296253507,0,English,False,,,,,,1
M1188729,1188729,Pandorum,Action,2009.0,3.34,51,108,3.9512437185814275,0,Other,False,Christian Alvart,Germany,33000000.0,20648328.0,146000.0,1
M1188996,1188996,My Name Is Khan,Drama,2010.0,4.38,80,165,4.394449154672439,0,Other,False,Karan Johar,India,12000000.0,42345360.0,101000.0,1
M1189073,1189073,La piel que habito,Drama,2011.0,3.95,132,109,4.890349128221754,0,English,False,,,,,,1
M1189340,1189340,The Lincoln Lawyer,Crime,2011.0,3.86,223,118,5.4116460518550396,0,Other,False,Brad Furman,United States,40000000.0,86752352.0,221000.0,1
M1190080,1190080,2012,Action,2009.0,3.0,94,158,4.553876891600541,0,Other,False,Roland Emmerich,United States,200000000.0,791217826.0,360000.0,1
M1190536,1190536,Black Dynamite,Action,2009.0,3.88,24,84,3.2188758248682006,0,Other,False,Scott Sanders,United States,2900000.0,296557.0,47000.0,1
M1190539,1190539,Chugyeogja,Action,2008.0,3.99,67,107,4.219507705176107,0,English,False,,,,,,1
M1191111,1191111,Enter the Void,Drama,2009.0,3.94,51,161,3.9512437185814275,0,Other,False,Gaspar Noé,France,16000000.0,775385.0,74000.0,1
M1192628,1192628,Rango,Animation,2011.0,3.73,78,107,4.3694478524670215,0,Other,False,Gore Verbinski,United States,135000000.0,245724603.0,245000.0,1
M1193138,1193138,Up in the Air,Comedy,2009.0,3.78,205,109,5.327876168789581,0,Other,False,Jason Reitman,United States,25000000.0,166842739.0,324000.0,1
M1193631,1193631,Step Up 3D,Drama,2010.0,3.82,19,109,2.995732273553991,0,English,False,,,,,,1
M1194173,1194173,The Bourne Legacy,Action,2012.0,3.41,224,135,5.41610040220442,0,Other,False,Tony Gilroy,United States,125000000.0,276144750.0,290000.0,1
M1194238,1194238,Polytechnique,Crime,2009.0,3.69,18,109,2.9444389791664403,0,English,False,,,,,,1
M1194263,1194263,Get Low,Drama,2009.0,3.47,17,109,2.8903717578961645,0,English,False,,,,,,1
M1194417,1194417,Casino Jack,Biography,2010.0,3.0,18,117,2.9444389791664403,0,English,False,,,,,,1
M1195478,1195478,The Five-Year Engagement,Comedy,2012.0,3.24,99,124,4.605170185988092,0,Other,False,Nicholas Stoller,United States,30000000.0,54169363.0,96000.0,1
M1196141,1196141,Diary of a Wimpy Kid,Comedy,2010.0,3.42,20,120,3.044522437723423,0,Other,False,Thor Freudenthal,United States,15000000.0,76196538.0,45000.0,1
M1196204,1196204,Cemetery Junction,Comedy,2010.0,3.64,11,100,2.4849066497880004,0,English,False,,,,,,1
M1196948,1196948,The Necessary Death of Charlie Countryman,Comedy,2013.0,3.4,87,100,4.477336814478207,0,English,False,,,,,,1
M1196956,1196956,One Chance,Biography,2013.0,3.46,54,103,4.007333185232471,0,Other,False,David Frankel,United Kingdom,,10900434.0,12000.0,1
M1197624,1197624,Law Abiding Citizen,Action,2009.0,4.0,253,109,5.537334267018537,0,Other,False,F. Gary Gray,United States,50000000.0,127944208.0,279000.0,1
M1197628,1197628,Observe and Report,Comedy,2009.0,2.85,17,86,2.8903717578961645,0,Other,False,Jody Hill,United States,18000000.0,26973554.0,61000.0,1
M1198138,1198138,Obsessed,Drama,2009.0,2.56,26,108,3.295836866004329,0,Other,False,Steve Shill,United States,20000000.0,73830347.0,31000.0,1
M1198156,1198156,You're Not You,Drama,2014.0,4.07,92,109,4.532599493153256,0,English,False,,,,,,1
M1201167,1201167,Funny People,Comedy,2009.0,3.09,29,146,3.4011973816621555,0,Other,False,Judd Apatow,United States,75000000.0,71585235.0,116000.0,1
M1201607,1201607,Harry Potter and the Deathly Hallows: Part 2,Adventure,2011.0,4.36,256,130,5.54907608489522,0,Other,False,David Yates,United Kingdom,125000000.0,1342321665.0,790000.0,1
M1204340,1204340,Tyrannosaur,Drama,2011.0,4.01,52,92,3.970291913552122,0,Other,False,Paddy Considine,United Kingdom,,676111.0,31000.0,1
M1204342,1204342,The Muppets,Adventure,2011.0,3.78,45,103,3.828641396489095,0,Other,False,James Bobin,United States,45000000.0,165184237.0,89000.0,1
M1204975,1204975,Last Vegas,Comedy,2013.0,3.4,602,105,6.401917196727186,0,Other,False,Jon Turteltaub,United States,28000000.0,134409025.0,130000.0,1
M1204977,1204977,Ouija,Horror,2014.0,2.4,135,89,4.912654885736052,0,Other,False,Stiles White,United States,5000000.0,103687316.0,50000.0,1
M1205489,1205489,Gran Torino,Drama,2008.0,4.15,340,116,5.831882477283517,0,Other,False,Clint Eastwood,Germany,33000000.0,269958228.0,734000.0,1
M1205535,1205535,The Rebound,Comedy,2009.0,3.46,25,100,3.258096538021482,0,English,False,,,,,,1
M1205537,1205537,Jack Ryan: Shadow Recruit,Action,2014.0,3.21,505,105,6.226536669287466,0,Other,False,Kenneth Branagh,United States,60000000.0,135503748.0,126000.0,1
M1205558,1205558,Hick,Comedy,2011.0,2.97,29,100,3.4011973816621555,0,English,False,,,,,,1
M1206543,1206543,Out of the Furnace,Crime,2013.0,3.39,435,116,6.077642243349034,0,Other,False,Scott Cooper,United Kingdom,22000000.0,15661554.0,110000.0,1
M1206885,1206885,Rambo: Last Blood,Action,2019.0,3.54,254,89,5.541263545158426,0,Other,False,Adrian Grunberg,United States,50000000.0,91490353.0,87000.0,1
M1210042,1210042,Brooklyn's Finest,Crime,2009.0,3.42,37,132,3.6375861597263857,0,Other,False,Antoine Fuqua,United States,17000000.0,45719985.0,62000.0,1
M1210166,1210166,Moneyball,Biography,2011.0,3.95,358,133,5.883322388488279,0,Other,False,Bennett Miller,United States,50000000.0,110206216.0,385000.0,1
M1210819,1210819,The Lone Ranger,Action,2013.0,3.31,792,150,6.675823221634848,0,Other,False,Gore Verbinski,United States,215000000.0,260502115.0,225000.0,1
M1211837,1211837,Doctor Strange,Action,2016.0,3.86,1311,115,7.179307969504034,0,Other,False,Scott Derrickson,United States,165000000.0,677796076.0,628000.0,1
M1211956,1211956,Escape Plan,Action,2013.0,3.47,858,115,6.755768921984255,0,Other,False,Mikael Håfström,United States,50000000.0,137328301.0,232000.0,1
M1212419,1212419,Hereafter,Drama,2010.0,3.32,41,129,3.7376696182833684,0,Other,False,Clint Eastwood,United States,50000000.0,106956330.0,91000.0,1
M1212428,1212428,The Lost City of Z,Adventure,2016.0,3.36,182,141,5.209486152841421,0,Other,False,James Gray,United States,30000000.0,19263938.0,83000.0,1
M1212436,1212436,The Back-up Plan,Comedy,2010.0,3.07,15,104,2.772588722239781,0,Other,False,Alan Poul,United States,35000000.0,77477008.0,49000.0,1
M1212450,1212450,Lawless,Crime,2012.0,3.67,365,116,5.902633333401366,0,Other,False,John Hillcoat,United States,26000000.0,55404207.0,232000.0,1
M1213641,1213641,First Man,Biography,2018.0,3.68,444,141,6.09807428216624,0,Other,False,Damien Chazelle,United States,59000000.0,105713218.0,176000.0,1
M1213644,1213644,Disaster Movie,Comedy,2008.0,1.34,16,87,2.833213344056216,0,Other,False,Jason Friedberg,United States,20000000.0,34816824.0,88000.0,1
M1213648,1213648,London Boulevard,Crime,2010.0,3.15,41,103,3.7376696182833684,0,Other,False,William Monahan,United States,25000000.0,8307227.0,47000.0,1
M1213663,1213663,The World's End,Action,2013.0,3.46,762,109,6.637258031284457,0,Other,False,Edgar Wright,United Kingdom,20000000.0,46091271.0,266000.0,1
M1214962,1214962,Seeking Justice,Action,2011.0,2.95,43,107,3.784189633918261,0,English,False,,,,,,1
M1216475,1216475,Cars 2,Animation,2011.0,3.32,61,106,4.127134385045092,0,Other,False,John Lasseter,United States,200000000.0,559852396.0,168000.0,1
M1216487,1216487,Flickan som lekte med elden,Crime,2009.0,3.77,46,109,3.8501476017100584,0,English,False,,,,,,1
M1216491,1216491,Kill the Messenger,Biography,2014.0,3.51,170,112,5.14166355650266,0,Other,False,Michael Cuesta,United States,,5218973.0,45000.0,1
M1216492,1216492,Leap Year,Comedy,2010.0,3.22,59,100,4.0943445622221,0,Other,False,Anand Tucker,United States,19000000.0,32686500.0,99000.0,1
M1216496,1216496,Madeo,Crime,2009.0,4.01,57,109,4.060443010546419,0,English,False,,,,,,1
M1216520,1216520,Womb,Drama,2010.0,3.08,18,109,2.9444389791664403,0,English,False,,,,,,1
M1217209,1217209,Brave,Animation,2012.0,3.7,229,93,5.438079308923196,0,Other,False,Mark Andrews,United States,185000000.0,538983207.0,383000.0,1
M1217213,1217213,Secret of the Wings,Animation,2012.0,3.77,11,91,2.4849066497880004,0,English,False,,,,,,1
M1217613,1217613,World Invasion: Battle Los Angeles,Action,2011.0,3.07,84,107,4.442651256490317,0,English,False,,,,,,1
M1217637,1217637,Pour elle,Crime,2008.0,3.58,12,109,2.5649493574615367,0,English,False,,,,,,1
M1219289,1219289,Limitless,Thriller,2011.0,3.82,357,105,5.8805329864007,0,Other,False,Neil Burger,United States,27000000.0,161849455.0,538000.0,1
M1219342,1219342,Legend of the Guardians: The Owls of Ga'Hoole,Animation,2010.0,3.46,35,97,3.58351893845611,0,Other,False,Zack Snyder,United States,80000000.0,140073390.0,80000.0,1
M1219827,1219827,Ghost in the Shell,Action,2017.0,3.17,406,83,6.008813185442595,0,Other,False,Mamoru Oshii,Japan,,516540.0,133000.0,1
M1220198,1220198,The Fourth Kind,Thriller,2009.0,3.17,29,98,3.4011973816621555,0,Other,False,Olatunde Osunsanmi,United States,10000000.0,47719794.0,75000.0,1
M1220634,1220634,Resident Evil: Afterlife,Action,2010.0,3.09,44,96,3.8066624897703196,0,Other,False,Paul W.S. Anderson,Germany,60000000.0,300228084.0,165000.0,1
M1220719,1220719,Yip Man,Action,2008.0,4.14,129,107,4.867534450455582,0,English,False,,,,,,1
M1221208,1221208,Frankie & Alice,Biography,2010.0,3.5,13,117,2.6390573296152584,0,English,False,,,,,,1
M1222817,1222817,Zookeeper,Comedy,2011.0,2.92,18,102,2.9444389791664403,0,Other,False,Frank Coraci,United States,80000000.0,169852759.0,59000.0,1
M1223236,1223236,African Cats,Documentary,2011.0,3.65,10,102,2.3978952727983707,0,English,False,,,,,,1
M1225822,1225822,Extract,Comedy,2009.0,2.9,26,92,3.295836866004329,0,Other,False,Mike Judge,United States,8000000.0,10848783.0,46000.0,1
M1226229,1226229,Get Him to the Greek,Adventure,2010.0,3.52,48,109,3.8918202981106265,0,Other,False,Nicholas Stoller,United States,40000000.0,91720255.0,172000.0,1
M1226236,1226236,Io sono l'amore,Drama,2009.0,3.42,26,109,3.295836866004329,0,English,False,,,,,,1
M1226240,1226240,A Late Quartet,Drama,2012.0,3.68,66,109,4.204692619390966,0,English,False,,,,,,1
M1226271,1226271,The Damned United,Biography,2009.0,4.05,73,98,4.30406509320417,0,Other,False,Tom Hooper,United Kingdom,10000000.0,4091378.0,42000.0,1
M1226273,1226273,Edge of Darkness,Crime,2010.0,3.35,37,117,3.6375861597263857,0,Other,False,Martin Campbell,United Kingdom,80000000.0,81126522.0,91000.0,1
M1226681,1226681,Pontypool,Fantasy,2008.0,3.55,21,93,3.091042453358316,0,Other,False,Bruce McDonald,Canada,1500000.0,32118.0,30000.0,1
M1226753,1226753,The Debt,Drama,2010.0,3.55,47,113,3.871201010907891,0,Other,False,John Madden,United States,20000000.0,45636368.0,67000.0,1
M1226774,1226774,In the Loop,Comedy,2009.0,3.72,41,106,3.7376696182833684,0,Other,False,Armando Iannucci,United Kingdom,,7787487.0,56000.0,1
M1226837,1226837,Beautiful Boy,Biography,2018.0,3.6,155,120,5.049856007249537,0,Other,False,Felix van Groeningen,United States,25000000.0,16636604.0,59000.0,1
M1227378,1227378,"Fat, Sick & Nearly Dead",Documentary,2010.0,4.27,26,102,3.295836866004329,0,English,False,,,,,,1
M1228705,1228705,Iron Man 2,Action,2010.0,3.62,433,124,6.073044534100405,0,Other,False,Jon Favreau,United States,200000000.0,623933331.0,746000.0,1
M1228987,1228987,Let Me In,Drama,2010.0,3.7,86,116,4.465908118654584,0,Other,False,Matt Reeves,United Kingdom,20000000.0,27093592.0,115000.0,1
M1229238,1229238,Mission: Impossible - Ghost Protocol,Action,2011.0,3.73,182,132,5.209486152841421,0,Other,False,Brad Bird,United States,145000000.0,694713380.0,466000.0,1
M1229340,1229340,Anchorman 2: The Legend Continues,Comedy,2013.0,3.33,553,119,6.317164686747284,0,Other,False,Adam McKay,United States,50000000.0,173649931.0,172000.0,1
M1229822,1229822,Jane Eyre,Drama,2011.0,3.7,64,112,4.174387269895637,0,Other,False,Franco Zeffirelli,France,,5200601.0,9200.0,1
M1230213,1230213,Bound to Vengeance,Horror,2015.0,3.0,14,96,2.70805020110221,0,English,False,,,,,,1
M1230215,1230215,Not Fade Away,Drama,2012.0,2.92,13,112,2.6390573296152584,0,Other,False,David Chase,United States,20000000.0,636399.0,4400.0,1
M1230385,1230385,Hwanghae,Action,2010.0,3.84,22,107,3.1354942159291497,0,English,False,,,,,,1
M1230414,1230414,It's Complicated,Comedy,2009.0,3.67,32,120,3.4965075614664802,0,Other,False,Nancy Meyers,United States,85000000.0,219103655.0,88000.0,1
M1231583,1231583,Due Date,Adventure,2010.0,3.57,221,95,5.402677381872279,0,Other,False,Todd Phillips,United States,65000000.0,211780824.0,329000.0,1
M1231586,1231586,A Good Old Fashioned Orgy,Comedy,2011.0,3.42,13,95,2.6390573296152584,0,Other,False,Alex Gregory,United States,,1378947.0,22000.0,1
M1231587,1231587,Hot Tub Time Machine,Comedy,2010.0,3.44,50,101,3.9318256327243257,0,Other,False,Steve Pink,United States,36000000.0,64780213.0,165000.0,1
M1232200,1232200,That&x27;s My Boy,Comedy,2012.0,2.94,94,100,4.553876891600541,0,English,False,,,,,,1
M1232207,1232207,Capitalism: A Love Story,Documentary,2009.0,3.81,16,102,2.833213344056216,0,English,False,,,,,,1
M1232776,1232776,Fish Tank,Drama,2009.0,3.72,51,123,3.9512437185814275,0,Other,False,Andrea Arnold,Netherlands,3000000.0,2404300.0,60000.0,1
M1232783,1232783,Sorority Row,Horror,2009.0,3.4,10,101,2.3978952727983707,0,Other,False,Stewart Hendler,United States,12500000.0,27206120.0,29000.0,1
M1232829,1232829,21 Jump Street,Action,2012.0,3.62,334,109,5.814130531825066,0,Other,False,Phil Lord,United States,42000000.0,201585328.0,521000.0,1
M1233227,1233227,Saw VI,Horror,2009.0,3.31,40,90,3.713572066704308,0,Other,False,Kevin Greutert,Canada,11000000.0,68234154.0,105000.0,1
M1233301,1233301,Ironclad,Action,2011.0,3.1,21,107,3.091042453358316,0,English,False,,,,,,1
M1233381,1233381,Üç Maymun,Drama,2008.0,3.71,12,109,2.5649493574615367,0,English,False,,,,,,1
M1234548,1234548,The Men Who Stare at Goats,Comedy,2009.0,3.08,59,94,4.0943445622221,0,Other,False,Grant Heslov,United States,25000000.0,69095771.0,129000.0,1
M1234654,1234654,Greenberg,Comedy,2010.0,3.32,17,107,2.8903717578961645,0,Other,False,Noah Baumbach,United States,,6344112.0,37000.0,1
M1234719,1234719,Red Dawn,Action,2012.0,2.78,204,114,5.3230099791384085,0,Other,False,John Milius,United States,17000000.0,38376497.0,53000.0,1
M1234721,1234721,RoboCop,Action,2014.0,3.2,828,102,6.720220155135295,0,Other,False,Paul Verhoeven,United States,13000000.0,53424681.0,240000.0,1
M1235124,1235124,Dorian Gray,Drama,2009.0,3.3,30,109,3.4339872044851463,0,English,False,,,,,,1
M1235166,1235166,Un prophète,Crime,2009.0,3.99,87,109,4.477336814478207,0,English,False,,,,,,1
M1235189,1235189,Wild Target,Action,2010.0,3.15,26,98,3.295836866004329,0,Other,False,Jonathan Lynn,United Kingdom,8000000.0,3494154.0,37000.0,1
M1235522,1235522,Broken City,Crime,2013.0,3.14,309,109,5.736572297479192,0,Other,False,Allen Hughes,United States,35000000.0,34737199.0,78000.0,1
M1235796,1235796,Ondine,Drama,2009.0,3.38,13,111,2.6390573296152584,0,Other,False,Neil Jordan,Ireland,12000000.0,1790061.0,20000.0,1
M1235830,1235830,Chico & Rita,Animation,2010.0,3.95,10,91,2.3978952727983707,0,English,False,,,,,,1
M1235841,1235841,Medianeras,Comedy,2011.0,3.93,23,100,3.1780538303479458,0,English,False,,,,,,1
M1236472,1236472,Lemmy,Documentary,2010.0,3.89,14,102,2.70805020110221,0,English,False,,,,,,1
M1240982,1240982,Your Highness,Adventure,2011.0,2.85,34,102,3.5553480614894135,0,Other,False,David Gordon Green,United States,49900000.0,28013733.0,99000.0,1
M1241317,1241317,Death Note,Adventure,2017.0,2.27,234,105,5.459585514144159,0,English,False,,,,,,1
M1242422,1242422,Celda 211,Action,2009.0,3.91,114,107,4.74493212836325,0,English,False,,,,,,1
M1242432,1242432,I Spit on Your Grave,Horror,2010.0,3.16,70,108,4.2626798770413155,0,Other,False,Steven R. Monroe,United States,2000000.0,1278650.0,79000.0,1
M1242447,1242447,Nativity!,Comedy,2009.0,3.0,11,100,2.4849066497880004,0,English,False,,,,,,1
M1242460,1242460,We Need to Talk About Kevin,Drama,2011.0,3.73,143,112,4.969813299576001,0,Other,False,Lynne Ramsay,United Kingdom,7000000.0,9232318.0,142000.0,1
M1242545,1242545,Looking for Eric,Comedy,2009.0,3.79,17,100,2.8903717578961645,0,English,False,,,,,,1
M1243957,1243957,The Tourist,Action,2010.0,3.13,85,103,4.454347296253507,0,Other,False,Florian Henckel von Donnersmarck,United States,100000000.0,278780441.0,230000.0,1
M1243974,1243974,Aloha,Comedy,2015.0,2.73,137,105,4.927253685157205,0,Other,False,Cameron Crowe,United States,37000000.0,26250020.0,64000.0,1
M1244658,1244658,Burning Bright,Drama,2010.0,2.86,14,109,2.70805020110221,0,English,False,,,,,,1
M1244668,1244668,Soul Kitchen,Comedy,2009.0,4.0,18,100,2.9444389791664403,0,English,False,,,,,,1
M1244754,1244754,Conviction,Biography,2010.0,3.98,83,107,4.430816798843313,0,Other,False,Tony Goldwyn,Switzerland,12500000.0,11104555.0,43000.0,1
M1245112,1245112,[Rec]²,Horror,2009.0,3.17,27,85,3.332204510175204,0,Other,False,Jaume Balagueró,Spain,5600000.0,18853164.0,70000.0,1
M1245492,1245492,This Is the End,Comedy,2013.0,3.43,1133,107,7.033506484287697,0,Other,False,Evan Goldberg,United States,32000000.0,126041322.0,391000.0,1
M1245526,1245526,RED,Action,2010.0,3.59,240,111,5.484796933490655,0,Other,False,Robert Schwentke,United States,58000000.0,199006387.0,295000.0,1
M1247640,1247640,Banlieue 13: Ultimatum,Action,2009.0,3.41,17,107,2.8903717578961645,0,English,False,,,,,,1
M1247690,1247690,Serena,Drama,2014.0,2.76,68,109,4.23410650459726,0,Other,False,Susanne Bier,Czech Republic,30000000.0,5092129.0,28000.0,1
M1247692,1247692,Shrink,Comedy,2009.0,3.86,11,100,2.4849066497880004,0,English,False,,,,,,1
M1250777,1250777,Kick-Ass,Action,2010.0,3.89,268,117,5.594711379601839,0,Other,False,Matthew Vaughn,United Kingdom,30000000.0,96188903.0,535000.0,1
M1251757,1251757,Middle Men,Comedy,2009.0,3.47,19,105,2.995732273553991,0,Other,False,George Gallo,United States,20000000.0,754301.0,37000.0,1
M1253863,1253863,300: Rise of an Empire,Action,2014.0,3.34,801,102,6.687108607866515,0,Other,False,Noam Murro,United States,110000000.0,337580051.0,286000.0,1
M1253864,1253864,Immortals,Action,2011.0,3.16,76,110,4.343805421853684,0,Other,False,Tarsem Singh,United States,75000000.0,226904017.0,163000.0,1
M1255919,1255919,Holmes &amp; Watson,Adventure,2018.0,1.86,25,105,3.258096538021482,0,English,False,,,,,,1
M1255953,1255953,Incendies,Drama,2010.0,4.36,457,131,6.126869184114185,0,Other,False,Denis Villeneuve,Canada,6800000.0,7099598.0,158000.0,1
M1258197,1258197,Exam,Thriller,2009.0,3.43,152,102,5.030437921392435,0,English,False,,,,,,1
M1258972,1258972,The Man with the Iron Fists,Action,2012.0,2.73,125,95,4.836281906951478,0,Other,False,RZA,United States,15000000.0,20546518.0,61000.0,1
M1259014,1259014,L'instinct de mort,Action,2008.0,3.85,20,107,3.044522437723423,0,English,False,,,,,,1
M1259521,1259521,The Cabin in the Woods,Comedy,2011.0,3.22,316,95,5.75890177387728,0,Other,False,Drew Goddard,United States,30000000.0,69935600.0,387000.0,1
M1259528,1259528,Den of Thieves,Action,2018.0,3.57,237,140,5.472270673671475,0,Other,False,Christian Gudegast,United States,30000000.0,80509622.0,99000.0,1
M1259571,1259571,The Twilight Saga: New Moon,Adventure,2009.0,3.03,46,130,3.8501476017100584,0,Other,False,Chris Weitz,United States,50000000.0,711025481.0,271000.0,1
M1261945,1261945,Sex and the City 2,Comedy,2010.0,2.66,19,146,2.995732273553991,0,Other,False,Michael Patrick King,United States,100000000.0,290745055.0,76000.0,1
M1261954,1261954,Take Me Home,Comedy,2011.0,3.55,10,100,2.3978952727983707,0,English,False,,,,,,1
M1262416,1262416,Scream 4,Horror,2011.0,3.09,51,111,3.9512437185814275,0,Other,False,Wes Craven,United States,40000000.0,97231420.0,131000.0,1
M1262981,1262981,World's Greatest Dad,Comedy,2009.0,3.47,29,99,3.4011973816621555,0,Other,False,Bobcat Goldthwait,United States,,221805.0,38000.0,1
M1262990,1262990,Paradise,Comedy,2013.0,2.88,12,100,2.5649493574615367,0,Other,False,Stuart Gillard,Canada,,5588800.0,2500.0,1
M1263670,1263670,Crazy Heart,Drama,2009.0,3.86,48,112,3.8918202981106265,0,Other,False,Scott Cooper,United States,7000000.0,47405566.0,86000.0,1
M1263750,1263750,Habitación en Roma,Drama,2010.0,3.1,15,109,2.772588722239781,0,English,False,,,,,,1
M1265990,1265990,The Roommate,Drama,2011.0,2.37,23,91,3.1780538303479458,0,Other,False,Christian E. Christiansen,United States,16000000.0,40492652.0,37000.0,1
M1266029,1266029,Nowhere Boy,Biography,2009.0,3.6,34,98,3.5553480614894135,0,Other,False,Sam Taylor-Johnson,United Kingdom,,6577779.0,36000.0,1
M1267297,1267297,Hercules,Action,2014.0,3.14,380,98,5.942799375126701,0,Other,False,Luigi Cozzi,Italy,2500000.0,10676194.0,3600.0,1
M1268799,1268799,A Very Harold & Kumar 3D Christmas,Adventure,2011.0,3.4,34,105,3.5553480614894135,0,English,False,,,,,,1
M1270262,1270262,The Devil's Double,Biography,2011.0,3.58,55,109,4.02535169073515,0,Other,False,Lee Tamahori,Belgium,19100000.0,5728213.0,61000.0,1
M1270761,1270761,Don't Be Afraid of the Dark,Fantasy,2010.0,2.92,31,99,3.4657359027997265,0,Other,False,Troy Nixey,United States,25000000.0,38269529.0,47000.0,1
M1270797,1270797,Venom,Action,2018.0,3.44,846,92,6.741700694652055,0,Other,False,Piers Haggard,United Kingdom,,5229643.0,2600.0,1
M1270798,1270798,X: First Class,Action,2011.0,3.92,304,107,5.720311776607412,0,English,False,,,,,,1
M1270835,1270835,Hatchet II,Action,2010.0,3.29,12,85,2.5649493574615367,0,Other,False,Adam Green,United States,800000.0,156190.0,13000.0,1
M1270842,1270842,Noruwei no mori,Drama,2010.0,2.93,15,109,2.772588722239781,0,English,False,,,,,,1
M1272878,1272878,2 Guns,Action,2013.0,3.47,808,109,6.695798917058491,0,Other,False,Baltasar Kormákur,United States,61000000.0,131940411.0,201000.0,1
M1272886,1272886,Small Apartments,Comedy,2012.0,3.11,22,100,3.1354942159291497,0,English,False,,,,,,1
M1273235,1273235,Srpski film,Horror,2010.0,2.59,37,96,3.6375861597263857,0,English,False,,,,,,1
M1274586,1274586,Dying of the Light,Drama,2014.0,2.3,20,109,3.044522437723423,0,English,False,,,,,,1
M1276104,1276104,Looper,Action,2012.0,3.73,477,113,6.169610732491456,0,Other,False,Rian Johnson,United States,30000000.0,176506819.0,545000.0,1
M1276419,1276419,En kongelig affære,Biography,2012.0,3.93,89,117,4.499809670330265,0,English,False,,,,,,1
M1276962,1276962,How to Make Money Selling Drugs,Documentary,2012.0,3.86,21,102,3.091042453358316,0,English,False,,,,,,1
M1277737,1277737,The Stoning of Soraya M.,Drama,2008.0,4.15,68,109,4.23410650459726,0,English,False,,,,,,1
M1277936,1277936,Cropsey,Documentary,2009.0,3.33,18,102,2.9444389791664403,0,English,False,,,,,,1
M1277953,1277953,Madagascar 3: Europe's Most Wanted,Animation,2012.0,3.56,71,93,4.276666119016055,0,Other,False,Eric Darnell,United States,145000000.0,746921274.0,168000.0,1
M1278340,1278340,Død snø,Comedy,2009.0,3.38,32,100,3.4965075614664802,0,English,False,,,,,,1
M1279935,1279935,Date Night,Comedy,2010.0,3.34,68,88,4.23410650459726,0,Other,False,Shawn Levy,United States,55000000.0,152263880.0,155000.0,1
M1280558,1280558,A Wednesday,Crime,2008.0,3.95,19,109,2.995732273553991,0,English,False,,,,,,1
M1282140,1282140,Easy A,Comedy,2010.0,3.44,206,92,5.332718793265369,0,Other,False,Will Gluck,United States,8000000.0,75026327.0,368000.0,1
M1284575,1284575,Bad Teacher,Comedy,2011.0,2.94,84,92,4.442651256490317,0,Other,False,Jake Kasdan,United States,20000000.0,216197492.0,196000.0,1
M1285009,1285009,The Strangers: Prey at Night,Horror,2018.0,2.62,50,85,3.9318256327243257,0,Other,False,Johannes Roberts,United States,5000000.0,31039126.0,28000.0,1
M1285016,1285016,The Social Network,Biography,2010.0,3.95,318,120,5.765191102784844,0,Other,False,David Fincher,United States,40000000.0,224920375.0,645000.0,1
M1285309,1285309,The Joneses,Drama,2009.0,3.09,23,96,3.1780538303479458,0,Other,False,Derrick Borte,United States,10000000.0,7043835.0,39000.0,1
M1286537,1286537,"Food, Inc.",Documentary,2008.0,3.96,38,102,3.6635616461296463,0,English,False,,,,,,1
M1288558,1288558,Evil Dead,Fantasy,2013.0,3.29,580,91,6.364750756851911,0,Other,False,Fede Alvarez,United States,17000000.0,97542952.0,160000.0,1
M1289401,1289401,Ghostbusters,Action,2016.0,2.92,389,105,5.966146739123692,0,Other,False,Ivan Reitman,United States,30000000.0,296187079.0,365000.0,1
M1289403,1289403,The Guernsey Literary Society,Drama,2018.0,3.85,55,109,4.02535169073515,0,English,False,,,,,,1
M1289406,1289406,Harry Brown,Action,2009.0,3.57,51,103,3.9512437185814275,0,Other,False,Daniel Barber,United Kingdom,7300000.0,10371451.0,85000.0,1
M1291150,1291150,Teenage Mutant Ninja Turtles,Action,2014.0,3.12,606,93,6.408528791059498,0,Other,False,Steve Barron,United States,13500000.0,201965915.0,88000.0,1
M1291547,1291547,After Porn Ends,Documentary,2010.0,2.9,15,102,2.772588722239781,0,English,False,,,,,,1
M1291566,1291566,Sidney Hall,Drama,2017.0,3.86,14,109,2.70805020110221,0,English,False,,,,,,1
M1291570,1291570,Solace,Crime,2015.0,3.36,133,109,4.897839799950911,0,English,False,,,,,,1
M1291580,1291580,Behind the Candelabra,Biography,2013.0,3.62,236,117,5.4680601411351315,0,English,False,,,,,,1
M1291584,1291584,Warrior,Drama,2011.0,4.31,454,140,6.12029741895095,0,Other,False,Gavin O'Connor,United States,25000000.0,23308615.0,445000.0,1
M1291652,1291652,Snabba cash,Action,2010.0,3.67,12,124,2.5649493574615367,0,Other,False,Daniel Espinosa,Sweden,,8444544.0,17000.0,1
M1292566,1292566,How to Be Single,Comedy,2016.0,3.12,185,110,5.225746673713202,0,Other,False,Christian Ditter,United States,38000000.0,112343513.0,83000.0,1
M1293847,1293847,xXx: Return of Xander Cage,Action,2017.0,2.67,214,107,5.3706380281276624,0,Other,False,D.J. Caruso,China,85000000.0,346118277.0,88000.0,1
M1294226,1294226,The Last Song,Drama,2010.0,3.39,27,107,3.332204510175204,0,Other,False,Julie Anne Robinson,United States,20000000.0,89137047.0,83000.0,1
M1294688,1294688,Last Night,Drama,2010.0,3.35,55,93,4.02535169073515,0,Other,False,Massy Tadjedin,United States,,11042068.0,47000.0,1
M1294970,1294970,The Angriest Man in Brooklyn,Comedy,2014.0,2.87,82,100,4.418840607796598,0,English,False,,,,,,1
M1296898,1296898,Waiting for Forever,Comedy,2010.0,3.07,14,100,2.70805020110221,0,English,False,,,,,,1
M1297919,1297919,Blitz,Action,2011.0,3.01,71,107,4.276666119016055,0,English,False,,,,,,1
M1298644,1298644,The Hustle,Comedy,2019.0,2.72,75,93,4.330733340286331,0,Other,False,Chris Addison,United States,21000000.0,95017038.0,51000.0,1
M1298649,1298649,The Watch,Action,2012.0,2.85,157,102,5.062595033026967,0,Other,False,Akiva Schaffer,United States,68000000.0,68267862.0,123000.0,1
M1298650,1298650,Pirates of the Caribbean: On Stranger Tides,Action,2011.0,3.39,145,136,4.983606621708336,0,Other,False,Rob Marshall,United States,250000000.0,1045713802.0,492000.0,1
M1300854,1300854,Iron Man Three,Action,2013.0,3.77,1993,107,7.597897950521784,0,English,False,,,,,,1
M1301990,1301990,Every Day,Comedy,2010.0,2.91,11,97,2.4849066497880004,0,Other,False,Michael Sucsy,Canada,4900000.0,10421847.0,20000.0,1
M1302006,1302006,The Irishman,Biography,2019.0,4.23,832,209,6.725033642166843,0,Other,False,Martin Scorsese,United States,159000000.0,968853.0,344000.0,1
M1302011,1302011,Kung Fu Panda 2,Animation,2011.0,3.67,61,90,4.127134385045092,0,Other,False,Jennifer Yuh Nelson,United States,150000000.0,665692281.0,262000.0,1
M1302067,1302067,Yogi Bear,Animation,2010.0,2.85,10,80,2.3978952727983707,0,Other,False,Eric Brevig,United States,80000000.0,203509374.0,21000.0,1
M1303828,1303828,Defendor,Comedy,2009.0,3.45,11,100,2.4849066497880004,0,English,False,,,,,,1
M1305591,1305591,Mars Needs Moms,Animation,2011.0,3.46,12,91,2.5649493574615367,0,English,False,,,,,,1
M1305806,1305806,El secreto de sus ojos,Drama,2009.0,4.29,241,109,5.488937726156687,0,English,False,,,,,,1
M1306980,1306980,50/50,Comedy,2011.0,3.84,303,100,5.717027701406222,0,Other,False,Jonathan Levine,United States,8000000.0,41097853.0,320000.0,1
M1307068,1307068,Seeking a Friend for the End of the World,Adventure,2012.0,3.26,176,101,5.176149732573829,0,Other,False,Lorene Scafaria,United States,10000000.0,11681781.0,109000.0,1
M1308728,1308728,The Happytime Murders,Action,2018.0,3.01,38,91,3.6635616461296463,0,Other,False,Brian Henson,United States,40000000.0,27506452.0,26000.0,1
M1308729,1308729,Bullet to the Head,Action,2012.0,2.88,133,92,4.897839799950911,0,Other,False,Walter Hill,United States,45000000.0,21947209.0,48000.0,1
M1311060,1311060,A.C.O.D.,Comedy,2013.0,2.64,33,100,3.5263605246161616,0,English,False,,,,,,1
M1311067,1311067,Halloween II,Horror,2009.0,3.08,26,92,3.295836866004329,0,Other,False,Rick Rosenthal,United States,2500000.0,25533818.0,77000.0,1
M1311071,1311071,Kill Your Darlings,Biography,2013.0,3.24,112,104,4.727387818712341,0,Other,False,John Krokidas,United States,,1877924.0,36000.0,1
M1313092,1313092,Animal Kingdom,Crime,2010.0,3.8,48,113,3.8918202981106265,0,Other,False,David Michôd,Australia,,7209912.0,56000.0,1
M1313104,1313104,The Cove,Documentary,2009.0,4.29,33,102,3.5263605246161616,0,English,False,,,,,,1
M1313139,1313139,The Oranges,Comedy,2011.0,2.96,45,100,3.828641396489095,0,English,False,,,,,,1
M1313244,1313244,Hypothermia,Horror,2010.0,2.0,11,96,2.4849066497880004,0,English,False,,,,,,1
M1314228,1314228,Did You Hear About the Morgans?,Comedy,2009.0,2.58,19,103,2.995732273553991,0,Other,False,Marc Lawrence,United States,58000000.0,85280250.0,39000.0,1
M1314652,1314652,Hanyo,Drama,2010.0,3.46,12,109,2.5649493574615367,0,English,False,,,,,,1
M1314655,1314655,Devil,Horror,2010.0,3.19,75,80,4.330733340286331,0,Other,False,John Erick Dowdle,United States,10000000.0,62695489.0,137000.0,1
M1315981,1315981,A Single Man,Drama,2009.0,3.74,100,99,4.61512051684126,0,Other,False,Tom Ford,United States,7000000.0,24964890.0,108000.0,1
M1316037,1316037,Birdemic: Shock and Terror,Action,2010.0,1.4,15,107,2.772588722239781,0,English,False,,,,,,1
M1316536,1316536,The Loved Ones,Horror,2009.0,3.7,28,96,3.367295829986474,0,English,False,,,,,,1
M1316540,1316540,A torinói ló,Drama,2011.0,4.14,28,109,3.367295829986474,0,English,False,,,,,,1
M1316622,1316622,Wrecked,Adventure,2010.0,2.69,13,105,2.6390573296152584,0,English,False,,,,,,1
M1318514,1318514,Rise of the Planet of the Apes,Action,2011.0,3.86,354,105,5.872117789475416,0,Other,False,Rupert Wyatt,United States,93000000.0,481800873.0,504000.0,1
M1318517,1318517,The Man Who Killed Don Quixote,Adventure,2018.0,3.69,13,132,2.6390573296152584,0,Other,False,Terry Gilliam,Spain,,2390383.0,17000.0,1
M1320082,1320082,Le concert,Comedy,2009.0,4.0,12,100,2.5649493574615367,0,English,False,,,,,,1
M1320239,1320239,Burke and Hare,Comedy,2010.0,3.6,15,100,2.772588722239781,0,English,False,,,,,,1
M1320244,1320244,The Last Exorcism,Drama,2010.0,2.94,27,87,3.332204510175204,0,Other,False,Daniel Stamm,France,1800000.0,69432527.0,49000.0,1
M1320253,1320253,The Expendables,Action,2010.0,3.22,121,103,4.804021044733257,0,Other,False,Sylvester Stallone,United States,80000000.0,274470394.0,331000.0,1
M1320261,1320261,Gulliver's Travels,Adventure,2010.0,2.37,19,85,2.995732273553991,0,Other,False,Rob Letterman,United States,112000000.0,237382724.0,67000.0,1
M1320291,1320291,The Reef,Adventure,2010.0,2.94,16,105,2.833213344056216,0,English,False,,,,,,1
M1321509,1321509,Death at a Funeral,Comedy,2010.0,3.05,20,90,3.044522437723423,0,Other,False,Frank Oz,United States,9000000.0,46789413.0,111000.0,1
M1321510,1321510,In the Heights,Drama,2021.0,3.84,22,109,3.1354942159291497,0,English,False,,,,,,1
M1321511,1321511,Oldboy,Action,2013.0,3.01,220,120,5.3981627015177525,0,Other,False,Park Chan-Wook,South Korea,3000000.0,15189934.0,532000.0,1
M1321860,1321860,The Beaver,Drama,2011.0,3.48,45,91,3.828641396489095,0,Other,False,Jodie Foster,United States,21000000.0,7294800.0,48000.0,1
M1321870,1321870,Gangster Squad,Action,2013.0,3.47,572,113,6.35088571671474,0,Other,False,Ruben Fleischer,United States,60000000.0,105200903.0,209000.0,1
M1322269,1322269,August: Osage County,Drama,2013.0,3.69,406,121,6.008813185442595,0,Other,False,John Wells,United States,25000000.0,74188937.0,87000.0,1
M1322312,1322312,Going the Distance,Comedy,2010.0,3.42,19,102,2.995732273553991,0,Other,False,Nanette Burstein,United States,32000000.0,42059111.0,57000.0,1
M1323045,1323045,Frozen,Adventure,2010.0,3.3,76,93,4.343805421853684,0,Other,False,Adam Green,United States,,3843774.0,70000.0,1
M1323594,1323594,Despicable Me,Animation,2010.0,3.93,330,95,5.802118375377063,0,Other,False,Pierre Coffin,United States,69000000.0,543113985.0,512000.0,1
M1323973,1323973,The Trials of Cate McCall,Crime,2013.0,3.34,16,109,2.833213344056216,0,English,False,,,,,,1
M1324999,1324999,The Twilight Saga: Breaking Dawn - Part 1,Adventure,2011.0,3.19,45,117,3.828641396489095,0,Other,False,Bill Condon,United States,110000000.0,712205856.0,228000.0,1
M1325004,1325004,The Twilight Saga: Eclipse,Adventure,2010.0,3.27,41,124,3.7376696182833684,0,Other,False,David Slade,United States,68000000.0,698491347.0,233000.0,1
M1326972,1326972,Chi bi: Jue zhan tian xia,Action,2009.0,4.0,12,107,2.5649493574615367,0,English,False,,,,,,1
M1327194,1327194,The Lucky One,Drama,2012.0,3.37,118,101,4.77912349311153,0,Other,False,Scott Hicks,United States,25000000.0,99357138.0,103000.0,1
M1327628,1327628,Whores' Glory,Documentary,2011.0,3.32,11,102,2.4849066497880004,0,English,False,,,,,,1
M1327773,1327773,The Butler,Biography,2013.0,3.73,511,117,6.238324625039508,0,English,False,,,,,,1
M1329232,1329232,St George's Day,Action,2012.0,2.79,12,107,2.5649493574615367,0,English,False,,,,,,1
M1332134,1332134,Kongen av Bastøy,Action,2010.0,3.75,18,107,2.9444389791664403,0,English,False,,,,,,1
M1333125,1333125,Movie 43,Comedy,2013.0,2.26,218,94,5.389071729816501,0,Other,False,Directors,United States,6000000.0,32443111.0,101000.0,1
M1334102,1334102,The Resident,Drama,2011.0,3.0,24,109,3.2188758248682006,0,English,False,,,,,,1
M1334260,1334260,Never Let Me Go,Drama,2010.0,3.7,133,103,4.897839799950911,0,Other,False,Mark Romanek,United Kingdom,15000000.0,9918093.0,140000.0,1
M1334512,1334512,Arthur,Comedy,2011.0,3.24,17,97,2.8903717578961645,0,Other,False,Steve Gordon,United States,7000000.0,95461682.0,27000.0,1
M1334553,1334553,The Perfect Host,Comedy,2010.0,3.4,29,93,3.4011973816621555,0,Other,False,Nick Tomnay,United States,500000.0,453708.0,26000.0,1
M1335975,1335975,47 Ronin,Action,2013.0,3.25,518,128,6.251903883165888,0,Other,False,Carl Rinsch,United States,175000000.0,151783839.0,152000.0,1
M1336608,1336608,Rock of Ages,Comedy,2012.0,2.98,95,123,4.564348191467836,0,Other,False,Adam Shankman,United States,75000000.0,59418613.0,75000.0,1
M1336617,1336617,Cyrus,Comedy,2010.0,3.15,23,91,3.1780538303479458,0,Other,False,Jay Duplass,United States,7000000.0,9933873.0,34000.0,1
M1337057,1337057,Rampage,Action,2009.0,3.25,12,97,2.5649493574615367,0,Other,False,William Friedkin,United States,7500000.0,796368.0,2000.0,1
M1340107,1340107,Hævnen,Drama,2010.0,4.06,39,109,3.6888794541139363,0,English,False,,,,,,1
M1340138,1340138,Terminator Genisys,Action,2015.0,3.34,635,126,6.455198563340122,0,Other,False,Alan Taylor,United States,155000000.0,440603537.0,264000.0,1
M1340800,1340800,Tinker Tailor Soldier Spy,Drama,2011.0,3.72,158,122,5.0689042022202315,0,Other,False,Tomas Alfredson,United Kingdom,,81529126.0,192000.0,1
M1341167,1341167,Four Lions,Comedy,2010.0,3.76,48,97,3.8918202981106265,0,Other,False,Christopher Morris,United Kingdom,,6149356.0,74000.0,1
M1341188,1341188,How Do You Know,Comedy,2010.0,2.68,31,121,3.4657359027997265,0,Other,False,James L. Brooks,United States,120000000.0,48668907.0,48000.0,1
M1343092,1343092,The Great Gatsby,Drama,2013.0,3.8,1621,143,7.3914152346753585,0,Other,False,Baz Luhrmann,Australia,105000000.0,353642274.0,494000.0,1
M1343097,1343097,Luftslottet som sprängdes,Crime,2009.0,3.81,35,109,3.58351893845611,0,English,False,,,,,,1
M1343703,1343703,Brestskaya krepost,Action,2010.0,3.78,16,107,2.833213344056216,0,English,False,,,,,,1
M1343727,1343727,Dredd,Action,2012.0,3.55,342,95,5.8377304471659395,0,Other,False,Pete Travis,United Kingdom,50000000.0,41037742.0,260000.0,1
M1345836,1345836,The Dark Knight Rises,Action,2012.0,4.35,554,164,6.318968113746434,0,Other,False,Christopher Nolan,United Kingdom,250000000.0,1081142612.0,1600000.0,1
M1349451,1349451,Butter,Comedy,2011.0,3.19,35,90,3.58351893845611,0,Other,False,Jim Field Smith,United States,,175706.0,21000.0,1
M1351685,1351685,Jack the Giant Slayer,Adventure,2013.0,3.26,414,114,6.028278520230698,0,Other,False,Bryan Singer,United Kingdom,195000000.0,197687603.0,134000.0,1
M1352824,1352824,Chloe,Drama,2009.0,3.26,42,96,3.7612001156935624,0,Other,False,Atom Egoyan,United States,14000000.0,13657649.0,71000.0,1
M1355630,1355630,If I Stay,Drama,2014.0,3.47,250,107,5.5254529391317835,0,Other,False,R.J. Cutler,United States,11000000.0,78274843.0,118000.0,1
M1355631,1355631,The Infiltrator,Biography,2016.0,3.63,229,127,5.438079308923196,0,Other,False,Brad Furman,United Kingdom,28000000.0,21011110.0,71000.0,1
M1355644,1355644,Passengers,Drama,2016.0,3.56,854,93,6.75110146893676,0,Other,False,Rodrigo García,United States,25000000.0,5798974.0,35000.0,1
M1355683,1355683,Black Mass,Biography,2015.0,3.5,459,123,6.131226489483141,0,Other,False,Scott Cooper,United States,53000000.0,99775678.0,171000.0,1
M1356864,1356864,I'm Still Here,Comedy,2010.0,3.17,15,108,2.772588722239781,0,Other,False,Casey Affleck,United States,,626396.0,22000.0,1
M1360860,1360860,Darbareye Elly,Drama,2009.0,4.15,135,119,4.912654885736052,0,Other,False,Asghar Farhadi,Iran,,879422.0,48000.0,1
M1361318,1361318,Good People,Action,2014.0,2.75,60,107,4.110873864173311,0,English,False,,,,,,1
M1361336,1361336,Tom and Jerry,Animation,2021.0,2.83,36,91,3.6109179126442243,0,English,False,,,,,,1
M1361566,1361566,Tsumiki no ie,Animation,2008.0,4.15,13,91,2.6390573296152584,0,English,False,,,,,,1
M1361835,1361835,Das letzte Schweigen,Crime,2010.0,3.61,18,109,2.9444389791664403,0,English,False,,,,,,1
M1362058,1362058,Cockneys vs Zombies,Action,2012.0,3.14,36,107,3.6109179126442243,0,English,False,,,,,,1
M1365050,1365050,Beasts of No Nation,Drama,2015.0,3.93,350,137,5.860786223465865,0,Other,False,Cary Joji Fukunaga,United States,6000000.0,90777.0,76000.0,1
M1365519,1365519,Tomb Raider,Action,2018.0,3.24,391,119,5.971261839790462,0,Other,False,Roar Uthaug,United Kingdom,94000000.0,274650803.0,197000.0,1
M1366344,1366344,The Sitter,Comedy,2011.0,2.94,59,81,4.0943445622221,0,Other,False,David Gordon Green,United States,25000000.0,34942188.0,69000.0,1
M1366365,1366365,The Cold Light of Day,Action,2012.0,2.35,43,93,3.784189633918261,0,Other,False,Mabrouk El Mechri,United States,20000000.0,16863583.0,36000.0,1
M1368116,1368116,Merantau,Action,2009.0,3.73,11,107,2.4849066497880004,0,English,False,,,,,,1
M1368440,1368440,Branded,Drama,2012.0,1.82,14,109,2.70805020110221,0,English,False,,,,,,1
M1369706,1369706,The Ward,Horror,2010.0,2.84,25,96,3.258096538021482,0,English,False,,,,,,1
M1371111,1371111,Cloud Atlas,Action,2012.0,3.63,477,172,6.169610732491456,0,Other,False,Tom Tykwer,United States,102000000.0,130482868.0,349000.0,1
M1371150,1371150,This Is Where I Leave You,Comedy,2014.0,3.38,196,103,5.2832037287379885,0,Other,False,Shawn Levy,United States,19800000.0,41296320.0,75000.0,1
M1371155,1371155,Made in Dagenham,Biography,2010.0,4.07,14,117,2.70805020110221,0,English,False,,,,,,1
M1372686,1372686,Coriolanus,Drama,2011.0,3.27,33,123,3.5263605246161616,0,Other,False,Ralph Fiennes,United Kingdom,,2435325.0,31000.0,1
M1373120,1373120,Ddongpari,Crime,2008.0,4.0,10,109,2.3978952727983707,0,English,False,,,,,,1
M1374989,1374989,Pride and Prejudice and Zombies,Action,2016.0,2.95,98,108,4.59511985013459,0,Other,False,Burr Steers,United States,28000000.0,16457494.0,53000.0,1
M1374992,1374992,Upside Down,Drama,2012.0,3.25,157,109,5.062595033026967,0,Other,False,Juan Solanas,Canada,60000000.0,22187813.0,70000.0,1
M1375666,1375666,Inception,Action,2010.0,4.49,903,148,6.806829360392176,0,Other,False,Christopher Nolan,United States,160000000.0,836836967.0,2100000.0,1
M1375670,1375670,Grown Ups,Comedy,2010.0,3.25,132,102,4.890349128221754,0,Other,False,Dennis Dugan,United States,80000000.0,271457301.0,233000.0,1
M1376213,1376213,The Adventurer: The Curse of the Midas Box,Adventure,2013.0,3.08,12,105,2.5649493574615367,0,English,False,,,,,,1
M1379177,1379177,The Disappearance of Alice Creed,Crime,2009.0,3.55,22,100,3.1354942159291497,0,Other,False,J Blakeson,United Kingdom,800000.0,896919.0,26000.0,1
M1379182,1379182,Kynodontas,Drama,2009.0,3.56,89,109,4.499809670330265,0,English,False,,,,,,1
M1381404,1381404,The Company You Keep,Drama,2012.0,3.37,136,125,4.919980925828125,0,Other,False,Robert Redford,United States,2000000.0,20014680.0,32000.0,1
M1381418,1381418,You May Not Kiss the Bride,Action,2011.0,2.82,14,107,2.70805020110221,0,English,False,,,,,,1
M1382725,1382725,Razzia,Drama,2010.0,3.83,12,109,2.5649493574615367,0,English,False,,,,,,1
M1385826,1385826,The Adjustment Bureau,Romance,2011.0,3.66,137,106,4.927253685157205,0,Other,False,George Nolfi,United States,50200000.0,127869379.0,248000.0,1
M1385867,1385867,Cop Out,Action,2010.0,2.8,27,107,3.332204510175204,0,Other,False,Kevin Smith,United States,30000000.0,55611001.0,86000.0,1
M1385956,1385956,Particle Fever,Documentary,2013.0,3.82,14,102,2.70805020110221,0,English,False,,,,,,1
M1386588,1386588,The Other Guys,Action,2010.0,3.37,123,107,4.820281565605037,0,Other,False,Adam McKay,United States,100000000.0,170458922.0,249000.0,1
M1386691,1386691,Shimmer Lake,Crime,2017.0,3.24,35,109,3.58351893845611,0,English,False,,,,,,1
M1386697,1386697,Suicide Squad,Action,2016.0,3.29,1421,123,7.259819610363186,0,Other,False,David Ayer,United States,175000000.0,746846894.0,625000.0,1
M1386703,1386703,Total Recall,Action,2012.0,3.02,220,113,5.3981627015177525,0,Other,False,Paul Verhoeven,United States,65000000.0,261317921.0,310000.0,1
M1386932,1386932,Yip Man 2,Action,2010.0,3.79,58,107,4.07753744390572,0,English,False,,,,,,1
M1389072,1389072,Downsizing,Drama,2017.0,2.84,189,135,5.247024072160486,0,Other,False,Alexander Payne,United States,68000000.0,55003890.0,102000.0,1
M1389096,1389096,Stand Up Guys,Comedy,2012.0,3.24,181,95,5.204006687076795,0,Other,False,Fisher Stevens,United States,15000000.0,5072654.0,54000.0,1
M1389127,1389127,Texas Killing Fields,Crime,2011.0,3.12,20,105,3.044522437723423,0,Other,False,Ami Canaan Mann,United States,,1271319.0,19000.0,1
M1389137,1389137,We Bought a Zoo,Comedy,2011.0,3.69,149,124,5.0106352940962555,0,Other,False,Cameron Crowe,United States,50000000.0,120081841.0,138000.0,1
M1389139,1389139,When the Bough Breaks,Crime,2016.0,2.5,11,109,2.4849066497880004,0,English,False,,,,,,1
M1390411,1390411,In the Heart of the Sea,Action,2015.0,3.67,576,122,6.3578422665081,0,Other,False,Ron Howard,United States,100000000.0,93920758.0,128000.0,1
M1392170,1392170,The Hunger Games,Action,2012.0,3.69,579,142,6.363028103540465,0,Other,False,Gary Ross,United States,78000000.0,694394724.0,862000.0,1
M1392190,1392190,Mad Max: Fury Road,Action,2015.0,4.04,1734,120,7.45876269238096,0,Other,False,George Miller,Australia,150000000.0,375658750.0,912000.0,1
M1392214,1392214,Prisoners,Crime,2013.0,4.08,1926,153,7.563719668414366,0,Other,False,Denis Villeneuve,United States,46000000.0,122126687.0,625000.0,1
M1393746,1393746,Tangshan dadizhen,Drama,2010.0,3.64,11,109,2.4849066497880004,0,English,False,,,,,,1
M1396218,1396218,Mr. Popper&x27;s Penguins,Comedy,2011.0,2.96,45,100,3.828641396489095,0,English,False,,,,,,1
M1396226,1396226,Venuto al mondo,Drama,2012.0,3.78,69,109,4.248495242049359,0,English,False,,,,,,1
M1396484,1396484,It,Horror,2017.0,3.46,1061,135,6.967909201801884,0,Other,False,Andy Muschietti,United States,35000000.0,701796444.0,478000.0,1
M1397280,1397280,Taken 2,Action,2012.0,3.22,309,92,5.736572297479192,0,Other,False,Olivier Megaton,France,45000000.0,376152455.0,294000.0,1
M1397514,1397514,Journey 2: The Mysterious Island,Action,2012.0,3.23,30,94,3.4339872044851463,0,Other,False,Brad Peyton,United States,79000000.0,335260290.0,96000.0,1
M1398426,1398426,Straight Outta Compton,Biography,2015.0,4.12,617,147,6.42648845745769,0,Other,False,F. Gary Gray,United States,28000000.0,201634991.0,185000.0,1
M1399103,1399103,Transformers: Dark of the Moon,Action,2011.0,3.52,116,154,4.762173934797756,0,Other,False,Michael Bay,United States,195000000.0,1123794079.0,390000.0,1
M1399683,1399683,Winter's Bone,Drama,2010.0,3.49,141,100,4.955827057601261,0,Other,False,Debra Granik,United States,2000000.0,13796834.0,138000.0,1
M1401143,1401143,Rare Exports,Adventure,2010.0,3.48,26,105,3.295836866004329,0,English,False,,,,,,1
M1401152,1401152,Unknown,Action,2011.0,3.55,155,113,5.049856007249537,0,Other,False,Jaume Collet-Serra,United Kingdom,30000000.0,135710029.0,253000.0,1
M1402488,1402488,Happy Feet Two,Animation,2011.0,3.35,26,100,3.295836866004329,0,Other,False,George Miller,Australia,135000000.0,159197038.0,43000.0,1
M1403177,1403177,Hesher,Comedy,2010.0,3.7,30,106,3.4339872044851463,0,Other,False,Spencer Susser,United States,7000000.0,449702.0,51000.0,1
M1403214,1403214,Paradies: Liebe,Drama,2012.0,2.96,12,109,2.5649493574615367,0,English,False,,,,,,1
M1403241,1403241,Wolves,Action,2014.0,2.71,17,107,2.8903717578961645,0,English,False,,,,,,1
M1403865,1403865,True Grit,Adventure,2010.0,3.85,179,110,5.19295685089021,0,Other,False,Ethan Coen,United States,38000000.0,252276927.0,319000.0,1
M1403981,1403981,Remember Me,Drama,2010.0,3.7,109,113,4.700480365792417,0,Other,False,Allen Coulter,United States,16000000.0,56032889.0,141000.0,1
M1405365,1405365,Celeste & Jesse Forever,Comedy,2012.0,3.31,57,92,4.060443010546419,0,Other,False,Lee Toland Krieger,United States,,3640975.0,30000.0,1
M1405500,1405500,For Colored Girls,Drama,2010.0,3.95,10,133,2.3978952727983707,0,Other,False,Tyler Perry,United States,21000000.0,37981984.0,7300.0,1
M1407052,1407052,Arrugas,Animation,2011.0,3.85,10,91,2.3978952727983707,0,English,False,,,,,,1
M1407061,1407061,Just Wright,Comedy,2010.0,3.14,11,100,2.4849066497880004,0,English,False,,,,,,1
M1408101,1408101,Star Trek Into Darkness,Action,2013.0,4.03,1544,132,7.3427791893318455,0,Other,False,J.J. Abrams,United States,190000000.0,467365246.0,468000.0,1
M1408253,1408253,Ride Along,Action,2014.0,3.21,344,99,5.84354441703136,0,Other,False,Tim Story,United States,25000000.0,154468902.0,106000.0,1
M1409024,1409024,Men in Black 3,Action,2012.0,3.5,149,106,5.0106352940962555,0,Other,False,Barry Sonnenfeld,United States,225000000.0,624026776.0,342000.0,1
M1410051,1410051,Retreat,Drama,2011.0,3.5,11,109,2.4849066497880004,0,English,False,,,,,,1
M1410063,1410063,Jin ling shi san chai,Drama,2011.0,4.0,71,146,4.276666119016055,0,Other,False,Yimou Zhang,China,94000000.0,2855644.0,51000.0,1
M1411238,1411238,No Strings Attached,Comedy,2011.0,3.22,75,108,4.330733340286331,0,Other,False,Ivan Reitman,United States,25000000.0,149228077.0,219000.0,1
M1411250,1411250,Riddick,Action,2013.0,3.11,486,119,6.18826412308259,0,Other,False,David Twohy,Canada,38000000.0,98337295.0,157000.0,1
M1411697,1411697,The Hangover Part II,Comedy,2011.0,3.43,220,102,5.3981627015177525,0,Other,False,Todd Phillips,United States,80000000.0,586764305.0,472000.0,1
M1411704,1411704,Hop,Animation,2011.0,2.91,16,95,2.833213344056216,0,Other,False,Tim Hill,United States,63000000.0,183954145.0,32000.0,1
M1412386,1412386,The Best Exotic Marigold Hotel,Comedy,2011.0,3.8,105,124,4.663439094112067,0,Other,False,John Madden,United Kingdom,10000000.0,136836272.0,92000.0,1
M1412528,1412528,Table 19,Comedy,2017.0,2.91,38,87,3.6635616461296463,0,Other,False,Jeffrey Blitz,United States,5000000.0,5042014.0,27000.0,1
M1413492,1413492,12 Strong,Action,2018.0,3.34,173,130,5.159055299214529,0,Other,False,Nicolai Fuglsig,United States,35000000.0,67450815.0,72000.0,1
M1413495,1413495,Paranoia,Drama,2013.0,2.92,165,106,5.111987788356544,0,Other,False,Robert Luketic,United States,35000000.0,17056265.0,36000.0,1
M1414382,1414382,You Again,Comedy,2010.0,3.12,20,105,3.044522437723423,0,Other,False,Andy Fickman,United States,20000000.0,32054369.0,50000.0,1
M1415283,1415283,Nanny McPhee and the Big Bang,Comedy,2010.0,3.18,14,100,2.70805020110221,0,English,False,,,,,,1
M1416801,1416801,Kill the Irishman,Biography,2011.0,3.4,41,106,3.7376696182833684,0,Other,False,Jonathan Hensleigh,United States,12000000.0,1188194.0,47000.0,1
M1417075,1417075,In Darkness,Drama,2011.0,3.5,13,109,2.6390573296152584,0,English,False,,,,,,1
M1418377,1418377,"I, Frankenstein",Action,2014.0,2.62,281,92,5.641907070938114,0,Other,False,Stuart Beattie,United States,65000000.0,76801179.0,79000.0,1
M1418754,1418754,John Doe: Vigilante,Crime,2014.0,3.35,33,109,3.5263605246161616,0,English,False,,,,,,1
M1421051,1421051,Somewhere,Comedy,2010.0,3.15,20,97,3.044522437723423,0,Other,False,Sofia Coppola,United States,7000000.0,14788642.0,44000.0,1
M1422020,1422020,Dog Pound,Drama,2010.0,3.21,14,109,2.70805020110221,0,English,False,,,,,,1
M1422032,1422032,También la lluvia,Drama,2010.0,3.79,12,109,2.5649493574615367,0,English,False,,,,,,1
M1422136,1422136,A Lonely Place to Die,Adventure,2011.0,3.3,38,105,3.6635616461296463,0,English,False,,,,,,1
M1423894,1423894,Barney's Version,Comedy,2010.0,3.53,15,134,2.772588722239781,0,Other,False,Richard J. Lewis,Italy,30000000.0,12106921.0,24000.0,1
M1423995,1423995,Stone,Drama,2010.0,2.94,26,105,3.295836866004329,0,Other,False,John Curran,United States,22000000.0,10300416.0,41000.0,1
M1424310,1424310,Chinese Zodiac,Action,2012.0,3.22,27,107,3.332204510175204,0,English,False,,,,,,1
M1424381,1424381,Predators,Action,2010.0,3.28,65,107,4.189654742026425,0,Other,False,Nimród Antal,United States,40000000.0,127233108.0,216000.0,1
M1424432,1424432,Senna,Documentary,2010.0,4.29,107,102,4.68213122712422,0,English,False,,,,,,1
M1424797,1424797,J'ai tué ma mère,Drama,2009.0,3.77,46,109,3.8501476017100584,0,English,False,,,,,,1
M1425922,1425922,Black Nativity,Drama,2013.0,2.62,12,109,2.5649493574615367,0,English,False,,,,,,1
M1426329,1426329,Lovelace,Biography,2013.0,3.21,174,93,5.1647859739235145,0,Other,False,Rob Epstein,United States,10000000.0,1585583.0,39000.0,1
M1427298,1427298,The Human Race,Action,2013.0,2.46,12,107,2.5649493574615367,0,English,False,,,,,,1
M1428538,1428538,Hansel &amp; Gretel: Witch Hunters,Action,2013.0,3.16,400,107,5.993961427306569,0,English,False,,,,,,1
M1430132,1430132,The Wolverine,Action,2013.0,3.41,1279,126,7.154615356913663,0,Other,False,James Mangold,United States,120000000.0,414828246.0,439000.0,1
M1430607,1430607,Arthur Christmas,Animation,2011.0,3.7,57,91,4.060443010546419,0,English,False,,,,,,1
M1430612,1430612,Brick Mansions,Action,2014.0,2.99,159,90,5.075173815233827,0,Other,False,Camille Delamarre,France,28000000.0,71416730.0,41000.0,1
M1430615,1430615,Big Miracle,Biography,2012.0,3.34,22,107,3.1354942159291497,0,Other,False,Ken Kwapis,United States,40000000.0,24740061.0,19000.0,1
M1430626,1430626,The Pirates! In an Adventure with Scientists!,Animation,2012.0,3.59,33,91,3.5263605246161616,0,English,False,,,,,,1
M1431045,1431045,Deadpool,Action,2016.0,4.03,1727,108,7.454719949364001,0,Other,False,Tim Miller,United States,58000000.0,782836791.0,932000.0,1
M1431181,1431181,Another Year,Comedy,2010.0,3.23,13,100,2.6390573296152584,0,English,False,,,,,,1
M1433108,1433108,Faster,Action,2010.0,3.25,62,98,4.143134726391533,0,Other,False,George Tillman Jr.,United States,24000000.0,35626958.0,103000.0,1
M1433207,1433207,The Details,Comedy,2011.0,3.42,24,100,3.2188758248682006,0,English,False,,,,,,1
M1433811,1433811,Disconnect,Drama,2012.0,3.9,480,115,6.175867270105761,0,Other,False,Henry Alex Rubin,United States,10000000.0,3428048.0,74000.0,1
M1433813,1433813,Hubble 3D,Documentary,2010.0,3.85,10,102,2.3978952727983707,0,English,False,,,,,,1
M1433822,1433822,The Apparition,Horror,2012.0,2.12,40,82,3.713572066704308,0,Other,False,Todd Lincoln,United States,17000000.0,11350665.0,19000.0,1
M1434435,1434435,Mother's Day,Drama,2010.0,3.03,18,118,2.9444389791664403,0,Other,False,Garry Marshall,United States,25000000.0,48782670.0,35000.0,1
M1435513,1435513,Hysteria,Comedy,2011.0,3.53,33,100,3.5263605246161616,0,Other,False,Tanya Wexler,United Kingdom,,,31000.0,1
M1436045,1436045,Jûsan-nin no shikaku,Action,2010.0,4.06,51,107,3.9512437185814275,0,English,False,,,,,,1
M1436562,1436562,Rio,Animation,2011.0,3.55,57,96,4.060443010546419,0,Other,False,Carlos Saldanha,United States,90000000.0,483866518.0,212000.0,1
M1436568,1436568,Assassination Games,Action,2011.0,3.2,10,107,2.3978952727983707,0,English,False,,,,,,1
M1437358,1437358,Mientras duermes,Drama,2011.0,3.54,82,109,4.418840607796598,0,English,False,,,,,,1
M1438173,1438173,Bait,Action,2012.0,2.88,30,119,3.4339872044851463,0,Other,False,Antoine Fuqua,Canada,51000000.0,15471969.0,11000.0,1
M1438176,1438176,Fright Night,Comedy,2011.0,3.37,57,106,4.060443010546419,0,Other,False,Tom Holland,United States,9000000.0,24922237.0,63000.0,1
M1438216,1438216,Oranges and Sunshine,Drama,2010.0,3.55,10,109,2.3978952727983707,0,English,False,,,,,,1
M1438254,1438254,Charlie St. Cloud,Drama,2010.0,3.47,31,99,3.4657359027997265,0,Other,False,Burr Steers,United States,44000000.0,48190704.0,60000.0,1
M1439572,1439572,Perfect Sense,Drama,2011.0,3.8,76,92,4.343805421853684,0,Other,False,David Mackenzie,United Kingdom,,933352.0,58000.0,1
M1440129,1440129,Battleship,Action,2012.0,3.08,163,131,5.099866427824199,0,Other,False,Peter Berg,United States,209000000.0,303025485.0,240000.0,1
M1440161,1440161,A Little Bit of Heaven,Comedy,2011.0,3.18,20,100,3.044522437723423,0,English,False,,,,,,1
M1440232,1440232,Les petits mouchoirs,Comedy,2010.0,3.55,21,100,3.091042453358316,0,English,False,,,,,,1
M1440266,1440266,Pina,Documentary,2011.0,4.04,14,102,2.70805020110221,0,English,False,,,,,,1
M1440292,1440292,Submarine,Comedy,2010.0,3.86,88,97,4.48863636973214,0,Other,False,Richard Ayoade,United Kingdom,,3875173.0,87000.0,1
M1440345,1440345,This Must Be the Place,Comedy,2011.0,3.41,47,118,3.871201010907891,0,Other,False,Paolo Sorrentino,Italy,,11928909.0,33000.0,1
M1440728,1440728,The American,Crime,2010.0,3.18,50,105,3.9318256327243257,0,Other,False,Anton Corbijn,United States,20000000.0,67876281.0,94000.0,1
M1440732,1440732,Bel Ami,Drama,2012.0,2.62,13,102,2.6390573296152584,0,Other,False,Declan Donnellan,United Kingdom,,9374932.0,18000.0,1
M1441326,1441326,Martha Marcy May Marlene,Drama,2011.0,3.48,65,102,4.189654742026425,0,Other,False,Sean Durkin,United States,,4778439.0,50000.0,1
M1441395,1441395,Under the Skin,Drama,2013.0,3.16,306,108,5.726847747587197,0,Other,False,Jonathan Glazer,United Kingdom,13300000.0,5866389.0,134000.0,1
M1441912,1441912,The Way,Adventure,2010.0,4.05,28,123,3.367295829986474,0,Other,False,Emilio Estevez,Spain,,13348704.0,31000.0,1
M1441940,1441940,Broken,Drama,2012.0,3.88,52,109,3.970291913552122,0,English,False,,,,,,1
M1441951,1441951,Quartet,Comedy,2012.0,3.46,72,101,4.290459441148391,0,Other,False,James Ivory,United Kingdom,,12042.0,1300.0,1
M1441952,1441952,Salmon Fishing in the Yemen,Comedy,2011.0,3.43,81,107,4.406719247264253,0,Other,False,Lasse Hallström,United Kingdom,,34564651.0,63000.0,1
M1441953,1441953,Testament of Youth,Biography,2014.0,3.92,84,129,4.442651256490317,0,Other,False,James Kent,United Kingdom,,5874883.0,27000.0,1
M1442519,1442519,Le hérisson,Drama,2009.0,4.25,10,109,2.3978952727983707,0,English,False,,,,,,1
M1446192,1446192,Rise of the Guardians,Animation,2012.0,3.76,215,97,5.375278407684165,0,Other,False,Peter Ramsey,United States,145000000.0,306941670.0,161000.0,1
M1446714,1446714,Prometheus,Adventure,2012.0,3.46,360,124,5.8888779583328805,0,Other,False,Ridley Scott,United States,130000000.0,403354469.0,578000.0,1
M1448755,1448755,Killer Elite,Action,2011.0,3.36,70,116,4.2626798770413155,0,Other,False,Gary McKendry,United Kingdom,70000000.0,57084522.0,126000.0,1
M1449283,1449283,Winnie the Pooh,Animation,2011.0,3.83,12,63,2.5649493574615367,0,Other,False,Stephen J. Anderson,United States,30000000.0,49871429.0,23000.0,1
M1450321,1450321,Filth,Comedy,2013.0,3.59,355,97,5.87493073085203,0,Other,False,Jon S. Baird,United Kingdom,5000000.0,8417248.0,104000.0,1
M1452628,1452628,Vanishing on 7th Street,Horror,2010.0,2.62,12,92,2.5649493574615367,0,Other,False,Brad Anderson,United States,10000000.0,1671196.0,25000.0,1
M1453405,1453405,Monsters University,Animation,2013.0,3.78,852,104,6.748759547491679,0,Other,False,Dan Scanlon,United States,200000000.0,743559645.0,332000.0,1
M1454029,1454029,The Help,Drama,2011.0,4.24,329,146,5.799092654460526,0,Other,False,Tate Taylor,United States,25000000.0,216639112.0,436000.0,1
M1454468,1454468,Gravity,Drama,2013.0,4.1,2628,91,7.874358824729881,0,Other,False,Alfonso Cuarón,United Kingdom,100000000.0,723192705.0,784000.0,1
M1455151,1455151,La tête en friche,Comedy,2010.0,3.8,10,100,2.3978952727983707,0,English,False,,,,,,1
M1456060,1456060,Boy Wonder,Action,2010.0,3.38,13,107,2.6390573296152584,0,English,False,,,,,,1
M1456472,1456472,Habemus Papam,Comedy,2011.0,3.33,18,100,2.9444389791664403,0,English,False,,,,,,1
M1456635,1456635,Goon,Comedy,2011.0,3.43,75,92,4.330733340286331,0,Other,False,Michael Dowse,United States,,6985158.0,85000.0,1
M1456941,1456941,"Tomorrow, When the War Began",Action,2010.0,3.5,20,107,3.044522437723423,0,English,False,,,,,,1
M1457765,1457765,The Haunting in Connecticut 2: Ghosts of Georgia,Drama,2013.0,3.04,46,109,3.8501476017100584,0,English,False,,,,,,1
M1457767,1457767,The Conjuring,Horror,2013.0,3.85,1371,112,7.22402480828583,0,Other,False,James Wan,United States,20000000.0,320290989.0,464000.0,1
M1458169,1458169,Kidnap,Crime,2017.0,3.25,184,95,5.220355825078324,0,Other,False,Luis Prieto,United States,21000000.0,34814102.0,35000.0,1
M1458175,1458175,The Next Three Days,Action,2010.0,3.86,191,133,5.2574953720277815,0,Other,False,Paul Haggis,United States,30000000.0,67448651.0,189000.0,1
M1462041,1462041,Dream House,Drama,2011.0,3.19,42,84,3.7612001156935624,0,Other,False,Jim Sheridan,United States,50000000.0,39984400.0,64000.0,1
M1462667,1462667,Autoreiji,Action,2010.0,3.53,15,107,2.772588722239781,0,English,False,,,,,,1
M1462758,1462758,Buried,Drama,2010.0,3.49,133,95,4.897839799950911,0,Other,False,Rodrigo Cortés,Spain,3000000.0,19439764.0,153000.0,1
M1462769,1462769,The Odd Life of Timothy Green,Comedy,2012.0,3.58,69,105,4.248495242049359,0,Other,False,Peter Hedges,United States,25000000.0,56012642.0,46000.0,1
M1462900,1462900,Yi dai zong shi,Action,2013.0,3.48,87,107,4.477336814478207,0,English,False,,,,,,1
M1462901,1462901,All Is Bright,Comedy,2013.0,2.34,16,100,2.833213344056216,0,English,False,,,,,,1
M1464174,1464174,"Big Mommas: Like Father, Like Son",Action,2011.0,3.3,10,107,2.3978952727983707,0,Other,False,John Whitesell,United States,32000000.0,82686066.0,26000.0,1
M1464540,1464540,I Am Number Four,Action,2011.0,3.42,65,111,4.189654742026425,0,Other,False,D.J. Caruso,United States,60000000.0,149878437.0,230000.0,1
M1464580,1464580,Stake Land,Drama,2010.0,3.31,37,98,3.6375861597263857,0,Other,False,Jim Mickle,United States,650000.0,405380.0,41000.0,1
M1464763,1464763,Mute,Thriller,2018.0,2.89,56,102,4.04305126783455,0,English,False,,,,,,1
M1465487,1465487,Heartbreaker,Comedy,2010.0,3.94,16,100,2.833213344056216,0,English,False,,,,,,1
M1465522,1465522,Tucker and Dale vs Evil,Comedy,2010.0,3.84,96,89,4.574710978503383,0,Other,False,Eli Craig,Canada,,5224938.0,169000.0,1
M1465533,1465533,Columbus Circle,Crime,2012.0,3.33,15,109,2.772588722239781,0,English,False,,,,,,1
M1468846,1468846,Get a Job,Comedy,2016.0,2.59,38,100,3.6635616461296463,0,English,False,,,,,,1
M1469304,1469304,Baywatch,Action,2017.0,2.89,320,116,5.771441123130016,0,Other,False,Seth Gordon,United Kingdom,69000000.0,177856751.0,170000.0,1
M1470023,1470023,MacGruber,Action,2010.0,2.93,15,90,2.772588722239781,0,Other,False,Jorma Taccone,United States,10000000.0,9322895.0,43000.0,1
M1470827,1470827,Monsters,Drama,2010.0,3.3,71,94,4.276666119016055,0,Other,False,Gareth Edwards,United Kingdom,500000.0,5060438.0,89000.0,1
M1472584,1472584,Max Steel,Action,2016.0,2.16,16,107,2.833213344056216,0,English,False,,,,,,1
M1473832,1473832,Bridget Jones's Baby,Comedy,2016.0,3.47,148,123,5.003946305945459,0,Other,False,Sharon Maguire,United States,35000000.0,211952420.0,71000.0,1
M1474276,1474276,Samâ uôzu,Animation,2009.0,3.84,19,91,2.995732273553991,0,English,False,,,,,,1
M1477076,1477076,Saw 7,Crime,2010.0,3.0,47,109,3.871201010907891,0,English,False,,,,,,1
M1477715,1477715,This Is It,Documentary,2009.0,4.0,23,102,3.1780538303479458,0,English,False,,,,,,1
M1477834,1477834,Aquaman,Action,2018.0,3.71,722,143,6.583409222158765,0,Other,False,James Wan,United States,160000000.0,1148485886.0,404000.0,1
M1477837,1477837,Cedar Rapids,Comedy,2011.0,3.08,24,100,3.2188758248682006,0,English,False,,,,,,1
M1477855,1477855,Hyde Park on Hudson,Biography,2012.0,2.97,30,117,3.4339872044851463,0,English,False,,,,,,1
M1478338,1478338,Bridesmaids,Comedy,2011.0,3.68,132,125,4.890349128221754,0,Other,False,Paul Feig,United States,32500000.0,288383523.0,276000.0,1
M1478839,1478839,The Art of Racing in the Rain,Comedy,2019.0,3.27,113,109,4.736198448394496,0,Other,False,Simon Curtis,United States,18000000.0,33766787.0,27000.0,1
M1478964,1478964,Attack the Block,Action,2011.0,3.45,56,88,4.04305126783455,0,Other,False,Joe Cornish,United Kingdom,13000000.0,6206022.0,102000.0,1
M1480295,1480295,Killing Season,Action,2013.0,2.8,178,107,5.187385805840755,0,English,False,,,,,,1
M1480656,1480656,Cosmopolis,Drama,2012.0,2.28,53,109,3.9889840465642745,0,Other,False,David Cronenberg,Canada,20500000.0,7029095.0,45000.0,1
M1481572,1481572,Happythankyoumoreplease,Comedy,2010.0,3.08,18,100,2.9444389791664403,0,English,False,,,,,,1
M1482459,1482459,The Lorax,Animation,2012.0,3.33,59,86,4.0943445622221,0,Other,False,Chris Renaud,United States,70000000.0,348840316.0,102000.0,1
M1483013,1483013,Oblivion,Action,2013.0,3.49,1545,124,7.343426229147367,0,Other,False,Joseph Kosinski,United States,120000000.0,286168572.0,495000.0,1
M1483324,1483324,At Middleton,Comedy,2013.0,3.16,28,100,3.367295829986474,0,English,False,,,,,,1
M1485749,1485749,Mr. Pip,Drama,2012.0,3.69,16,109,2.833213344056216,0,English,False,,,,,,1
M1485796,1485796,The Greatest Showman,Biography,2017.0,4.05,693,105,6.542471960506805,0,Other,False,Michael Gracey,United States,84000000.0,438006904.0,251000.0,1
M1486185,1486185,Red Riding Hood,Fantasy,2011.0,2.69,45,100,3.828641396489095,0,Other,False,Catherine Hardwicke,United States,42000000.0,90260376.0,109000.0,1
M1486192,1486192,The Raven,Crime,2012.0,3.18,99,110,4.605170185988092,0,Other,False,James McTeigue,United States,26000000.0,29699345.0,83000.0,1
M1486616,1486616,Craigslist Joe,Documentary,2012.0,3.78,16,102,2.833213344056216,0,English,False,,,,,,1
M1486834,1486834,The F Word,Comedy,2013.0,3.4,155,100,5.049856007249537,0,English,False,,,,,,1
M1487118,1487118,Chalet Girl,Comedy,2011.0,2.96,12,100,2.5649493574615367,0,English,False,,,,,,1
M1487931,1487931,Khumba,Animation,2013.0,2.5,15,91,2.772588722239781,0,English,False,,,,,,1
M1488555,1488555,The Change-Up,Comedy,2011.0,3.38,101,112,4.624972813284271,0,Other,False,David Dobkin,United States,52000000.0,75450437.0,172000.0,1
M1488606,1488606,Triple Frontier,Action,2019.0,3.29,285,107,5.655991810819852,0,English,False,,,,,,1
M1489887,1489887,Booksmart,Comedy,2019.0,3.47,119,102,4.787491742782046,0,Other,False,Olivia Wilde,United States,6000000.0,24959607.0,102000.0,1
M1489889,1489889,Central Intelligence,Action,2016.0,3.3,497,107,6.210600077024653,0,Other,False,Rawson Marshall Thurber,United States,50000000.0,216972543.0,166000.0,1
M1490017,1490017,The Lego Movie,Animation,2014.0,3.91,870,100,6.769641976852503,0,Other,False,Christopher Miller,United States,60000000.0,468060692.0,331000.0,1
M1490785,1490785,I Saw the Light,Biography,2015.0,2.82,17,123,2.8903717578961645,0,Other,False,Marc Abraham,United States,13000000.0,1767963.0,6700.0,1
M1491044,1491044,The Iceman,Biography,2012.0,3.49,297,106,5.697093486505405,0,Other,False,Ariel Vromen,United States,10000000.0,4552970.0,72000.0,1
M1496025,1496025,Underworld: Awakening,Action,2012.0,3.45,68,88,4.23410650459726,0,Other,False,Måns Mårlind,United States,70000000.0,160112671.0,148000.0,1
M1496422,1496422,The Paperboy,Crime,2012.0,2.98,110,107,4.709530201312334,0,Other,False,Lee Daniels,United States,12500000.0,3783865.0,37000.0,1
M1498569,1498569,Restless,Drama,2011.0,3.31,21,109,3.091042453358316,0,English,False,,,,,,1
M1499658,1499658,Horrible Bosses,Comedy,2011.0,3.57,243,98,5.497168225293202,0,Other,False,Seth Gordon,United States,35000000.0,209838559.0,428000.0,1
M1499666,1499666,Kimssi pyoryugi,Drama,2009.0,4.1,21,109,3.091042453358316,0,English,False,,,,,,1
M1502397,1502397,Bad Boys for Life,Action,2020.0,3.61,567,124,6.342121418721152,0,Other,False,Adil El Arbi,United States,90000000.0,426505244.0,140000.0,1
M1502404,1502404,Drive Angry,Action,2011.0,2.65,49,104,3.912023005428146,0,Other,False,Patrick Lussier,United States,50000000.0,40909909.0,96000.0,1
M1502407,1502407,Halloween,Horror,2018.0,3.44,254,109,5.541263545158426,0,Other,False,Rob Zombie,United States,15000000.0,80460948.0,111000.0,1
M1502712,1502712,Fantastic Four,Action,2015.0,2.32,341,106,5.834810737062605,0,Other,False,Tim Story,United States,100000000.0,333535934.0,316000.0,1
M1504320,1504320,The King's Speech,Biography,2010.0,4.2,384,118,5.953243334287785,0,Other,False,Tom Hooper,United Kingdom,15000000.0,427374317.0,651000.0,1
M1506999,1506999,Haywire,Action,2011.0,2.75,86,93,4.465908118654584,0,Other,False,Steven Soderbergh,Ireland,23000000.0,34513760.0,85000.0,1
M1507563,1507563,Dark Tide,Action,2012.0,2.45,21,107,3.091042453358316,0,English,False,,,,,,1
M1508675,1508675,Le Havre,Comedy,2011.0,3.5,29,100,3.4011973816621555,0,English,False,,,,,,1
M1509767,1509767,The Three Musketeers,Action,2011.0,2.78,41,105,3.7376696182833684,0,Other,False,Stephen Herek,Austria,30000000.0,53898845.0,52000.0,1
M1512235,1512235,Super,Action,2010.0,3.46,68,96,4.23410650459726,0,Other,False,James Gunn,United States,2500000.0,422618.0,76000.0,1
M1512685,1512685,Los ojos de Julia,Horror,2010.0,3.83,39,96,3.6888794541139363,0,English,False,,,,,,1
M1515091,1515091,Sherlock Holmes: A Game of Shadows,Action,2011.0,3.88,176,129,5.176149732573829,0,Other,False,Guy Ritchie,United States,125000000.0,543848418.0,429000.0,1
M1517260,1517260,The Host,Action,2013.0,3.02,302,120,5.713732805509369,0,Other,False,Bong Joon Ho,South Korea,,89433436.0,112000.0,1
M1517451,1517451,A Star Is Born,Drama,2018.0,3.76,673,136,6.513230110912307,0,Other,False,Bradley Cooper,United States,36000000.0,436188866.0,350000.0,1
M1518812,1518812,Meek's Cutoff,Drama,2010.0,3.17,12,104,2.5649493574615367,0,Other,False,Kelly Reichardt,United States,2000000.0,1205257.0,13000.0,1
M1519461,1519461,Area 51,Horror,2015.0,2.25,18,96,2.9444389791664403,0,English,False,,,,,,1
M1521197,1521197,Anonymous,Drama,2011.0,3.74,23,130,3.1780538303479458,0,Other,False,Roland Emmerich,United Kingdom,30000000.0,15395087.0,40000.0,1
M1523483,1523483,Kaboom,Comedy,2010.0,2.77,11,86,2.4849066497880004,0,Other,False,Gregg Araki,United States,,635162.0,13000.0,1
M1524137,1524137,Contraband,Action,2012.0,3.25,82,109,4.418840607796598,0,Other,False,Baltasar Kormákur,United States,25000000.0,96262212.0,119000.0,1
M1524575,1524575,The Vatican Tapes,Horror,2015.0,2.28,27,96,3.332204510175204,0,English,False,,,,,,1
M1524930,1524930,Vacation,Adventure,2015.0,3.09,295,99,5.69035945432406,0,Other,False,John Francis Daley,United States,31000000.0,107228221.0,103000.0,1
M1525366,1525366,Grabbers,Comedy,2012.0,3.53,31,100,3.4657359027997265,0,English,False,,,,,,1
M1525890,1525890,The Caller,Thriller,2011.0,3.0,13,102,2.6390573296152584,0,English,False,,,,,,1
M1527186,1527186,Melancholia,Drama,2011.0,3.47,134,135,4.90527477843843,0,Other,False,Lars von Trier,Denmark,7400000.0,17039814.0,172000.0,1
M1527788,1527788,Ajeossi,Action,2010.0,4.04,66,107,4.204692619390966,0,English,False,,,,,,1
M1528071,1528071,Horns,Crime,2013.0,3.37,154,120,5.043425116919247,0,Other,False,Alexandre Aja,United States,,3875442.0,80000.0,1
M1528100,1528100,Exodus: Gods and Kings,Action,2014.0,2.99,403,150,6.0014148779611505,0,Other,False,Ridley Scott,United Kingdom,140000000.0,268175631.0,162000.0,1
M1528734,1528734,Food Matters,Documentary,2008.0,3.84,16,102,2.833213344056216,0,English,False,,,,,,1
M1528854,1528854,Daddy's Home,Comedy,2015.0,3.18,318,96,5.765191102784844,0,Other,False,Sean Anders,United States,50000000.0,242786137.0,112000.0,1
M1529572,1529572,Trust,Crime,2010.0,3.47,45,107,3.828641396489095,0,Other,False,Hal Hartley,United Kingdom,700000.0,357400.0,9400.0,1
M1530983,1530983,Red Hill,Thriller,2010.0,3.19,13,102,2.6390573296152584,0,English,False,,,,,,1
M1531663,1531663,Everything Must Go,Comedy,2010.0,3.18,52,97,3.970291913552122,0,Other,False,Dan Rush,United States,5000000.0,2820490.0,49000.0,1
M1531901,1531901,Byzantium,Drama,2012.0,3.28,159,118,5.075173815233827,0,Other,False,Neil Jordan,United Kingdom,,828284.0,42000.0,1
M1531924,1531924,The Disappearance of Eleanor Rigby: Him,Drama,2013.0,3.44,17,109,2.8903717578961645,0,English,False,,,,,,1
M1532503,1532503,Beginners,Comedy,2010.0,3.93,81,105,4.406719247264253,0,Other,False,Mike Mills,United States,3200000.0,14311701.0,89000.0,1
M1532958,1532958,Battle of the Year: The Dream Team,Drama,2013.0,2.61,27,109,3.332204510175204,0,English,False,,,,,,1
M1534085,1534085,Beyond the Black Rainbow,Horror,2010.0,3.0,15,110,2.772588722239781,0,Other,False,Panos Cosmatos,Canada,,56491.0,14000.0,1
M1535108,1535108,Elysium,Action,2013.0,3.44,1404,109,7.247792581767846,0,Other,False,Neill Blomkamp,United States,115000000.0,286140700.0,426000.0,1
M1535109,1535109,Captain Phillips,Biography,2013.0,4.11,1924,134,7.562681246721884,0,Other,False,Paul Greengrass,United States,55000000.0,218791811.0,432000.0,1
M1535438,1535438,Hope Springs,Comedy,2012.0,3.18,69,100,4.248495242049359,0,Other,False,David Frankel,United States,30000000.0,114281051.0,42000.0,1
M1535612,1535612,The Son of No One,Action,2011.0,2.45,11,107,2.4849066497880004,0,English,False,,,,,,1
M1535616,1535616,The Divide,Drama,2011.0,2.68,30,112,3.4339872044851463,0,Other,False,Xavier Gens,United States,3000000.0,145676.0,36000.0,1
M1535970,1535970,The Ledge,Drama,2011.0,3.47,33,109,3.5263605246161616,0,English,False,,,,,,1
M1536044,1536044,Paranormal Activity 2,Horror,2010.0,2.98,27,91,3.332204510175204,0,Other,False,Tod Williams,United States,3000000.0,177512032.0,100000.0,1
M1536048,1536048,W.E.,Drama,2011.0,3.09,11,119,2.4849066497880004,0,Other,False,Madonna,United Kingdom,15000000.0,2042203.0,12000.0,1
M1536410,1536410,Faces in the Crowd,Crime,2011.0,3.21,17,109,2.8903717578961645,0,English,False,,,,,,1
M1536537,1536537,What Happened to Monday,Action,2017.0,3.57,343,107,5.840641657373398,0,English,False,,,,,,1
M1538403,1538403,The Mortal Instruments: City of Bones,Action,2013.0,3.19,288,130,5.666426688112432,0,Other,False,Harald Zwart,United States,60000000.0,95396573.0,129000.0,1
M1540011,1540011,Blair Witch,Horror,2016.0,2.54,117,89,4.770684624465665,0,Other,False,Adam Wingard,Canada,5000000.0,45173154.0,43000.0,1
M1540128,1540128,Playing for Keeps,Comedy,2012.0,2.83,74,102,4.31748811353631,0,Other,False,Bob Weinstein,United States,,2669366.0,616.0,1
M1540133,1540133,The Guard,Comedy,2011.0,3.9,77,96,4.356708826689592,0,Other,False,John Michael McDonagh,Ireland,6000000.0,19561904.0,83000.0,1
M1540741,1540741,A Single Shot,Crime,2013.0,2.69,27,109,3.332204510175204,0,English,False,,,,,,1
M1540767,1540767,Apartment 1303 3D,Horror,2012.0,1.58,19,96,2.995732273553991,0,English,False,,,,,,1
M1541160,1541160,Flypaper,Comedy,2011.0,3.28,38,100,3.6635616461296463,0,English,False,,,,,,1
M1541874,1541874,Love,Drama,2011.0,2.91,11,109,2.4849066497880004,0,English,False,,,,,,1
M1542344,1542344,127 Hours,Adventure,2010.0,3.85,257,94,5.552959584921617,0,Other,False,Danny Boyle,United States,18000000.0,60738797.0,356000.0,1
M1542768,1542768,True Memoirs of an International Assassin,Action,2016.0,3.16,49,107,3.912023005428146,0,English,False,,,,,,1
M1544608,1544608,Voice from the Stone,Drama,2017.0,2.8,33,109,3.5263605246161616,0,English,False,,,,,,1
M1545106,1545106,Vamps,Comedy,2012.0,2.7,10,92,2.3978952727983707,0,Other,False,Amy Heckerling,United States,16000000.0,92748.0,9700.0,1
M1545304,1545304,Desperados,Comedy,2020.0,2.79,12,100,2.5649493574615367,0,English,False,,,,,,1
M1545660,1545660,Knights of Badassdom,Action,2013.0,2.55,32,86,3.4965075614664802,0,Other,False,Joe Lynch,United States,,123854.0,20000.0,1
M1545754,1545754,Are You Here,Comedy,2013.0,2.65,43,100,3.784189633918261,0,English,False,,,,,,1
M1545759,1545759,À bout portant,Action,2010.0,3.81,21,107,3.091042453358316,0,English,False,,,,,,1
M1547234,1547234,Premium Rush,Action,2012.0,3.28,187,91,5.236441962829949,0,Other,False,David Koepp,United States,35000000.0,31083599.0,111000.0,1
M1549572,1549572,Another Earth,Drama,2011.0,3.63,111,92,4.718498871295094,0,Other,False,Mike Cahill,United States,100000.0,1938783.0,93000.0,1
M1549589,1549589,Elles,Drama,2011.0,2.85,17,99,2.8903717578961645,0,Other,False,Malgorzata Szumowska,France,,3822241.0,6700.0,1
M1549920,1549920,The Last Stand,Action,2013.0,3.24,347,107,5.8522024797744745,0,Other,False,Jee-woon Kim,United States,45000000.0,48330757.0,135000.0,1
M1550312,1550312,Café de Flore,Drama,2011.0,3.84,34,109,3.5553480614894135,0,English,False,,,,,,1
M1551630,1551630,Pawn,Action,2013.0,2.85,20,107,3.044522437723423,0,English,False,,,,,,1
M1552211,1552211,The Last Days of American Crime,Action,2020.0,1.67,18,107,2.9444389791664403,0,English,False,,,,,,1
M1552224,1552224,Outcast,Action,2014.0,2.4,15,107,2.772588722239781,0,English,False,,,,,,1
M1554091,1554091,A Better Life,Drama,2011.0,3.61,22,109,3.1354942159291497,0,English,False,,,,,,1
M1555064,1555064,Country Strong,Drama,2010.0,3.43,14,117,2.70805020110221,0,Other,False,Shana Feste,United States,15000000.0,20529194.0,18000.0,1
M1555093,1555093,The Seasoning House,Drama,2012.0,2.97,29,109,3.4011973816621555,0,English,False,,,,,,1
M1555149,1555149,Tropa de Elite 2: O Inimigo Agora é Outro,Action,2010.0,4.0,37,107,3.6375861597263857,0,English,False,,,,,,1
M1556243,1556243,Hypnotisören,Crime,2012.0,2.83,18,109,2.9444389791664403,0,English,False,,,,,,1
M1558877,1558877,Vavien,Comedy,2009.0,3.85,10,100,2.3978952727983707,0,English,False,,,,,,1
M1559036,1559036,The Motel Life,Animation,2012.0,3.31,16,91,2.833213344056216,0,English,False,,,,,,1
M1559547,1559547,Beautiful Creatures,Drama,2013.0,3.02,204,86,5.3230099791384085,0,Other,False,Bill Eagles,United Kingdom,,313768.0,3600.0,1
M1559549,1559549,Restrepo,Documentary,2010.0,3.92,13,102,2.6390573296152584,0,English,False,,,,,,1
M1560139,1560139,Boy,Comedy,2010.0,3.67,23,87,3.1780538303479458,0,Other,False,Taika Waititi,New Zealand,,43551154.0,23000.0,1
M1560220,1560220,Zombieland: Double Tap,Action,2019.0,3.55,274,99,5.616771097666572,0,Other,False,Ruben Fleischer,United States,42000000.0,122810399.0,151000.0,1
M1560747,1560747,The Master,Drama,2012.0,3.53,362,138,5.8944028342648505,0,Other,False,Paul Thomas Anderson,United States,32000000.0,28258060.0,160000.0,1
M1560970,1560970,Neds,Drama,2010.0,3.5,11,109,2.4849066497880004,0,English,False,,,,,,1
M1560985,1560985,The Devil Inside,Horror,2012.0,2.26,19,83,2.995732273553991,0,Other,False,William Brent Bell,United States,1000000.0,101758490.0,35000.0,1
M1562872,1562872,Zindagi Na Milegi Dobara,Comedy,2011.0,4.15,23,155,3.1780538303479458,0,Other,False,Zoya Akhtar,India,,5192743.0,71000.0,1
M1563738,1563738,One Day,Drama,2011.0,3.74,154,107,5.043425116919247,0,Other,False,Lone Scherfig,United States,15000000.0,59389433.0,143000.0,1
M1563742,1563742,Overboard,Comedy,2018.0,3.11,37,112,3.6375861597263857,0,Other,False,Garry Marshall,United States,22000000.0,26713187.0,55000.0,1
M1564349,1564349,Dolphin Tale,Drama,2011.0,3.95,20,113,3.044522437723423,0,Other,False,Charles Martin Smith,Canada,37000000.0,95943453.0,23000.0,1
M1564367,1564367,Just Go with It,Comedy,2011.0,3.32,99,117,4.605170185988092,0,Other,False,Dennis Dugan,United States,80000000.0,214945591.0,227000.0,1
M1564585,1564585,Skyline,Action,2010.0,2.41,33,92,3.5263605246161616,0,Other,False,Colin Strause,United States,10000000.0,66984887.0,88000.0,1
M1564777,1564777,Fallen,Adventure,2016.0,2.88,12,124,2.5649493574615367,0,Other,False,Gregory Hoblit,United States,,25232289.0,78000.0,1
M1565958,1565958,Les émotifs anonymes,Comedy,2010.0,3.68,14,100,2.70805020110221,0,English,False,,,,,,1
M1567233,1567233,Forks Over Knives,Documentary,2011.0,3.89,23,102,3.1780538303479458,0,English,False,,,,,,1
M1567437,1567437,The Voices,Comedy,2014.0,3.24,100,100,4.61512051684126,0,English,False,,,,,,1
M1567609,1567609,Get the Gringo,Action,2012.0,3.4,136,107,4.919980925828125,0,English,False,,,,,,1
M1568150,1568150,Joan Rivers: A Piece of Work,Documentary,2010.0,3.77,13,102,2.6390573296152584,0,English,False,,,,,,1
M1568338,1568338,Man on a Ledge,Action,2012.0,3.39,174,102,5.1647859739235145,0,Other,False,Asger Leth,United States,42000000.0,47636031.0,147000.0,1
M1568343,1568343,The Humbling,Comedy,2014.0,3.1,26,100,3.295836866004329,0,English,False,,,,,,1
M1568346,1568346,The Girl with the Dragon Tattoo,Crime,2011.0,4.0,278,152,5.631211781821365,0,Other,False,Niels Arden Oplev,Sweden,13000000.0,104414200.0,211000.0,1
M1568911,1568911,War Horse,Drama,2011.0,3.78,100,146,4.61512051684126,0,Other,False,Steven Spielberg,United States,66000000.0,177584879.0,150000.0,1
M1568921,1568921,Kari-gurashi no Arietti,Animation,2010.0,3.87,100,91,4.61512051684126,0,English,False,,,,,,1
M1570728,1570728,"Crazy, Stupid, Love.",Comedy,2011.0,3.74,323,118,5.780743515792329,0,Other,False,Glenn Ficarra,United States,50000000.0,145051197.0,487000.0,1
M1570989,1570989,Tiny Furniture,Comedy,2010.0,3.11,28,100,3.367295829986474,0,English,False,,,,,,1
M1571222,1571222,A Dangerous Method,Biography,2011.0,3.35,83,99,4.430816798843313,0,Other,False,David Cronenberg,United Kingdom,,30519436.0,100000.0,1
M1571234,1571234,Mortal Engines,Action,2018.0,3.02,108,128,4.6913478822291435,0,Other,False,Christian Rivers,United States,100000000.0,83869818.0,115000.0,1
M1571249,1571249,The Skeleton Twins,Comedy,2014.0,3.57,118,100,4.77912349311153,0,English,False,,,,,,1
M1572306,1572306,Don't Blink,Horror,2014.0,2.38,13,96,2.6390573296152584,0,English,False,,,,,,1
M1572315,1572315,Texas Chainsaw 3D,Horror,2013.0,2.61,128,96,4.859812404361672,0,English,False,,,,,,1
M1572491,1572491,Balada triste de trompeta,Comedy,2010.0,3.55,11,100,2.4849066497880004,0,English,False,,,,,,1
M1577052,1577052,Goats,Comedy,2012.0,3.18,11,100,2.4849066497880004,0,English,False,,,,,,1
M1578275,1578275,The Dilemma,Comedy,2011.0,2.71,17,111,2.8903717578961645,0,Other,False,Ron Howard,United States,70000000.0,69721966.0,53000.0,1
M1579361,1579361,Chasing Ice,Documentary,2012.0,4.12,40,102,3.713572066704308,0,English,False,,,,,,1
M1581835,1581835,Daydream Nation,Drama,2010.0,3.29,14,109,2.70805020110221,0,English,False,,,,,,1
M1582248,1582248,Puncture,Biography,2011.0,3.53,31,117,3.4657359027997265,0,English,False,,,,,,1
M1582271,1582271,The Good Doctor,Drama,2011.0,3.12,17,109,2.8903717578961645,0,English,False,,,,,,1
M1582507,1582507,House at the End of the Street,Drama,2012.0,2.94,144,101,4.976733742420574,0,Other,False,Mark Tonderai,United States,10000000.0,44287131.0,74000.0,1
M1583420,1583420,Larry Crowne,Comedy,2011.0,3.09,51,98,3.9512437185814275,0,Other,False,Tom Hanks,United States,30000000.0,75055070.0,65000.0,1
M1583421,1583421,G.I. Joe: Retaliation,Action,2013.0,3.03,597,110,6.393590753950631,0,Other,False,Jon M. Chu,United States,130000000.0,375740705.0,176000.0,1
M1584016,1584016,Catfish,Documentary,2010.0,3.67,52,102,3.970291913552122,0,English,False,,,,,,1
M1586265,1586265,What to Expect When You&x27;re Expecting,Comedy,2012.0,2.9,70,100,4.2626798770413155,0,English,False,,,,,,1
M1586752,1586752,Machine Gun Preacher,Action,2011.0,3.58,60,129,4.110873864173311,0,Other,False,Marc Forster,United States,30000000.0,3338690.0,64000.0,1
M1587310,1587310,Maleficent,Action,2014.0,3.63,902,97,6.805722553416985,0,Other,False,Robert Stromberg,United States,180000000.0,758411779.0,353000.0,1
M1587707,1587707,Exit Through the Gift Shop,Documentary,2010.0,3.92,46,102,3.8501476017100584,0,English,False,,,,,,1
M1588170,1588170,Ang-ma-reul bo-at-da,Action,2010.0,3.99,125,107,4.836281906951478,0,English,False,,,,,,1
M1588173,1588173,Warm Bodies,Comedy,2013.0,3.5,538,98,6.289715570908998,0,Other,False,Jonathan Levine,United States,35000000.0,116980662.0,223000.0,1
M1588334,1588334,"Jeff, Who Lives at Home",Comedy,2011.0,3.45,74,100,4.31748811353631,0,English,False,,,,,,1
M1588337,1588337,Des hommes et des dieux,Drama,2010.0,3.86,11,109,2.4849066497880004,0,English,False,,,,,,1
M1588398,1588398,Sleeping Beauty,Drama,2011.0,2.77,15,101,2.772588722239781,0,Other,False,Julia Leigh,Australia,,408680.0,32000.0,1
M1588878,1588878,The Late Bloomer,Comedy,2016.0,2.65,13,100,2.6390573296152584,0,English,False,,,,,,1
M1588895,1588895,Loong Boonmee raleuk chat,Drama,2010.0,3.36,14,109,2.70805020110221,0,English,False,,,,,,1
M1590089,1590089,Kokuhaku,Drama,2010.0,4.14,40,109,3.713572066704308,0,English,False,,,,,,1
M1590193,1590193,The Commuter,Action,2018.0,3.31,318,104,5.765191102784844,0,Other,False,Jaume Collet-Serra,United States,30000000.0,119942387.0,107000.0,1
M1590950,1590950,Age of Heroes,Action,2011.0,2.85,10,107,2.3978952727983707,0,English,False,,,,,,1
M1591095,1591095,Insidious,Horror,2010.0,3.43,253,103,5.537334267018537,0,Other,False,James Wan,United States,1500000.0,99557032.0,287000.0,1
M1591479,1591479,Act of Valor,Action,2012.0,3.36,53,110,3.9889840465642745,0,Other,False,Mike McCoy,United States,12000000.0,82499399.0,67000.0,1
M1592281,1592281,Take This Waltz,Comedy,2011.0,3.25,59,116,4.0943445622221,0,Other,False,Sarah Polley,Canada,,4965950.0,28000.0,1
M1592525,1592525,Lockout,Action,2012.0,2.93,83,95,4.430816798843313,0,Other,False,James Mather,France,20000000.0,32948113.0,96000.0,1
M1592873,1592873,LOL,Comedy,2012.0,2.41,29,97,3.4011973816621555,0,Other,False,Lisa Azuelos,United States,11000000.0,10578643.0,54000.0,1
M1594562,1594562,The Innkeepers,Drama,2011.0,2.5,26,109,3.295836866004329,0,English,False,,,,,,1
M1594972,1594972,Norm of the North,Animation,2016.0,1.85,10,91,2.3978952727983707,0,English,False,,,,,,1
M1595656,1595656,To the Wonder,Drama,2012.0,2.96,100,112,4.61512051684126,0,Other,False,Terrence Malick,United States,,2801166.0,28000.0,1
M1596343,1596343,Fast Five,Action,2011.0,3.81,142,130,4.962844630259907,0,Other,False,Justin Lin,United States,125000000.0,626137675.0,362000.0,1
M1596345,1596345,Pawn Sacrifice,Biography,2014.0,3.73,161,115,5.087596335232384,0,Other,False,Edward Zwick,United States,19000000.0,5578519.0,42000.0,1
M1596346,1596346,Soul Surfer,Biography,2011.0,3.99,37,112,3.6375861597263857,0,Other,False,Sean McNamara,United States,18000000.0,47120948.0,47000.0,1
M1596350,1596350,This Means War,Action,2012.0,3.29,126,103,4.844187086458591,0,Other,False,McG,United States,65000000.0,156491279.0,179000.0,1
M1596363,1596363,The Big Short,Biography,2015.0,3.9,963,130,6.871091294610546,0,Other,False,Adam McKay,United States,28000000.0,133440870.0,381000.0,1
M1596365,1596365,The Woman in Black,Drama,2012.0,3.19,136,95,4.919980925828125,0,Other,False,James Watkins,United Kingdom,17000000.0,128955898.0,177000.0,1
M1596753,1596753,Salinger,Documentary,2013.0,3.59,16,102,2.833213344056216,0,English,False,,,,,,1
M1597522,1597522,Astérix et Obélix: Au service de Sa Majesté,Adventure,2012.0,2.67,15,105,2.772588722239781,0,English,False,,,,,,1
M1598642,1598642,Z for Zachariah,Drama,2015.0,3.01,64,98,4.174387269895637,0,Other,False,Craig Zobel,Iceland,7500000.0,381839.0,29000.0,1
M1598778,1598778,Contagion,Action,2011.0,3.36,245,106,5.5053315359323625,0,Other,False,Steven Soderbergh,United Arab Emirates,60000000.0,136515867.0,290000.0,1
M1598822,1598822,New Year's Eve,Comedy,2011.0,3.18,45,118,3.828641396489095,0,Other,False,Garry Marshall,United States,56000000.0,142044638.0,83000.0,1
M1598828,1598828,One for the Money,Action,2012.0,3.07,28,107,3.367295829986474,0,Other,False,Julie Anne Robinson,United States,40000000.0,38084162.0,41000.0,1
M1598873,1598873,Cleanskin,Action,2012.0,3.09,23,107,3.1780538303479458,0,English,False,,,,,,1
M1599348,1599348,Safe House,Action,2012.0,3.44,157,115,5.062595033026967,0,Other,False,Daniel Espinosa,South Africa,85000000.0,208076205.0,211000.0,1
M1600195,1600195,Abduction,Action,2011.0,2.78,48,106,3.8918202981106265,0,Other,False,John Singleton,United States,35000000.0,82087155.0,78000.0,1
M1600196,1600196,The Drop,Crime,2014.0,3.5,442,106,6.093569770045136,0,Other,False,Michaël R. Roskam,United States,12600000.0,18658381.0,146000.0,1
M1600524,1600524,Les amours imaginaires,Drama,2010.0,3.52,33,109,3.5263605246161616,0,English,False,,,,,,1
M1601913,1601913,The Grey,Action,2011.0,3.42,192,117,5.262690188904886,0,Other,False,Joe Carnahan,United States,25000000.0,79781695.0,244000.0,1
M1602098,1602098,Albert Nobbs,Drama,2011.0,3.21,28,109,3.367295829986474,0,English,False,,,,,,1
M1602472,1602472,2 Days in New York,Comedy,2012.0,2.67,24,100,3.2188758248682006,0,English,False,,,,,,1
M1602613,1602613,Only God Forgives,Crime,2013.0,2.89,418,90,6.037870919922137,0,Other,False,Nicolas Winding Refn,Denmark,4800000.0,10639616.0,109000.0,1
M1602620,1602620,Amour,Drama,2012.0,3.91,189,127,5.247024072160486,0,Other,False,Michael Haneke,Austria,8900000.0,29664140.0,95000.0,1
M1603257,1603257,ATM,Horror,2012.0,2.72,40,96,3.713572066704308,0,English,False,,,,,,1
M1605630,1605630,American Reunion,Comedy,2012.0,3.35,71,113,4.276666119016055,0,Other,False,Jon Hurwitz,United States,50000000.0,234989584.0,206000.0,1
M1605717,1605717,Frank,Comedy,2014.0,3.46,228,95,5.43372200355424,0,Other,False,Lenny Abrahamson,United Kingdom,,1897363.0,76000.0,1
M1605777,1605777,La femme du Vème,Drama,2011.0,2.25,12,109,2.5649493574615367,0,English,False,,,,,,1
M1605783,1605783,Midnight in Paris,Comedy,2011.0,3.93,367,94,5.908082938168931,0,Other,False,Woody Allen,Spain,17000000.0,151653750.0,398000.0,1
M1606339,1606339,Sushi Girl,Crime,2012.0,3.5,10,109,2.3978952727983707,0,English,False,,,,,,1
M1606378,1606378,A Good Day to Die Hard,Action,2013.0,2.66,426,98,6.056784013228625,0,Other,False,John Moore,United States,92000000.0,304654182.0,201000.0,1
M1606384,1606384,Mai wei,Action,2011.0,4.35,20,107,3.044522437723423,0,English,False,,,,,,1
M1606389,1606389,The Vow,Drama,2012.0,3.58,164,104,5.10594547390058,0,Other,False,Michael Sucsy,United States,30000000.0,196114570.0,187000.0,1
M1606392,1606392,Win Win,Comedy,2011.0,3.51,39,106,3.6888794541139363,0,Other,False,Tom McCarthy,United States,,11789613.0,53000.0,1
M1608290,1608290,Zoolander 2,Comedy,2016.0,2.33,164,101,5.10594547390058,0,Other,False,Ben Stiller,United States,50000000.0,56722693.0,66000.0,1
M1609479,1609479,Better Living Through Chemistry,Comedy,2014.0,3.33,35,100,3.58351893845611,0,English,False,,,,,,1
M1610996,1610996,Absentia,Drama,2011.0,3.0,13,109,2.6390573296152584,0,English,False,,,,,,1
M1611224,1611224,Abraham Lincoln: Vampire Hunter,Action,2012.0,3.04,129,105,4.867534450455582,0,Other,False,Timur Bekmambetov,United States,69000000.0,116471580.0,151000.0,1
M1612774,1612774,Rubber,Comedy,2010.0,3.09,27,82,3.332204510175204,0,Other,False,Quentin Dupieux,France,500000.0,101729.0,35000.0,1
M1613062,1613062,The Music Never Stopped,Drama,2011.0,4.0,12,109,2.5649493574615367,0,English,False,,,,,,1
M1613092,1613092,Happy,Documentary,2011.0,3.82,14,102,2.70805020110221,0,English,False,,,,,,1
M1613750,1613750,Kon-Tiki,Adventure,2012.0,3.74,133,118,4.897839799950911,0,Other,False,Joachim Rønning,United Kingdom,16600000.0,22842887.0,47000.0,1
M1614989,1614989,Hodejegerne,Action,2011.0,3.86,129,107,4.867534450455582,0,English,False,,,,,,1
M1615065,1615065,Savages,Crime,2012.0,3.27,192,131,5.262690188904886,0,Other,False,Oliver Stone,United States,45000000.0,82966152.0,126000.0,1
M1615147,1615147,Margin Call,Drama,2011.0,3.59,174,107,5.1647859739235145,0,Other,False,J.C. Chandor,United States,3500000.0,19504039.0,121000.0,1
M1615160,1615160,The Foreigner,Action,2017.0,3.55,311,113,5.7430031878094825,0,Other,False,Martin Campbell,United Kingdom,35000000.0,145418070.0,106000.0,1
M1616195,1616195,J. Edgar,Biography,2011.0,3.31,103,137,4.6443908991413725,0,Other,False,Clint Eastwood,United States,35000000.0,84920539.0,124000.0,1
M1617661,1617661,Jupiter Ascending,Action,2015.0,2.8,377,127,5.934894195619588,0,Other,False,Lana Wachowski,United States,176000000.0,183887723.0,182000.0,1
M1618434,1618434,Murder Mystery,Action,2019.0,3.09,255,107,5.545177444479562,0,English,False,,,,,,1
M1618442,1618442,The Last Witch Hunter,Action,2015.0,3.1,221,106,5.402677381872279,0,Other,False,Breck Eisner,United States,90000000.0,146936910.0,98000.0,1
M1618448,1618448,Racing Extinction,Documentary,2015.0,4.2,10,102,2.3978952727983707,0,English,False,,,,,,1
M1619029,1619029,Jackie,Biography,2016.0,3.53,289,100,5.66988092298052,0,Other,False,Pablo Larraín,United States,9000000.0,29777777.0,75000.0,1
M1620604,1620604,Somos lo que hay,Drama,2010.0,3.45,10,109,2.3978952727983707,0,English,False,,,,,,1
M1620680,1620680,A Wrinkle in Time,Adventure,2018.0,2.61,69,109,4.248495242049359,0,Other,False,Ava DuVernay,United States,100000000.0,132675864.0,42000.0,1
M1620935,1620935,Bleed for This,Biography,2016.0,3.47,65,117,4.189654742026425,0,Other,False,Ben Younger,United States,6000000.0,6698679.0,26000.0,1
M1620981,1620981,The Addams Family,Animation,2019.0,3.12,47,99,3.871201010907891,0,Other,False,Barry Sonnenfeld,United States,30000000.0,191502426.0,140000.0,1
M1621039,1621039,Free Birds,Animation,2013.0,2.97,38,91,3.6635616461296463,0,English,False,,,,,,1
M1621045,1621045,Think Like a Man,Comedy,2012.0,3.3,62,122,4.143134726391533,0,Other,False,Tim Story,United States,12000000.0,96070507.0,45000.0,1
M1621046,1621046,Cesar Chavez,Biography,2014.0,3.82,11,117,2.4849066497880004,0,English,False,,,,,,1
M1621444,1621444,Bill Cunningham New York,Documentary,2010.0,4.0,13,102,2.6390573296152584,0,English,False,,,,,,1
M1622547,1622547,30 Minutes or Less,Action,2011.0,2.94,70,83,4.2626798770413155,0,Other,False,Ruben Fleischer,United States,28000000.0,40662632.0,96000.0,1
M1622979,1622979,Final Destination 5,Horror,2011.0,3.27,32,92,3.4965075614664802,0,Other,False,Steven Quale,United States,40000000.0,157887643.0,109000.0,1
M1623205,1623205,Oz the Great and Powerful,Adventure,2013.0,3.36,788,130,6.670766320845874,0,Other,False,Sam Raimi,United States,215000000.0,493311825.0,201000.0,1
M1623288,1623288,ParaNorman,Animation,2012.0,3.56,93,92,4.543294782270004,0,Other,False,Chris Butler,United States,60000000.0,107139399.0,96000.0,1
M1625346,1625346,Young Adult,Comedy,2011.0,3.14,80,94,4.394449154672439,0,Other,False,Jason Reitman,United States,12000000.0,22939027.0,82000.0,1
M1626146,1626146,Hector and the Search for Happiness,Adventure,2014.0,3.51,107,114,4.68213122712422,0,Other,False,Peter Chelsom,Germany,,6337728.0,46000.0,1
M1626175,1626175,One Night in Turin,Documentary,2010.0,3.8,10,102,2.3978952727983707,0,English,False,,,,,,1
M1628841,1628841,Independence Day: Resurgence,Action,2016.0,2.64,415,120,6.030685260261263,0,Other,False,Roland Emmerich,United States,165000000.0,389681935.0,171000.0,1
M1629242,1629242,Careful What You Wish For,Drama,2014.0,2.95,11,109,2.4849066497880004,0,English,False,,,,,,1
M1629757,1629757,Chasing Mavericks,Biography,2012.0,3.68,92,116,4.532599493153256,0,Other,False,Michael Apted,United States,20000000.0,7942116.0,31000.0,1
M1630036,1630036,Courageous,Drama,2011.0,3.8,10,129,2.3978952727983707,0,Other,False,Alex Kendrick,United States,2000000.0,35185884.0,20000.0,1
M1631707,1631707,Enter Nowhere,Thriller,2011.0,3.32,11,102,2.4849066497880004,0,English,False,,,,,,1
M1631867,1631867,Edge of Tomorrow,Action,2014.0,3.93,1441,113,7.273786317844895,0,Other,False,Doug Liman,United States,178000000.0,370541256.0,620000.0,1
M1632547,1632547,Tsumetai nettaigyo,Comedy,2010.0,3.91,16,100,2.833213344056216,0,English,False,,,,,,1
M1632708,1632708,Friends with Benefits,Comedy,2011.0,3.47,146,109,4.990432586778736,0,Other,False,Will Gluck,United States,35000000.0,149542245.0,348000.0,1
M1633356,1633356,Shark Night 3D,Horror,2011.0,1.86,11,96,2.4849066497880004,0,English,False,,,,,,1
M1634003,1634003,Metegol,Animation,2013.0,3.6,24,91,3.2188758248682006,0,English,False,,,,,,1
M1634106,1634106,Bloodshot,Action,2020.0,2.98,73,107,4.30406509320417,0,English,False,,,,,,1
M1634121,1634121,Intruders,Fantasy,2011.0,2.93,15,96,2.772588722239781,0,English,False,,,,,,1
M1634122,1634122,Johnny English Reborn,Action,2011.0,3.06,43,101,3.784189633918261,0,Other,False,Oliver Parker,United Kingdom,45000000.0,160078586.0,123000.0,1
M1634136,1634136,Violet & Daisy,Action,2011.0,3.06,26,107,3.295836866004329,0,English,False,,,,,,1
M1636826,1636826,Project X,Comedy,2012.0,3.33,142,108,4.962844630259907,0,Other,False,Jonathan Kaplan,United States,18000000.0,21589395.0,10000.0,1
M1637688,1637688,In Time,Action,2011.0,3.51,229,109,5.438079308923196,0,Other,False,Andrew Niccol,United States,40000000.0,173930596.0,379000.0,1
M1637706,1637706,Our Idiot Brother,Comedy,2011.0,3.19,67,90,4.219507705176107,0,Other,False,Jesse Peretz,United States,5000000.0,25804448.0,85000.0,1
M1637725,1637725,Ted,Comedy,2012.0,3.45,340,106,5.831882477283517,0,Other,False,Seth MacFarlane,United States,50000000.0,549368315.0,580000.0,1
M1638002,1638002,"Love, Rosie",Comedy,2014.0,3.65,255,102,5.545177444479562,0,Other,False,Christian Ditter,Germany,,25574387.0,127000.0,1
M1638353,1638353,"Syngué sabour, pierre de patience",Drama,2012.0,3.66,19,109,2.995732273553991,0,English,False,,,,,,1
M1638355,1638355,The Man from U.N.C.L.E.,Action,2015.0,3.68,734,116,6.5998704992128365,0,Other,False,Guy Ritchie,United States,75000000.0,107045109.0,286000.0,1
M1638364,1638364,The Armstrong Lie,Documentary,2013.0,3.62,46,102,3.8501476017100584,0,English,False,,,,,,1
M1639084,1639084,Tallulah,Comedy,2016.0,3.64,87,100,4.477336814478207,0,English,False,,,,,,1
M1639426,1639426,Udaan,Drama,2010.0,4.14,11,134,2.4849066497880004,0,Other,False,Vikramaditya Motwane,India,,434862.0,43000.0,1
M1639826,1639826,Justin and the Knights of Valour,Animation,2013.0,2.92,19,91,2.995732273553991,0,English,False,,,,,,1
M1640459,1640459,Hobo with a Shotgun,Action,2011.0,3.03,35,86,3.58351893845611,0,Other,False,Jason Eisener,Canada,3000000.0,748453.0,45000.0,1
M1640548,1640548,Rampart,Crime,2011.0,3.04,23,109,3.1780538303479458,0,English,False,,,,,,1
M1640711,1640711,A Few Best Men,Comedy,2011.0,2.86,14,100,2.70805020110221,0,English,False,,,,,,1
M1640718,1640718,Kahlil Gibran's The Prophet,Animation,2014.0,3.54,12,91,2.5649493574615367,0,English,False,,,,,,1
M1641841,1641841,Skin Trade,Action,2014.0,2.82,14,107,2.70805020110221,0,English,False,,,,,,1
M1645080,1645080,The Art of Getting By,Drama,2011.0,3.32,39,83,3.6888794541139363,0,Other,False,Gavin Wiesen,United States,,1892130.0,57000.0,1
M1645089,1645089,Inside Job,Documentary,2010.0,4.21,57,102,4.060443010546419,0,English,False,,,,,,1
M1645131,1645131,Romeo and Juliet,Drama,2013.0,3.21,24,118,3.2188758248682006,0,Other,False,Carlo Carlei,United Kingdom,,2966268.0,11000.0,1
M1645155,1645155,The Expatriate,Action,2012.0,3.15,92,107,4.532599493153256,0,English,False,,,,,,1
M1645170,1645170,The Dictator,Comedy,2012.0,3.37,204,83,5.3230099791384085,0,Other,False,Larry Charles,United States,65000000.0,179379533.0,286000.0,1
M1646959,1646959,Kim Bok-nam salinsageonui jeonmal,Drama,2010.0,3.74,19,109,2.995732273553991,0,English,False,,,,,,1
M1646971,1646971,How to Train Your Dragon 2,Animation,2014.0,4.05,480,102,6.175867270105761,0,Other,False,Dean DeBlois,United States,145000000.0,621537519.0,313000.0,1
M1646980,1646980,The Double,Action,2011.0,2.91,40,93,3.713572066704308,0,Other,False,Richard Ayoade,United Kingdom,,1662515.0,48000.0,1
M1646987,1646987,Wrath of the Titans,Action,2012.0,2.94,90,99,4.51085950651685,0,Other,False,Jonathan Liebesman,United States,150000000.0,301970083.0,184000.0,1
M1647668,1647668,Million Dollar Arm,Biography,2014.0,3.72,160,124,5.081404364984463,0,Other,False,Craig Gillespie,United States,25000000.0,38483455.0,44000.0,1
M1648179,1648179,Here Comes the Boom,Action,2012.0,3.36,150,105,5.017279836814924,0,Other,False,Frank Coraci,United States,42000000.0,73100172.0,87000.0,1
M1648186,1648186,Fisherman's Friends,Comedy,2019.0,3.41,11,100,2.4849066497880004,0,English,False,,,,,,1
M1648190,1648190,The Dark Tower,Action,2017.0,2.84,279,95,5.634789603169249,0,Other,False,Nikolaj Arcel,United States,60000000.0,113231078.0,131000.0,1
M1648216,1648216,Tres metros sobre el cielo,Action,2010.0,3.36,25,107,3.258096538021482,0,English,False,,,,,,1
M1649419,1649419,Lo imposible,Drama,2012.0,3.94,492,109,6.20050917404269,0,English,False,,,,,,1
M1649443,1649443,[REC] 4: Apocalipsis,Horror,2014.0,2.59,33,96,3.5263605246161616,0,English,False,,,,,,1
M1649444,1649444,[REC]³ Génesis,Horror,2012.0,2.41,35,96,3.58351893845611,0,English,False,,,,,,1
M1649780,1649780,"Peace, Love, & Misunderstanding",Comedy,2011.0,3.23,13,100,2.6390573296152584,0,English,False,,,,,,1
M1650043,1650043,Diary of a Wimpy Kid: Rodrick Rules,Comedy,2011.0,3.62,12,99,2.5649493574615367,0,Other,False,David Bowers,United States,21000000.0,72526996.0,28000.0,1
M1650048,1650048,Laurence Anyways,Drama,2012.0,3.89,23,109,3.1780538303479458,0,English,False,,,,,,1
M1650062,1650062,Super 8,Thriller,2011.0,3.59,141,112,4.955827057601261,0,Other,False,J.J. Abrams,United States,50000000.0,260095986.0,343000.0,1
M1650393,1650393,C.O.G.,Comedy,2013.0,3.09,11,100,2.4849066497880004,0,English,False,,,,,,1
M1650453,1650453,Kiseki,Drama,2011.0,3.95,10,109,2.3978952727983707,0,English,False,,,,,,1
M1650554,1650554,Kick-Ass 2,Action,2013.0,3.47,758,103,6.63200177739563,0,Other,False,Jeff Wadlow,United Kingdom,28000000.0,60795985.0,259000.0,1
M1653665,1653665,Goodbye Christopher Robin,Biography,2017.0,3.8,79,107,4.382026634673881,0,Other,False,Simon Curtis,United Kingdom,,7401949.0,26000.0,1
M1654523,1654523,Night Train to Lisbon,Thriller,2013.0,3.71,84,102,4.442651256490317,0,English,False,,,,,,1
M1654829,1654829,Thérèse Desqueyroux,Drama,2012.0,3.23,15,109,2.772588722239781,0,English,False,,,,,,1
M1655413,1655413,Le magasin des suicides,Animation,2012.0,3.1,10,91,2.3978952727983707,0,English,False,,,,,,1
M1655416,1655416,Mental,Comedy,2012.0,3.23,13,100,2.6390573296152584,0,English,False,,,,,,1
M1655420,1655420,My Week with Marilyn,Biography,2011.0,3.73,64,99,4.174387269895637,0,Other,False,Simon Curtis,United Kingdom,,35057696.0,85000.0,1
M1655441,1655441,The Age of Adaline,Drama,2015.0,3.79,491,112,6.198478716492308,0,Other,False,Lee Toland Krieger,United States,25000000.0,65663276.0,160000.0,1
M1655442,1655442,The Artist,Comedy,2011.0,4.0,140,100,4.948759890378168,0,Other,False,Michel Hazanavicius,France,15000000.0,133432856.0,234000.0,1
M1655460,1655460,Wanderlust,Comedy,2012.0,2.98,55,98,4.02535169073515,0,Other,False,David Wain,United States,,23812816.0,74000.0,1
M1656186,1656186,Stolen,Action,2012.0,2.82,84,96,4.442651256490317,0,Other,False,Simon West,United States,35000000.0,17415418.0,44000.0,1
M1656190,1656190,Safe,Action,2012.0,3.36,97,119,4.584967478670572,0,Other,False,Todd Haynes,United Kingdom,1000000.0,512245.0,14000.0,1
M1656192,1656192,Forces spéciales,Action,2011.0,3.74,17,107,2.8903717578961645,0,English,False,,,,,,1
M1657507,1657507,Colombiana,Action,2011.0,3.43,82,108,4.418840607796598,0,Other,False,Olivier Megaton,France,40000000.0,71508440.0,97000.0,1
M1657510,1657510,Gimme Shelter,Drama,2013.0,3.4,39,109,3.6888794541139363,0,English,False,,,,,,1
M1658801,1658801,Freeheld,Biography,2015.0,3.24,35,117,3.58351893845611,0,English,False,,,,,,1
M1658837,1658837,The Tall Man,Crime,2012.0,3.13,69,109,4.248495242049359,0,English,False,,,,,,1
M1659337,1659337,The Perks of Being a Wallflower,Drama,2012.0,4.08,734,103,6.5998704992128365,0,Other,False,Stephen Chbosky,United States,13000000.0,33384127.0,475000.0,1
M1659338,1659338,The Numbers Station,Action,2013.0,2.7,66,107,4.204692619390966,0,English,False,,,,,,1
M1659343,1659343,Universal Soldier: Day of Reckoning,Action,2012.0,2.35,23,114,3.1780538303479458,0,Other,False,John Hyams,United States,10000000.0,1402307.0,20000.0,1
M1660302,1660302,À perdre la raison,Drama,2012.0,3.25,12,109,2.5649493574615367,0,English,False,,,,,,1
M1661199,1661199,Cinderella,Drama,2015.0,3.7,363,105,5.8971538676367405,0,Other,False,Kenneth Branagh,United States,95000000.0,542358331.0,165000.0,1
M1661275,1661275,Their Finest,Comedy,2016.0,3.5,35,117,3.58351893845611,0,Other,False,Lone Scherfig,United Kingdom,,12597262.0,19000.0,1
M1661382,1661382,Grudge Match,Comedy,2013.0,3.29,222,113,5.407171771460119,0,Other,False,Peter Segal,United States,40000000.0,44907260.0,59000.0,1
M1661820,1661820,Cut Bank,Crime,2014.0,2.95,29,109,3.4011973816621555,0,English,False,,,,,,1
M1662293,1662293,Nothing Left to Fear,Horror,2013.0,2.3,28,96,3.367295829986474,0,English,False,,,,,,1
M1663143,1663143,Fun Size,Adventure,2012.0,2.65,23,86,3.1780538303479458,0,Other,False,Josh Schwartz,United States,14000000.0,11417362.0,14000.0,1
M1663202,1663202,The Revenant,Action,2015.0,4.07,1863,156,7.530479995245536,0,Other,False,Alejandro G. Iñárritu,United States,135000000.0,532950503.0,729000.0,1
M1663207,1663207,Life of Crime,Comedy,2013.0,2.89,71,98,4.276666119016055,0,Other,False,Daniel Schechter,United States,12000000.0,1456675.0,18000.0,1
M1663321,1663321,Poulet aux prunes,Comedy,2011.0,3.83,15,100,2.772588722239781,0,English,False,,,,,,1
M1663662,1663662,Pacific Rim,Action,2013.0,3.6,1409,131,7.251344983372214,0,Other,False,Guillermo del Toro,United States,190000000.0,411002906.0,475000.0,1
M1664894,1664894,Cave of Forgotten Dreams,Documentary,2010.0,3.81,13,102,2.6390573296152584,0,English,False,,,,,,1
M1666185,1666185,All Eyez on Me,Biography,2017.0,2.91,82,139,4.418840607796598,0,Other,False,Benny Boom,United States,40000000.0,55668698.0,22000.0,1
M1666287,1666287,From A to B,Adventure,2014.0,3.1,21,105,3.091042453358316,0,English,False,,,,,,1
M1666335,1666335,The Calling,Drama,2014.0,2.86,22,109,3.1354942159291497,0,English,False,,,,,,1
M1666801,1666801,The Duff,Comedy,2015.0,3.24,125,101,4.836281906951478,0,Other,False,Ari Sandel,United States,8500000.0,43709744.0,87000.0,1
M1667307,1667307,Damsels in Distress,Comedy,2011.0,2.54,13,100,2.6390573296152584,0,English,False,,,,,,1
M1667310,1667310,Deadfall,Crime,2012.0,3.13,78,98,4.3694478524670215,0,Other,False,Christopher Coppola,United States,10000000.0,18369.0,3000.0,1
M1667321,1667321,On Chesil Beach,Drama,2017.0,3.56,17,110,2.8903717578961645,0,Other,False,Dominic Cooke,United Kingdom,,3338249.0,10000.0,1
M1667353,1667353,Mirror Mirror,Adventure,2012.0,2.69,42,106,3.7612001156935624,0,Other,False,Tarsem Singh,United States,85000000.0,183018522.0,85000.0,1
M1667355,1667355,3096 Tage,Biography,2013.0,3.24,31,117,3.4657359027997265,0,English,False,,,,,,1
M1667889,1667889,Ice Age: Continental Drift,Animation,2012.0,3.4,58,88,4.07753744390572,0,Other,False,Steve Martino,United States,95000000.0,877244782.0,197000.0,1
M1667905,1667905,In film nist,Documentary,2011.0,4.0,11,102,2.4849066497880004,0,English,False,,,,,,1
M1668200,1668200,Elle s'appelait Sarah,Drama,2010.0,3.97,17,111,2.8903717578961645,0,Other,False,Gilles Paquet-Brenner,France,,24792815.0,17000.0,1
M1670345,1670345,Now You See Me,Crime,2013.0,3.74,2001,115,7.601901959875166,0,Other,False,Louis Leterrier,United States,75000000.0,351723989.0,612000.0,1
M1673434,1673434,The Twilight Saga: Breaking Dawn - Part 2,Adventure,2012.0,3.15,133,115,4.897839799950911,0,Other,False,Bill Condon,United States,120000000.0,829747654.0,236000.0,1
M1673697,1673697,The Sapphires,Biography,2012.0,3.43,44,117,3.8066624897703196,0,English,False,,,,,,1
M1673702,1673702,Une vie de chat,Animation,2010.0,3.5,10,91,2.3978952727983707,0,English,False,,,,,,1
M1673734,1673734,Jamesy Boy,Biography,2014.0,3.79,21,117,3.091042453358316,0,English,False,,,,,,1
M1674771,1674771,Entourage,Comedy,2015.0,3.4,217,104,5.384495062789089,0,Other,False,Doug Ellin,United States,30000000.0,49263404.0,77000.0,1
M1674773,1674773,Hannah Arendt,Biography,2012.0,3.62,33,117,3.5263605246161616,0,English,False,,,,,,1
M1674784,1674784,Trespass,Crime,2011.0,2.92,42,101,3.7612001156935624,0,Other,False,Walter Hill,United States,14000000.0,13249535.0,10000.0,1
M1675192,1675192,Take Shelter,Drama,2011.0,3.85,139,120,4.941642422609304,0,Other,False,Jeff Nichols,United States,5000000.0,3741098.0,95000.0,1
M1675434,1675434,The Intouchables,Biography,2011.0,4.38,757,112,6.630683385642372,0,Other,False,Olivier Nakache,France,,426588510.0,785000.0,1
M1677561,1677561,Karafuru,Animation,2010.0,4.08,12,91,2.5649493574615367,0,English,False,,,,,,1
M1677720,1677720,Ready Player One,Action,2018.0,3.84,643,140,6.467698726104354,0,Other,False,Steven Spielberg,United States,175000000.0,582893671.0,388000.0,1
M1679335,1679335,Trolls,Animation,2016.0,3.43,139,92,4.941642422609304,0,Other,False,Mike Mitchell,United States,125000000.0,346864886.0,75000.0,1
M1680045,1680045,360,Drama,2011.0,3.2,27,110,3.332204510175204,0,Other,False,Fernando Meirelles,United Kingdom,,4396975.0,16000.0,1
M1680114,1680114,Snowtown,Biography,2011.0,3.73,13,117,2.6390573296152584,0,English,False,,,,,,1
M1682180,1682180,Stoker,Drama,2013.0,3.4,402,99,5.998936561946683,0,Other,False,Park Chan-Wook,United Kingdom,12000000.0,12077441.0,105000.0,1
M1682181,1682181,Bully,Documentary,2011.0,3.91,32,108,3.4965075614664802,0,Other,False,Larry Clark,United States,,704808.0,35000.0,1
M1683048,1683048,De Palma,Documentary,2015.0,3.88,13,102,2.6390573296152584,0,English,False,,,,,,1
M1683526,1683526,Detachment,Drama,2011.0,4.09,248,98,5.517452896464707,0,Other,False,Tony Kaye,United States,,1688710.0,79000.0,1
M1683876,1683876,Happy People: A Year in the Taiga,Documentary,2010.0,3.95,11,102,2.4849066497880004,0,English,False,,,,,,1
M1684233,1684233,Welcome to the Punch,Action,2013.0,3.08,190,107,5.25227342804663,0,English,False,,,,,,1
M1684925,1684925,Wish You Were Here,Drama,2012.0,3.0,20,88,3.044522437723423,0,Other,False,David Leland,United Kingdom,,3283832.0,2700.0,1
M1686821,1686821,Vampire Academy,Action,2014.0,3.11,63,104,4.1588830833596715,0,Other,False,Mark Waters,United States,30000000.0,15642346.0,53000.0,1
M1687247,1687247,Life in a Day,Documentary,2011.0,3.77,13,102,2.6390573296152584,0,English,False,,,,,,1
M1687901,1687901,The Awakening,Horror,2011.0,3.23,75,101,4.330733340286331,0,Other,False,Mike Newell,United Kingdom,,8415112.0,2000.0,1
M1690953,1690953,Despicable Me 2,Animation,2013.0,3.8,937,98,6.843749949006225,0,Other,False,Pierre Coffin,United States,76000000.0,970766005.0,377000.0,1
M1691154,1691154,The Pill,Comedy,2011.0,2.71,12,100,2.5649493574615367,0,English,False,,,,,,1
M1691916,1691916,Before I Fall,Drama,2017.0,3.32,125,98,4.836281906951478,0,Other,False,Ry Russo-Young,United States,5000000.0,16373843.0,48000.0,1
M1691917,1691917,Planes,Animation,2013.0,2.9,147,91,4.997212273764115,0,Other,False,Klay Hall,United States,50000000.0,239258712.0,43000.0,1
M1692190,1692190,El infierno,Action,2010.0,4.04,13,107,2.6390573296152584,0,English,False,,,,,,1
M1692486,1692486,Carnage,Comedy,2011.0,3.49,123,80,4.820281565605037,0,Other,False,Roman Polanski,France,25000000.0,30722632.0,122000.0,1
M1694020,1694020,The Guilt Trip,Comedy,2012.0,2.87,152,95,5.030437921392435,0,Other,False,Anne Fletcher,United States,40000000.0,41863726.0,36000.0,1
M1694021,1694021,Into the Grizzly Maze,Action,2015.0,2.79,19,107,2.995732273553991,0,English,False,,,,,,1
M1697064,1697064,Educazione siberiana,Crime,2013.0,3.12,25,109,3.258096538021482,0,English,False,,,,,,1
M1698010,1698010,TT3D: Closer to the Edge,Documentary,2011.0,4.08,12,102,2.5649493574615367,0,English,False,,,,,,1
M1698641,1698641,"Alexander and the Terrible, Horrible, No Good, Very Bad Day",Comedy,2014.0,3.2,95,81,4.564348191467836,0,Other,False,Miguel Arteta,United States,28000000.0,100654149.0,42000.0,1
M1698648,1698648,Girl Most Likely,Comedy,2012.0,2.7,44,100,3.8066624897703196,0,English,False,,,,,,1
M1698652,1698652,Champs,Documentary,2015.0,3.83,12,102,2.5649493574615367,0,English,False,,,,,,1
M1699231,1699231,Quarantine 2: Terminal,Horror,2011.0,2.81,13,96,2.6390573296152584,0,English,False,,,,,,1
M1699518,1699518,Le jeune Karl Marx,Biography,2017.0,3.45,11,117,2.4849066497880004,0,English,False,,,,,,1
M1699755,1699755,Peeples,Comedy,2013.0,3.31,18,100,2.9444389791664403,0,English,False,,,,,,1
M1700808,1700808,Fast Girls,Drama,2012.0,3.17,12,109,2.5649493574615367,0,English,False,,,,,,1
M1700841,1700841,Sausage Party,Animation,2016.0,3.23,443,89,6.095824562432225,0,Other,False,Greg Tiernan,United States,19000000.0,140705322.0,181000.0,1
M1700844,1700844,The Deep Blue Sea,Drama,2011.0,2.85,13,98,2.6390573296152584,0,Other,False,Terence Davies,United Kingdom,,3143514.0,15000.0,1
M1700845,1700845,The Invisible Woman,Biography,2013.0,3.08,30,117,3.4339872044851463,0,English,False,,,,,,1
M1701990,1701990,Detention,Comedy,2011.0,2.87,15,100,2.772588722239781,0,English,False,,,,,,1
M1702014,1702014,Hoje Eu Quero Voltar Sozinho,Drama,2014.0,4.17,41,109,3.7376696182833684,0,English,False,,,,,,1
M1702425,1702425,Casa de mi Padre,Comedy,2012.0,2.72,18,100,2.9444389791664403,0,English,False,,,,,,1
M1702439,1702439,Safe Haven,Drama,2013.0,3.45,246,115,5.5093883366279774,0,Other,False,Lasse Hallström,United States,28000000.0,97594140.0,106000.0,1
M1702443,1702443,Justin Bieber: Never Say Never,Documentary,2011.0,2.08,13,102,2.6390573296152584,0,English,False,,,,,,1
M1703148,1703148,The Hunter,Adventure,2011.0,3.28,48,100,3.8918202981106265,0,Other,False,Daniel Nettheim,Australia,,1680778.0,38000.0,1
M1703199,1703199,Grave Encounters,Horror,2011.0,2.98,44,96,3.8066624897703196,0,English,False,,,,,,1
M1703957,1703957,Genius,Biography,2016.0,3.53,53,104,3.9889840465642745,0,Other,False,Michael Grandage,United Kingdom,,7435006.0,19000.0,1
M1704573,1704573,Bernie,Biography,2011.0,3.39,91,104,4.5217885770490405,0,Other,False,Richard Linklater,United States,5000000.0,10173061.0,58000.0,1
M1705786,1705786,Un cuento chino,Comedy,2011.0,3.9,15,100,2.772588722239781,0,English,False,,,,,,1
M1705952,1705952,Tarzan,Animation,2013.0,2.57,15,88,2.772588722239781,0,Other,False,Chris Buck,United States,130000000.0,448191819.0,210000.0,1
M1706593,1706593,Chronicle,Drama,2012.0,3.54,217,84,5.384495062789089,0,Other,False,Josh Trank,United States,12000000.0,126636097.0,243000.0,1
M1706598,1706598,Every Secret Thing,Crime,2014.0,2.92,20,109,3.044522437723423,0,English,False,,,,,,1
M1706620,1706620,Snowpiercer,Action,2013.0,3.48,647,126,6.473890696352274,0,Other,False,Bong Joon Ho,South Korea,39200000.0,86758912.0,335000.0,1
M1707380,1707380,Every Thing Will Be Fine,Drama,2015.0,2.92,12,109,2.5649493574615367,0,English,False,,,,,,1
M1707386,1707386,Les Misérables,Drama,2012.0,3.92,478,134,6.171700597410915,0,Other,False,Bille August,United Kingdom,,14096321.0,39000.0,1
M1707392,1707392,Lovely Molly,Drama,2011.0,2.74,27,109,3.332204510175204,0,English,False,,,,,,1
M1708135,1708135,Elser,Biography,2015.0,3.67,23,117,3.1780538303479458,0,English,False,,,,,,1
M1709143,1709143,The Last Days on Mars,Adventure,2013.0,2.73,76,105,4.343805421853684,0,English,False,,,,,,1
M1710396,1710396,Joyful Noise,Comedy,2012.0,3.0,10,100,2.3978952727983707,0,English,False,,,,,,1
M1710417,1710417,Lola Versus,Comedy,2012.0,3.11,19,100,2.995732273553991,0,English,False,,,,,,1
M1711018,1711018,Vile,Horror,2011.0,3.05,10,96,2.3978952727983707,0,English,False,,,,,,1
M1711425,1711425,21 & Over,Comedy,2013.0,2.92,256,93,5.54907608489522,0,Other,False,Jon Lucas,United States,13000000.0,48065672.0,73000.0,1
M1711525,1711525,Office Christmas Party,Comedy,2016.0,2.96,160,105,5.081404364984463,0,Other,False,Josh Gordon,United States,45000000.0,114501299.0,72000.0,1
M1712170,1712170,Alex Cross,Action,2012.0,2.56,100,101,4.61512051684126,0,Other,False,Rob Cohen,United States,35000000.0,34618867.0,33000.0,1
M1712192,1712192,Message from the King,Thriller,2016.0,3.04,24,102,3.2188758248682006,0,English,False,,,,,,1
M1712261,1712261,Triple 9,Crime,2016.0,3.12,238,115,5.476463551931511,0,Other,False,John Hillcoat,United States,20000000.0,23177948.0,69000.0,1
M1713440,1713440,El hombre de las mil caras,Biography,2016.0,3.44,16,117,2.833213344056216,0,English,False,,,,,,1
M1713476,1713476,The Bay,Horror,2012.0,2.86,76,84,4.343805421853684,0,Other,False,Barry Levinson,United States,,1581252.0,26000.0,1
M1714203,1714203,Piranha 3DD,Comedy,2012.0,1.91,41,83,3.7376696182833684,0,Other,False,John Gulager,United States,5000000.0,8518634.0,41000.0,1
M1714206,1714206,The Spectacular Now,Comedy,2013.0,3.62,330,95,5.802118375377063,0,Other,False,James Ponsoldt,United States,2500000.0,6918591.0,147000.0,1
M1714208,1714208,The Woman,Horror,2011.0,3.08,20,96,3.044522437723423,0,English,False,,,,,,1
M1714209,1714209,In the Land of Blood and Honey,Drama,2011.0,3.41,11,109,2.4849066497880004,0,English,False,,,,,,1
M1714210,1714210,Weekend,Drama,2011.0,3.66,34,97,3.5553480614894135,0,Other,False,Andrew Haigh,United Kingdom,,1192003.0,29000.0,1
M1714833,1714833,Drift,Biography,2013.0,3.1,21,117,3.091042453358316,0,English,False,,,,,,1
M1714866,1714866,Midnight's Children,Drama,2012.0,3.0,11,109,2.4849066497880004,0,English,False,,,,,,1
M1714915,1714915,Only Lovers Left Alive,Comedy,2013.0,3.73,224,123,5.41610040220442,0,Other,False,Jim Jarmusch,United Kingdom,7000000.0,7609187.0,94000.0,1
M1714917,1714917,Gimme Danger,Documentary,2016.0,4.09,11,102,2.4849066497880004,0,English,False,,,,,,1
M1715336,1715336,Mindscape,Drama,2013.0,3.16,51,109,3.9512437185814275,0,English,False,,,,,,1
M1715873,1715873,10 Years,Comedy,2011.0,3.08,51,100,3.9512437185814275,0,Other,False,Jamie Linden,United States,,285984.0,25000.0,1
M1716772,1716772,The Inbetweeners Movie,Comedy,2011.0,3.49,44,100,3.8066624897703196,0,English,False,,,,,,1
M1716777,1716777,People Like Us,Comedy,2012.0,3.76,92,114,4.532599493153256,0,Other,False,Alex Kurtzman,United States,16000000.0,12558931.0,42000.0,1
M1717715,1717715,Da nao tian gong,Action,2014.0,2.05,10,107,2.3978952727983707,0,English,False,,,,,,1
M1718199,1718199,Wu xia,Action,2011.0,3.71,14,107,2.70805020110221,0,English,False,,,,,,1
M1718924,1718924,A Family Man,Drama,2016.0,3.56,17,109,2.8903717578961645,0,English,False,,,,,,1
M1720616,1720616,Friends with Kids,Comedy,2011.0,2.95,52,100,3.970291913552122,0,English,False,,,,,,1
M1723121,1723121,We're the Millers,Comedy,2013.0,3.65,1166,110,7.062191632286556,0,Other,False,Rawson Marshall Thurber,United States,37000000.0,269994119.0,415000.0,1
M1723811,1723811,Shame,Drama,2011.0,3.53,252,101,5.53338948872752,0,Other,False,Steve McQueen,United Kingdom,6500000.0,19123767.0,187000.0,1
M1724962,1724962,Autoreiji: Biyondo,Action,2012.0,3.43,15,107,2.772588722239781,0,English,False,,,,,,1
M1724970,1724970,Beyond Skyline,Action,2017.0,2.67,23,107,3.1780538303479458,0,English,False,,,,,,1
M1725969,1725969,Ethel &amp; Ernest,Animation,2016.0,4.14,14,91,2.70805020110221,0,English,False,,,,,,1
M1725986,1725986,How to Make Love Like an Englishman,Comedy,2014.0,2.79,28,100,3.367295829986474,0,English,False,,,,,,1
M1726592,1726592,Before I Go to Sleep,Drama,2014.0,3.28,264,92,5.579729825986222,0,Other,False,Rowan Joffe,United Kingdom,22000000.0,17669776.0,75000.0,1
M1726669,1726669,Killer Joe,Crime,2011.0,3.33,138,102,4.9344739331306915,0,Other,False,William Friedkin,United States,11000000.0,4633668.0,75000.0,1
M1727388,1727388,The Way Way Back,Comedy,2013.0,3.77,491,103,6.198478716492308,0,Other,False,Nat Faxon,United States,5000000.0,26474920.0,143000.0,1
M1727770,1727770,Absolutely Anything,Comedy,2015.0,3.07,91,100,4.5217885770490405,0,English,False,,,,,,1
M1727776,1727776,Scouts Guide to the Zombie Apocalypse,Action,2015.0,3.32,81,93,4.406719247264253,0,Other,False,Christopher Landon,United States,15000000.0,16137046.0,47000.0,1
M1727824,1727824,Bohemian Rhapsody,Biography,2018.0,4.1,784,134,6.665683717782408,0,Other,False,Bryan Singer,United Kingdom,52000000.0,911902649.0,476000.0,1
M1728196,1728196,Ichimei,Drama,2011.0,4.13,15,109,2.772588722239781,0,English,False,,,,,,1
M1730687,1730687,Darling Companion,Comedy,2012.0,2.95,11,100,2.4849066497880004,0,English,False,,,,,,1
M1730768,1730768,The Zookeeper's Wife,Biography,2017.0,3.62,85,127,4.454347296253507,0,Other,False,Niki Caro,Czech Republic,20000000.0,26152835.0,41000.0,1
M1731141,1731141,Ender&x27;s Game,Action,2013.0,3.39,621,107,6.432940092739179,0,English,False,,,,,,1
M1731697,1731697,The Lords of Salem,Horror,2012.0,2.71,79,101,4.382026634673881,0,Other,False,Rob Zombie,United States,1500000.0,1544989.0,28000.0,1
M1731701,1731701,Barely Lethal,Action,2015.0,2.48,33,107,3.5263605246161616,0,English,False,,,,,,1
M1733105,1733105,Bekas,Adventure,2012.0,3.86,25,105,3.258096538021482,0,English,False,,,,,,1
M1734433,1734433,Eden,Crime,2012.0,3.59,35,109,3.58351893845611,0,English,False,,,,,,1
M1734493,1734493,Unlocked,Action,2017.0,3.22,62,107,4.143134726391533,0,English,False,,,,,,1
M1735898,1735898,Snow White and the Huntsman,Action,2012.0,3.21,175,127,5.170483995038151,0,Other,False,Rupert Sanders,United States,170000000.0,396592829.0,278000.0,1
M1736633,1736633,"Oslo, 31. august",Drama,2011.0,3.7,43,109,3.784189633918261,0,English,False,,,,,,1
M1740047,1740047,The Trip,Comedy,2010.0,3.29,26,112,3.295836866004329,0,Other,False,Michael Winterbottom,United Kingdom,,3945217.0,22000.0,1
M1740707,1740707,Trolljegeren,Drama,2010.0,3.48,68,109,4.23410650459726,0,English,False,,,,,,1
M1741225,1741225,I Am,Documentary,2010.0,4.43,14,102,2.70805020110221,0,English,False,,,,,,1
M1741243,1741243,Pawn Shop Chronicles,Action,2013.0,2.88,41,107,3.7376696182833684,0,English,False,,,,,,1
M1741273,1741273,Secret in Their Eyes,Crime,2015.0,3.32,163,111,5.099866427824199,0,Other,False,Billy Ray,United States,19500000.0,34854990.0,46000.0,1
M1741542,1741542,Les Lyonnais,Drama,2011.0,3.59,11,109,2.4849066497880004,0,English,False,,,,,,1
M1742044,1742044,Jersey Boys,Biography,2014.0,3.72,120,134,4.795790545596741,0,Other,False,Clint Eastwood,United States,40000000.0,67647013.0,33000.0,1
M1742334,1742334,Sabotage,Action,2014.0,2.96,231,109,5.44673737166631,0,Other,False,David Ayer,United States,35000000.0,22126842.0,61000.0,1
M1742336,1742336,Your Sister's Sister,Comedy,2011.0,3.5,30,90,3.4339872044851463,0,Other,False,Lynn Shelton,United States,125000.0,3242802.0,27000.0,1
M1742650,1742650,I Don't Know How She Does It,Comedy,2011.0,3.02,23,100,3.1780538303479458,0,English,False,,,,,,1
M1743720,1743720,The Greatest Movie Ever Sold,Documentary,2011.0,3.55,11,102,2.4849066497880004,0,English,False,,,,,,1
M1743993,1743993,When the Lights Went Out,Horror,2012.0,2.66,31,96,3.4657359027997265,0,English,False,,,,,,1
M1745787,1745787,Plemya,Crime,2014.0,3.63,15,109,2.772588722239781,0,English,False,,,,,,1
M1747958,1747958,Blood Ties,Action,2013.0,3.34,55,127,4.02535169073515,0,Other,False,Guillaume Canet,France,25500000.0,2566435.0,19000.0,1
M1748122,1748122,Moonrise Kingdom,Adventure,2012.0,3.86,305,94,5.723585101952381,0,Other,False,Wes Anderson,United States,16000000.0,68264022.0,327000.0,1
M1748179,1748179,Red Lights,Drama,2012.0,3.15,96,114,4.574710978503383,0,Other,False,Rodrigo Cortés,Spain,,14107313.0,59000.0,1
M1748207,1748207,Sound of My Voice,Drama,2011.0,3.33,41,85,3.7376696182833684,0,Other,False,Zal Batmanglij,United States,135000.0,424088.0,21000.0,1
M1748227,1748227,The Collection,Action,2012.0,3.05,94,82,4.553876891600541,0,Other,False,Marcus Dunstan,United States,7500000.0,9929706.0,47000.0,1
M1753383,1753383,A Dog's Purpose,Adventure,2017.0,3.47,73,100,4.30406509320417,0,Other,False,Lasse Hallström,United States,22000000.0,205035819.0,68000.0,1
M1753496,1753496,Biohazard: Damnation,Animation,2012.0,3.18,14,91,2.70805020110221,0,English,False,,,,,,1
M1753813,1753813,Les adieux à la reine,Drama,2012.0,3.65,10,109,2.3978952727983707,0,English,False,,,,,,1
M1754656,1754656,Le Petit Prince,Animation,2015.0,4.04,113,91,4.736198448394496,0,English,False,,,,,,1
M1756750,1756750,Starbuck,Comedy,2011.0,3.78,18,100,2.9444389791664403,0,English,False,,,,,,1
M1756799,1756799,The Day,Action,2011.0,2.32,14,107,2.70805020110221,0,English,False,,,,,,1
M1756851,1756851,Twixt,Comedy,2011.0,2.43,15,100,2.772588722239781,0,English,False,,,,,,1
M1757742,1757742,Emergo,Horror,2011.0,2.46,23,96,3.1780538303479458,0,English,False,,,,,,1
M1757746,1757746,Extracted,Drama,2012.0,3.52,24,109,3.2188758248682006,0,English,False,,,,,,1
M1757800,1757800,Mitt,Documentary,2014.0,3.55,11,102,2.4849066497880004,0,English,False,,,,,,1
M1758595,1758595,Diana,Biography,2013.0,2.76,120,117,4.795790545596741,0,English,False,,,,,,1
M1758610,1758610,Unconditional,Biography,2012.0,4.27,11,117,2.4849066497880004,0,English,False,,,,,,1
M1758692,1758692,Like Crazy,Drama,2011.0,3.25,85,86,4.454347296253507,0,Other,False,Drake Doremus,United States,250000.0,3852409.0,60000.0,1
M1758795,1758795,The To Do List,Comedy,2013.0,3.04,78,104,4.3694478524670215,0,Other,False,Maggie Carey,United States,1500000.0,3909596.0,38000.0,1
M1758810,1758810,The Snowman,Crime,2017.0,2.47,128,119,4.859812404361672,0,Other,False,Tomas Alfredson,United Kingdom,35000000.0,43155261.0,60000.0,1
M1758830,1758830,This Is 40,Comedy,2012.0,3.12,321,134,5.7745515455444085,0,Other,False,Judd Apatow,United States,35000000.0,88215156.0,132000.0,1
M1760967,1760967,Ill Manors,Crime,2012.0,3.69,50,109,3.9318256327243257,0,English,False,,,,,,1
M1762399,1762399,Walking with Dinosaurs 3D,Animation,2013.0,2.64,40,91,3.713572066704308,0,English,False,,,,,,1
M1763264,1763264,No One Lives,Horror,2012.0,2.94,55,86,4.02535169073515,0,Other,False,Ryûhei Kitamura,United States,2900000.0,1048704.0,20000.0,1
M1763303,1763303,The First Time,Comedy,2012.0,3.39,64,95,4.174387269895637,0,Other,False,Jonathan Kasdan,United States,2000000.0,92654.0,68000.0,1
M1764183,1764183,Arbitrage,Drama,2012.0,3.33,128,107,4.859812404361672,0,Other,False,Nicholas Jarecki,United States,12000000.0,35485056.0,51000.0,1
M1764234,1764234,Killing Them Softly,Crime,2012.0,2.92,288,97,5.666426688112432,0,Other,False,Andrew Dominik,United States,15000000.0,37930465.0,137000.0,1
M1764275,1764275,Djúpið,Action,2012.0,3.3,10,107,2.3978952727983707,0,English,False,,,,,,1
M1764651,1764651,The Expendables 2,Action,2012.0,3.35,197,103,5.288267030694535,0,Other,False,Simon West,United States,100000000.0,314975955.0,296000.0,1
M1766094,1766094,So Undercover,Action,2012.0,2.5,20,107,3.044522437723423,0,English,False,,,,,,1
M1767354,1767354,Odd Thomas,Comedy,2013.0,3.56,125,100,4.836281906951478,0,English,False,,,,,,1
M1767372,1767372,She's Funny That Way,Comedy,2014.0,3.04,58,93,4.07753744390572,0,Other,False,Peter Bogdanovich,United States,,6034851.0,25000.0,1
M1767382,1767382,Silent House,Drama,2011.0,2.7,32,86,3.4965075614664802,0,Other,False,Chris Kentis,United States,2000000.0,16527747.0,22000.0,1
M1769363,1769363,The Giant Mechanical Man,Comedy,2012.0,3.41,29,94,3.4011973816621555,0,Other,False,Lee Kirk,United States,,7396.0,9800.0,1
M1770672,1770672,Djinn,Horror,2013.0,2.05,10,96,2.3978952727983707,0,English,False,,,,,,1
M1770734,1770734,Shadow Dancer,Drama,2012.0,3.19,50,109,3.9318256327243257,0,English,False,,,,,,1
M1772240,1772240,Apollo 18,Horror,2011.0,2.38,34,86,3.5553480614894135,0,Other,False,Gonzalo López-Gallego,United States,5000000.0,26236153.0,54000.0,1
M1772250,1772250,La cara oculta,Comedy,2011.0,3.89,143,100,4.969813299576001,0,English,False,,,,,,1
M1772264,1772264,Eliza Graves,Drama,2014.0,3.51,106,109,4.672828834461906,0,English,False,,,,,,1
M1772288,1772288,Danny Collins,Biography,2015.0,3.65,130,106,4.875197323201151,0,Other,False,Dan Fogelman,United States,10000000.0,10835752.0,30000.0,1
M1772341,1772341,Wreck-It Ralph,Animation,2012.0,3.94,511,101,6.238324625039508,0,Other,False,Rich Moore,United States,165000000.0,471222889.0,390000.0,1
M1772424,1772424,Et maintenant on va où?,Comedy,2011.0,4.23,41,100,3.7376696182833684,0,English,False,,,,,,1
M1772925,1772925,Jiro Dreams of Sushi,Documentary,2011.0,4.09,70,102,4.2626798770413155,0,English,False,,,,,,1
M1773753,1773753,Mara,Crime,2018.0,2.27,11,109,2.4849066497880004,0,English,False,,,,,,1
M1777034,1777034,United,Drama,2011.0,3.91,29,109,3.4011973816621555,0,English,False,,,,,,1
M1777551,1777551,Bobby Fischer Against the World,Documentary,2011.0,3.8,15,102,2.772588722239781,0,English,False,,,,,,1
M1778304,1778304,Paranormal Activity 3,Horror,2011.0,3.13,31,96,3.4657359027997265,0,English,False,,,,,,1
M1778338,1778338,The Culture High,Documentary,2014.0,4.46,12,102,2.5649493574615367,0,English,False,,,,,,1
M1779076,1779076,The Jeffrey Dahmer Files,Documentary,2012.0,3.4,10,102,2.3978952727983707,0,English,False,,,,,,1
M1780762,1780762,Aftershock,Action,2012.0,2.62,46,107,3.8501476017100584,0,English,False,,,,,,1
M1780798,1780798,Clown,Drama,2014.0,2.96,59,100,4.0943445622221,0,Other,False,Jon Watts,United States,1500000.0,4381603.0,23000.0,1
M1781058,1781058,Wilson,Comedy,2017.0,2.84,19,100,2.995732273553991,0,English,False,,,,,,1
M1781769,1781769,Anna Karenina,Drama,2012.0,3.27,147,108,4.997212273764115,0,Other,False,Bernard Rose,United States,35000000.0,858553.0,5600.0,1
M1781827,1781827,Hands of Stone,Action,2016.0,3.54,48,111,3.8918202981106265,0,Other,False,Jonathan Jakubowicz,Panama,20000000.0,4978353.0,16000.0,1
M1781922,1781922,No Escape,Action,2015.0,3.58,377,118,5.934894195619588,0,Other,False,Martin Campbell,United States,20000000.0,15339030.0,19000.0,1
M1783232,1783232,Fetih 1453,Action,2012.0,3.42,12,107,2.5649493574615367,0,English,False,,,,,,1
M1783732,1783732,John Dies at the End,Comedy,2012.0,3.05,58,99,4.07753744390572,0,Other,False,Don Coscarelli,United States,,141951.0,37000.0,1
M1784538,1784538,Miss Representation,Documentary,2011.0,3.84,16,102,2.833213344056216,0,English,False,,,,,,1
M1785612,1785612,The Punk Singer,Documentary,2013.0,3.5,11,102,2.4849066497880004,0,English,False,,,,,,1
M1785635,1785635,The Vault,Crime,2017.0,2.9,21,109,3.091042453358316,0,English,False,,,,,,1
M1786751,1786751,CBGB,Drama,2013.0,3.5,19,109,2.995732273553991,0,English,False,,,,,,1
M1787660,1787660,Being Elmo: A Puppeteer's Journey,Documentary,2011.0,3.79,14,102,2.70805020110221,0,English,False,,,,,,1
M1787988,1787988,Talaash,Crime,2012.0,3.64,21,140,3.091042453358316,0,Other,False,Reema Kagti,India,7395080.0,5277766.0,40000.0,1
M1788391,1788391,Kill List,Crime,2011.0,3.5,40,95,3.713572066704308,0,Other,False,Ben Wheatley,United Kingdom,,450275.0,38000.0,1
M1790809,1790809,Pirates of the Caribbean: Dead Men Tell No Tales,Action,2017.0,3.53,557,129,6.324358962381311,0,Other,False,Joachim Rønning,United States,230000000.0,794881442.0,275000.0,1
M1790834,1790834,Simon Killer,Drama,2012.0,2.93,15,109,2.772588722239781,0,English,False,,,,,,1
M1790864,1790864,The Maze Runner,Action,2014.0,3.55,804,113,6.690842277418564,0,Other,False,Wes Ball,United States,34000000.0,348319861.0,431000.0,1
M1790869,1790869,In Their Skin,Horror,2012.0,2.57,22,96,3.1354942159291497,0,English,False,,,,,,1
M1790885,1790885,Zero Dark Thirty,Drama,2012.0,3.69,629,157,6.4457198193855785,0,Other,False,Kathryn Bigelow,United States,40000000.0,132820716.0,280000.0,1
M1790886,1790886,The Campaign,Comedy,2012.0,3.05,161,85,5.087596335232384,0,Other,False,Jay Roach,United States,95000000.0,104907746.0,126000.0,1
M1791528,1791528,Inherent Vice,Comedy,2014.0,3.35,210,148,5.351858133476067,0,Other,False,Paul Thomas Anderson,United States,20000000.0,14710975.0,97000.0,1
M1791614,1791614,Struck by Lightning,Comedy,2012.0,3.65,33,100,3.5263605246161616,0,English,False,,,,,,1
M1791682,1791682,While We're Young,Comedy,2014.0,3.21,123,97,4.820281565605037,0,Other,False,Noah Baumbach,United States,10000000.0,18117839.0,48000.0,1
M1792647,1792647,Cirque du Soleil: Worlds Away,Fantasy,2012.0,3.38,34,96,3.5553480614894135,0,English,False,,,,,,1
M1795702,1795702,Wild Bill,Drama,2011.0,3.66,28,98,3.367295829986474,0,Other,False,Walter Hill,United States,30000000.0,2193982.0,6600.0,1
M1797504,1797504,Tengo ganas de ti,Drama,2012.0,3.62,12,109,2.5649493574615367,0,English,False,,,,,,1
M1798188,1798188,Kokuriko-zaka kara,Animation,2011.0,3.88,68,91,4.23410650459726,0,English,False,,,,,,1
M1798243,1798243,Rudderless,Comedy,2014.0,3.88,43,100,3.784189633918261,0,English,False,,,,,,1
M1798603,1798603,Bad Santa 2,Comedy,2016.0,2.73,51,100,3.9512437185814275,0,English,False,,,,,,1
M1798684,1798684,Southpaw,Drama,2015.0,3.92,871,124,6.77078942390898,0,Other,False,Antoine Fuqua,Hong Kong,30000000.0,91970827.0,223000.0,1
M1798709,1798709,Her,Drama,2013.0,4.03,1670,126,7.421177528595393,0,Other,False,Spike Jonze,United States,23000000.0,48517427.0,559000.0,1
M1800241,1800241,American Hustle,Crime,2013.0,3.74,1700,138,7.438971592395862,0,Other,False,David O. Russell,United States,40000000.0,251171807.0,458000.0,1
M1800246,1800246,That Awkward Moment,Comedy,2014.0,3.08,231,94,5.44673737166631,0,Other,False,Tom Gormican,United States,8000000.0,45640143.0,99000.0,1
M1800302,1800302,Gold,Adventure,2016.0,3.56,151,120,5.0238805208462765,0,Other,False,Stephen Gaghan,United States,20000000.0,14880939.0,60000.0,1
M1800338,1800338,Lucia de B.,Biography,2014.0,3.68,20,117,3.044522437723423,0,English,False,,,,,,1
M1800741,1800741,Step Up Revolution,Drama,2012.0,3.43,43,99,3.784189633918261,0,Other,False,Scott Speer,United States,33000000.0,140470746.0,55000.0,1
M1801061,1801061,Io e te,Drama,2012.0,3.05,11,109,2.4849066497880004,0,English,False,,,,,,1
M1801552,1801552,Gotti,Biography,2018.0,2.68,28,112,3.367295829986474,0,Other,False,Kevin Connolly,Canada,10000000.0,6412349.0,14000.0,1
M1802197,1802197,The Lady,Biography,2011.0,3.86,11,117,2.4849066497880004,0,English,False,,,,,,1
M1807944,1807944,As I Lay Dying,Drama,2013.0,2.46,12,109,2.5649493574615367,0,English,False,,,,,,1
M1808454,1808454,Sala samobójców,Animation,2011.0,3.79,12,91,2.5649493574615367,0,English,False,,,,,,1
M1809231,1809231,Arme Riddere,Action,2011.0,3.5,10,107,2.3978952727983707,0,English,False,,,,,,1
M1809398,1809398,Unbroken,Biography,2014.0,3.8,564,137,6.336825731146441,0,Other,False,Angelina Jolie,United States,65000000.0,161459297.0,155000.0,1
M1810683,1810683,Little Boy,Drama,2015.0,3.76,78,109,4.3694478524670215,0,English,False,,,,,,1
M1810697,1810697,Meeting Evil,Crime,2012.0,3.0,19,109,2.995732273553991,0,English,False,,,,,,1
M1814621,1814621,Admission,Comedy,2013.0,2.95,100,100,4.61512051684126,0,English,False,,,,,,1
M1814836,1814836,Project Nim,Documentary,2011.0,3.91,17,102,2.8903717578961645,0,English,False,,,,,,1
M1815708,1815708,Freelancers,Action,2012.0,2.64,22,107,3.1354942159291497,0,English,False,,,,,,1
M1815852,1815852,Nitro Circus: The Movie,Documentary,2012.0,3.0,10,102,2.3978952727983707,0,English,False,,,,,,1
M1815862,1815862,After Earth,Action,2013.0,2.69,692,100,6.541029999189903,0,Other,False,M. Night Shyamalan,United States,130000000.0,243611982.0,194000.0,1
M1816518,1816518,Ernest et Célestine,Animation,2012.0,4.04,36,91,3.6109179126442243,0,English,False,,,,,,1
M1817081,1817081,A Case of You,Comedy,2013.0,2.7,30,100,3.4339872044851463,0,English,False,,,,,,1
M1817273,1817273,The Place Beyond the Pines,Crime,2012.0,3.66,899,140,6.802394763324311,0,Other,False,Derek Cianfrance,United States,15000000.0,47052899.0,253000.0,1
M1817771,1817771,Freaks of Nature,Comedy,2015.0,2.92,13,100,2.6390573296152584,0,English,False,,,,,,1
M1820488,1820488,Rebelle,Drama,2012.0,3.83,15,109,2.772588722239781,0,English,False,,,,,,1
M1821426,1821426,Family Weekend,Comedy,2013.0,3.54,14,100,2.70805020110221,0,English,False,,,,,,1
M1821427,1821427,Offender,Crime,2012.0,3.3,10,109,2.3978952727983707,0,English,False,,,,,,1
M1821480,1821480,Kahaani,Thriller,2012.0,4.0,29,122,3.4011973816621555,0,Other,False,Sujoy Ghosh,India,,459234.0,59000.0,1
M1821549,1821549,Nebraska,Adventure,2013.0,3.95,552,115,6.315358001522335,0,Other,False,Alexander Payne,United States,12000000.0,27682872.0,114000.0,1
M1821593,1821593,Rundskop,Crime,2011.0,3.88,28,109,3.367295829986474,0,English,False,,,,,,1
M1821641,1821641,The Congress,Animation,2013.0,3.05,38,122,3.6635616461296463,0,Other,False,Ari Folman,Israel,,758754.0,18000.0,1
M1821658,1821658,The Nut Job,Animation,2014.0,2.87,51,91,3.9512437185814275,0,English,False,,,,,,1
M1821694,1821694,RED 2,Action,2013.0,3.49,497,116,6.210600077024653,0,Other,False,Dean Parisot,United States,84000000.0,148075565.0,163000.0,1
M1821700,1821700,Waar,Action,2013.0,3.19,18,107,2.9444389791664403,0,English,False,,,,,,1
M1823664,1823664,Annie,Comedy,2014.0,2.91,69,127,4.248495242049359,0,Other,False,John Huston,United States,50000000.0,57063861.0,41000.0,1
M1823672,1823672,Chappie,Action,2015.0,3.49,588,120,6.3784261836515865,0,Other,False,Neill Blomkamp,South Africa,49000000.0,102811889.0,235000.0,1
M1824254,1824254,We Steal Secrets: The Story of WikiLeaks,Documentary,2013.0,3.56,36,102,3.6109179126442243,0,English,False,,,,,,1
M1825157,1825157,The Double,Comedy,2013.0,3.3,147,93,4.997212273764115,0,Other,False,Richard Ayoade,United Kingdom,,1662515.0,48000.0,1
M1825683,1825683,Black Panther,Action,2018.0,3.74,1092,134,6.996681488176539,0,Other,False,Ryan Coogler,United States,200000000.0,1347597973.0,661000.0,1
M1826590,1826590,About Last Night,Comedy,2014.0,3.15,70,113,4.2626798770413155,0,Other,False,Edward Zwick,United States,8500000.0,38702310.0,15000.0,1
M1827487,1827487,Bir Zamanlar Anadolu'da,Crime,2011.0,3.8,32,109,3.4965075614664802,0,English,False,,,,,,1
M1827512,1827512,Le gamin au vélo,Drama,2011.0,3.77,46,109,3.8501476017100584,0,English,False,,,,,,1
M1827579,1827579,Spike Island,Comedy,2012.0,3.11,18,100,2.9444389791664403,0,English,False,,,,,,1
M1828959,1828959,Make Your Move,Drama,2013.0,2.64,11,109,2.4849066497880004,0,English,False,,,,,,1
M1828970,1828970,Evidence,Crime,2013.0,2.87,27,109,3.332204510175204,0,English,False,,,,,,1
M1828995,1828995,La délicatesse,Comedy,2011.0,3.95,19,100,2.995732273553991,0,English,False,,,,,,1
M1829012,1829012,Passion,Drama,2012.0,2.66,49,102,3.912023005428146,0,Other,False,Brian De Palma,France,20000000.0,713616.0,22000.0,1
M1830713,1830713,Big Ass Spider,Action,2013.0,2.72,25,107,3.258096538021482,0,English,False,,,,,,1
M1832382,1832382,Jodaeiye Nader az Simin,Drama,2011.0,4.21,254,109,5.541263545158426,0,English,False,,,,,,1
M1833116,1833116,The Informer,Crime,2019.0,3.33,45,109,3.828641396489095,0,English,False,,,,,,1
M1833673,1833673,Dhoom: 3,Action,2013.0,3.13,51,107,3.9512437185814275,0,English,False,,,,,,1
M1833844,1833844,Berberian Sound Studio,Drama,2012.0,2.97,35,109,3.58351893845611,0,English,False,,,,,,1
M1836808,1836808,Great Expectations,Drama,2012.0,3.22,37,111,3.6375861597263857,0,Other,False,Alfonso Cuarón,United States,25000000.0,55494066.0,52000.0,1
M1836944,1836944,The Baytown Outlaws,Action,2012.0,3.5,12,107,2.5649493574615367,0,English,False,,,,,,1
M1837562,1837562,A Royal Night Out,Comedy,2015.0,3.31,21,100,3.091042453358316,0,English,False,,,,,,1
M1837613,1837613,Northern Soul,Drama,2014.0,3.25,20,109,3.044522437723423,0,English,False,,,,,,1
M1837636,1837636,Queen of the Desert,Adventure,2015.0,3.29,24,105,3.2188758248682006,0,English,False,,,,,,1
M1837703,1837703,The Fifth Estate,Biography,2013.0,3.08,154,128,5.043425116919247,0,Other,False,Bill Condon,United States,28000000.0,9058564.0,40000.0,1
M1837709,1837709,Winter's Tale,Drama,2014.0,3.02,111,118,4.718498871295094,0,Other,False,Akiva Goldsman,United States,60000000.0,30800231.0,53000.0,1
M1838520,1838520,Emanuel and the Truth about Fishes,Drama,2013.0,3.06,31,109,3.4657359027997265,0,English,False,,,,,,1
M1838544,1838544,Gone,Action,2012.0,3.03,68,94,4.23410650459726,0,Other,False,Heitor Dhalia,United States,,19767535.0,43000.0,1
M1838556,1838556,Honest Thief,Action,2020.0,3.32,22,107,3.1354942159291497,0,English,False,,,,,,1
M1838571,1838571,Juan de los Muertos,Action,2011.0,3.0,10,107,2.3978952727983707,0,English,False,,,,,,1
M1838603,1838603,Mr. Morgan's Last Love,Comedy,2013.0,3.56,61,100,4.127134385045092,0,English,False,,,,,,1
M1838722,1838722,Truth or Dare,Horror,2012.0,3.1,29,100,3.4011973816621555,0,Other,False,Jeff Wadlow,United States,3500000.0,95330710.0,50000.0,1
M1839492,1839492,Ruby Sparks,Comedy,2012.0,3.7,187,104,5.236441962829949,0,Other,False,Jonathan Dayton,United States,8000000.0,9368803.0,97000.0,1
M1839494,1839494,Hoshi o ou kodomo,Animation,2011.0,3.66,19,91,2.995732273553991,0,English,False,,,,,,1
M1839522,1839522,Krugovi,Drama,2013.0,4.0,11,109,2.4849066497880004,0,English,False,,,,,,1
M1839596,1839596,Rockstar,Drama,2011.0,3.88,12,159,2.5649493574615367,0,Other,False,Imtiaz Ali,India,10920000.0,11219667.0,41000.0,1
M1839642,1839642,The Face of Love,Drama,2013.0,3.06,16,109,2.833213344056216,0,English,False,,,,,,1
M1839654,1839654,The Magic of Belle Isle,Comedy,2012.0,3.8,27,109,3.332204510175204,0,Other,False,Rob Reiner,United States,,123821.0,18000.0,1
M1840309,1840309,Divergent,Action,2014.0,3.48,866,139,6.7650389767805414,0,Other,False,Neil Burger,United States,85000000.0,288885818.0,435000.0,1
M1840417,1840417,The Words,Drama,2012.0,3.66,189,102,5.247024072160486,0,Other,False,Brian Klugman,United States,6000000.0,15950164.0,76000.0,1
M1841642,1841642,Demonic,Horror,2015.0,2.81,34,96,3.5553480614894135,0,English,False,,,,,,1
M1843287,1843287,Like Someone in Love,Drama,2012.0,3.57,27,109,3.332204510175204,0,Other,False,Abbas Kiarostami,Japan,,562878.0,11000.0,1
M1843866,1843866,Captain America: The Winter Soldier,Action,2014.0,3.96,1581,136,7.366445148327599,0,Other,False,Anthony Russo,United States,170000000.0,714421503.0,764000.0,1
M1844203,1844203,Inescapable,Action,2012.0,2.55,10,107,2.3978952727983707,0,English,False,,,,,,1
M1845838,1845838,Metro Manila,Crime,2013.0,3.8,25,109,3.258096538021482,0,English,False,,,,,,1
M1846487,1846487,Reality,Comedy,2012.0,3.14,11,100,2.4849066497880004,0,English,False,,,,,,1
M1846589,1846589,Hunter Killer,Action,2018.0,3.32,137,121,4.927253685157205,0,Other,False,Donovan Marsh,United Kingdom,40000000.0,31676128.0,58000.0,1
M1847731,1847731,Tomboy,Drama,2011.0,3.62,20,91,3.044522437723423,0,Other,False,Herb Freed,United States,,14100000.0,1400.0,1
M1847746,1847746,Wakolda,Drama,2013.0,3.44,24,109,3.2188758248682006,0,English,False,,,,,,1
M1850397,1850397,The Loft,Thriller,2014.0,3.37,179,108,5.19295685089021,0,Other,False,Erik Van Looy,Belgium,14000000.0,11020402.0,53000.0,1
M1850419,1850419,Fasle kargadan,Drama,2012.0,3.5,11,109,2.4849066497880004,0,English,False,,,,,,1
M1850457,1850457,Sisters,Comedy,2015.0,3.14,177,118,5.181783550292085,0,Other,False,Jason Moore,United States,30000000.0,105011053.0,64000.0,1
M1852770,1852770,Dracula,Horror,2012.0,1.73,11,128,2.4849066497880004,0,Other,False,Francis Ford Coppola,United Kingdom,40000000.0,215862692.0,199000.0,1
M1853563,1853563,Foo Fighters: Back and Forth,Documentary,2011.0,4.36,11,102,2.4849066497880004,0,English,False,,,,,,1
M1853614,1853614,Momo e no tegami,Animation,2011.0,3.76,17,91,2.8903717578961645,0,English,False,,,,,,1
M1853643,1853643,Why Stop Now,Comedy,2012.0,2.38,12,100,2.5649493574615367,0,English,False,,,,,,1
M1853728,1853728,Django Unchained,Drama,2012.0,4.26,1392,165,7.239214973779806,0,Other,False,Quentin Tarantino,United States,100000000.0,426074373.0,1400000.0,1
M1853739,1853739,You&x27;re Next,Action,2011.0,3.32,368,107,5.910796644040527,0,English,False,,,,,,1
M1854236,1854236,Den skaldede frisør,Comedy,2012.0,3.36,44,100,3.8066624897703196,0,English,False,,,,,,1
M1854513,1854513,Blancanieves,Drama,2012.0,3.9,29,109,3.4011973816621555,0,English,False,,,,,,1
M1854564,1854564,Percy Jackson: Sea of Monsters,Adventure,2013.0,3.01,271,106,5.605802066295998,0,Other,False,Thor Freudenthal,United States,90000000.0,199850315.0,113000.0,1
M1855199,1855199,End of Watch,Action,2012.0,3.89,464,109,6.142037405587356,0,Other,False,David Ayer,United States,7000000.0,55078146.0,233000.0,1
M1855236,1855236,Just Like a Woman,Drama,2012.0,2.9,10,109,2.3978952727983707,0,English,False,,,,,,1
M1855325,1855325,Resident Evil: Retribution,Action,2012.0,2.81,88,95,4.48863636973214,0,Other,False,Paul W.S. Anderson,Germany,65000000.0,240159255.0,136000.0,1
M1856101,1856101,Blade Runner 2049,Drama,2017.0,4.0,685,164,6.530877627725885,0,Other,False,Denis Villeneuve,United States,150000000.0,259334548.0,486000.0,1
M1858481,1858481,Last Passenger,Action,2013.0,2.73,28,107,3.367295829986474,0,English,False,,,,,,1
M1859446,1859446,Alpeis,Drama,2011.0,3.27,11,109,2.4849066497880004,0,English,False,,,,,,1
M1859650,1859650,To Rome with Love,Comedy,2012.0,3.3,111,112,4.718498871295094,0,Other,False,Woody Allen,United States,,73244881.0,86000.0,1
M1860213,1860213,Dirty Grandpa,Comedy,2016.0,3.06,247,102,5.5134287461649825,0,Other,False,Dan Mazer,United States,25000000.0,94073028.0,117000.0,1
M1860238,1860238,Goddess,Comedy,2013.0,3.0,11,100,2.4849066497880004,0,English,False,,,,,,1
M1860242,1860242,The Highwaymen,Biography,2019.0,3.54,159,117,5.075173815233827,0,English,False,,,,,,1
M1860353,1860353,Turbo,Animation,2013.0,3.3,230,96,5.442417710521793,0,Other,False,David Soren,United States,135000000.0,282570682.0,88000.0,1
M1860355,1860355,Undefeated,Documentary,2011.0,4.23,32,102,3.4965075614664802,0,English,False,,,,,,1
M1860357,1860357,Deepwater Horizon,Action,2016.0,3.72,528,107,6.270988431858299,0,Other,False,Peter Berg,United States,110000000.0,121790373.0,157000.0,1
M1862079,1862079,Safety Not Guaranteed,Comedy,2012.0,3.55,175,86,5.170483995038151,0,Other,False,Colin Trevorrow,United States,750000.0,4424699.0,122000.0,1
M1863201,1863201,Dark Circles,Horror,2013.0,2.12,16,96,2.833213344056216,0,English,False,,,,,,1
M1865425,1865425,Kumaré,Documentary,2011.0,4.27,15,102,2.772588722239781,0,English,False,,,,,,1
M1865505,1865505,Song of the Sea,Animation,2014.0,4.13,98,93,4.59511985013459,0,Other,False,Tomm Moore,Ireland,,4190884.0,54000.0,1
M1865567,1865567,Wrong Turn 4: Bloody Beginnings,Horror,2011.0,2.5,18,96,2.9444389791664403,0,English,False,,,,,,1
M1866249,1866249,The Sessions,Biography,2012.0,3.7,126,95,4.844187086458591,0,Other,False,Ben Lewin,United States,1000000.0,10656155.0,42000.0,1
M1867093,1867093,The Samaritan,Crime,2012.0,2.82,11,109,2.4849066497880004,0,English,False,,,,,,1
M1869347,1869347,Crooked House,Crime,2017.0,3.15,51,109,3.9512437185814275,0,English,False,,,,,,1
M1869716,1869716,The East,Adventure,2013.0,3.49,211,116,5.356586274672012,0,Other,False,Zal Batmanglij,United Kingdom,6500000.0,2891812.0,49000.0,1
M1870419,1870419,Hatchet III,Action,2013.0,3.12,29,107,3.4011973816621555,0,English,False,,,,,,1
M1870529,1870529,Won't Back Down,Drama,2012.0,3.53,15,109,2.772588722239781,0,English,False,,,,,,1
M1872181,1872181,The Amazing Spider-Man 2,Action,2014.0,3.6,1160,142,7.057036981697891,0,Other,False,Marc Webb,United States,200000000.0,708982323.0,427000.0,1
M1872194,1872194,The Judge,Crime,2014.0,3.91,806,141,6.693323668269949,0,Other,False,David Dobkin,United States,50000000.0,84419388.0,183000.0,1
M1872818,1872818,Liberal Arts,Comedy,2012.0,3.69,68,97,4.23410650459726,0,Other,False,Josh Radnor,United States,2000000.0,1150681.0,37000.0,1
M1876277,1876277,Into the White,Action,2012.0,3.67,33,104,3.5263605246161616,0,Other,False,Petter Næss,Norway,,712216.0,20000.0,1
M1877832,1877832,X-Men: Days of Future Past,Action,2014.0,4.14,1591,132,7.3727463664043285,0,Other,False,Bryan Singer,United States,200000000.0,746045700.0,673000.0,1
M1878841,1878841,The Darkness,Horror,2016.0,2.27,24,96,3.2188758248682006,0,English,False,,,,,,1
M1878870,1878870,The Edge of Seventeen,Comedy,2016.0,3.8,320,104,5.771441123130016,0,Other,False,Kelly Fremon Craig,United States,9000000.0,19370020.0,110000.0,1
M1878942,1878942,Date and Switch,Comedy,2014.0,2.93,14,100,2.70805020110221,0,English,False,,,,,,1
M1879032,1879032,Rapture-Palooza,Comedy,2013.0,2.98,28,100,3.367295829986474,0,English,False,,,,,,1
M1880399,1880399,Kodachrome,Drama,2017.0,3.72,18,109,2.9444389791664403,0,English,False,,,,,,1
M1881002,1881002,Maggie,Drama,2015.0,2.81,110,95,4.709530201312334,0,Other,False,Henry Hobson,United States,,1663165.0,43000.0,1
M1883180,1883180,En duva satt på en gren och funderade på tillvaron,Comedy,2014.0,3.41,34,100,3.5553480614894135,0,English,False,,,,,,1
M1884457,1884457,The Package,Action,2012.0,2.5,13,108,2.6390573296152584,0,Other,False,Andrew Davis,United States,18000000.0,10647219.0,9100.0,1
M1885300,1885300,Best Man Down,Comedy,2012.0,3.21,29,100,3.4011973816621555,0,English,False,,,,,,1
M1886493,1886493,Catch .44,Action,2011.0,2.58,20,107,3.044522437723423,0,English,False,,,,,,1
M1891884,1891884,Once Upon Ay Time in Mumbai Dobaara!,Action,2013.0,2.4,10,107,2.3978952727983707,0,English,False,,,,,,1
M1893256,1893256,Hummingbird,Action,2013.0,3.18,236,107,5.4680601411351315,0,English,False,,,,,,1
M1893273,1893273,The Last Letter from Your Lover,Drama,2021.0,3.27,13,109,2.6390573296152584,0,English,False,,,,,,1
M1894476,1894476,How I Live Now,Romance,2013.0,3.16,102,101,4.634728988229636,0,Other,False,Kevin Macdonald,United Kingdom,8000000.0,925762.0,29000.0,1
M1895315,1895315,Brimstone,Drama,2016.0,3.67,105,109,4.663439094112067,0,English,False,,,,,,1
M1895587,1895587,Spotlight,Crime,2015.0,4.08,1197,129,7.088408778675395,0,Other,False,Tom McCarthy,United States,20000000.0,98690254.0,435000.0,1
M1899353,1899353,Serbuan maut,Action,2011.0,3.84,236,107,5.4680601411351315,0,English,False,,,,,,1
M1901024,1901024,True Crimes,Crime,2016.0,2.26,17,109,2.8903717578961645,0,English,False,,,,,,1
M1901040,1901040,Wrong,Comedy,2012.0,3.38,17,100,2.8903717578961645,0,English,False,,,,,,1
M1904996,1904996,Parker,Action,2013.0,3.16,339,118,5.8289456176102075,0,Other,False,Taylor Hackford,United States,35000000.0,46922566.0,118000.0,1
M1905040,1905040,The Dyatlov Pass Incident,Horror,2013.0,2.71,77,96,4.356708826689592,0,English,False,,,,,,1
M1905041,1905041,Fast & Furious 6,Action,2013.0,3.67,1078,130,6.983789965258135,0,Other,False,Justin Lin,United States,160000000.0,788680968.0,377000.0,1
M1906329,1906329,As Cool as I Am,Comedy,2013.0,3.0,15,100,2.772588722239781,0,English,False,,,,,,1
M1907668,1907668,Flight,Drama,2012.0,3.7,665,138,6.501289670540389,0,Other,False,Robert Zemeckis,United States,31000000.0,161772375.0,334000.0,1
M1907779,1907779,The Dinosaur Project,Action,2012.0,2.46,13,107,2.6390573296152584,0,English,False,,,,,,1
M1911553,1911553,Comme un chef,Comedy,2012.0,3.42,30,100,3.4339872044851463,0,English,False,,,,,,1
M1911644,1911644,The Call,Crime,2013.0,3.55,609,94,6.413458957167357,0,Other,False,Brad Anderson,United States,13000000.0,68572631.0,115000.0,1
M1911658,1911658,Penguins of Madagascar,Animation,2014.0,3.35,142,92,4.962844630259907,0,Other,False,Eric Darnell,United States,132000000.0,373515621.0,83000.0,1
M1911662,1911662,Vehicle 19,Action,2013.0,2.66,57,107,4.060443010546419,0,English,False,,,,,,1
M1912398,1912398,God Bless America,Adventure,2011.0,3.74,53,105,3.9889840465642745,0,English,False,,,,,,1
M1913166,1913166,Nurse 3-D,Horror,2013.0,2.48,27,96,3.332204510175204,0,English,False,,,,,,1
M1915581,1915581,Magic Mike,Comedy,2012.0,3.09,127,110,4.852030263919617,0,Other,False,Steven Soderbergh,United States,7000000.0,167739961.0,134000.0,1
M1920849,1920849,Bachelorette,Comedy,2012.0,2.64,83,87,4.430816798843313,0,Other,False,Leslye Headland,United States,3000000.0,12128575.0,46000.0,1
M1920945,1920945,Good Vibrations,Biography,2012.0,3.66,31,117,3.4657359027997265,0,English,False,,,,,,1
M1921064,1921064,Pompeii,Action,2014.0,2.89,383,105,5.950642552587727,0,Other,False,Paul W.S. Anderson,Canada,100000000.0,117831631.0,108000.0,1
M1921070,1921070,Pusher,Crime,2012.0,2.71,19,110,2.995732273553991,0,Other,False,Nicolas Winding Refn,Denmark,,1605.0,37000.0,1
M1921149,1921149,Trash,Adventure,2014.0,3.61,72,105,4.290459441148391,0,English,False,,,,,,1
M1922685,1922685,Phantom,Drama,2013.0,2.95,48,109,3.8918202981106265,0,English,False,,,,,,1
M1922777,1922777,Sinister,Horror,2012.0,3.38,326,110,5.7899601708972535,0,Other,False,Scott Derrickson,United States,3000000.0,82515113.0,229000.0,1
M1924245,1924245,Cry Macho,Drama,2021.0,2.67,12,109,2.5649493574615367,0,English,False,,,,,,1
M1924394,1924394,The Angels&x27; Share,Comedy,2012.0,3.42,45,100,3.828641396489095,0,English,False,,,,,,1
M1924396,1924396,La migliore offerta,Crime,2013.0,4.05,499,109,6.214608098422191,0,English,False,,,,,,1
M1924429,1924429,Trance,Crime,2013.0,3.64,595,101,6.39024066706535,0,Other,False,Danny Boyle,United Kingdom,20000000.0,24261569.0,111000.0,1
M1924435,1924435,Let's Be Cops,Comedy,2014.0,3.34,435,104,6.077642243349034,0,Other,False,Luke Greenfield,United States,17000000.0,138224951.0,129000.0,1
M1925421,1925421,Elena,Crime,2011.0,3.9,26,109,3.295836866004329,0,English,False,,,,,,1
M1925431,1925431,Fire with Fire,Action,2012.0,2.81,47,103,3.871201010907891,0,Other,False,Duncan Gibbins,United States,,4636169.0,1500.0,1
M1925435,1925435,Frankenstein's Army,Horror,2013.0,2.78,25,96,3.258096538021482,0,English,False,,,,,,1
M1925479,1925479,Officer Down,Crime,2013.0,2.94,17,109,2.8903717578961645,0,English,False,,,,,,1
M1928330,1928330,Bad Ass,Action,2012.0,2.86,18,107,2.9444389791664403,0,English,False,,,,,,1
M1928337,1928337,Mine Games,Horror,2012.0,2.8,10,96,2.3978952727983707,0,English,False,,,,,,1
M1928340,1928340,After the Dark,Drama,2013.0,2.73,35,109,3.58351893845611,0,English,False,,,,,,1
M1929263,1929263,Heaven Is for Real,Biography,2014.0,3.34,80,99,4.394449154672439,0,Other,False,Randall Wallace,United States,12000000.0,101982712.0,26000.0,1
M1929308,1929308,Magic Magic,Drama,2013.0,2.54,26,109,3.295836866004329,0,English,False,,,,,,1
M1930294,1930294,Black Rock,Horror,2012.0,2.54,36,96,3.6109179126442243,0,English,False,,,,,,1
M1930546,1930546,Arthur Newman,Drama,2012.0,2.79,26,109,3.295836866004329,0,English,False,,,,,,1
M1931388,1931388,Beware of Mr. Baker,Documentary,2012.0,3.91,11,102,2.4849066497880004,0,English,False,,,,,,1
M1931435,1931435,The Big Wedding,Comedy,2013.0,2.85,178,89,5.187385805840755,0,Other,False,Justin Zackham,United States,35000000.0,46522137.0,48000.0,1
M1931533,1931533,Seven Psychopaths,Comedy,2012.0,3.6,453,110,6.118097198041348,0,Other,False,Martin McDonagh,United Kingdom,15000000.0,32226382.0,246000.0,1
M1931602,1931602,Very Good Girls,Drama,2013.0,3.04,27,109,3.332204510175204,0,English,False,,,,,,1
M1932718,1932718,Thanks for Sharing,Comedy,2012.0,3.27,97,112,4.584967478670572,0,Other,False,Stuart Blumberg,United States,,3499442.0,27000.0,1
M1932767,1932767,What Maisie Knew,Drama,2012.0,3.75,132,99,4.890349128221754,0,Other,False,Scott McGehee,United States,6000000.0,2711379.0,27000.0,1
M1934205,1934205,Ce que le jour doit à la nuit,Drama,2012.0,4.55,21,109,3.091042453358316,0,English,False,,,,,,1
M1935065,1935065,Not Suitable for Children,Comedy,2012.0,2.7,10,100,2.3978952727983707,0,English,False,,,,,,1
M1935089,1935089,Blind,Drama,2016.0,3.54,12,109,2.5649493574615367,0,English,False,,,,,,1
M1935156,1935156,Jodorowsky's Dune,Documentary,2013.0,4.12,55,102,4.02535169073515,0,English,False,,,,,,1
M1935179,1935179,Mud,Drama,2012.0,3.77,669,130,6.507277712385012,0,Other,False,Jeff Nichols,United States,10000000.0,32613173.0,172000.0,1
M1935194,1935194,Overdrive,Action,2017.0,2.98,27,107,3.332204510175204,0,English,False,,,,,,1
M1935302,1935302,Monsters: Dark Continent,Action,2014.0,1.85,13,107,2.6390573296152584,0,English,False,,,,,,1
M1935859,1935859,Miss Peregrine's Home for Peculiar Children,Adventure,2016.0,3.49,308,127,5.733341276897746,0,Other,False,Tim Burton,United States,110000000.0,296482446.0,160000.0,1
M1935896,1935896,The ABCs of Death,Comedy,2012.0,2.32,44,129,3.8066624897703196,0,Other,False,Directors,United States,,23589.0,18000.0,1
M1935897,1935897,Amityville: The Awakening,Horror,2017.0,2.35,17,87,2.8903717578961645,0,Other,False,Franck Khalfoun,United States,,8481997.0,13000.0,1
M1935902,1935902,The Brass Teapot,Comedy,2012.0,3.39,33,101,3.5263605246161616,0,Other,False,Ramaa Mosley,United States,900000.0,245027.0,15000.0,1
M1935914,1935914,Los últimos días,Adventure,2013.0,3.28,20,105,3.044522437723423,0,English,False,,,,,,1
M1935940,1935940,Get Santa,Comedy,2014.0,3.31,18,100,2.9444389791664403,0,English,False,,,,,,1
M1937118,1937118,Casse-tête chinois,Comedy,2013.0,3.4,31,100,3.4657359027997265,0,English,False,,,,,,1
M1937149,1937149,El cuerpo,Thriller,2012.0,4.11,289,102,5.66988092298052,0,English,False,,,,,,1
M1937264,1937264,Now Is Good,Drama,2012.0,3.65,84,109,4.442651256490317,0,English,False,,,,,,1
M1937390,1937390,Nymphomaniac: Vol. I,Drama,2013.0,3.64,244,117,5.501258210544727,0,Other,False,Lars von Trier,Denmark,,13551156.0,119000.0,1
M1937449,1937449,At Any Price,Drama,2012.0,2.82,14,109,2.70805020110221,0,English,False,,,,,,1
M1939659,1939659,Carrie,Drama,2013.0,3.07,518,100,6.251903883165888,0,Other,False,Kimberly Peirce,United States,30000000.0,84790678.0,135000.0,1
M1942884,1942884,Indie Game: The Movie,Documentary,2012.0,4.02,48,102,3.8918202981106265,0,English,False,,,,,,1
M1942989,1942989,The Citizen,Drama,2012.0,3.59,17,109,2.8903717578961645,0,English,False,,,,,,1
M1945044,1945044,Backmask,Horror,2015.0,2.24,17,96,2.8903717578961645,0,English,False,,,,,,1
M1945062,1945062,About Cherry,Drama,2012.0,2.27,13,98,2.6390573296152584,0,Other,False,Stephen Elliott,United States,2500000.0,8315.0,10000.0,1
M1945084,1945084,Everly,Action,2014.0,2.62,44,107,3.8066624897703196,0,English,False,,,,,,1
M1950186,1950186,Ford v Ferrari,Action,2019.0,4.27,989,152,6.897704943128636,0,Other,False,James Mangold,United States,97600000.0,225508210.0,323000.0,1
M1950235,1950235,Let It Snow,Comedy,2019.0,2.92,18,100,2.9444389791664403,0,English,False,,,,,,1
M1951166,1951166,Le capital,Drama,2012.0,3.22,16,109,2.833213344056216,0,English,False,,,,,,1
M1951181,1951181,The Immigrant,Drama,2013.0,3.41,114,120,4.74493212836325,0,Other,False,James Gray,United States,16000000.0,5952884.0,31000.0,1
M1951216,1951216,The Look of Love,Biography,2013.0,3.07,50,117,3.9318256327243257,0,English,False,,,,,,1
M1951261,1951261,The Hangover Part III,Adventure,2013.0,3.02,982,100,6.890609120147166,0,Other,False,Todd Phillips,United States,103000000.0,362000072.0,299000.0,1
M1951264,1951264,The Hunger Games: Catching Fire,Action,2013.0,3.92,1629,146,7.396335293800808,0,Other,False,Francis Lawrence,United States,130000000.0,865011746.0,626000.0,1
M1951265,1951265,The Hunger Games: Mockingjay - Part 1,Action,2014.0,3.34,467,123,6.148468295917647,0,Other,False,Francis Lawrence,United States,125000000.0,755356711.0,424000.0,1
M1951266,1951266,The Hunger Games: Mockingjay - Part 2,Action,2015.0,3.37,573,137,6.352629396319567,0,Other,False,Francis Lawrence,United States,160000000.0,658344137.0,297000.0,1
M1954315,1954315,Borgman,Drama,2013.0,3.45,41,109,3.7376696182833684,0,English,False,,,,,,1
M1954470,1954470,Gangs of Wasseypur,Action,2012.0,4.19,13,107,2.6390573296152584,0,English,False,,,,,,1
M1954701,1954701,Oh Boy,Comedy,2012.0,3.74,40,100,3.713572066704308,0,English,False,,,,,,1
M1956620,1956620,Sex Tape,Comedy,2014.0,2.63,249,94,5.521460917862246,0,Other,False,Jake Kasdan,United States,40000000.0,126069509.0,109000.0,1
M1959332,1959332,American Mary,Drama,2012.0,3.32,62,109,4.143134726391533,0,English,False,,,,,,1
M1959438,1959438,Kiss of the Damned,Drama,2012.0,3.34,16,109,2.833213344056216,0,English,False,,,,,,1
M1959490,1959490,Noah,Action,2014.0,2.96,813,138,6.70196036600254,0,Other,False,Darren Aronofsky,United States,125000000.0,359200044.0,246000.0,1
M1959563,1959563,The Hitman's Bodyguard,Action,2017.0,3.6,661,118,6.495265555937008,0,Other,False,Patrick Hughes,United States,30000000.0,176600207.0,203000.0,1
M1961175,1961175,American Assassin,Action,2017.0,3.12,144,111,4.976733742420574,0,Other,False,Michael Cuesta,United States,33000000.0,67234188.0,75000.0,1
M1961675,1961675,Yeralti,Drama,2012.0,3.86,11,109,2.4849066497880004,0,English,False,,,,,,1
M1964418,1964418,Disney Project T,Action,2015.0,3.35,402,107,5.998936561946683,0,English,False,,,,,,1
M1964624,1964624,Dans la maison,Comedy,2012.0,3.84,95,100,4.564348191467836,0,English,False,,,,,,1
M1965065,1965065,Save the Date,Comedy,2012.0,2.88,12,100,2.5649493574615367,0,English,False,,,,,,1
M1965162,1965162,Boys of Abu Ghraib,Drama,2014.0,2.83,15,109,2.772588722239781,0,English,False,,,,,,1
M1966359,1966359,Father Figures,Adventure,2017.0,2.69,27,113,3.332204510175204,0,Other,False,Lawrence Sher,United States,25000000.0,25601244.0,19000.0,1
M1966566,1966566,Stalingrad,Action,2013.0,3.0,31,134,3.4657359027997265,0,Other,False,Joseph Vilsmaier,Germany,,152972.0,32000.0,1
M1966604,1966604,The Imposter,Documentary,2012.0,3.86,146,102,4.990432586778736,0,English,False,,,,,,1
M1967545,1967545,Labor Day,Drama,2013.0,3.62,187,111,5.236441962829949,0,Other,False,Jason Reitman,United States,18000000.0,20275812.0,44000.0,1
M1969062,1969062,Infinitely Polar Bear,Comedy,2014.0,3.72,34,100,3.5553480614894135,0,English,False,,,,,,1
M1971325,1971325,Autómata,Action,2014.0,3.04,108,107,4.6913478822291435,0,English,False,,,,,,1
M1971352,1971352,Compliance,Biography,2012.0,3.1,91,90,4.5217885770490405,0,Other,False,Craig Zobel,United States,270000.0,592116.0,33000.0,1
M1972571,1972571,A Most Wanted Man,Crime,2014.0,3.5,257,122,5.552959584921617,0,Other,False,Anton Corbijn,United Kingdom,15000000.0,36233517.0,74000.0,1
M1972591,1972591,King Arthur: Legend of the Sword,Action,2017.0,3.56,491,126,6.198478716492308,0,Other,False,Guy Ritchie,United Kingdom,175000000.0,148675066.0,200000.0,1
M1972663,1972663,Into the Abyss,Documentary,2011.0,3.52,21,102,3.091042453358316,0,English,False,,,,,,1
M1972779,1972779,The Best of Me,Drama,2014.0,3.47,141,118,4.955827057601261,0,Other,False,Michael Hoffman,United States,26000000.0,38609668.0,68000.0,1
M1974419,1974419,The Neon Demon,Horror,2016.0,3.14,203,117,5.318119993844216,0,Other,False,Nicolas Winding Refn,United States,7000000.0,3377430.0,87000.0,1
M1974420,1974420,Rules Don't Apply,Comedy,2016.0,2.94,18,127,2.9444389791664403,0,Other,False,Warren Beatty,United States,25000000.0,3885342.0,10000.0,1
M1975159,1975159,7500,Horror,2014.0,2.26,58,96,4.07753744390572,0,English,False,,,,,,1
M1976000,1976000,The Two Faces of January,Romance,2014.0,3.15,94,112,4.553876891600541,0,English,False,,,,,,1
M1976009,1976009,Victor Frankenstein,Drama,2015.0,3.04,106,110,4.672828834461906,0,Other,False,Paul McGuigan,United Kingdom,65000000.0,34227298.0,54000.0,1
M1976989,1976989,Love and Honor,Drama,2013.0,2.94,17,109,2.8903717578961645,0,English,False,,,,,,1
M1977895,1977895,Resolution,Horror,2012.0,3.03,15,96,2.772588722239781,0,English,False,,,,,,1
M1978532,1978532,Someone Marry Barry,Comedy,2014.0,3.44,24,100,3.2188758248682006,0,English,False,,,,,,1
M1979319,1979319,Rurôni Kenshin: Meiji kenkaku roman tan,Action,2012.0,3.7,27,107,3.332204510175204,0,English,False,,,,,,1
M1979320,1979320,Rush,Action,2013.0,4.18,1494,120,7.3098814858247865,0,Other,False,Lili Fini Zanuck,United States,17000000.0,7241350.0,8200.0,1
M1979376,1979376,Toy Story 4,Animation,2019.0,4.2,540,100,6.293419278846481,0,Other,False,Josh Cooley,United States,200000000.0,1073394593.0,217000.0,1
M1979388,1979388,The Good Dinosaur,Animation,2015.0,3.57,255,93,5.545177444479562,0,Other,False,Peter Sohn,United States,200000000.0,332207671.0,106000.0,1
M1980209,1980209,Pain &amp; Gain,Action,2013.0,3.24,763,107,6.638567789166521,0,English,False,,,,,,1
M1980929,1980929,Begin Again,Comedy,2013.0,3.89,628,104,6.444131256700441,0,Other,False,John Carney,United States,8000000.0,65652908.0,147000.0,1
M1981107,1981107,The Young and Prodigious T.S. Spivet,Action,2013.0,3.7,42,107,3.7612001156935624,0,English,False,,,,,,1
M1981115,1981115,Thor: The Dark World,Action,2013.0,3.67,1472,112,7.29505641646263,0,Other,False,Alan Taylor,United States,170000000.0,644783140.0,618000.0,1
M1981128,1981128,Geostorm,Action,2017.0,2.91,227,109,5.429345628954441,0,Other,False,Dean Devlin,United States,120000000.0,221600160.0,99000.0,1
M1981140,1981140,Wasteland,Crime,2012.0,3.0,13,109,2.6390573296152584,0,English,False,,,,,,1
M1981677,1981677,Pitch Perfect,Comedy,2012.0,3.67,331,112,5.805134968916488,0,Other,False,Jason Moore,United States,17000000.0,115350426.0,285000.0,1
M1984153,1984153,Excision,Drama,2012.0,2.81,13,109,2.6390573296152584,0,English,False,,,,,,1
M1985019,1985019,Austenland,Comedy,2013.0,3.11,33,97,3.5263605246161616,0,Other,False,Jerusha Hess,United Kingdom,,2313509.0,20000.0,1
M1985949,1985949,Angry Birds,Animation,2016.0,3.21,187,91,5.236441962829949,0,English,False,,,,,,1
M1985966,1985966,Cloudy with a Chance of Meatballs 2,Animation,2013.0,3.3,203,95,5.318119993844216,0,Other,False,Cody Cameron,United States,78000000.0,274325949.0,94000.0,1
M1986953,1986953,Storage 24,Action,2012.0,2.32,19,107,2.995732273553991,0,English,False,,,,,,1
M1986994,1986994,The Wicked,Fantasy,2013.0,1.68,11,96,2.4849066497880004,0,English,False,,,,,,1
M1987680,1987680,The Upside,Comedy,2017.0,3.61,146,126,4.990432586778736,0,Other,False,Neil Burger,United States,37500000.0,125856180.0,49000.0,1
M1988621,1988621,Exists,Action,2014.0,2.59,22,107,3.1354942159291497,0,English,False,,,,,,1
M1989475,1989475,Chained,Crime,2012.0,2.95,31,109,3.4657359027997265,0,English,False,,,,,,1
M1990181,1990181,Brake,Thriller,2012.0,3.08,31,102,3.4657359027997265,0,English,False,,,,,,1
M1990314,1990314,Robot &amp; Frank,Comedy,2012.0,3.61,179,100,5.19295685089021,0,English,False,,,,,,1
M1991245,1991245,Chernobyl Diaries,Horror,2012.0,2.54,108,86,4.6913478822291435,0,Other,False,Bradley Parker,United States,1000000.0,38390020.0,65000.0,1
M1992258,1992258,Tower Block,Thriller,2012.0,3.34,22,102,3.1354942159291497,0,English,False,,,,,,1
M1995341,1995341,It's a Disaster,Comedy,2012.0,3.36,36,100,3.6109179126442243,0,English,False,,,,,,1
M1995390,1995390,Our Kind of Traitor,Crime,2016.0,3.11,66,108,4.204692619390966,0,Other,False,Susanna White,United Kingdom,,10711027.0,21000.0,1
M1996264,1996264,"For a Good Time, Call...",Comedy,2012.0,3.28,20,85,3.044522437723423,0,Other,False,Jamie Travis,United States,850000.0,1386088.0,16000.0,1
M1996310,1996310,Lore,Drama,2012.0,3.56,48,109,3.8918202981106265,0,Other,False,Cate Shortland,Australia,,2362019.0,15000.0,1
M1999890,1999890,Hell Fest,Horror,2018.0,2.9,24,89,3.2188758248682006,0,Other,False,Gregory Plotkin,United States,5500000.0,18160930.0,15000.0,1
M1999987,1999987,Breathe In,Drama,2013.0,3.27,49,98,3.912023005428146,0,Other,False,Drake Doremus,United States,,500207.0,14000.0,1
M1999995,1999995,Would You Rather,Horror,2012.0,2.98,105,96,4.663439094112067,0,English,False,,,,,,1
M2002718,2002718,Machete Kills,Action,2013.0,2.99,231,107,5.44673737166631,0,Other,False,Robert Rodriguez,United States,20000000.0,17496820.0,76000.0,1
M2004420,2004420,Neighbors,Comedy,2014.0,3.26,724,94,6.586171654854675,0,Other,False,John G. Avildsen,United States,8500000.0,29916207.0,7600.0,1
M2004432,2004432,Wolf Creek 2,Action,2013.0,3.16,54,107,4.007333185232471,0,English,False,,,,,,1
M2005151,2005151,War Dogs,Comedy,2016.0,3.62,573,114,6.352629396319567,0,Other,False,Todd Phillips,United States,40000000.0,86234523.0,188000.0,1
M2005374,2005374,The Frozen Ground,Crime,2013.0,3.25,237,109,5.472270673671475,0,English,False,,,,,,1
M2006040,2006040,A Fantastic Fear of Everything,Comedy,2012.0,2.73,37,100,3.6375861597263857,0,English,False,,,,,,1
M2006295,2006295,The 33,Biography,2015.0,3.62,204,127,5.3230099791384085,0,Other,False,Patricia Riggen,Chile,26000000.0,27972023.0,37000.0,1
M2007360,2007360,Computer Chess,Comedy,2013.0,3.06,16,100,2.833213344056216,0,English,False,,,,,,1
M2011159,2011159,No Good Deed,Action,2014.0,3.04,99,97,4.605170185988092,0,Other,False,Bob Rafelson,Germany,12000000.0,1440653.0,7100.0,1
M2011276,2011276,The Banshee Chapter,Horror,2013.0,2.98,25,96,3.258096538021482,0,English,False,,,,,,1
M2011311,2011311,The Outsider,Crime,2018.0,2.91,41,109,3.7376696182833684,0,English,False,,,,,,1
M2011953,2011953,Keep the Lights On,Drama,2012.0,3.75,16,109,2.833213344056216,0,English,False,,,,,,1
M2011971,2011971,Monsieur Lazhar,Comedy,2011.0,3.76,38,100,3.6635616461296463,0,English,False,,,,,,1
M2012011,2012011,Scenic Route,Drama,2013.0,3.53,34,109,3.5553480614894135,0,English,False,,,,,,1
M2013293,2013293,Kaze tachinu,Animation,2013.0,3.93,186,91,5.231108616854587,0,English,False,,,,,,1
M2014338,2014338,Side by Side,Documentary,2012.0,3.81,43,102,3.784189633918261,0,English,False,,,,,,1
M2015381,2015381,Guardians of the Galaxy,Action,2014.0,4.05,1495,121,7.310550158534422,0,Other,False,James Gunn,United States,170000000.0,773350147.0,1100000.0,1
M2016940,2016940,Man of Tai Chi,Action,2013.0,2.93,99,105,4.605170185988092,0,Other,False,Keanu Reeves,United States,25000000.0,5464885.0,36000.0,1
M2017020,2017020,The Smurfs 2,Animation,2013.0,2.92,127,105,4.852030263919617,0,Other,False,Raja Gosnell,United States,105000000.0,347545360.0,39000.0,1
M2017038,2017038,All Is Lost,Action,2013.0,3.44,378,106,5.937536205082426,0,Other,False,J.C. Chandor,United States,9000000.0,13627519.0,78000.0,1
M2017561,2017561,Xi You Jiang Mo Pian,Action,2013.0,3.38,13,107,2.6390573296152584,0,English,False,,,,,,1
M2018086,2018086,"Camille Claudel, 1915",Biography,2013.0,3.55,11,117,2.4849066497880004,0,English,False,,,,,,1
M2023453,2023453,Diary of a Wimpy Kid: Dog Days,Comedy,2012.0,3.15,20,94,3.044522437723423,0,Other,False,David Bowers,United States,22000000.0,77229695.0,23000.0,1
M2023587,2023587,Mama,Horror,2013.0,3.08,469,100,6.152732694704104,0,Other,False,Andy Muschietti,Canada,15000000.0,146428180.0,172000.0,1
M2023690,2023690,Sightseers,Adventure,2012.0,3.45,106,88,4.672828834461906,0,Other,False,Ben Wheatley,United Kingdom,,2122909.0,27000.0,1
M2024432,2024432,Identity Thief,Adventure,2013.0,2.97,446,111,6.102558594613569,0,Other,False,Seth Gordon,United States,35000000.0,173965010.0,128000.0,1
M2024469,2024469,Non-Stop,Action,2014.0,3.64,1044,106,6.951772164398911,0,Other,False,Jaume Collet-Serra,United Kingdom,50000000.0,222809600.0,254000.0,1
M2024506,2024506,Straight A's,Comedy,2013.0,2.68,14,100,2.70805020110221,0,English,False,,,,,,1
M2024519,2024519,The Broken Circle Breakdown,Drama,2012.0,4.01,148,111,5.003946305945459,0,Other,False,Felix van Groeningen,Belgium,,5990754.0,40000.0,1
M2024544,2024544,12 Years a Slave,Biography,2013.0,4.18,1713,134,7.446585099157725,0,Other,False,Steve McQueen,United States,20000000.0,187733202.0,657000.0,1
M2025667,2025667,Smiley,Comedy,2012.0,2.43,14,100,2.70805020110221,0,English,False,,,,,,1
M2025690,2025690,The Finest Hours,Action,2016.0,3.5,258,117,5.556828061699537,0,Other,False,Craig Gillespie,United States,80000000.0,52099090.0,63000.0,1
M2027064,2027064,Blue Caprice,Biography,2013.0,2.95,43,117,3.784189633918261,0,English,False,,,,,,1
M2027136,2027136,Kristy,Horror,2014.0,3.1,20,96,3.044522437723423,0,English,False,,,,,,1
M2027140,2027140,L'écume des jours,Comedy,2013.0,3.5,29,100,3.4011973816621555,0,English,False,,,,,,1
M2027231,2027231,Perfect Sisters,Crime,2014.0,2.81,18,109,2.9444389791664403,0,English,False,,,,,,1
M2032557,2032557,The Reluctant Fundamentalist,Drama,2012.0,3.61,69,130,4.248495242049359,0,Other,False,Mira Nair,United States,,2176576.0,14000.0,1
M2032572,2032572,USS Indianapolis: Men of Courage,Action,2016.0,3.09,29,107,3.4011973816621555,0,English,False,,,,,,1
M2034031,2034031,Laggies,Comedy,2014.0,3.21,77,99,4.356708826689592,0,Other,False,Lynn Shelton,United States,5000000.0,2379154.0,43000.0,1
M2034139,2034139,The Last Exorcism Part II,Drama,2013.0,2.21,78,109,4.3694478524670215,0,English,False,,,,,,1
M2034800,2034800,The Great Wall,Action,2016.0,3.08,277,103,5.627621113690637,0,Other,False,Yimou Zhang,United States,150000000.0,334933831.0,128000.0,1
M2035630,2035630,Starlet,Drama,2012.0,3.43,14,103,2.70805020110221,0,Other,False,Sean Baker,United States,,146222.0,7200.0,1
M2035670,2035670,The Wedding Video,Comedy,2012.0,3.15,10,100,2.3978952727983707,0,English,False,,,,,,1
M2039338,2039338,Flatliners,Drama,2017.0,2.73,90,115,4.51085950651685,0,Other,False,Joel Schumacher,United States,26000000.0,61489265.0,82000.0,1
M2039345,2039345,Grand Piano,Music,2013.0,2.94,58,90,4.07753744390572,0,English,False,,,,,,1
M2039393,2039393,The Gambler,Crime,2014.0,3.07,252,111,5.53338948872752,0,Other,False,Rupert Wyatt,United States,25000000.0,39280992.0,68000.0,1
M2040560,2040560,The Pact,Horror,2012.0,2.88,42,96,3.7612001156935624,0,English,False,,,,,,1
M2042568,2042568,Inside Llewyn Davis,Drama,2013.0,3.78,604,104,6.405228458030842,0,Other,False,Ethan Coen,United States,11000000.0,32960249.0,144000.0,1
M2042583,2042583,La jaula de oro,Drama,2013.0,3.78,16,109,2.833213344056216,0,English,False,,,,,,1
M2043933,2043933,Night Moves,Action,2013.0,2.75,42,107,3.7612001156935624,0,English,False,,,,,,1
M2044729,2044729,A Glimpse Inside the Mind of Charles Swan III,Comedy,2012.0,2.85,10,100,2.3978952727983707,0,English,False,,,,,,1
M2044801,2044801,Kite,Action,2014.0,2.28,16,107,2.833213344056216,0,English,False,,,,,,1
M2046090,2046090,Fin,Drama,2012.0,2.68,11,109,2.4849066497880004,0,English,False,,,,,,1
M2048770,2048770,I'll Follow You Down,Drama,2013.0,2.96,12,109,2.5649493574615367,0,English,False,,,,,,1
M2049543,2049543,Synchronicity,Drama,2015.0,2.46,12,109,2.5649493574615367,0,English,False,,,,,,1
M2050633,2050633,The Barrens,Horror,2012.0,1.79,12,96,2.5649493574615367,0,English,False,,,,,,1
M2051879,2051879,Europa Report,Drama,2013.0,3.17,146,90,4.990432586778736,0,Other,False,Sebastián Cordero,United States,,125687.0,68000.0,1
M2051894,2051894,Home Run,Drama,2013.0,3.25,12,109,2.5649493574615367,0,English,False,,,,,,1
M2053425,2053425,De rouille et d'os,Drama,2012.0,3.79,161,109,5.087596335232384,0,English,False,,,,,,1
M2053463,2053463,Side Effects,Crime,2013.0,3.58,763,106,6.638567789166521,0,Other,False,Steven Soderbergh,United States,30000000.0,63414135.0,183000.0,1
M2054790,2054790,Michael Kohlhaas,Drama,2013.0,3.08,12,109,2.5649493574615367,0,English,False,,,,,,1
M2055709,2055709,Penthouse North,Drama,2013.0,3.03,19,109,2.995732273553991,0,English,False,,,,,,1
M2055765,2055765,The English Teacher,Comedy,2013.0,2.81,43,100,3.784189633918261,0,English,False,,,,,,1
M2056771,2056771,A Bigger Splash,Drama,2015.0,3.2,62,125,4.143134726391533,0,Other,False,Luca Guadagnino,Italy,,7545758.0,28000.0,1
M2057392,2057392,Eye in the Sky,Drama,2015.0,3.73,306,102,5.726847747587197,0,Other,False,Gavin Hood,United Kingdom,13000000.0,35259653.0,81000.0,1
M2058107,2058107,The Railway Man,Biography,2013.0,3.61,188,117,5.241747015059643,0,English,False,,,,,,1
M2058673,2058673,Point Break,Action,2015.0,2.75,198,122,5.293304824724492,0,Other,False,Kathryn Bigelow,United States,24000000.0,83531958.0,166000.0,1
M2059171,2059171,13 Sins,Horror,2014.0,3.25,99,96,4.605170185988092,0,English,False,,,,,,1
M2059255,2059255,No,Drama,2012.0,3.8,81,109,4.406719247264253,0,English,False,,,,,,1
M2061702,2061702,Hotarubi no mori e,Animation,2011.0,4.22,32,91,3.4965075614664802,0,English,False,,,,,,1
M2061712,2061712,Interview with a Hitman,Action,2012.0,2.68,11,107,2.4849066497880004,0,English,False,,,,,,1
M2062700,2062700,Song to Song,Drama,2017.0,3.13,57,129,4.060443010546419,0,Other,False,Terrence Malick,United States,,1813453.0,20000.0,1
M2062969,2062969,L'enfant d'en haut,Crime,2012.0,3.08,12,109,2.5649493574615367,0,English,False,,,,,,1
M2063781,2063781,Smashed,Drama,2012.0,3.18,47,109,3.871201010907891,0,English,False,,,,,,1
M2064713,2064713,A Band Called Death,Documentary,2012.0,3.63,19,102,2.995732273553991,0,English,False,,,,,,1
M2064968,2064968,The Longest Week,Comedy,2014.0,2.56,27,100,3.332204510175204,0,English,False,,,,,,1
M2066051,2066051,Rocketman,Biography,2019.0,3.77,191,95,5.2574953720277815,0,Other,False,Stuart Gillard,United States,,15448043.0,9200.0,1
M2066176,2066176,Any Day Now,Drama,2012.0,3.86,18,109,2.9444389791664403,0,English,False,,,,,,1
M2070649,2070649,Do-ga-ni,Drama,2011.0,4.22,58,109,4.07753744390572,0,English,False,,,,,,1
M2070776,2070776,Populaire,Comedy,2012.0,3.63,35,100,3.58351893845611,0,English,False,,,,,,1
M2070862,2070862,Temptation: Confessions of a Marriage Counselor,Drama,2013.0,3.16,49,109,3.912023005428146,0,English,False,,,,,,1
M2071550,2071550,Open Grave,Horror,2013.0,3.0,78,96,4.3694478524670215,0,English,False,,,,,,1
M2072230,2072230,Shingeki no kyojin: Attack on Titan,Action,2015.0,2.45,22,107,3.1354942159291497,0,English,False,,,,,,1
M2072233,2072233,Sleepless,Action,2017.0,2.89,119,95,4.787491742782046,0,Other,False,Baran bo Odar,United States,30000000.0,32917353.0,31000.0,1
M2072933,2072933,Cottage Country,Comedy,2013.0,2.92,12,100,2.5649493574615367,0,English,False,,,,,,1
M2073016,2073016,Le fils de l'autre,Drama,2012.0,3.5,15,109,2.772588722239781,0,English,False,,,,,,1
M2073029,2073029,Marina Abramovic: The Artist Is Present,Documentary,2012.0,4.14,11,102,2.4849066497880004,0,English,False,,,,,,1
M2073086,2073086,Still Mine,Drama,2012.0,3.71,17,109,2.8903717578961645,0,English,False,,,,,,1
M2073121,2073121,The Suspect,Thriller,2013.0,2.4,10,102,2.3978952727983707,0,English,False,,,,,,1
M2076220,2076220,Holy Motors,Drama,2012.0,3.39,69,109,4.248495242049359,0,English,False,,,,,,1
M2076298,2076298,Yip Man 4,Action,2019.0,3.5,33,107,3.5263605246161616,0,English,False,,,,,,1
M2076822,2076822,Chaos Walking,Adventure,2021.0,2.73,24,105,3.2188758248682006,0,English,False,,,,,,1
M2076897,2076897,My Brother the Devil,Crime,2012.0,3.53,16,109,2.833213344056216,0,English,False,,,,,,1
M2077747,2077747,"Love, Marilyn",Documentary,2012.0,3.9,10,102,2.3978952727983707,0,English,False,,,,,,1
M2077851,2077851,Sleepwalk with Me,Comedy,2012.0,3.41,17,100,2.8903717578961645,0,English,False,,,,,,1
M2077886,2077886,The Phantom of the Opera at the Royal Albert Hall,Drama,2011.0,4.7,10,109,2.3978952727983707,0,English,False,,,,,,1
M2078552,2078552,Blood,Crime,2012.0,3.25,20,109,3.044522437723423,0,English,False,,,,,,1
M2080374,2080374,Steve Jobs,Biography,2015.0,3.74,677,122,6.519147287940395,0,Other,False,Danny Boyle,United Kingdom,30000000.0,34441873.0,160000.0,1
M2081437,2081437,The Liability,Comedy,2012.0,2.82,11,100,2.4849066497880004,0,English,False,,,,,,1
M2082180,2082180,O-jik geu-dae-man,Action,2011.0,3.75,12,107,2.5649493574615367,0,English,False,,,,,,1
M2082197,2082197,Barfi!,Comedy,2012.0,3.96,49,151,3.912023005428146,0,Other,False,Anurag Basu,India,,4490134.0,78000.0,1
M2082221,2082221,Bumchoiwaui junjaeng: Nabbeunnomdeul jeonsungshidae,Action,2012.0,3.65,10,107,2.3978952727983707,0,English,False,,,,,,1
M2083231,2083231,Java Heat,Action,2013.0,3.22,23,107,3.1780538303479458,0,English,False,,,,,,1
M2083355,2083355,The Best Man Holiday,Comedy,2013.0,3.74,57,100,4.060443010546419,0,English,False,,,,,,1
M2083379,2083379,The Truth,Action,2012.0,3.32,11,107,2.4849066497880004,0,English,False,,,,,,1
M2083383,2083383,Trouble with the Curve,Drama,2012.0,3.51,122,111,4.812184355372417,0,Other,False,Robert Lorenz,United States,30000000.0,48963137.0,61000.0,1
M2084953,2084953,Terms and Conditions May Apply,Documentary,2013.0,3.68,22,102,3.1354942159291497,0,English,False,,,,,,1
M2084970,2084970,The Imitation Game,Biography,2014.0,4.13,1788,114,7.489412083508719,0,Other,False,Morten Tyldum,United Kingdom,14000000.0,233555708.0,707000.0,1
M2084977,2084977,The Scapegoat,Drama,2012.0,3.8,10,109,2.3978952727983707,0,English,False,,,,,,1
M2084989,2084989,Upstream Color,Drama,2013.0,3.6,63,96,4.1588830833596715,0,Other,False,Shane Carruth,United States,50000.0,587174.0,32000.0,1
M2085910,2085910,Room 237,Documentary,2012.0,3.22,95,102,4.564348191467836,0,English,False,,,,,,1
M2087850,2087850,Les infidèles,Comedy,2012.0,2.35,13,100,2.6390573296152584,0,English,False,,,,,,1
M2088003,2088003,Big Game,Action,2014.0,2.68,76,110,4.343805421853684,0,Other,False,Jalmari Helander,Finland,,7455398.0,32000.0,1
M2088735,2088735,Curfew,Documentary,2012.0,4.24,19,102,2.995732273553991,0,English,False,,,,,,1
M2088745,2088745,Iverson,Documentary,2014.0,3.94,16,102,2.833213344056216,0,English,False,,,,,,1
M2088950,2088950,This Is Your Death,Drama,2017.0,2.67,18,109,2.9444389791664403,0,English,False,,,,,,1
M2090465,2090465,Black Butterfly,Thriller,2017.0,3.52,25,102,3.258096538021482,0,English,False,,,,,,1
M2091256,2091256,Captain Underpants: The First Epic Movie,Animation,2017.0,2.95,49,89,3.912023005428146,0,Other,False,David Soren,United States,38000000.0,125427681.0,26000.0,1
M2091473,2091473,Promised Land,Drama,2012.0,3.43,125,102,4.836281906951478,0,Other,False,Michael Hoffman,United States,,316199.0,1200.0,1
M2091478,2091478,Air,Drama,2015.0,2.69,21,109,3.091042453358316,0,English,False,,,,,,1
M2091935,2091935,Mr. Right,Action,2015.0,3.2,65,95,4.189654742026425,0,Other,False,Paco Cabezas,United States,8000000.0,607595.0,52000.0,1
M2092011,2092011,What Richard Did,Drama,2012.0,3.17,24,109,3.2188758248682006,0,English,False,,,,,,1
M2093270,2093270,The Returned,Crime,2013.0,3.16,25,109,3.258096538021482,0,English,False,,,,,,1
M2093977,2093977,Crush,Horror,2013.0,3.1,10,96,2.3978952727983707,0,English,False,,,,,,1
M2093990,2093990,El Niño,Crime,2014.0,3.3,10,109,2.3978952727983707,0,English,False,,,,,,1
M2093991,2093991,Elvis &amp; Nixon,Comedy,2016.0,3.16,41,100,3.7376696182833684,0,English,False,,,,,,1
M2094018,2094018,Hours,Drama,2013.0,3.3,151,109,5.0238805208462765,0,English,False,,,,,,1
M2094064,2094064,Much Ado About Nothing,Comedy,2012.0,3.59,56,111,4.04305126783455,0,Other,False,Kenneth Branagh,United Kingdom,11000000.0,22549338.0,46000.0,1
M2094766,2094766,Assassin's Creed,Action,2016.0,3.02,438,115,6.0844994130751715,0,Other,False,Justin Kurzel,United States,125000000.0,240697856.0,190000.0,1
M2094877,2094877,Les saveurs du Palais,Biography,2012.0,3.29,17,117,2.8903717578961645,0,English,False,,,,,,1
M2095649,2095649,Grace of Monaco,Biography,2014.0,2.83,71,117,4.276666119016055,0,English,False,,,,,,1
M2096672,2096672,Dumb and Dumber To,Adventure,2014.0,2.92,329,109,5.799092654460526,0,Other,False,Bobby Farrelly,United States,40000000.0,169837010.0,131000.0,1
M2096673,2096673,Inside Out,Animation,2015.0,4.24,1047,95,6.954638864880987,0,Other,False,Pete Docter,United States,175000000.0,858848019.0,641000.0,1
M2097298,2097298,"McFarland, USA",Biography,2015.0,3.81,99,129,4.605170185988092,0,Other,False,Niki Caro,United States,17000000.0,45710059.0,36000.0,1
M2097307,2097307,Hit and Run,Action,2012.0,3.14,59,100,4.0943445622221,0,Other,False,David Palmer,United States,2000000.0,16816647.0,35000.0,1
M2097331,2097331,The Family Fang,Comedy,2015.0,3.15,17,100,2.8903717578961645,0,English,False,,,,,,1
M2099556,2099556,Antiviral,Horror,2012.0,3.05,31,96,3.4657359027997265,0,English,False,,,,,,1
M2101341,2101341,Dead Man Down,Action,2013.0,3.28,290,118,5.673323267171493,0,Other,False,Niels Arden Oplev,United States,30000000.0,18074539.0,65000.0,1
M2101383,2101383,Knight of Cups,Drama,2015.0,2.81,69,118,4.248495242049359,0,Other,False,Terrence Malick,United States,,1026288.0,26000.0,1
M2101441,2101441,Spring Breakers,Comedy,2012.0,2.71,402,94,5.998936561946683,0,Other,False,Harmony Korine,United States,5000000.0,32170399.0,138000.0,1
M2101473,2101473,The Physician,Adventure,2013.0,3.66,78,105,4.3694478524670215,0,English,False,,,,,,1
M2101569,2101569,In Your Eyes,Fantasy,2014.0,3.64,91,96,4.5217885770490405,0,English,False,,,,,,1
M2101570,2101570,In the Blood,Action,2014.0,3.12,45,107,3.828641396489095,0,English,False,,,,,,1
M2102496,2102496,Cabin Fever: Patient Zero,Horror,2014.0,2.32,19,96,2.995732273553991,0,English,False,,,,,,1
M2103217,2103217,Maniac,Horror,2012.0,3.06,116,89,4.762173934797756,0,Other,False,Franck Khalfoun,France,6000000.0,2631275.0,36000.0,1
M2103254,2103254,Tammy,Comedy,2014.0,2.5,155,97,5.049856007249537,0,Other,False,Ben Falcone,United States,20000000.0,100375432.0,49000.0,1
M2103264,2103264,Emperor,Drama,2012.0,3.37,42,109,3.7612001156935624,0,English,False,,,,,,1
M2103267,2103267,Two Mothers,Drama,2013.0,3.04,94,109,4.553876891600541,0,English,False,,,,,,1
M2103281,2103281,Dawn of the Planet of the Apes,Action,2014.0,3.95,1205,130,7.095064377287131,0,Other,False,Matt Reeves,United States,170000000.0,710644566.0,419000.0,1
M2105044,2105044,V/H/S,Horror,2012.0,2.8,99,116,4.605170185988092,0,Other,False,Directors,United States,,1944287.0,58000.0,1
M2106361,2106361,Into the Storm,Action,2014.0,3.08,312,89,5.746203190540153,0,Other,False,Steven Quale,United States,50000000.0,161502194.0,66000.0,1
M2106476,2106476,Jagten,Drama,2012.0,4.07,662,109,6.4967749901858625,0,English,False,,,,,,1
M2106550,2106550,Möbius,Drama,2013.0,2.85,13,109,2.6390573296152584,0,English,False,,,,,,1
M2106651,2106651,Spectral,Action,2016.0,3.21,70,107,4.2626798770413155,0,English,False,,,,,,1
M2107861,2107861,Walking on Sunshine,Comedy,2014.0,2.8,22,100,3.1354942159291497,0,English,False,,,,,,1
M2109184,2109184,Paranormal Activity 4,Horror,2012.0,2.35,86,88,4.465908118654584,0,Other,False,Henry Joost,United States,5000000.0,142802657.0,63000.0,1
M2109248,2109248,Transformers: Age of Extinction,Action,2014.0,3.11,797,165,6.682108597449809,0,Other,False,Michael Bay,United States,210000000.0,1104054072.0,302000.0,1
M2111392,2111392,Raze,Action,2013.0,2.5,12,107,2.5649493574615367,0,English,False,,,,,,1
M2111478,2111478,Mea Maxima Culpa: Silence in the House of God,Documentary,2012.0,3.71,12,102,2.5649493574615367,0,English,False,,,,,,1
M2112096,2112096,Absolutely Fabulous: The Movie,Comedy,2016.0,2.65,66,100,4.204692619390966,0,English,False,,,,,,1
M2112124,2112124,Chennai Express,Action,2013.0,3.22,57,107,4.060443010546419,0,English,False,,,,,,1
M2112210,2112210,My Awkward Sexual Adventure,Comedy,2012.0,3.43,15,100,2.772588722239781,0,English,False,,,,,,1
M2113075,2113075,The Inevitable Defeat of Mister and Pete,Drama,2013.0,3.76,17,109,2.8903717578961645,0,English,False,,,,,,1
M2113681,2113681,Hundraåringen som klev ut genom fönstret och försvann,Adventure,2013.0,3.49,84,105,4.442651256490317,0,English,False,,,,,,1
M2113809,2113809,The Wee Man,Drama,2013.0,3.05,19,109,2.995732273553991,0,English,False,,,,,,1
M2115295,2115295,Ginger & Rosa,Drama,2012.0,3.27,39,90,3.6888794541139363,0,Other,False,Sally Potter,United Kingdom,,1674776.0,11000.0,1
M2118624,2118624,The Final Girls,Comedy,2015.0,3.35,53,100,3.9889840465642745,0,English,False,,,,,,1
M2118775,2118775,Dak Siu San Fan,Action,2013.0,3.23,11,107,2.4849066497880004,0,English,False,,,,,,1
M2119532,2119532,Hacksaw Ridge,Biography,2016.0,4.33,1511,139,7.321188556739478,0,Other,False,Mel Gibson,Australia,40000000.0,180563636.0,457000.0,1
M2119543,2119543,The House with a Clock in Its Walls,Comedy,2018.0,3.19,62,105,4.143134726391533,0,Other,False,Eli Roth,United States,42000000.0,131523093.0,48000.0,1
M2120120,2120120,Pixels,Action,2015.0,2.86,301,105,5.71042701737487,0,Other,False,Chris Columbus,United States,88000000.0,244874809.0,135000.0,1
M2120152,2120152,The Invisible War,Documentary,2012.0,4.08,13,102,2.6390573296152584,0,English,False,,,,,,1
M2121382,2121382,Turist,Comedy,2014.0,3.89,18,100,2.9444389791664403,0,English,False,,,,,,1
M2124787,2124787,Final Girl,Horror,2015.0,2.53,19,96,2.995732273553991,0,English,False,,,,,,1
M2124908,2124908,Shut Up and Play the Hits,Documentary,2012.0,4.09,11,102,2.4849066497880004,0,English,False,,,,,,1
M2125423,2125423,5 Broken Cameras,Documentary,2011.0,4.31,21,102,3.091042453358316,0,English,False,,,,,,1
M2125435,2125435,Beasts of the Southern Wild,Adventure,2012.0,3.7,124,93,4.8283137373023015,0,Other,False,Benh Zeitlin,United States,1800000.0,21107746.0,82000.0,1
M2125501,2125501,"Electric Boogaloo: The Wild, Untold Story of Cannon Films",Documentary,2014.0,3.94,16,102,2.833213344056216,0,English,False,,,,,,1
M2125608,2125608,Searching for Sugar Man,Documentary,2012.0,4.23,206,102,5.332718793265369,0,English,False,,,,,,1
M2125653,2125653,The House I Live In,Documentary,2012.0,4.17,15,102,2.772588722239781,0,English,False,,,,,,1
M2125666,2125666,The Queen of Versailles,Documentary,2012.0,3.61,18,102,2.9444389791664403,0,English,False,,,,,,1
M2126235,2126235,Collide,Action,2016.0,2.89,40,107,3.713572066704308,0,English,False,,,,,,1
M2126355,2126355,San Andreas,Action,2015.0,3.19,575,114,6.3561076606958915,0,Other,False,Brad Peyton,United States,110000000.0,473990832.0,219000.0,1
M2126357,2126357,Second Act,Comedy,2018.0,3.13,52,103,3.970291913552122,0,Other,False,Peter Segal,United States,16000000.0,72294066.0,24000.0,1
M2126362,2126362,Stitches,Comedy,2012.0,2.83,21,100,3.091042453358316,0,English,False,,,,,,1
M2126403,2126403,The Stone Roses: Made of Stone,Documentary,2013.0,3.95,22,102,3.1354942159291497,0,English,False,,,,,,1
M2129928,2129928,Bones Brigade: An Autobiography,Documentary,2012.0,4.08,12,102,2.5649493574615367,0,English,False,,,,,,1
M2130270,2130270,The Mule,Comedy,2014.0,3.08,13,116,2.6390573296152584,0,Other,False,Clint Eastwood,United States,50000000.0,174804407.0,121000.0,1
M2130321,2130321,West of Memphis,Documentary,2012.0,4.06,34,102,3.5553480614894135,0,English,False,,,,,,1
M2131532,2131532,Hidden,Horror,2015.0,3.01,36,96,3.6109179126442243,0,English,False,,,,,,1
M2132285,2132285,The Bling Ring,Biography,2013.0,2.88,366,90,5.905361848054571,0,Other,False,Sofia Coppola,United States,8000000.0,20045576.0,85000.0,1
M2133196,2133196,Born to Be Blue,Biography,2015.0,3.63,23,117,3.1780538303479458,0,English,False,,,,,,1
M2139555,2139555,Playing It Cool,Comedy,2014.0,2.99,46,100,3.8501476017100584,0,English,False,,,,,,1
M2139881,2139881,Long Shot,Comedy,2019.0,3.47,178,125,5.187385805840755,0,Other,False,Jonathan Levine,United States,40000000.0,53873809.0,101000.0,1
M2140037,2140037,Jane Got a Gun,Action,2015.0,3.09,47,107,3.871201010907891,0,English,False,,,,,,1
M2140203,2140203,Ookami kodomo no Ame to Yuki,Animation,2012.0,4.33,75,91,4.330733340286331,0,English,False,,,,,,1
M2140373,2140373,Saving Mr. Banks,Biography,2013.0,3.93,659,125,6.492239835020471,0,Other,False,John Lee Hancock,United States,35000000.0,117867984.0,155000.0,1
M2140379,2140379,Self/less,Action,2015.0,3.26,201,117,5.308267697401205,0,Other,False,Tarsem Singh,United States,26000000.0,31807156.0,93000.0,1
M2140465,2140465,Tanu Weds Manu Returns,Comedy,2015.0,3.82,19,100,2.995732273553991,0,English,False,,,,,,1
M2140479,2140479,The Accountant,Action,2016.0,3.75,826,128,6.717804695023691,0,Other,False,Gavin O'Connor,United States,44000000.0,155160045.0,271000.0,1
M2140507,2140507,The Current War,Biography,2017.0,3.2,48,117,3.8918202981106265,0,English,False,,,,,,1
M2140619,2140619,Two Night Stand,Comedy,2014.0,3.14,86,86,4.465908118654584,0,Other,False,Max Nichols,United States,,492332.0,67000.0,1
M2141751,2141751,God Help the Girl,Drama,2014.0,2.98,25,109,3.258096538021482,0,English,False,,,,,,1
M2141773,2141773,Hell and Back,Animation,2015.0,2.45,11,91,2.4849066497880004,0,English,False,,,,,,1
M2145829,2145829,Robot Overlords,Action,2014.0,2.46,14,107,2.70805020110221,0,English,False,,,,,,1
M2147365,2147365,Keith Lemon: The Film,Comedy,2012.0,1.37,19,100,2.995732273553991,0,English,False,,,,,,1
M2147459,2147459,Patrick,Horror,2013.0,2.58,13,96,2.6390573296152584,0,English,False,,,,,,1
M2150332,2150332,Renoir,Biography,2012.0,3.32,17,117,2.8903717578961645,0,English,False,,,,,,1
M2152198,2152198,The Pervert's Guide to Ideology,Documentary,2012.0,3.95,11,102,2.4849066497880004,0,English,False,,,,,,1
M2156807,2156807,X-Large,Comedy,2011.0,4.05,11,100,2.4849066497880004,0,English,False,,,,,,1
M2160105,2160105,I Still See You,Fantasy,2018.0,2.79,12,96,2.5649493574615367,0,English,False,,,,,,1
M2165735,2165735,Du zhan,Action,2012.0,3.65,17,107,2.8903717578961645,0,English,False,,,,,,1
M2165859,2165859,In Fear,Horror,2013.0,2.92,39,96,3.6888794541139363,0,English,False,,,,,,1
M2166616,2166616,Wrong Cops,Comedy,2013.0,2.55,11,100,2.4849066497880004,0,English,False,,,,,,1
M2167202,2167202,Getaway,Action,2013.0,2.58,126,90,4.844187086458591,0,Other,False,Courtney Solomon,United States,18000000.0,11806432.0,23000.0,1
M2167266,2167266,Tracks,Adventure,2013.0,3.69,121,112,4.804021044733257,0,Other,False,John Curran,Australia,,5853509.0,29000.0,1
M2170299,2170299,Bad Words,Comedy,2013.0,3.32,150,89,5.017279836814924,0,Other,False,Jason Bateman,United States,10000000.0,7804337.0,48000.0,1
M2170439,2170439,Horrible Bosses 2,Comedy,2014.0,3.28,332,108,5.808142489980444,0,Other,False,Sean Anders,United States,42000000.0,107645357.0,162000.0,1
M2170593,2170593,St. Vincent,Comedy,2014.0,3.81,336,102,5.820082930352362,0,Other,False,Theodore Melfi,United States,13000000.0,54837234.0,98000.0,1
M2171867,2171867,Empire State,Crime,2013.0,2.43,92,109,4.532599493153256,0,English,False,,,,,,1
M2172584,2172584,Maps to the Stars,Comedy,2014.0,3.29,110,111,4.709530201312334,0,Other,False,David Cronenberg,Canada,15000000.0,4510934.0,39000.0,1
M2172934,2172934,3 Days to Kill,Action,2014.0,3.22,376,117,5.932245187448011,0,Other,False,McG,United States,28000000.0,53260230.0,90000.0,1
M2172935,2172935,Metallica Through the Never,Music,2013.0,3.75,82,90,4.418840607796598,0,English,False,,,,,,1
M2172985,2172985,The Art of the Steal,Comedy,2013.0,3.23,64,100,4.174387269895637,0,English,False,,,,,,1
M2176013,2176013,Jab Tak Hai Jaan,Drama,2012.0,3.43,22,109,3.1354942159291497,0,English,False,,,,,,1
M2177511,2177511,Cesare deve morire,Drama,2012.0,4.05,19,109,2.995732273553991,0,English,False,,,,,,1
M2177771,2177771,The Monuments Men,Comedy,2014.0,3.07,457,118,6.126869184114185,0,Other,False,George Clooney,United States,70000000.0,156706638.0,127000.0,1
M2177843,2177843,We Are Legion: The Story of the Hacktivists,Documentary,2012.0,3.73,24,102,3.2188758248682006,0,English,False,,,,,,1
M2178256,2178256,The Rocket,Drama,2013.0,4.21,14,109,2.70805020110221,0,English,False,,,,,,1
M2178470,2178470,Yeh Jawaani Hai Deewani,Comedy,2013.0,3.42,37,160,3.6375861597263857,0,Other,False,Ayan Mukherjee,India,,30991781.0,40000.0,1
M2178941,2178941,Barbara,Drama,2012.0,3.53,35,109,3.58351893845611,0,English,False,,,,,,1
M2179116,2179116,The Kings of Summer,Adventure,2013.0,3.52,267,95,5.5909869805108565,0,Other,False,Jordan Vogt-Roberts,United States,,1501595.0,79000.0,1
M2179121,2179121,Le prénom,Comedy,2012.0,3.84,25,100,3.258096538021482,0,English,False,,,,,,1
M2179136,2179136,American Sniper,Action,2014.0,3.6,1239,133,7.122866658599083,0,Other,False,Clint Eastwood,United States,58800000.0,547426372.0,451000.0,1
M2180411,2180411,Into the Woods,Adventure,2014.0,3.11,368,125,5.910796644040527,0,Other,False,Rob Marshall,United States,50000000.0,212902372.0,135000.0,1
M2180571,2180571,The Stranger Within,Thriller,2013.0,1.83,12,102,2.5649493574615367,0,English,False,,,,,,1
M2180994,2180994,A Good Marriage,Crime,2014.0,2.48,28,109,3.367295829986474,0,English,False,,,,,,1
M2181831,2181831,Shahid,Biography,2012.0,3.55,10,117,2.3978952727983707,0,English,False,,,,,,1
M2181931,2181931,English Vinglish,Comedy,2012.0,4.18,17,100,2.8903717578961645,0,English,False,,,,,,1
M2182001,2182001,Legenda No. 17,Biography,2013.0,4.04,13,117,2.6390573296152584,0,English,False,,,,,,1
M2182256,2182256,Premature,Comedy,2014.0,2.4,10,100,2.3978952727983707,0,English,False,,,,,,1
M2182972,2182972,Song One,Drama,2014.0,2.95,46,109,3.8501476017100584,0,English,False,,,,,,1
M2183034,2183034,Earth to Echo,Adventure,2014.0,3.04,47,105,3.871201010907891,0,English,False,,,,,,1
M2184339,2184339,The Purge,Horror,2013.0,2.87,756,85,6.6293632534374485,0,Other,False,James DeMonaco,United States,3000000.0,89328627.0,209000.0,1
M2186812,2186812,20 ans d'écart,Comedy,2013.0,3.25,16,100,2.833213344056216,0,English,False,,,,,,1
M2187115,2187115,Pozitia copilului,Drama,2013.0,3.75,34,109,3.5553480614894135,0,English,False,,,,,,1
M2187884,2187884,Escape from Tomorrow,Drama,2013.0,2.26,35,109,3.58351893845611,0,English,False,,,,,,1
M2190367,2190367,O som ao redor,Drama,2012.0,3.32,11,109,2.4849066497880004,0,English,False,,,,,,1
M2190838,2190838,Stage Fright,Comedy,2014.0,2.66,16,100,2.833213344056216,0,English,False,,,,,,1
M2191701,2191701,Grown Ups 2,Comedy,2013.0,3.04,415,101,6.030685260261263,0,Other,False,Dennis Dugan,United States,80000000.0,246984278.0,144000.0,1
M2191765,2191765,Un moment d'égarement,Comedy,2015.0,3.25,10,100,2.3978952727983707,0,English,False,,,,,,1
M2193215,2193215,The Counselor,Crime,2013.0,2.71,412,117,6.023447592961033,0,Other,False,Ridley Scott,United Kingdom,25000000.0,71009334.0,98000.0,1
M2193265,2193265,Welcome to the Jungle,Action,2013.0,2.34,25,107,3.258096538021482,0,English,False,,,,,,1
M2193418,2193418,Hammer of the Gods,Action,2013.0,2.03,32,107,3.4965075614664802,0,English,False,,,,,,1
M2194499,2194499,About Time,Comedy,2013.0,3.92,895,123,6.79794041297493,0,Other,False,Richard Curtis,United Kingdom,12000000.0,87100449.0,317000.0,1
M2195548,2195548,Prince Avalanche,Comedy,2013.0,3.21,75,100,4.330733340286331,0,English,False,,,,,,1
M2198956,2198956,Coldwater,Drama,2013.0,3.0,15,109,2.772588722239781,0,English,False,,,,,,1
M2199571,2199571,Run All Night,Action,2015.0,3.39,369,114,5.91350300563827,0,Other,False,Jaume Collet-Serra,United States,50000000.0,71561644.0,105000.0,1
M2201548,2201548,A Teacher,Drama,2013.0,2.07,14,109,2.70805020110221,0,English,False,,,,,,1
M2203308,2203308,Aashiqui 2,Drama,2013.0,3.92,31,109,3.4657359027997265,0,English,False,,,,,,1
M2203939,2203939,The Other Woman,Comedy,2014.0,3.07,333,109,5.811140992976701,0,Other,False,Nick Cassavetes,United States,40000000.0,196710396.0,133000.0,1
M2204080,2204080,Wildlike,Adventure,2014.0,3.9,10,105,2.3978952727983707,0,English,False,,,,,,1
M2204371,2204371,Somm,Documentary,2012.0,3.8,20,102,3.044522437723423,0,English,False,,,,,,1
M2205401,2205401,Addicted,Drama,2014.0,2.29,21,106,3.091042453358316,0,Other,False,Bille Woodruff,United States,5000000.0,17534314.0,10000.0,1
M2205697,2205697,Stuck in Love.,Comedy,2012.0,3.71,212,97,5.3612921657094255,0,Other,False,Josh Boone,United States,,977671.0,85000.0,1
M2205904,2205904,Generation Iron,Documentary,2013.0,3.75,22,102,3.1354942159291497,0,English,False,,,,,,1
M2209418,2209418,Before Midnight,Drama,2013.0,4.04,402,109,5.998936561946683,0,Other,False,Richard Linklater,United States,3000000.0,20994648.0,146000.0,1
M2209764,2209764,Transcendence,Action,2014.0,3.14,662,119,6.4967749901858625,0,Other,False,Wally Pfister,United Kingdom,100000000.0,103039258.0,220000.0,1
M2210479,2210479,Berserk: Ougon Jidai-hen I - Haou no Tamago,Animation,2012.0,4.25,18,91,2.9444389791664403,0,English,False,,,,,,1
M2212008,2212008,The Bag Man,Crime,2014.0,2.7,40,109,3.713572066704308,0,English,False,,,,,,1
M2213054,2213054,Kai po che!,Drama,2013.0,4.04,13,109,2.6390573296152584,0,English,False,,,,,,1
M2215151,2215151,Inequality for All,Documentary,2013.0,4.18,22,102,3.1354942159291497,0,English,False,,,,,,1
M2215477,2215477,RamLeela,Drama,2013.0,3.11,28,109,3.367295829986474,0,English,False,,,,,,1
M2215719,2215719,Katy Perry: Part of Me,Documentary,2012.0,3.97,18,102,2.9444389791664403,0,English,False,,,,,,1
M2216240,2216240,Kapringen,Drama,2012.0,3.72,62,109,4.143134726391533,0,English,False,,,,,,1
M2217859,2217859,Louder Than Bombs,Drama,2015.0,3.47,31,109,3.4657359027997265,0,Other,False,Joachim Trier,Norway,11000000.0,1160724.0,12000.0,1
M2218003,2218003,Closed Circuit,Crime,2013.0,3.1,116,109,4.762173934797756,0,English,False,,,,,,1
M2219514,2219514,Lemale et ha'halal,Drama,2012.0,3.36,14,109,2.70805020110221,0,English,False,,,,,,1
M2222042,2222042,Love and Monsters,Action,2020.0,3.46,55,107,4.02535169073515,0,English,False,,,,,,1
M2222394,2222394,Nosotros los Nobles,Comedy,2013.0,3.7,63,100,4.1588830833596715,0,English,False,,,,,,1
M2223990,2223990,Draft Day,Drama,2014.0,3.48,190,110,5.25227342804663,0,Other,False,Ivan Reitman,United States,25000000.0,29824199.0,56000.0,1
M2224004,2224004,Sweet Vengeance,Thriller,2013.0,2.95,10,102,2.3978952727983707,0,English,False,,,,,,1
M2224026,2224026,Home,Animation,2015.0,3.42,216,94,5.37989735354046,0,Other,False,Tim Johnson,United States,135000000.0,386041607.0,95000.0,1
M2224317,2224317,Lootera,Drama,2013.0,3.53,18,109,2.9444389791664403,0,English,False,,,,,,1
M2226285,2226285,Alles is familie,Comedy,2012.0,3.42,12,100,2.5649493574615367,0,English,False,,,,,,1
M2226417,2226417,Insidious: Chapter 2,Horror,2013.0,3.35,486,106,6.18826412308259,0,Other,False,James Wan,United States,5000000.0,161919318.0,160000.0,1
M2226495,2226495,Not Safe for Work,Thriller,2014.0,3.47,17,102,2.8903717578961645,0,English,False,,,,,,1
M2226519,2226519,Plush,Drama,2013.0,3.15,13,109,2.6390573296152584,0,English,False,,,,,,1
M2226597,2226597,The Mountain Between Us,Action,2017.0,3.43,213,112,5.365976015021851,0,Other,False,Hany Abu-Assad,United States,35000000.0,62832209.0,70000.0,1
M2229499,2229499,Don Jon,Comedy,2013.0,3.3,692,90,6.541029999189903,0,Other,False,Joseph Gordon-Levitt,United States,3000000.0,39439355.0,232000.0,1
M2229511,2229511,Wer,Action,2013.0,3.03,15,107,2.772588722239781,0,English,False,,,,,,1
M2229842,2229842,Table No.21,Adventure,2013.0,3.7,10,105,2.3978952727983707,0,English,False,,,,,,1
M2230358,2230358,Curse of Chucky,Horror,2013.0,2.86,143,96,4.969813299576001,0,English,False,,,,,,1
M2231253,2231253,Wild Card,Action,2015.0,2.68,133,92,4.897839799950911,0,Other,False,Simon West,United States,30000000.0,6738764.0,53000.0,1
M2231461,2231461,Rampage,Action,2018.0,3.16,315,97,5.755742213586912,0,Other,False,William Friedkin,United States,7500000.0,796368.0,2000.0,1
M2231554,2231554,Grave Encounters 2,Horror,2012.0,2.67,30,96,3.4339872044851463,0,English,False,,,,,,1
M2234003,2234003,Calvary,Drama,2014.0,3.9,191,102,5.2574953720277815,0,Other,False,John Michael McDonagh,Ireland,,16887741.0,57000.0,1
M2234025,2234025,Coffee Town,Comedy,2012.0,3.31,21,100,3.091042453358316,0,English,False,,,,,,1
M2234155,2234155,The Internship,Comedy,2013.0,3.26,678,119,6.520621127558696,0,Other,False,Shawn Levy,United States,58000000.0,93492844.0,193000.0,1
M2234261,2234261,Love Punch,Comedy,2013.0,2.46,28,100,3.367295829986474,0,English,False,,,,,,1
M2235108,2235108,Dear White People,Comedy,2014.0,3.44,47,108,3.871201010907891,0,Other,False,Justin Simien,United States,,4633961.0,25000.0,1
M2235779,2235779,The Quiet Ones,Horror,2014.0,2.68,97,98,4.584967478670572,0,Other,False,John Pogue,United Kingdom,200000.0,17835162.0,20000.0,1
M2235902,2235902,Geography Club,Comedy,2013.0,3.64,14,100,2.70805020110221,0,English,False,,,,,,1
M2236054,2236054,Mystery Road,Thriller,2013.0,3.43,15,102,2.772588722239781,0,English,False,,,,,,1
M2238032,2238032,Skiptrace,Action,2016.0,2.86,65,107,4.189654742026425,0,English,False,,,,,,1
M2238050,2238050,White Bird in a Blizzard,Drama,2014.0,3.32,77,91,4.356708826689592,0,Other,False,Gregg Araki,France,,469701.0,27000.0,1
M2239822,2239822,Valerian and the City of a Thousand Planets,Action,2017.0,3.28,204,136,5.3230099791384085,0,Other,False,Luc Besson,France,177200000.0,225973340.0,168000.0,1
M2239832,2239832,Think Like a Man Too,Comedy,2014.0,3.07,72,106,4.290459441148391,0,Other,False,Tim Story,United States,24000000.0,70181428.0,20000.0,1
M2241351,2241351,Money Monster,Crime,2016.0,3.46,451,98,6.113682179832232,0,Other,False,Jodie Foster,United States,27000000.0,93282604.0,96000.0,1
M2241605,2241605,Tesis sobre un homicidio,Crime,2013.0,3.26,21,109,3.091042453358316,0,English,False,,,,,,1
M2243389,2243389,Los amantes pasajeros,Comedy,2013.0,2.89,107,100,4.68213122712422,0,English,False,,,,,,1
M2243537,2243537,A Haunted House,Comedy,2013.0,2.58,134,86,4.90527477843843,0,Other,False,Michael Tiddes,United States,2500000.0,60159584.0,45000.0,1
M2244901,2244901,I Give It a Year,Comedy,2013.0,3.0,135,97,4.912654885736052,0,Other,False,Dan Mazer,United Kingdom,,29128433.0,36000.0,1
M2245003,2245003,Miss You Already,Comedy,2015.0,3.66,58,100,4.07753744390572,0,English,False,,,,,,1
M2245084,2245084,Big Hero 6,Animation,2014.0,4.02,795,102,6.679599185844383,0,Other,False,Don Hall,United States,165000000.0,657869686.0,423000.0,1
M2246565,2246565,An Honest Liar,Documentary,2014.0,4.06,17,102,2.8903717578961645,0,English,False,,,,,,1
M2247476,2247476,When the Game Stands Tall,Drama,2014.0,3.57,38,109,3.6635616461296463,0,English,False,,,,,,1
M2249221,2249221,Zulu,Crime,2013.0,3.46,40,109,3.713572066704308,0,English,False,,,,,,1
M2250912,2250912,Spider-Man: Homecoming,Action,2017.0,3.73,1080,133,6.985641817639208,0,Other,False,Jon Watts,United States,175000000.0,880166924.0,540000.0,1
M2251281,2251281,Dark Was the Night,Drama,2014.0,2.75,16,109,2.833213344056216,0,English,False,,,,,,1
M2258281,2258281,Dupa dealuri,Drama,2012.0,3.54,26,109,3.295836866004329,0,English,False,,,,,,1
M2258345,2258345,Fading Gigolo,Comedy,2013.0,3.28,72,100,4.290459441148391,0,English,False,,,,,,1
M2258858,2258858,Wadjda,Comedy,2012.0,3.75,145,100,4.983606621708336,0,English,False,,,,,,1
M2261287,2261287,Ballerina,Animation,2016.0,3.75,53,91,3.9889840465642745,0,English,False,,,,,,1
M2261331,2261331,Black Sea,Adventure,2014.0,3.39,118,114,4.77912349311153,0,Other,False,Kevin Macdonald,United Kingdom,,4070789.0,36000.0,1
M2261505,2261505,Evim Sensin,Fantasy,2012.0,3.33,12,96,2.5649493574615367,0,English,False,,,,,,1
M2261749,2261749,La cage dorée,Comedy,2013.0,3.77,11,100,2.4849066497880004,0,English,False,,,,,,1
M2262227,2262227,The Book of Life,Animation,2014.0,3.71,127,95,4.852030263919617,0,Other,False,Jorge R. Gutiérrez,United States,50000000.0,99783556.0,66000.0,1
M2262315,2262315,The Good Neighbor,Crime,2016.0,3.28,40,109,3.713572066704308,0,English,False,,,,,,1
M2263944,2263944,Dragon Ball Z: Doragon bôru Z - Kami to Kami,Animation,2013.0,3.4,40,91,3.713572066704308,0,English,False,,,,,,1
M2265171,2265171,The Raid 2,Action,2014.0,4.11,302,150,5.713732805509369,0,Other,False,Gareth Evans,Indonesia,4500000.0,6566916.0,117000.0,1
M2265398,2265398,Drinking Buddies,Comedy,2013.0,3.25,177,100,5.181783550292085,0,English,False,,,,,,1
M2265534,2265534,The Lifeguard,Drama,2013.0,3.0,30,109,3.4339872044851463,0,English,False,,,,,,1
M2267968,2267968,Kung Fu Panda 3,Animation,2016.0,3.65,210,95,5.351858133476067,0,Other,False,Alessandro Carloni,United States,145000000.0,521170825.0,141000.0,1
M2267998,2267998,Gone Girl,Drama,2014.0,4.11,2069,149,7.635303886259415,0,Other,False,David Fincher,United States,61000000.0,369330363.0,893000.0,1
M2268016,2268016,Magic Mike XXL,Comedy,2015.0,2.93,84,115,4.442651256490317,0,Other,False,Gregory Jacobs,United States,14800000.0,117813057.0,53000.0,1
M2268458,2268458,These Final Hours,Drama,2013.0,3.41,22,109,3.1354942159291497,0,English,False,,,,,,1
M2268573,2268573,Stranded,Horror,2013.0,1.75,12,96,2.5649493574615367,0,English,False,,,,,,1
M2271563,2271563,Forsaken,Action,2015.0,3.0,13,107,2.6390573296152584,0,English,False,,,,,,1
M2272350,2272350,The Battery,Adventure,2012.0,3.52,20,105,3.044522437723423,0,English,False,,,,,,1
M2272918,2272918,Flying Home,Drama,2014.0,2.82,11,109,2.4849066497880004,0,English,False,,,,,,1
M2273657,2273657,True Story,Crime,2015.0,3.27,228,99,5.43372200355424,0,Other,False,Rupert Goold,United States,,5261595.0,65000.0,1
M2274570,2274570,Bad Milo!,Comedy,2013.0,2.91,22,100,3.1354942159291497,0,English,False,,,,,,1
M2274648,2274648,Hellboy,Action,2019.0,2.59,118,122,4.77912349311153,0,Other,False,Guillermo del Toro,United States,66000000.0,99378985.0,312000.0,1
M2275794,2275794,Gori Tere Pyaar Mein,Comedy,2013.0,2.62,13,100,2.6390573296152584,0,English,False,,,,,,1
M2275802,2275802,Satyagraha,Drama,2013.0,3.64,14,109,2.70805020110221,0,English,False,,,,,,1
M2275946,2275946,Redirected,Action,2014.0,3.34,52,107,3.970291913552122,0,English,False,,,,,,1
M2277860,2277860,Finding Dory,Animation,2016.0,3.88,512,97,6.240275845170769,0,Other,False,Andrew Stanton,United States,200000000.0,1028570942.0,250000.0,1
M2278388,2278388,The Grand Budapest Hotel,Adventure,2014.0,4.05,1618,99,7.389563953677635,0,Other,False,Wes Anderson,United States,25000000.0,172945750.0,734000.0,1
M2278871,2278871,La vie d'Adèle,Drama,2013.0,3.97,311,109,5.7430031878094825,0,English,False,,,,,,1
M2279339,2279339,Love the Coopers,Comedy,2015.0,2.78,39,107,3.6888794541139363,0,Other,False,Jessie Nelson,United States,17000000.0,42426912.0,22000.0,1
M2279373,2279373,The SpongeBob Movie: Sponge Out of Water,Animation,2015.0,3.1,105,92,4.663439094112067,0,Other,False,Paul Tibbitt,United States,74000000.0,325186032.0,51000.0,1
M2281159,2281159,Contracted,Drama,2013.0,2.7,38,109,3.6635616461296463,0,English,False,,,,,,1
M2281587,2281587,Muppets Most Wanted,Adventure,2014.0,3.31,137,107,4.927253685157205,0,Other,False,James Bobin,United States,50000000.0,80383113.0,33000.0,1
M2282016,2282016,The Possession of Michael King,Horror,2014.0,2.93,22,96,3.1354942159291497,0,English,False,,,,,,1
M2283336,2283336,Men in Black: International,Action,2019.0,2.78,167,114,5.123963979403259,0,Other,False,F. Gary Gray,China,110000000.0,253890701.0,119000.0,1
M2283362,2283362,Jumanji: Welcome to the Jungle,Action,2017.0,3.47,651,119,6.480044561926653,0,Other,False,Jake Kasdan,United States,90000000.0,962542945.0,336000.0,1
M2283748,2283748,OMG: Oh My God!,Comedy,2012.0,4.12,12,100,2.5649493574615367,0,English,False,,,,,,1
M2286990,2286990,The Right Kind of Wrong,Comedy,2013.0,3.35,26,100,3.295836866004329,0,English,False,,,,,,1
M2290553,2290553,Northmen - A Viking Saga,Action,2014.0,2.65,13,107,2.6390573296152584,0,English,False,,,,,,1
M2290840,2290840,"Gwang-hae, wang-i doin nam-ja",Drama,2012.0,4.05,11,109,2.4849066497880004,0,English,False,,,,,,1
M2291540,2291540,My Friend Dahmer,Biography,2017.0,2.92,24,107,3.2188758248682006,0,Other,False,Marc Meyers,United States,,1436751.0,17000.0,1
M2292959,2292959,The Canyons,Drama,2013.0,1.94,42,99,3.7612001156935624,0,Other,False,Paul Schrader,United States,250000.0,270185.0,11000.0,1
M2293640,2293640,Minions,Animation,2015.0,3.28,435,91,6.077642243349034,0,Other,False,Kyle Balda,United States,74000000.0,1159444662.0,218000.0,1
M2294449,2294449,22 Jump Street,Action,2014.0,3.64,762,112,6.637258031284457,0,Other,False,Phil Lord,United States,50000000.0,331333876.0,354000.0,1
M2294473,2294473,Aku no kyôten,Horror,2012.0,3.58,12,96,2.5649493574615367,0,English,False,,,,,,1
M2294629,2294629,Frozen,Animation,2013.0,3.92,1107,93,7.010311867307229,0,Other,False,Adam Green,United States,,3843774.0,70000.0,1
M2294677,2294677,In a World...,Comedy,2013.0,3.29,128,93,4.859812404361672,0,Other,False,Lake Bell,United States,,3114953.0,31000.0,1
M2295722,2295722,Falcon Rising,Action,2014.0,3.44,18,107,2.9444389791664403,0,English,False,,,,,,1
M2296777,2296777,Sherlock Gnomes,Animation,2018.0,2.46,13,91,2.6390573296152584,0,English,False,,,,,,1
M2299842,2299842,Pieta,Crime,2012.0,3.78,34,109,3.5553480614894135,0,English,False,,,,,,1
M2300975,2300975,Jessabelle,Horror,2014.0,2.61,38,96,3.6635616461296463,0,English,False,,,,,,1
M2301592,2301592,La danza de la realidad,Biography,2013.0,4.22,16,117,2.833213344056216,0,English,False,,,,,,1
M2302755,2302755,Olympus Has Fallen,Action,2013.0,3.49,1110,119,7.01301578963963,0,Other,False,Antoine Fuqua,United States,70000000.0,170270201.0,263000.0,1
M2304426,2304426,The Selfish Giant,Drama,2013.0,3.78,62,109,4.143134726391533,0,English,False,,,,,,1
M2304771,2304771,Mandela: Long Walk to Freedom,Biography,2013.0,3.79,177,117,5.181783550292085,0,English,False,,,,,,1
M2304933,2304933,The 5th Wave,Action,2016.0,2.65,231,112,5.44673737166631,0,Other,False,J Blakeson,United States,38000000.0,109906372.0,103000.0,1
M2304953,2304953,Reasonable Doubt,Crime,2014.0,2.83,70,109,4.2626798770413155,0,English,False,,,,,,1
M2305051,2305051,Wild,Adventure,2014.0,3.56,388,115,5.963579343618446,0,Other,False,Jean-Marc Vallée,United States,15000000.0,52501541.0,123000.0,1
M2306745,2306745,Sound City,Documentary,2013.0,4.2,45,102,3.828641396489095,0,English,False,,,,,,1
M2309021,2309021,We Are What We Are,Drama,2013.0,2.82,61,109,4.127134385045092,0,English,False,,,,,,1
M2309224,2309224,Big Bad Wolves,Drama,2013.0,3.65,48,110,3.8918202981106265,0,Other,False,Aharon Keshales,Israel,,291239.0,16000.0,1
M2309260,2309260,The Gallows,Horror,2015.0,2.61,64,81,4.174387269895637,0,Other,False,Travis Cluff,United States,100000.0,42964410.0,20000.0,1
M2309764,2309764,Singham Returns,Action,2014.0,3.08,12,107,2.5649493574615367,0,English,False,,,,,,1
M2309788,2309788,The Gatekeepers,Documentary,2012.0,3.89,18,102,2.9444389791664403,0,English,False,,,,,,1
M2309961,2309961,Afflicted,Horror,2013.0,3.1,45,96,3.828641396489095,0,English,False,,,,,,1
M2310332,2310332,The Hobbit: The Battle of the Five Armies,Adventure,2014.0,3.82,816,144,6.705639094860003,0,Other,False,Peter Jackson,New Zealand,250000000.0,962182865.0,487000.0,1
M2312718,2312718,Homefront,Action,2013.0,3.4,415,100,6.030685260261263,0,Other,False,Gary Fleder,United States,22000000.0,48449416.0,113000.0,1
M2312890,2312890,Afternoon Delight,Comedy,2013.0,2.84,22,98,3.1354942159291497,0,Other,False,Joey Soloway,United States,,175755.0,10000.0,1
M2314824,2314824,Behaving Badly,Comedy,2013.0,2.8,10,100,2.3978952727983707,0,English,False,,,,,,1
M2314886,2314886,Breakout,Action,2013.0,2.23,11,107,2.4849066497880004,0,English,False,,,,,,1
M2315152,2315152,Neuk-dae-so-nyeon,Fantasy,2012.0,3.43,14,96,2.70805020110221,0,English,False,,,,,,1
M2315582,2315582,Una,Drama,2016.0,2.97,31,109,3.4657359027997265,0,English,False,,,,,,1
M2315596,2315596,Galveston,Action,2018.0,2.79,21,107,3.091042453358316,0,English,False,,,,,,1
M2316204,2316204,Alien: Covenant,Horror,2017.0,3.32,521,122,6.257667587882639,0,Other,False,Ridley Scott,United States,97000000.0,240891763.0,261000.0,1
M2316411,2316411,Enemy,Thriller,2013.0,3.46,447,91,6.104793232414985,0,Other,False,Denis Villeneuve,Canada,,3468224.0,175000.0,1
M2316801,2316801,La belle et la bête,Drama,2014.0,3.36,22,109,3.1354942159291497,0,English,False,,,,,,1
M2317225,2317225,The Machine,Action,2013.0,2.89,61,107,4.127134385045092,0,English,False,,,,,,1
M2318092,2318092,Endless Love,Drama,2014.0,3.1,95,116,4.564348191467836,0,Other,False,Franco Zeffirelli,United States,,32492674.0,7600.0,1
M2318527,2318527,Hell Baby,Comedy,2013.0,2.35,20,100,3.044522437723423,0,English,False,,,,,,1
M2318625,2318625,Out in the Dark,Drama,2012.0,3.75,12,109,2.5649493574615367,0,English,False,,,,,,1
M2319580,2319580,The Grand Seduction,Comedy,2013.0,3.53,30,113,3.4339872044851463,0,Other,False,Don McKellar,Canada,12700000.0,4292517.0,16000.0,1
M2321405,2321405,Ma vie de Courgette,Animation,2016.0,4.07,46,91,3.8501476017100584,0,English,False,,,,,,1
M2321549,2321549,The Babadook,Drama,2014.0,3.39,376,94,5.932245187448011,0,Other,False,Jennifer Kent,Australia,2000000.0,10312540.0,203000.0,1
M2322441,2322441,Fifty Shades of Grey,Drama,2015.0,2.27,389,125,5.966146739123692,0,Other,False,Sam Taylor-Johnson,United States,40000000.0,569651467.0,304000.0,1
M2325002,2325002,Freezer,Action,2014.0,2.57,14,107,2.70805020110221,0,English,False,,,,,,1
M2325518,2325518,Beneath,Horror,2013.0,1.65,10,96,2.3978952727983707,0,English,False,,,,,,1
M2325977,2325977,Strangerland,Drama,2015.0,2.32,25,109,3.258096538021482,0,English,False,,,,,,1
M2326554,2326554,A Girl Walks Home Alone at Night,Drama,2014.0,3.73,78,109,4.3694478524670215,0,English,False,,,,,,1
M2326612,2326612,The Captive,Crime,2014.0,2.94,100,109,4.61512051684126,0,English,False,,,,,,1
M2327430,2327430,Liv & Ingmar,Documentary,2012.0,4.25,10,102,2.3978952727983707,0,English,False,,,,,,1
M2328549,2328549,Dark Touch,Horror,2013.0,2.29,12,96,2.5649493574615367,0,English,False,,,,,,1
M2328900,2328900,Mary Queen of Scots,Biography,2018.0,3.29,82,124,4.418840607796598,0,Other,False,Josie Rourke,United Kingdom,25000000.0,46712809.0,45000.0,1
M2330322,2330322,The Conspiracy,Horror,2012.0,3.15,23,96,3.1780538303479458,0,English,False,,,,,,1
M2330866,2330866,Dodookdeul,Action,2012.0,3.82,14,107,2.70805020110221,0,English,False,,,,,,1
M2331047,2331047,Rememory,Drama,2017.0,3.37,38,109,3.6635616461296463,0,English,False,,,,,,1
M2331143,2331143,Soshite chichi ni naru,Drama,2013.0,4.06,76,109,4.343805421853684,0,English,False,,,,,,1
M2332522,2332522,Leviathan,Documentary,2012.0,2.92,13,98,2.6390573296152584,0,Other,False,George P. Cosmatos,United States,25000000.0,15704614.0,19000.0,1
M2332579,2332579,Crystal Fairy,Adventure,2013.0,2.37,23,105,3.1780538303479458,0,English,False,,,,,,1
M2333598,2333598,7 Cajas,Adventure,2012.0,3.77,13,105,2.6390573296152584,0,English,False,,,,,,1
M2333784,2333784,The Expendables 3,Action,2014.0,3.13,429,126,6.063785208687608,0,Other,False,Patrick Hughes,France,80000000.0,214657577.0,173000.0,1
M2333804,2333804,The Zero Theorem,Comedy,2013.0,3.11,103,107,4.6443908991413725,0,Other,False,Terry Gilliam,United Kingdom,8500000.0,1486506.0,46000.0,1
M2334649,2334649,Fruitvale Station,Biography,2013.0,3.87,376,85,5.932245187448011,0,Other,False,Ryan Coogler,United States,900000.0,17385830.0,78000.0,1
M2334871,2334871,Snatched,Action,2017.0,2.62,56,90,4.04305126783455,0,Other,False,Jonathan Levine,United States,42000000.0,60845711.0,34000.0,1
M2334873,2334873,Blue Jasmine,Drama,2013.0,3.7,782,98,6.663132695990803,0,Other,False,Woody Allen,United States,18000000.0,99104804.0,195000.0,1
M2334879,2334879,White House Down,Action,2013.0,3.38,829,131,6.721425700790643,0,Other,False,Roland Emmerich,United States,150000000.0,205366737.0,211000.0,1
M2334896,2334896,The Dirties,Crime,2013.0,3.46,13,109,2.6390573296152584,0,English,False,,,,,,1
M2336960,2336960,Inch'Allah,Drama,2012.0,3.38,13,109,2.6390573296152584,0,English,False,,,,,,1
M2338151,2338151,PK,Comedy,2014.0,4.24,280,153,5.638354669333745,0,Other,False,Rajkumar Hirani,India,,100370104.0,169000.0,1
M2338454,2338454,Unicorn Store,Comedy,2017.0,3.03,32,100,3.4965075614664802,0,English,False,,,,,,1
M2339741,2339741,The Woman in Black 2: Angel of Death,Drama,2015.0,2.72,102,109,4.634728988229636,0,English,False,,,,,,1
M2341664,2341664,Come Out and Play,Horror,2012.0,2.5,14,96,2.70805020110221,0,English,False,,,,,,1
M2343793,2343793,Third Person,Drama,2013.0,3.27,77,137,4.356708826689592,0,Other,False,Paul Haggis,Belgium,28000000.0,2624761.0,27000.0,1
M2345112,2345112,Parkland,Drama,2013.0,3.31,108,93,4.6913478822291435,0,Other,False,Peter Landesman,United States,10000000.0,1412181.0,15000.0,1
M2345567,2345567,Haunter,Fantasy,2013.0,3.03,52,96,3.970291913552122,0,English,False,,,,,,1
M2345613,2345613,Leprechaun: Origins,Fantasy,2014.0,2.0,15,96,2.772588722239781,0,English,False,,,,,,1
M2345737,2345737,The Rover,Action,2014.0,3.05,157,103,5.062595033026967,0,Other,False,David Michôd,Australia,12000000.0,2510007.0,46000.0,1
M2345759,2345759,The Mummy,Action,2017.0,2.73,406,124,6.008813185442595,0,Other,False,Stephen Sommers,United States,80000000.0,415933406.0,401000.0,1
M2347144,2347144,Wara no tate,Thriller,2013.0,3.45,10,102,2.3978952727983707,0,English,False,,,,,,1
M2347497,2347497,Silent Night,Comedy,2012.0,3.09,11,100,2.4849066497880004,0,English,False,,,,,,1
M2347569,2347569,Frances Ha,Comedy,2012.0,3.82,239,86,5.480638923341991,0,Other,False,Noah Baumbach,United States,,9058065.0,78000.0,1
M2349144,2349144,Mississippi Grind,Comedy,2015.0,3.26,58,108,4.07753744390572,0,Other,False,Anna Boden,United States,6000000.0,422746.0,22000.0,1
M2350496,2350496,Dabba,Drama,2013.0,3.81,132,109,4.890349128221754,0,English,False,,,,,,1
M2350892,2350892,Bad Country,Action,2014.0,2.9,20,107,3.044522437723423,0,English,False,,,,,,1
M2351310,2351310,Gamgi,Action,2013.0,3.56,47,107,3.871201010907891,0,English,False,,,,,,1
M2352802,2352802,Goodbye World,Comedy,2013.0,2.94,17,100,2.8903717578961645,0,English,False,,,,,,1
M2353767,2353767,Tusen ganger god natt,Drama,2013.0,3.5,19,109,2.995732273553991,0,English,False,,,,,,1
M2354205,2354205,McCullin,Documentary,2012.0,4.45,11,102,2.4849066497880004,0,English,False,,,,,,1
M2355495,2355495,Barefoot,Comedy,2014.0,3.55,66,90,4.204692619390966,0,Other,False,Andrew Fleming,United States,6000000.0,15071.0,24000.0,1
M2355540,2355540,Cutie and the Boxer,Documentary,2013.0,3.89,27,102,3.332204510175204,0,English,False,,,,,,1
M2356180,2356180,Bhaag Milkha Bhaag,Biography,2013.0,4.12,36,186,3.6109179126442243,0,Other,False,Rakeysh Omprakash Mehra,India,,17551296.0,63000.0,1
M2357129,2357129,Jobs,Biography,2013.0,3.08,643,128,6.467698726104354,0,Other,False,Joshua Michael Stern,United States,12000000.0,42128352.0,95000.0,1
M2357291,2357291,Rio 2,Animation,2014.0,3.26,163,101,5.099866427824199,0,Other,False,Carlos Saldanha,United States,103000000.0,498781117.0,83000.0,1
M2357377,2357377,The Berlin File,Action,2013.0,3.35,17,107,2.8903717578961645,0,English,False,,,,,,1
M2357461,2357461,Miele,Drama,2013.0,3.64,11,109,2.4849066497880004,0,English,False,,,,,,1
M2357788,2357788,Bridegroom,Documentary,2013.0,4.67,12,102,2.5649493574615367,0,English,False,,,,,,1
M2358891,2358891,La grande bellezza,Drama,2013.0,3.93,255,109,5.545177444479562,0,English,False,,,,,,1
M2358911,2358911,Berserk: Ougon jidai-hen II - Dorudorei koryaku,Animation,2012.0,4.42,13,91,2.6390573296152584,0,English,False,,,,,,1
M2358913,2358913,Berserk: Ougon jidai-hen III - Kourin,Animation,2013.0,4.5,12,91,2.5649493574615367,0,English,False,,,,,,1
M2358925,2358925,Unfinished Business,Comedy,2015.0,2.47,86,91,4.465908118654584,0,Other,False,Ken Scott,United States,35000000.0,14431253.0,33000.0,1
M2359002,2359002,Daglicht,Drama,2013.0,3.9,30,109,3.4339872044851463,0,English,False,,,,,,1
M2359024,2359024,Blue Ruin,Crime,2013.0,3.58,206,90,5.332718793265369,0,Other,False,Jeremy Saulnier,United States,420000.0,993313.0,69000.0,1
M2359810,2359810,Raanjhanaa,Drama,2013.0,3.79,19,109,2.995732273553991,0,English,False,,,,,,1
M2360446,2360446,The Hooligan Factory,Comedy,2014.0,1.85,10,100,2.3978952727983707,0,English,False,,,,,,1
M2361317,2361317,Live by Night,Action,2016.0,3.27,164,129,5.10594547390058,0,Other,False,Ben Affleck,United States,108000000.0,22678555.0,54000.0,1
M2361509,2361509,The Intern,Comedy,2015.0,3.66,595,121,6.39024066706535,0,Other,False,Nancy Meyers,United States,35000000.0,194564672.0,231000.0,1
M2363219,2363219,Het Bombardement,Drama,2012.0,2.45,10,109,2.3978952727983707,0,English,False,,,,,,1
M2363471,2363471,The Summit,Documentary,2012.0,3.5,12,102,2.5649493574615367,0,English,False,,,,,,1
M2364841,2364841,Runner Runner,Crime,2013.0,2.79,379,88,5.940171252720432,0,Other,False,Brad Furman,United States,30000000.0,62675095.0,61000.0,1
M2364897,2364897,The Disappointments Room,Drama,2016.0,2.14,18,109,2.9444389791664403,0,English,False,,,,,,1
M2364975,2364975,Vi är bäst!,Drama,2013.0,3.36,25,109,3.258096538021482,0,English,False,,,,,,1
M2365580,2365580,"Where'd You Go, Bernadette",Comedy,2019.0,3.26,21,109,3.091042453358316,0,Other,False,Richard Linklater,United States,20000000.0,11025353.0,19000.0,1
M2366450,2366450,Stories We Tell,Documentary,2012.0,3.97,48,102,3.8918202981106265,0,English,False,,,,,,1
M2366608,2366608,Lost River,Drama,2014.0,2.83,39,95,3.6888794541139363,0,Other,False,Ryan Gosling,United States,2000000.0,615500.0,17000.0,1
M2368254,2368254,A Private War,Biography,2018.0,3.67,32,110,3.4965075614664802,0,Other,False,Matthew Heineman,United Kingdom,,3915207.0,18000.0,1
M2368553,2368553,Bailout: The Age of Greed,Action,2013.0,3.09,80,107,4.394449154672439,0,English,False,,,,,,1
M2368619,2368619,Bastille Day,Action,2016.0,3.36,139,107,4.941642422609304,0,English,False,,,,,,1
M2368672,2368672,Minuscule - La vallée des fourmis perdues,Animation,2013.0,3.31,13,91,2.6390573296152584,0,English,False,,,,,,1
M2368749,2368749,Después de Lucía,Drama,2012.0,3.37,27,109,3.332204510175204,0,English,False,,,,,,1
M2369135,2369135,Need for Speed,Action,2014.0,3.46,669,132,6.507277712385012,0,Other,False,Scott Waugh,United States,66000000.0,203277636.0,165000.0,1
M2369205,2369205,Pioneer,Thriller,2013.0,2.6,10,102,2.3978952727983707,0,English,False,,,,,,1
M2369317,2369317,Space Station 76,Comedy,2014.0,2.77,11,100,2.4849066497880004,0,English,False,,,,,,1
M2369396,2369396,Bounty Killer,Action,2013.0,2.81,16,107,2.833213344056216,0,English,False,,,,,,1
M2370248,2370248,Short Term 12,Drama,2013.0,3.98,351,96,5.863631175598097,0,Other,False,Destin Daniel Cretton,United States,,1645164.0,84000.0,1
M2370718,2370718,Artifact,Documentary,2012.0,3.74,17,102,2.8903717578961645,0,English,False,,,,,,1
M2371486,2371486,Hoi-sa-won,Action,2012.0,3.27,13,107,2.6390573296152584,0,English,False,,,,,,1
M2372222,2372222,Kick,Action,2014.0,3.35,24,107,3.2188758248682006,0,English,False,,,,,,1
M2372251,2372251,Down a Dark Hall,Drama,2018.0,2.09,11,109,2.4849066497880004,0,English,False,,,,,,1
M2372678,2372678,2 States,Comedy,2014.0,3.3,30,100,3.4339872044851463,0,English,False,,,,,,1
M2374902,2374902,Málmhaus,Drama,2013.0,3.61,14,109,2.70805020110221,0,English,False,,,,,,1
M2375379,2375379,One Piece Film Z,Animation,2012.0,4.12,17,91,2.8903717578961645,0,English,False,,,,,,1
M2375574,2375574,A Field in England,Drama,2013.0,2.97,45,90,3.828641396489095,0,Other,False,Ben Wheatley,United Kingdom,,97195.0,12000.0,1
M2375605,2375605,The Act of Killing,Documentary,2012.0,4.1,96,102,4.574710978503383,0,English,False,,,,,,1
M2375779,2375779,Wrong Turn 5: Bloodlines,Horror,2012.0,2.41,11,96,2.4849066497880004,0,English,False,,,,,,1
M2376218,2376218,The Forger,Crime,2014.0,2.77,37,109,3.6375861597263857,0,English,False,,,,,,1
M2377322,2377322,Deliver Us from Evil,Horror,2014.0,3.15,200,118,5.303304908059076,0,Other,False,Scott Derrickson,United States,30000000.0,87937815.0,73000.0,1
M2377938,2377938,Special Chabbis,Crime,2013.0,3.68,17,109,2.8903717578961645,0,English,False,,,,,,1
M2378281,2378281,No se Aceptan Devoluciones,Comedy,2013.0,3.87,119,100,4.787491742782046,0,English,False,,,,,,1
M2378507,2378507,The Glass Castle,Biography,2017.0,3.79,96,127,4.574710978503383,0,Other,False,Destin Daniel Cretton,United States,9000000.0,22088533.0,31000.0,1
M2378830,2378830,Sommeren '92,Biography,2015.0,3.42,12,117,2.5649493574615367,0,English,False,,,,,,1
M2378936,2378936,El Crimen del Cácaro Gumaro,Action,2014.0,2.3,10,107,2.3978952727983707,0,English,False,,,,,,1
M2379713,2379713,Spectre,Action,2015.0,3.52,1083,148,6.988413181999592,0,Other,False,Sam Mendes,United Kingdom,245000000.0,880681519.0,393000.0,1
M2380207,2380207,Stockholm,Drama,2013.0,3.73,11,109,2.4849066497880004,0,English,False,,,,,,1
M2380247,2380247,The Central Park Five,Documentary,2012.0,3.88,28,102,3.367295829986474,0,English,False,,,,,,1
M2380307,2380307,Coco,Animation,2017.0,4.35,781,105,6.661854740545311,0,Other,False,Lee Unkrich,United States,175000000.0,807817888.0,417000.0,1
M2380331,2380331,Words and Pictures,Comedy,2013.0,3.57,23,100,3.1780538303479458,0,English,False,,,,,,1
M2381111,2381111,Brooklyn,Drama,2015.0,3.86,594,117,6.38856140554563,0,Other,False,John Crowley,United Kingdom,11000000.0,62402155.0,135000.0,1
M2381249,2381249,Mission: Impossible - Rogue Nation,Action,2015.0,3.81,940,131,6.846943139585379,0,Other,False,Christopher McQuarrie,United States,150000000.0,682716636.0,350000.0,1
M2381335,2381335,Fed Up,Documentary,2014.0,4.11,40,102,3.713572066704308,0,English,False,,,,,,1
M2381941,2381941,Focus,Comedy,2015.0,3.35,778,105,6.658011045870748,0,Other,False,Glenn Ficarra,United States,50100000.0,158762963.0,226000.0,1
M2381991,2381991,The Huntsman: Winter's War,Action,2016.0,3.15,227,114,5.429345628954441,0,Other,False,Cedric Nicolas-Troyan,United States,115000000.0,164989338.0,101000.0,1
M2382009,2382009,Nymphomaniac: Vol. II,Drama,2013.0,3.55,173,124,5.159055299214529,0,Other,False,Lars von Trier,Denmark,,4934725.0,88000.0,1
M2382298,2382298,Life Itself,Documentary,2014.0,4.12,62,117,4.143134726391533,0,Other,False,Dan Fogelman,United States,10000000.0,7997774.0,19000.0,1
M2382320,2382320,No Time to Die,Action,2021.0,3.77,276,107,5.6240175061873385,0,English,False,,,,,,1
M2382396,2382396,Joe,Crime,2013.0,3.53,161,117,5.087596335232384,0,Other,False,David Gordon Green,United States,4000000.0,2431443.0,46000.0,1
M2383068,2383068,The Sacrament,Horror,2013.0,3.24,42,96,3.7612001156935624,0,English,False,,,,,,1
M2385104,2385104,D-Day,Action,2013.0,3.58,12,107,2.5649493574615367,0,English,False,,,,,,1
M2386237,2386237,Malevolent,Horror,2018.0,2.04,13,96,2.6390573296152584,0,English,False,,,,,,1
M2386278,2386278,Haunt,Horror,2013.0,2.83,29,96,3.4011973816621555,0,English,False,,,,,,1
M2386404,2386404,He Never Died,Comedy,2015.0,3.55,19,100,2.995732273553991,0,English,False,,,,,,1
M2386490,2386490,How to Train Your Dragon: The Hidden World,Animation,2019.0,3.86,89,104,4.499809670330265,0,Other,False,Dean DeBlois,United States,129000000.0,525683457.0,112000.0,1
M2387408,2387408,Gallows Hill,Horror,2013.0,2.58,13,96,2.6390573296152584,0,English,False,,,,,,1
M2387433,2387433,Dark Skies,Horror,2013.0,3.19,296,97,5.6937321388027,0,Other,False,Scott Stewart,United States,3500000.0,27858103.0,73000.0,1
M2387499,2387499,Keeping Up with the Joneses,Action,2016.0,3.03,136,105,4.919980925828125,0,Other,False,Greg Mottola,United States,40000000.0,29918745.0,60000.0,1
M2387513,2387513,Libertador,Biography,2013.0,3.83,12,117,2.5649493574615367,0,English,False,,,,,,1
M2387559,2387559,Delivery Man,Comedy,2013.0,3.25,321,105,5.7745515455444085,0,Other,False,Ken Scott,United States,26000000.0,53120346.0,76000.0,1
M2388637,2388637,Ain't Them Bodies Saints,Crime,2013.0,3.28,93,96,4.543294782270004,0,Other,False,David Lowery,United States,,1031243.0,21000.0,1
M2388715,2388715,Oculus,Horror,2013.0,3.22,315,104,5.755742213586912,0,Other,False,Mike Flanagan,United States,5000000.0,44459951.0,120000.0,1
M2388725,2388725,Paperman,Animation,2012.0,4.13,26,91,3.295836866004329,0,English,False,,,,,,1
M2388771,2388771,Mowgli,Adventure,2018.0,3.42,146,105,4.990432586778736,0,English,False,,,,,,1
M2388819,2388819,Yozgat Blues,Comedy,2013.0,3.65,13,100,2.6390573296152584,0,English,False,,,,,,1
M2389182,2389182,Cheap Thrills,Comedy,2013.0,3.53,44,100,3.8066624897703196,0,English,False,,,,,,1
M2390237,2390237,Cuban Fury,Comedy,2014.0,3.18,72,100,4.290459441148391,0,English,False,,,,,,1
M2390361,2390361,Enough Said,Comedy,2013.0,3.65,299,93,5.703782474656201,0,Other,False,Nicole Holofcener,United States,8000000.0,25288872.0,60000.0,1
M2390962,2390962,The Unknown Known,Documentary,2013.0,3.38,13,102,2.6390573296152584,0,English,False,,,,,,1
M2392326,2392326,Le Week-End,Comedy,2013.0,3.34,38,100,3.6635616461296463,0,English,False,,,,,,1
M2392830,2392830,A Quiet Passion,Biography,2016.0,3.29,12,117,2.5649493574615367,0,English,False,,,,,,1
M2393827,2393827,Howl,Action,2015.0,2.73,22,107,3.1354942159291497,0,English,False,,,,,,1
M2393845,2393845,Kill Me Three Times,Action,2014.0,2.84,41,90,3.7376696182833684,0,Other,False,Kriv Stenders,United States,,101807.0,22000.0,1
M2395199,2395199,Enemies Closer,Action,2013.0,2.62,21,107,3.091042453358316,0,English,False,,,,,,1
M2395385,2395385,+1,Horror,2013.0,2.87,19,96,2.995732273553991,0,English,False,,,,,,1
M2395417,2395417,Still Life,Drama,2013.0,4.21,17,109,2.8903717578961645,0,English,False,,,,,,1
M2395427,2395427,Avengers: Age of Ultron,Action,2015.0,3.86,1345,141,7.204892510204673,0,Other,False,Joss Whedon,United States,250000000.0,1402809540.0,777000.0,1
M2395469,2395469,Gully Boy,Drama,2019.0,3.92,13,154,2.6390573296152584,0,Other,False,Zoya Akhtar,India,,28141995.0,34000.0,1
M2396224,2396224,It's Such a Beautiful Day,Animation,2012.0,4.09,16,91,2.833213344056216,0,English,False,,,,,,1
M2396566,2396566,Twenty Feet from Stardom,Documentary,2013.0,3.8,62,102,4.143134726391533,0,English,False,,,,,,1
M2396589,2396589,Mudbound,Drama,2017.0,3.74,134,109,4.90527477843843,0,English,False,,,,,,1
M2397535,2397535,Predestination,Drama,2014.0,3.78,484,97,6.184148890937483,0,Other,False,Michael Spierig,Australia,5100000.0,4942449.0,262000.0,1
M2397619,2397619,Woody Allen: A Documentary,Documentary,2012.0,3.85,10,102,2.3978952727983707,0,English,False,,,,,,1
M2398149,2398149,J'accuse,Drama,2019.0,3.79,14,109,2.70805020110221,0,English,False,,,,,,1
M2398231,2398231,The Homesman,Drama,2014.0,3.21,73,122,4.30406509320417,0,Other,False,Tommy Lee Jones,United States,16000000.0,3819421.0,32000.0,1
M2398241,2398241,Smurfs: The Lost Village,Animation,2017.0,2.99,44,90,3.8066624897703196,0,Other,False,Kelly Asbury,United States,60000000.0,197183546.0,19000.0,1
M2398249,2398249,They Came Together,Comedy,2014.0,2.74,51,100,3.9512437185814275,0,English,False,,,,,,1
M2400275,2400275,Adieu au langage,Drama,2014.0,2.57,14,109,2.70805020110221,0,English,False,,,,,,1
M2400291,2400291,The Barkley Marathons: The Race That Eats Its Young,Documentary,2014.0,4.06,16,102,2.833213344056216,0,English,False,,,,,,1
M2400463,2400463,The Invitation,Drama,2015.0,3.3,127,100,4.852030263919617,0,Other,False,Karyn Kusama,United States,,354835.0,100000.0,1
M2401097,2401097,Tracers,Action,2014.0,2.76,49,107,3.912023005428146,0,English,False,,,,,,1
M2401223,2401223,Richard Pryor: Omit the Logic,Documentary,2013.0,4.0,10,102,2.3978952727983707,0,English,False,,,,,,1
M2401621,2401621,De Marathon,Comedy,2012.0,3.87,27,100,3.332204510175204,0,English,False,,,,,,1
M2401807,2401807,Tokarev,Action,2014.0,2.65,99,107,4.605170185988092,0,English,False,,,,,,1
M2401878,2401878,Anomalisa,Animation,2015.0,3.68,161,90,5.087596335232384,0,Other,False,Duke Johnson,United Kingdom,8000000.0,5659286.0,68000.0,1
M2402085,2402085,All Is by My Side,Biography,2013.0,2.62,17,117,2.8903717578961645,0,English,False,,,,,,1
M2402091,2402091,Återträffen,Drama,2013.0,3.62,16,109,2.833213344056216,0,English,False,,,,,,1
M2402101,2402101,Dark Places,Action,2015.0,3.28,131,107,4.882801922586371,0,English,False,,,,,,1
M2402105,2402105,Dom Hemingway,Comedy,2013.0,3.05,83,100,4.430816798843313,0,English,False,,,,,,1
M2402157,2402157,The November Man,Action,2014.0,3.2,175,108,5.170483995038151,0,Other,False,Roger Donaldson,United States,15000000.0,39661919.0,65000.0,1
M2402603,2402603,Felony,Thriller,2013.0,3.24,19,102,2.995732273553991,0,English,False,,,,,,1
M2402927,2402927,Carol,Drama,2015.0,3.64,409,118,6.016157159698354,0,Other,False,Todd Haynes,United Kingdom,11800000.0,40272135.0,120000.0,1
M2403021,2403021,The Green Inferno,Adventure,2013.0,2.82,64,100,4.174387269895637,0,Other,False,Eli Roth,United States,5000000.0,12666449.0,41000.0,1
M2403029,2403029,The Starving Games,Comedy,2013.0,1.85,24,100,3.2188758248682006,0,English,False,,,,,,1
M2403961,2403961,Séptimo,Crime,2013.0,2.5,13,109,2.6390573296152584,0,English,False,,,,,,1
M2404181,2404181,Belle,Biography,2013.0,3.73,66,100,4.204692619390966,0,Other,False,Amma Asante,United Kingdom,10900000.0,16607575.0,29000.0,1
M2404233,2404233,Gods of Egypt,Action,2016.0,2.7,169,127,5.135798437050262,0,Other,False,Alex Proyas,United States,140000000.0,150680864.0,110000.0,1
M2404311,2404311,The Family,Comedy,2013.0,3.3,429,111,6.063785208687608,0,Other,False,Luc Besson,France,30000000.0,78418811.0,113000.0,1
M2404425,2404425,Woman in Gold,Biography,2015.0,3.64,175,109,5.170483995038151,0,Other,False,Simon Curtis,United Kingdom,11000000.0,61619773.0,56000.0,1
M2404435,2404435,The Magnificent Seven,Action,2016.0,3.61,540,132,6.293419278846481,0,Other,False,Antoine Fuqua,United States,90000000.0,162360636.0,191000.0,1
M2404461,2404461,Le passé,Drama,2013.0,3.88,156,109,5.056245805348308,0,English,False,,,,,,1
M2404463,2404463,The Heat,Action,2013.0,3.47,720,117,6.580639137284949,0,Other,False,Paul Feig,United States,43000000.0,229930771.0,165000.0,1
M2404465,2404465,Troop Zero,Comedy,2019.0,3.9,10,100,2.3978952727983707,0,English,False,,,,,,1
M2404738,2404738,Las brujas de Zugarramurdi,Action,2013.0,3.02,29,107,3.4011973816621555,0,English,False,,,,,,1
M2406252,2406252,La Vénus à la fourrure,Drama,2013.0,3.7,46,109,3.8501476017100584,0,English,False,,,,,,1
M2406566,2406566,Atomic Blonde,Action,2017.0,3.37,463,115,6.139884552226255,0,Other,False,David Leitch,United States,30000000.0,100014025.0,182000.0,1
M2409300,2409300,Killers,Action,2014.0,3.55,11,100,2.4849066497880004,0,Other,False,Robert Luketic,United States,75000000.0,98159963.0,89000.0,1
M2409818,2409818,Open Windows,Crime,2014.0,2.48,26,109,3.295836866004329,0,English,False,,,,,,1
M2414766,2414766,OXV: The Manual,Thriller,2013.0,3.67,33,102,3.5263605246161616,0,English,False,,,,,,1
M2415458,2415458,The Wolfpack,Documentary,2015.0,3.54,38,102,3.6635616461296463,0,English,False,,,,,,1
M2417712,2417712,Goon: Last of the Enforcers,Comedy,2017.0,3.18,20,100,3.044522437723423,0,English,False,,,,,,1
M2425486,2425486,Gloria,Comedy,2012.0,3.44,33,108,3.5263605246161616,0,Other,False,Sidney Lumet,United States,30000000.0,4197729.0,5500.0,1
M2427502,2427502,Snabba cash - Livet deluxe,Crime,2013.0,3.02,20,109,3.044522437723423,0,English,False,,,,,,1
M2427892,2427892,Tom à la ferme,Drama,2013.0,3.45,32,109,3.4965075614664802,0,English,False,,,,,,1
M2428170,2428170,Creep,Horror,2014.0,3.18,51,96,3.9512437185814275,0,English,False,,,,,,1
M2429074,2429074,G.B.F.,Comedy,2013.0,3.28,20,100,3.044522437723423,0,English,False,,,,,,1
M2431286,2431286,Philomena,Biography,2013.0,3.96,508,98,6.2324480165505225,0,Other,False,Stephen Frears,United Kingdom,12000000.0,100129872.0,96000.0,1
M2436386,2436386,Project Almanac,Drama,2014.0,3.29,182,106,5.209486152841421,0,Other,False,Dean Israelite,United States,12000000.0,33213241.0,77000.0,1
M2436516,2436516,Go Goa Gone,Action,2013.0,3.42,19,107,2.995732273553991,0,English,False,,,,,,1
M2436682,2436682,The Duel,Drama,2016.0,2.76,23,109,3.1780538303479458,0,English,False,,,,,,1
M2438644,2438644,Kvinden i buret,Crime,2013.0,3.83,56,109,4.04305126783455,0,English,False,,,,,,1
M2446042,2446042,Taken 3,Action,2014.0,3.14,585,108,6.373319789577012,0,Other,False,Olivier Megaton,France,48000000.0,326479141.0,183000.0,1
M2446600,2446600,Next Goal Wins,Documentary,2014.0,4.32,14,102,2.70805020110221,0,English,False,,,,,,1
M2446980,2446980,Joy,Drama,2015.0,3.42,460,124,6.133398042996649,0,Other,False,David O. Russell,United States,60000000.0,101134059.0,131000.0,1
M2450186,2450186,V/H/S/2,Horror,2013.0,3.13,110,96,4.709530201312334,0,Other,False,Directors,United States,,805574.0,37000.0,1
M2452042,2452042,The Peanuts Movie,Animation,2015.0,3.61,115,88,4.7535901911063645,0,Other,False,Steve Martino,United States,99000000.0,246233113.0,43000.0,1
M2452200,2452200,Son of a Gun,Action,2014.0,3.27,76,108,4.343805421853684,0,Other,False,Julius Avery,Australia,,660241.0,27000.0,1
M2452244,2452244,Isn't It Romantic,Comedy,2019.0,2.9,102,89,4.634728988229636,0,Other,False,Todd Strauss-Schulson,United States,31000000.0,48791187.0,65000.0,1
M2452254,2452254,Clouds of Sils Maria,Drama,2014.0,3.44,77,124,4.356708826689592,0,Other,False,Olivier Assayas,France,,4728401.0,28000.0,1
M2452386,2452386,The Fundamentals of Caring,Comedy,2016.0,3.75,179,100,5.19295685089021,0,English,False,,,,,,1
M2458106,2458106,Ninja: Shadow of a Tear,Action,2013.0,3.0,23,107,3.1780538303479458,0,English,False,,,,,,1
M2458776,2458776,Bears,Documentary,2014.0,3.98,23,102,3.1780538303479458,0,English,False,,,,,,1
M2459156,2459156,Copenhagen,Adventure,2014.0,3.63,27,105,3.332204510175204,0,English,False,,,,,,1
M2461132,2461132,Happy New Year,Action,2014.0,3.53,43,107,3.784189633918261,0,English,False,,,,,,1
M2461150,2461150,Masterminds,Action,2016.0,2.94,115,106,4.7535901911063645,0,Other,False,Roger Christian,United States,,1935539.0,3400.0,1
M2461520,2461520,Man Down,Drama,2015.0,3.22,23,109,3.1780538303479458,0,English,False,,,,,,1
M2463288,2463288,Walk of Shame,Comedy,2014.0,3.13,161,95,5.087596335232384,0,Other,False,Steven Brill,United States,,8122990.0,52000.0,1
M2463512,2463512,Hateship Loveship,Drama,2013.0,2.91,11,109,2.4849066497880004,0,English,False,,,,,,1
M2465140,2465140,The Single Moms Club,Comedy,2014.0,2.9,15,100,2.772588722239781,0,English,False,,,,,,1
M2465146,2465146,And So It Goes,Comedy,2014.0,3.21,34,94,3.5553480614894135,0,Other,False,Rob Reiner,United States,18000000.0,25419147.0,13000.0,1
M2465578,2465578,Il capitale umano,Drama,2013.0,3.73,32,109,3.4965075614664802,0,English,False,,,,,,1
M2467046,2467046,Left Behind,Action,2014.0,1.77,85,110,4.454347296253507,0,Other,False,Vic Armstrong,United States,16000000.0,27405896.0,38000.0,1
M2468774,2468774,Nae-ga sal-in-beom-i-da,Action,2012.0,3.68,17,107,2.8903717578961645,0,English,False,,,,,,1
M2472432,2472432,Spijt!,Drama,2013.0,3.75,10,109,2.3978952727983707,0,English,False,,,,,,1
M2473510,2473510,Paranormal Activity: The Ghost Dimension,Horror,2015.0,2.45,81,96,4.406719247264253,0,English,False,,,,,,1
M2473602,2473602,Get on Up,Biography,2014.0,3.62,68,139,4.23410650459726,0,Other,False,Tate Taylor,United Kingdom,30000000.0,33448971.0,23000.0,1
M2473682,2473682,Paranormal Activity: The Marked Ones,Horror,2014.0,2.69,172,96,5.153291594497779,0,English,False,,,,,,1
M2473794,2473794,Mr. Turner,Biography,2014.0,3.46,70,117,4.2626798770413155,0,English,False,,,,,,1
M2474024,2474024,The Last 5 Years,Comedy,2014.0,3.19,21,100,3.091042453358316,0,English,False,,,,,,1
M2474438,2474438,Attila Marcel,Comedy,2013.0,3.75,10,100,2.3978952727983707,0,English,False,,,,,,1
M2474958,2474958,Kill Your Friends,Comedy,2015.0,3.2,25,100,3.258096538021482,0,English,False,,,,,,1
M2474976,2474976,The Hallow,Horror,2015.0,2.94,25,96,3.258096538021482,0,English,False,,,,,,1
M2479478,2479478,The Ridiculous 6,Comedy,2015.0,2.63,74,100,4.31748811353631,0,English,False,,,,,,1
M2479800,2479800,Palo Alto,Drama,2013.0,3.01,64,100,4.174387269895637,0,Other,False,Gia Coppola,United States,,919591.0,28000.0,1
M2481198,2481198,Sunshine on Leith,Comedy,2013.0,3.43,37,100,3.6375861597263857,0,English,False,,,,,,1
M2481480,2481480,Rob the Mob,Crime,2014.0,3.22,32,109,3.4965075614664802,0,English,False,,,,,,1
M2481498,2481498,"Extremely Wicked, Shockingly Evil and Vile",Biography,2019.0,3.52,122,117,4.812184355372417,0,English,False,,,,,,1
M2483260,2483260,The Pirate Fairy,Animation,2014.0,3.18,14,91,2.70805020110221,0,English,False,,,,,,1
M2486678,2486678,5 to 7,Comedy,2014.0,3.63,39,100,3.6888794541139363,0,English,False,,,,,,1
M2486682,2486682,Al Midan,Documentary,2013.0,4.2,52,102,3.970291913552122,0,English,False,,,,,,1
M2488496,2488496,Star Wars: Episode VII - The Force Awakens,Action,2015.0,4.21,1401,138,7.2456550675945355,0,Other,False,J.J. Abrams,United States,245000000.0,2069521700.0,876000.0,1
M2490326,2490326,Cooties,Action,2014.0,2.78,27,88,3.332204510175204,0,Other,False,Jonathan Milott,United States,,485544.0,24000.0,1
M2492916,2492916,Muscle Shoals,Documentary,2013.0,3.8,15,102,2.772588722239781,0,English,False,,,,,,1
M2493486,2493486,Last Knights,Action,2015.0,3.43,114,107,4.74493212836325,0,English,False,,,,,,1
M2494280,2494280,Stretch,Comedy,2014.0,3.23,72,100,4.290459441148391,0,English,False,,,,,,1
M2494362,2494362,Bone Tomahawk,Adventure,2015.0,3.5,178,105,5.187385805840755,0,English,False,,,,,,1
M2494384,2494384,Aloft,Drama,2014.0,2.75,10,109,2.3978952727983707,0,English,False,,,,,,1
M2495118,2495118,Yip Man: Jung gik yat zin,Action,2013.0,2.63,19,107,2.995732273553991,0,English,False,,,,,,1
M2499076,2499076,The Crash Reel,Documentary,2013.0,4.11,22,102,3.1354942159291497,0,English,False,,,,,,1
M2499472,2499472,Point Blank,Action,2019.0,2.98,30,107,3.4339872044851463,0,English,False,,,,,,1
M2503154,2503154,The Den,Horror,2013.0,3.36,21,96,3.091042453358316,0,English,False,,,,,,1
M2503944,2503944,Burnt,Comedy,2015.0,3.4,372,101,5.921578419643816,0,Other,False,John Wells,United States,20000000.0,36606743.0,110000.0,1
M2505294,2505294,Ask Me Anything,Drama,2014.0,3.16,19,109,2.995732273553991,0,English,False,,,,,,1
M2509850,2509850,The Rewrite,Comedy,2014.0,3.05,65,100,4.189654742026425,0,English,False,,,,,,1
M2510434,2510434,Alien Abduction,Horror,2014.0,2.56,25,96,3.258096538021482,0,English,False,,,,,,1
M2510894,2510894,Hotel Transylvania 2,Animation,2015.0,3.47,128,89,4.859812404361672,0,Other,False,Genndy Tartakovsky,United States,80000000.0,474800000.0,113000.0,1
M2511428,2511428,Cold Comes the Night,Crime,2013.0,2.92,32,109,3.4965075614664802,0,English,False,,,,,,1
M2513074,2513074,Billy Lynn's Long Halftime Walk,Action,2016.0,2.85,47,113,3.871201010907891,0,Other,False,Ang Lee,United Kingdom,40000000.0,30930984.0,22000.0,1
M2513616,2513616,Springsteen & I,Documentary,2013.0,4.18,14,102,2.70805020110221,0,English,False,,,,,,1
M2515030,2515030,Escobar: Paradise Lost,Crime,2014.0,3.27,60,109,4.110873864173311,0,English,False,,,,,,1
M2515034,2515034,The Gunman,Action,2015.0,2.96,112,115,4.727387818712341,0,Other,False,Pierre Morel,United States,40000000.0,24177137.0,40000.0,1
M2515086,2515086,This Is Us,Documentary,2013.0,2.65,57,102,4.060443010546419,0,English,False,,,,,,1
M2517658,2517658,The Canal,Horror,2014.0,3.09,32,96,3.4965075614664802,0,English,False,,,,,,1
M2518788,2518788,1,Documentary,2013.0,4.08,19,102,2.995732273553991,0,English,False,,,,,,1
M2523600,2523600,Viva la libertà,Comedy,2013.0,3.58,13,100,2.6390573296152584,0,English,False,,,,,,1
M2524674,2524674,Feuchtgebiete,Comedy,2013.0,3.18,11,100,2.4849066497880004,0,English,False,,,,,,1
M2527186,2527186,All Cheerleaders Die,Comedy,2013.0,3.43,14,100,2.70805020110221,0,English,False,,,,,,1
M2527336,2527336,Star Wars: Episode VIII - The Last Jedi,Action,2017.0,3.9,694,152,6.543911845564792,0,Other,False,Rian Johnson,United States,317000000.0,1332698830.0,581000.0,1
M2527338,2527338,Star Wars: Episode IX - The Rise of Skywalker,Action,2019.0,3.63,338,141,5.82600010738045,0,Other,False,J.J. Abrams,United States,275000000.0,1078232589.0,394000.0,1
M2528814,2528814,God's Not Dead,Drama,2014.0,3.6,48,113,3.8918202981106265,0,Other,False,Harold Cronk,United States,2000000.0,64676349.0,41000.0,1
M2531318,2531318,The Beatles: Eight Days a Week - The Touring Years,Documentary,2016.0,3.96,40,102,3.713572066704308,0,English,False,,,,,,1
M2531344,2531344,Blockers,Comedy,2018.0,3.25,121,102,4.804021044733257,0,Other,False,Kay Cannon,United States,21000000.0,94019120.0,74000.0,1
M2532528,2532528,Dirty Wars,Documentary,2013.0,3.9,47,102,3.871201010907891,0,English,False,,,,,,1
M2535470,2535470,Wyrmwood,Action,2014.0,3.02,27,107,3.332204510175204,0,English,False,,,,,,1
M2537176,2537176,I Spit on Your Grave 2,Horror,2013.0,3.04,77,106,4.356708826689592,0,Other,False,Steven R. Monroe,United States,,678604.0,28000.0,1
M2539482,2539482,No sé si cortarme las venas o dejármelas largas,Comedy,2013.0,3.39,14,100,2.70805020110221,0,English,False,,,,,,1
M2542368,2542368,Soof,Comedy,2013.0,3.5,11,100,2.4849066497880004,0,English,False,,,,,,1
M2543164,2543164,Arrival,Drama,2016.0,3.98,1557,116,7.351158226430694,0,Other,False,Denis Villeneuve,United States,47000000.0,203388186.0,621000.0,1
M2543336,2543336,The Harvest,Drama,2013.0,3.25,10,109,2.3978952727983707,0,English,False,,,,,,1
M2543472,2543472,Wonder,Drama,2017.0,4.15,646,113,6.472346294500901,0,Other,False,Stephen Chbosky,United States,20000000.0,306209289.0,150000.0,1
M2544766,2544766,Michiel de Ruyter,Action,2015.0,3.48,20,107,3.044522437723423,0,English,False,,,,,,1
M2545118,2545118,Blackfish,Documentary,2013.0,4.1,268,102,5.594711379601839,0,English,False,,,,,,1
M2545428,2545428,Meru,Documentary,2015.0,4.05,30,102,3.4339872044851463,0,English,False,,,,,,1
M2547584,2547584,The Light Between Oceans,Drama,2016.0,3.79,240,133,5.484796933490655,0,Other,False,Derek Cianfrance,United Kingdom,20000000.0,25975621.0,54000.0,1
M2548208,2548208,Poker Night,Crime,2014.0,3.23,24,109,3.2188758248682006,0,English,False,,,,,,1
M2548396,2548396,The Cloverfield Paradox,Drama,2018.0,2.83,181,109,5.204006687076795,0,English,False,,,,,,1
M2552296,2552296,Ghadi,Comedy,2013.0,3.95,11,100,2.4849066497880004,0,English,False,,,,,,1
M2552394,2552394,The Legend of Barney Thomson,Comedy,2015.0,3.54,13,100,2.6390573296152584,0,English,False,,,,,,1
M2554270,2554270,Ta-weo,Action,2012.0,3.65,20,107,3.044522437723423,0,English,False,,,,,,1
M2554274,2554274,Crimson Peak,Drama,2015.0,3.36,323,119,5.780743515792329,0,Other,False,Guillermo del Toro,Canada,55000000.0,74679822.0,136000.0,1
M2555736,2555736,The Second Best Exotic Marigold Hotel,Comedy,2015.0,3.37,93,122,4.543294782270004,0,Other,False,John Madden,United Kingdom,10000000.0,85978292.0,32000.0,1
M2556308,2556308,Holiday,Action,2014.0,3.87,15,107,2.772588722239781,0,English,False,,,,,,1
M2556874,2556874,Plastic,Action,2014.0,3.05,28,107,3.367295829986474,0,English,False,,,,,,1
M2557276,2557276,Against the Sun,Adventure,2014.0,3.67,18,105,2.9444389791664403,0,English,False,,,,,,1
M2557478,2557478,Pacific Rim: Uprising,Action,2018.0,2.93,176,111,5.176149732573829,0,Other,False,Steven S. DeKnight,United Kingdom,150000000.0,290930148.0,110000.0,1
M2557490,2557490,A Million Ways to Die in the West,Comedy,2014.0,3.15,524,116,6.263398262591624,0,Other,False,Seth MacFarlane,United States,40000000.0,87189756.0,181000.0,1
M2560102,2560102,Lilting,Drama,2014.0,3.7,22,109,3.1354942159291497,0,English,False,,,,,,1
M2561546,2561546,The Town That Dreaded Sundown,Horror,2014.0,3.04,25,96,3.258096538021482,0,English,False,,,,,,1
M2561572,2561572,Get Hard,Comedy,2015.0,3.09,318,100,5.765191102784844,0,Other,False,Etan Cohen,United States,40000000.0,111711453.0,127000.0,1
M2562232,2562232,Birdman,Comedy,2014.0,3.89,1387,100,7.23561914106675,0,English,False,,,,,,1
M2567026,2567026,Alice Through the Looking Glass,Adventure,2016.0,3.29,166,113,5.117993812416755,0,Other,False,James Bobin,United States,170000000.0,299820798.0,98000.0,1
M2567712,2567712,Starred Up,Crime,2013.0,3.77,247,106,5.5134287461649825,0,Other,False,David Mackenzie,United Kingdom,,3025189.0,44000.0,1
M2568862,2568862,Going in Style,Comedy,2017.0,3.34,326,96,5.7899601708972535,0,Other,False,Zach Braff,United States,25000000.0,84918541.0,79000.0,1
M2570858,2570858,The Duke of Burgundy,Drama,2014.0,3.52,23,104,3.1780538303479458,0,Other,False,Peter Strickland,United Kingdom,1000000.0,185147.0,12000.0,1
M2572632,2572632,Vendetta,Action,2013.0,3.22,16,107,2.833213344056216,0,English,False,,,,,,1
M2573858,2573858,The Stag,Comedy,2013.0,2.91,17,100,2.8903717578961645,0,English,False,,,,,,1
M2574698,2574698,Gunday,Action,2014.0,3.27,15,107,2.772588722239781,0,English,False,,,,,,1
M2576852,2576852,Kaguyahime no monogatari,Animation,2013.0,4.18,82,91,4.418840607796598,0,English,False,,,,,,1
M2577172,2577172,GirlHouse,Horror,2014.0,2.82,19,96,2.995732273553991,0,English,False,,,,,,1
M2580382,2580382,The Survivalist,Drama,2015.0,3.39,22,109,3.1354942159291497,0,English,False,,,,,,1
M2581244,2581244,Life After Beth,Comedy,2014.0,2.86,43,100,3.784189633918261,0,English,False,,,,,,1
M2582496,2582496,Me and Earl and the Dying Girl,Comedy,2015.0,3.9,305,105,5.723585101952381,0,Other,False,Alfonso Gomez-Rejon,United States,8000000.0,9074749.0,126000.0,1
M2582498,2582498,Sweet Virginia,Drama,2017.0,3.28,18,93,2.9444389791664403,0,Other,False,Jamie M. Dagg,Canada,,14725.0,9200.0,1
M2582500,2582500,Shut In,Drama,2016.0,2.47,30,109,3.4339872044851463,0,English,False,,,,,,1
M2582502,2582502,Fathers &amp; Daughters,Drama,2015.0,3.93,115,109,4.7535901911063645,0,English,False,,,,,,1
M2582576,2582576,Sand Castle,Drama,2017.0,3.04,47,109,3.871201010907891,0,English,False,,,,,,1
M2582782,2582782,Hell or High Water,Action,2016.0,3.78,718,102,6.577861357721047,0,Other,False,David Mackenzie,United States,12000000.0,37879877.0,211000.0,1
M2582784,2582784,Flower,Comedy,2017.0,3.58,13,90,2.6390573296152584,0,Other,False,Max Winkler,United States,,380553.0,7800.0,1
M2582802,2582802,Whiplash,Drama,2014.0,4.29,1662,106,7.416378479192928,0,Other,False,Damien Chazelle,United States,3300000.0,49396747.0,749000.0,1
M2582846,2582846,The Fault in Our Stars,Drama,2014.0,4.08,952,126,6.859614903654202,0,Other,False,Josh Boone,United States,12000000.0,307166834.0,352000.0,1
M2584384,2584384,Jojo Rabbit,Comedy,2019.0,3.75,807,108,6.694562058521095,0,Other,False,Taika Waititi,New Zealand,14000000.0,90335025.0,328000.0,1
M2591814,2591814,Koto no ha no niwa,Animation,2013.0,3.96,57,91,4.060443010546419,0,English,False,,,,,,1
M2592614,2592614,Resident Evil: The Final Chapter,Action,2016.0,2.96,199,107,5.298317366548036,0,Other,False,Paul W.S. Anderson,United States,40000000.0,312242626.0,87000.0,1
M2593392,2593392,Alive Inside,Documentary,2014.0,4.39,19,102,2.995732273553991,0,English,False,,,,,,1
M2597242,2597242,Home,Horror,2014.0,2.17,21,94,3.091042453358316,0,Other,False,Tim Johnson,United States,135000000.0,386041607.0,95000.0,1
M2597768,2597768,Come and Find Me,Thriller,2016.0,2.93,22,102,3.1354942159291497,0,English,False,,,,,,1
M2597892,2597892,Viral,Drama,2016.0,3.25,16,109,2.833213344056216,0,English,False,,,,,,1
M2599716,2599716,Jing cha gu shi 2013,Action,2013.0,2.88,16,107,2.833213344056216,0,English,False,,,,,,1
M2608224,2608224,Kelebegin rüyasi,Biography,2013.0,3.73,30,117,3.4339872044851463,0,English,False,,,,,,1
M2608732,2608732,TPB AFK: The Pirate Bay Away from Keyboard,Documentary,2013.0,3.52,22,102,3.1354942159291497,0,English,False,,,,,,1
M2609912,2609912,Kevin Hart: Let Me Explain,Documentary,2013.0,3.34,43,102,3.784189633918261,0,English,False,,,,,,1
M2610768,2610768,Celal ile Ceren,Comedy,2013.0,2.38,12,100,2.5649493574615367,0,English,False,,,,,,1
M2611626,2611626,Force of Execution,Action,2013.0,1.95,10,107,2.3978952727983707,0,English,False,,,,,,1
M2611652,2611652,Fúsi,Drama,2015.0,3.61,19,109,2.995732273553991,0,English,False,,,,,,1
M2614684,2614684,'71,Action,2014.0,3.67,207,99,5.337538079701318,0,Other,False,Yann Demange,United Kingdom,,3062178.0,53000.0,1
M2616810,2616810,Blind,Drama,2014.0,3.32,25,109,3.258096538021482,0,English,False,,,,,,1
M2616880,2616880,The Blue Umbrella,Animation,2013.0,4.19,13,91,2.6390573296152584,0,English,False,,,,,,1
M2617828,2617828,Freier Fall,Drama,2013.0,3.86,28,109,3.367295829986474,0,English,False,,,,,,1
M2620590,2620590,Leatherface,Crime,2017.0,2.44,39,109,3.6888794541139363,0,English,False,,,,,,1
M2621000,2621000,Jolly LLB,Comedy,2013.0,3.64,14,100,2.70805020110221,0,English,False,,,,,,1
M2623502,2623502,"Getting Go, the Go Doc Project",Drama,2013.0,3.55,10,109,2.3978952727983707,0,English,False,,,,,,1
M2624412,2624412,Boulevard,Drama,2014.0,2.9,24,109,3.2188758248682006,0,English,False,,,,,,1
M2625030,2625030,Sinsegye,Crime,2013.0,3.91,49,109,3.912023005428146,0,English,False,,,,,,1
M2625598,2625598,Living on One Dollar,Documentary,2013.0,4.13,19,102,2.995732273553991,0,English,False,,,,,,1
M2625810,2625810,Into the Forest,Drama,2015.0,3.12,30,101,3.4339872044851463,0,Other,False,Patricia Rozema,Canada,,92166.0,20000.0,1
M2626350,2626350,Step up 5,Drama,2014.0,3.42,105,109,4.663439094112067,0,English,False,,,,,,1
M2628316,2628316,Green Street 3: Never Back Down,Action,2013.0,2.45,11,107,2.4849066497880004,0,English,False,,,,,,1
M2631186,2631186,Bahubali: The Beginning,Action,2015.0,3.67,46,107,3.8501476017100584,0,English,False,,,,,,1
M2636522,2636522,The Unbelievers,Documentary,2013.0,3.5,19,102,2.995732273553991,0,English,False,,,,,,1
M2637276,2637276,Ted 2,Comedy,2015.0,3.31,465,115,6.144185634125646,0,Other,False,Seth MacFarlane,United States,68000000.0,215863606.0,191000.0,1
M2637294,2637294,Hot Tub Time Machine 2,Comedy,2015.0,2.57,87,93,4.477336814478207,0,Other,False,Steve Pink,United States,14000000.0,13081651.0,38000.0,1
M2638144,2638144,Ben-Hur,Action,2016.0,2.93,100,123,4.61512051684126,0,Other,False,Timur Bekmambetov,United States,100000000.0,94061311.0,43000.0,1
M2639254,2639254,A Little Chaos,Drama,2014.0,3.02,31,112,3.4657359027997265,0,Other,False,Alan Rickman,United Kingdom,,10084623.0,22000.0,1
M2639336,2639336,Greta,Drama,2018.0,3.06,71,98,4.276666119016055,0,Other,False,Neil Jordan,Ireland,,18653107.0,30000.0,1
M2639344,2639344,Love Is Strange,Drama,2014.0,3.63,39,109,3.6888794541139363,0,English,False,,,,,,1
M2640474,2640474,La casa del fin de los tiempos,Drama,2013.0,4.05,20,109,3.044522437723423,0,English,False,,,,,,1
M2646378,2646378,The Frankenstein Theory,Horror,2013.0,2.15,13,96,2.6390573296152584,0,English,False,,,,,,1
M2649128,2649128,Metro,Action,2013.0,3.27,24,117,3.2188758248682006,0,Other,False,Thomas Carter,United States,55000000.0,32000301.0,26000.0,1
M2649554,2649554,Midnight Special,Action,2016.0,3.35,221,112,5.402677381872279,0,Other,False,Jeff Nichols,United States,18000000.0,6740647.0,77000.0,1
M2650978,2650978,Das finstere Tal,Drama,2014.0,3.61,31,109,3.4657359027997265,0,English,False,,,,,,1
M2652092,2652092,The Good Lie,Biography,2014.0,3.75,104,110,4.653960350157523,0,Other,False,Philippe Falardeau,Kenya,20000000.0,3396345.0,28000.0,1
M2652118,2652118,"Crouching Tiger, Hidden Dragon: Sword of Destiny",Action,2016.0,3.33,45,107,3.828641396489095,0,English,False,,,,,,1
M2659414,2659414,7-beon-bang-ui seon-mul,Comedy,2013.0,4.26,51,100,3.9512437185814275,0,English,False,,,,,,1
M2660888,2660888,Star Trek Beyond,Action,2016.0,3.64,452,122,6.115892125483034,0,Other,False,Justin Lin,United States,185000000.0,343471816.0,234000.0,1
M2667380,2667380,Kill Command,Action,2016.0,2.7,22,107,3.1354942159291497,0,English,False,,,,,,1
M2667918,2667918,About Alex,Drama,2014.0,3.5,10,109,2.3978952727983707,0,English,False,,,,,,1
M2668134,2668134,Space Pirate Captain Harlock,Animation,2013.0,2.93,22,91,3.1354942159291497,0,English,False,,,,,,1
M2669336,2669336,Time Lapse,Sci-Fi,2014.0,3.25,71,105,4.276666119016055,0,English,False,,,,,,1
M2671706,2671706,Fences,Drama,2016.0,3.86,464,139,6.142037405587356,0,Other,False,Denzel Washington,United States,24000000.0,64414761.0,101000.0,1
M2674358,2674358,The Hunter's Prayer,Action,2017.0,3.07,15,107,2.772588722239781,0,English,False,,,,,,1
M2674426,2674426,Me Before You,Drama,2016.0,3.81,659,106,6.492239835020471,0,Other,False,Thea Sharrock,United Kingdom,20000000.0,208314186.0,220000.0,1
M2674430,2674430,Approaching the Unknown,Drama,2016.0,2.46,14,109,2.70805020110221,0,English,False,,,,,,1
M2674454,2674454,Churchill,Biography,2017.0,2.98,25,105,3.258096538021482,0,Other,False,Jonathan Teplitzky,United Kingdom,6400000.0,6724365.0,12000.0,1
M2675914,2675914,Kraftidioten,Action,2014.0,3.66,43,107,3.784189633918261,0,English,False,,,,,,1
M2677722,2677722,City of Lies,Biography,2018.0,3.43,14,117,2.70805020110221,0,English,False,,,,,,1
M2679042,2679042,Hitman: Agent 47,Action,2015.0,2.91,222,96,5.407171771460119,0,Other,False,Aleksander Bach,United States,35000000.0,82347656.0,87000.0,1
M2679552,2679552,I.T.,Crime,2016.0,2.99,42,109,3.7612001156935624,0,English,False,,,,,,1
M2691498,2691498,Hoe Duur was de Suiker,Drama,2013.0,3.55,10,109,2.3978952727983707,0,English,False,,,,,,1
M2691722,2691722,Het Vonnis,Drama,2013.0,3.71,14,109,2.70805020110221,0,English,False,,,,,,1
M2692250,2692250,Night at the Museum: Secret of the Tomb,Adventure,2014.0,3.19,219,98,5.393627546352362,0,Other,False,Shawn Levy,United Kingdom,127000000.0,363204635.0,111000.0,1
M2692904,2692904,Locke,Drama,2013.0,3.66,514,85,6.244166900663736,0,Other,False,Steven Knight,United Kingdom,2000000.0,5090608.0,140000.0,1
M2693664,2693664,Young Ones,Action,2014.0,3.42,18,107,2.9444389791664403,0,English,False,,,,,,1
M2702724,2702724,The Boss,Comedy,2016.0,2.89,118,100,4.77912349311153,0,English,False,,,,,,1
M2704998,2704998,Game Night,Action,2018.0,3.65,576,100,6.3578422665081,0,Other,False,John Francis Daley,United States,37000000.0,117679066.0,215000.0,1
M2707848,2707848,Saint Laurent,Biography,2014.0,3.36,14,117,2.70805020110221,0,English,False,,,,,,1
M2707858,2707858,Yves Saint Laurent,Biography,2014.0,3.27,31,117,3.4657359027997265,0,English,False,,,,,,1
M2708254,2708254,Life of a King,Drama,2013.0,3.55,21,109,3.091042453358316,0,English,False,,,,,,1
M2708946,2708946,UnHung Hero,Documentary,2013.0,3.27,11,102,2.4849066497880004,0,English,False,,,,,,1
M2709692,2709692,The Grinch,Animation,2018.0,3.24,66,85,4.204692619390966,0,Other,False,Yarrow Cheney,France,75000000.0,512492755.0,58000.0,1
M2709768,2709768,The Secret Life of Pets,Animation,2016.0,3.44,374,87,5.926926025970411,0,Other,False,Chris Renaud,United States,75000000.0,875458631.0,188000.0,1
M2713180,2713180,Fury,Action,2014.0,3.94,1256,134,7.136483208590247,0,Other,False,David Ayer,United States,68000000.0,211822697.0,442000.0,1
M2714380,2714380,The Remaining,Drama,2014.0,2.42,13,109,2.6390573296152584,0,English,False,,,,,,1
M2714900,2714900,Finding Vivian Maier,Documentary,2013.0,4.04,42,102,3.7612001156935624,0,English,False,,,,,,1
M2716382,2716382,Sea Fever,Horror,2019.0,2.82,11,96,2.4849066497880004,0,English,False,,,,,,1
M2717558,2717558,On the Job,Action,2013.0,3.7,10,107,2.3978952727983707,0,English,False,,,,,,1
M2717822,2717822,Blackhat,Action,2015.0,2.71,160,133,5.081404364984463,0,Other,False,Michael Mann,United States,70000000.0,19652057.0,56000.0,1
M2717860,2717860,The Riot Club,Drama,2014.0,2.98,71,109,4.276666119016055,0,English,False,,,,,,1
M2718440,2718440,Moonwalkers,Action,2015.0,3.2,15,107,2.772588722239781,0,English,False,,,,,,1
M2718492,2718492,Ida,Drama,2013.0,3.69,171,82,5.147494476813453,0,Other,False,Pawel Pawlikowski,Poland,,11156836.0,55000.0,1
M2719848,2719848,Everest,Action,2015.0,3.55,497,121,6.210600077024653,0,Other,False,Baltasar Kormákur,United Kingdom,55000000.0,203427584.0,205000.0,1
M2720680,2720680,The Salvation,Drama,2014.0,3.44,87,92,4.477336814478207,0,Other,False,Kristian Levring,Denmark,,1363964.0,37000.0,1
M2720826,2720826,Birth of the Dragon,Action,2016.0,3.02,21,107,3.091042453358316,0,English,False,,,,,,1
M2724532,2724532,Gridlocked,Action,2015.0,2.96,12,107,2.5649493574615367,0,English,False,,,,,,1
M2725962,2725962,What We Did on Our Holiday,Comedy,2014.0,3.29,65,100,4.189654742026425,0,English,False,,,,,,1
M2726560,2726560,The Longest Ride,Drama,2015.0,3.69,167,123,5.123963979403259,0,Other,False,George Tillman Jr.,United States,34000000.0,62944815.0,79000.0,1
M2737050,2737050,"Deux jours, une nuit",Drama,2014.0,3.67,180,109,5.198497031265826,0,English,False,,,,,,1
M2737304,2737304,Bird Box,Drama,2018.0,3.46,868,109,6.767343125265392,0,English,False,,,,,,1
M2737310,2737310,Mistaken for Strangers,Documentary,2013.0,3.8,15,102,2.772588722239781,0,English,False,,,,,,1
M2751310,2751310,Sex Ed,Comedy,2014.0,2.5,10,100,2.3978952727983707,0,English,False,,,,,,1
M2752200,2752200,Jeune & jolie,Drama,2013.0,3.47,86,109,4.465908118654584,0,English,False,,,,,,1
M2752688,2752688,Rosewater,Biography,2014.0,3.1,44,117,3.8066624897703196,0,English,False,,,,,,1
M2752758,2752758,Devil&x27;s Due,Horror,2014.0,2.24,82,96,4.418840607796598,0,English,False,,,,,,1
M2752772,2752772,Sinister 2,Horror,2015.0,2.6,109,97,4.700480365792417,0,Other,False,Ciarán Foy,United States,10000000.0,53329150.0,50000.0,1
M2753778,2753778,The Death of &quot;Superman Lives&quot;: What Happened?,Documentary,2015.0,3.75,16,102,2.833213344056216,0,English,False,,,,,,1
M2756032,2756032,The One I Love,Drama,2014.0,3.65,88,91,4.48863636973214,0,Other,False,Charlie McDowell,United States,100000.0,596933.0,37000.0,1
M2758880,2758880,Kis Uykusu,Drama,2014.0,4.42,108,109,4.6913478822291435,0,English,False,,,,,,1
M2758904,2758904,Search Party,Adventure,2014.0,2.88,12,105,2.5649493574615367,0,English,False,,,,,,1
M2762506,2762506,Bacurau,Action,2019.0,3.62,17,107,2.8903717578961645,0,English,False,,,,,,1
M2763304,2763304,T2 Trainspotting,Drama,2017.0,3.85,266,117,5.58724865840025,0,Other,False,Danny Boyle,United Kingdom,18000000.0,41681746.0,117000.0,1
M2764784,2764784,Phoenix,Drama,2014.0,3.57,58,109,4.07753744390572,0,English,False,,,,,,1
M2771200,2771200,Beauty and the Beast,Family,2017.0,3.71,596,84,6.391917113392602,0,Other,False,Gary Trousdale,United States,25000000.0,424967620.0,424000.0,1
M2771372,2771372,Veronica Mars,Crime,2014.0,3.38,116,107,4.762173934797756,0,Other,False,Rob Thomas,United States,6000000.0,3485383.0,51000.0,1
M2776344,2776344,Pee Mak Phrakanong,Comedy,2013.0,3.87,15,100,2.772588722239781,0,English,False,,,,,,1
M2776878,2776878,Thank You for Your Service,Biography,2017.0,3.29,19,117,2.995732273553991,0,English,False,,,,,,1
M2781516,2781516,WolfCop,Comedy,2014.0,3.17,15,100,2.772588722239781,0,English,False,,,,,,1
M2781832,2781832,The Borderlands,Horror,2013.0,2.84,32,96,3.4965075614664802,0,English,False,,,,,,1
M2782692,2782692,Ali's Wedding,Comedy,2017.0,3.67,36,100,3.6109179126442243,0,English,False,,,,,,1
M2784512,2784512,Zombeavers,Comedy,2014.0,2.64,29,77,3.4011973816621555,0,Other,False,Jordan Rubin,United States,,54985.0,17000.0,1
M2784678,2784678,Top Five,Comedy,2014.0,3.19,76,102,4.343805421853684,0,Other,False,Chris Rock,United States,12000000.0,26117471.0,26000.0,1
M2784936,2784936,Backtrack,Drama,2015.0,3.04,36,109,3.6109179126442243,0,English,False,,,,,,1
M2785032,2785032,The Little Death,Comedy,2014.0,3.56,70,100,4.2626798770413155,0,English,False,,,,,,1
M2785288,2785288,Jack Strong,Action,2014.0,3.85,13,107,2.6390573296152584,0,English,False,,,,,,1
M2788710,2788710,The Interview,Comedy,2014.0,3.26,775,112,6.654152520183219,0,Other,False,Evan Goldberg,United States,44000000.0,11782625.0,313000.0,1
M2788716,2788716,Welcome to Me,Comedy,2014.0,2.84,54,100,4.007333185232471,0,English,False,,,,,,1
M2788732,2788732,Pete's Dragon,Action,2016.0,3.55,149,102,5.0106352940962555,0,Other,False,David Lowery,United States,65000000.0,143695338.0,55000.0,1
M2793490,2793490,Starry Eyes,Drama,2014.0,3.26,23,109,3.1780538303479458,0,English,False,,,,,,1
M2797106,2797106,Jibeuro ganeun gil,Drama,2013.0,4.23,15,109,2.772588722239781,0,English,False,,,,,,1
M2797242,2797242,Bombay Talkies,Drama,2013.0,3.2,10,109,2.3978952727983707,0,English,False,,,,,,1
M2798920,2798920,Annihilation,Adventure,2018.0,3.42,490,115,6.19644412779452,0,Other,False,Alex Garland,United Kingdom,40000000.0,43070915.0,292000.0,1
M2799166,2799166,The Pyramid,Action,2014.0,2.49,49,107,3.912023005428146,0,English,False,,,,,,1
M2800240,2800240,Qu'est-ce qu'on a fait au Bon Dieu?,Comedy,2014.0,3.61,41,100,3.7376696182833684,0,English,False,,,,,,1
M2802136,2802136,Home Sweet Hell,Comedy,2015.0,2.58,36,100,3.6109179126442243,0,English,False,,,,,,1
M2802144,2802144,Kingsman: The Secret Service,Action,2014.0,3.94,1388,129,7.236339342754344,0,Other,False,Matthew Vaughn,United Kingdom,81000000.0,414351546.0,607000.0,1
M2802154,2802154,Leviafan,Crime,2014.0,3.98,140,109,4.948759890378168,0,English,False,,,,,,1
M2806788,2806788,Fukrey,Comedy,2013.0,3.43,14,100,2.70805020110221,0,English,False,,,,,,1
M2820852,2820852,Fast &amp; Furious 7,Action,2015.0,3.66,913,107,6.81783057145415,0,English,False,,,,,,1
M2821088,2821088,Les salauds,Drama,2013.0,2.75,12,109,2.5649493574615367,0,English,False,,,,,,1
M2823054,2823054,Mike and Dave Need Wedding Dates,Adventure,2016.0,3.07,168,98,5.1298987149230735,0,Other,False,Jake Szymanski,United States,33000000.0,77068246.0,85000.0,1
M2828996,2828996,A Haunted House 2,Comedy,2014.0,2.43,53,86,3.9889840465642745,0,Other,False,Michael Tiddes,United States,4000000.0,25358716.0,20000.0,1
M2832470,2832470,Død snø 2,Action,2014.0,3.79,49,107,3.912023005428146,0,English,False,,,,,,1
M2837336,2837336,Amnesiac,Drama,2014.0,2.12,13,109,2.6390573296152584,0,English,False,,,,,,1
M2837574,2837574,The Old Man &amp; the Gun,Biography,2018.0,3.49,100,117,4.61512051684126,0,English,False,,,,,,1
M2844798,2844798,Fehér isten,Drama,2014.0,3.77,37,109,3.6375861597263857,0,English,False,,,,,,1
M2848292,2848292,Pitch Perfect 2,Comedy,2015.0,3.51,275,115,5.62040086571715,0,Other,False,Elizabeth Banks,United States,29000000.0,287144079.0,146000.0,1
M2850386,2850386,The Croods: A New Age,Animation,2020.0,3.82,11,91,2.4849066497880004,0,English,False,,,,,,1
M2852376,2852376,Heli,Crime,2013.0,3.42,40,109,3.713572066704308,0,English,False,,,,,,1
M2852400,2852400,Tian zhu ding,Action,2013.0,3.43,23,107,3.1780538303479458,0,English,False,,,,,,1
M2852406,2852406,Omar,Crime,2013.0,3.76,58,109,4.07753744390572,0,English,False,,,,,,1
M2852458,2852458,L'inconnu du lac,Drama,2013.0,3.55,59,109,4.0943445622221,0,English,False,,,,,,1
M2854926,2854926,Tag,Comedy,2018.0,3.32,271,100,5.605802066295998,0,Other,False,Jeff Tomsic,United States,28000000.0,78130625.0,121000.0,1
M2855648,2855648,Madras Cafe,Action,2013.0,3.98,31,107,3.4657359027997265,0,English,False,,,,,,1
M2861532,2861532,O Lobo atrás da Porta,Crime,2013.0,4.05,10,109,2.3978952727983707,0,English,False,,,,,,1
M2865120,2865120,Ratchet &amp; Clank,Animation,2016.0,2.82,14,91,2.70805020110221,0,English,False,,,,,,1
M2866346,2866346,¿Quién manda?,Comedy,2013.0,2.7,10,100,2.3978952727983707,0,English,False,,,,,,1
M2866360,2866360,Coherence,Horror,2013.0,3.58,199,89,5.298317366548036,0,Other,False,James Ward Byrkit,United States,50000.0,139745.0,115000.0,1
M2869728,2869728,Ride Along 2,Action,2016.0,3.0,212,102,5.3612921657094255,0,Other,False,Tim Story,United States,40000000.0,124608438.0,55000.0,1
M2870612,2870612,"As Above, So Below",Adventure,2014.0,3.06,167,93,5.123963979403259,0,Other,False,John Erick Dowdle,United States,5000000.0,41898409.0,83000.0,1
M2870648,2870648,Amy,Documentary,2015.0,4.06,181,102,5.204006687076795,0,English,False,,,,,,1
M2870708,2870708,Wish I Was Here,Comedy,2014.0,3.47,123,106,4.820281565605037,0,Other,False,Zach Braff,United States,6000000.0,5670776.0,37000.0,1
M2870756,2870756,Magic in the Moonlight,Comedy,2014.0,3.46,163,97,5.099866427824199,0,Other,False,Woody Allen,United States,16800000.0,51029361.0,66000.0,1
M2870808,2870808,Life Partners,Comedy,2014.0,2.96,14,100,2.70805020110221,0,English,False,,,,,,1
M2872462,2872462,Mistress America,Comedy,2015.0,3.43,69,100,4.248495242049359,0,English,False,,,,,,1
M2872518,2872518,The Shack,Drama,2017.0,3.64,38,132,3.6635616461296463,0,Other,False,Stuart Hazeldine,United States,20000000.0,96942115.0,32000.0,1
M2872718,2872718,Nightcrawler,Crime,2014.0,3.99,1383,117,7.232733136177615,0,Other,False,Dan Gilroy,United States,8500000.0,47398992.0,486000.0,1
M2872724,2872724,Out of the Dark,Horror,2014.0,2.25,12,96,2.5649493574615367,0,English,False,,,,,,1
M2872732,2872732,Lucy,Action,2014.0,3.23,1117,89,7.0192966537150445,0,Other,False,Luc Besson,France,40000000.0,458863600.0,460000.0,1
M2872750,2872750,Shaun the Sheep Movie,Animation,2015.0,3.55,88,91,4.48863636973214,0,English,False,,,,,,1
M2873282,2873282,Red Sparrow,Action,2018.0,3.37,358,140,5.883322388488279,0,Other,False,Francis Lawrence,United States,69000000.0,151572634.0,173000.0,1
M2876428,2876428,"Guten Tag, Ramón",Drama,2013.0,3.92,13,109,2.6390573296152584,0,English,False,,,,,,1
M2882328,2882328,Ugly,Crime,2013.0,3.95,10,109,2.3978952727983707,0,English,False,,,,,,1
M2883434,2883434,Black or White,Drama,2014.0,3.22,37,121,3.6375861597263857,0,Other,False,Mike Binder,United States,9000000.0,21833967.0,12000.0,1
M2883512,2883512,Chef,Adventure,2014.0,3.74,762,114,6.637258031284457,0,Other,False,Jon Favreau,United States,11000000.0,48428048.0,202000.0,1
M2884018,2884018,Macbeth,Drama,2015.0,3.37,179,113,5.19295685089021,0,Other,False,Justin Kurzel,United Kingdom,15000000.0,16322067.0,54000.0,1
M2884206,2884206,I Origins,Drama,2014.0,3.8,301,106,5.71042701737487,0,Other,False,Mike Cahill,United States,1000000.0,481234.0,119000.0,1
M2885364,2885364,Willow Creek,Adventure,2013.0,2.7,28,105,3.367295829986474,0,English,False,,,,,,1
M2888046,2888046,Yip Man 3,Action,2015.0,3.62,76,107,4.343805421853684,0,English,False,,,,,,1
M2891174,2891174,99 Homes,Drama,2014.0,3.63,102,112,4.634728988229636,0,Other,False,Ramin Bahrani,United States,8000000.0,1828232.0,32000.0,1
M2893490,2893490,Manglehorn,Drama,2014.0,2.76,23,109,3.1780538303479458,0,English,False,,,,,,1
M2900624,2900624,All Hallows' Eve,Horror,2013.0,2.35,17,96,2.8903717578961645,0,English,False,,,,,,1
M2901736,2901736,Ilo Ilo,Drama,2013.0,3.69,18,109,2.9444389791664403,0,English,False,,,,,,1
M2905838,2905838,Bang Bang,Action,2014.0,3.02,25,107,3.258096538021482,0,English,False,,,,,,1
M2908446,2908446,Insurgent,Action,2015.0,3.33,458,107,6.129050210060545,0,English,False,,,,,,1
M2908856,2908856,My Old Lady,Comedy,2014.0,3.11,18,100,2.9444389791664403,0,English,False,,,,,,1
M2910274,2910274,Obvious Child,Comedy,2014.0,3.39,57,100,4.060443010546419,0,English,False,,,,,,1
M2910814,2910814,The Signal,Drama,2014.0,2.85,117,97,4.770684624465665,0,Other,False,William Eubank,United States,4000000.0,2595622.0,64000.0,1
M2910904,2910904,The Dressmaker,Comedy,2015.0,3.61,181,119,5.204006687076795,0,Other,False,Jocelyn Moorhouse,Australia,,25003426.0,56000.0,1
M2911666,2911666,John Wick,Action,2014.0,3.54,1119,101,7.02108396428914,0,Other,False,Chad Stahelski,United States,20000000.0,86081711.0,565000.0,1
M2911668,2911668,Beyond the Reach,Thriller,2014.0,3.0,25,102,3.258096538021482,0,English,False,,,,,,1
M2917388,2917388,Kidnapping Mr. Heineken,Action,2015.0,3.06,70,107,4.2626798770413155,0,English,False,,,,,,1
M2918436,2918436,The Lazarus Effect,Horror,2015.0,2.81,85,83,4.454347296253507,0,Other,False,David Gelb,United States,3300000.0,38356892.0,42000.0,1
M2918606,2918606,The Hollow Point,Crime,2016.0,2.7,10,109,2.3978952727983707,0,English,False,,,,,,1
M2920540,2920540,"20,000 Days on Earth",Documentary,2014.0,3.79,24,102,3.2188758248682006,0,English,False,,,,,,1
M2920808,2920808,God's Pocket,Crime,2014.0,3.24,40,109,3.713572066704308,0,English,False,,,,,,1
M2923316,2923316,American Heist,Action,2014.0,2.48,30,107,3.4339872044851463,0,English,False,,,,,,1
M2926810,2926810,The ABCs of Death 2,Comedy,2014.0,2.81,18,100,2.9444389791664403,0,English,False,,,,,,1
M2932536,2932536,47 Meters Down,Adventure,2017.0,2.94,144,89,4.976733742420574,0,Other,False,Johannes Roberts,United Kingdom,5300000.0,62198461.0,51000.0,1
M2933474,2933474,Superfast!,Comedy,2015.0,2.29,14,100,2.70805020110221,0,English,False,,,,,,1
M2933544,2933544,5 Flights Up,Comedy,2014.0,3.19,24,100,3.2188758248682006,0,English,False,,,,,,1
M2935476,2935476,Far from the Madding Crowd,Drama,2015.0,3.6,134,119,4.90527477843843,0,Other,False,Thomas Vinterberg,United Kingdom,,30229977.0,47000.0,1
M2935510,2935510,Ad Astra,Adventure,2019.0,3.33,451,123,6.113682179832232,0,Other,False,James Gray,China,90000000.0,127461872.0,208000.0,1
M2935564,2935564,La French,Action,2014.0,3.68,20,107,3.044522437723423,0,English,False,,,,,,1
M2936180,2936180,Loin des hommes,Drama,2014.0,3.43,14,109,2.70805020110221,0,English,False,,,,,,1
M2937366,2937366,Little Evil,Comedy,2017.0,2.88,37,100,3.6375861597263857,0,English,False,,,,,,1
M2937696,2937696,Everybody Wants Some!!,Comedy,2016.0,3.51,136,117,4.919980925828125,0,Other,False,Richard Linklater,United States,10000000.0,4644472.0,53000.0,1
M2937898,2937898,A Most Violent Year,Crime,2014.0,3.43,241,125,5.488937726156687,0,Other,False,J.C. Chandor,United States,20000000.0,12007070.0,68000.0,1
M2938416,2938416,All This Mayhem,Documentary,2014.0,3.9,10,102,2.3978952727983707,0,English,False,,,,,,1
M2938956,2938956,The Transporter Refueled,Action,2015.0,2.65,99,96,4.605170185988092,0,Other,False,Camille Delamarre,France,,72629670.0,40000.0,1
M2942522,2942522,Moebiuseu,Drama,2013.0,3.32,14,109,2.70805020110221,0,English,False,,,,,,1
M2944198,2944198,Backcountry,Adventure,2014.0,2.93,30,105,3.4339872044851463,0,English,False,,,,,,1
M2947832,2947832,Bro's Before Ho's,Comedy,2013.0,3.31,16,100,2.833213344056216,0,English,False,,,,,,1
M2948356,2948356,Zootopia,Animation,2016.0,4.17,918,108,6.823286122355687,0,Other,False,Byron Howard,United States,150000000.0,1024121104.0,450000.0,1
M2948372,2948372,Soul,Animation,2020.0,4.13,255,91,5.545177444479562,0,English,False,,,,,,1
M2948790,2948790,Return to Sender,Drama,2015.0,2.5,46,109,3.8501476017100584,0,English,False,,,,,,1
M2948840,2948840,Life,Biography,2015.0,3.33,24,108,3.2188758248682006,0,Other,False,Ted Demme,United States,80000000.0,73475268.0,47000.0,1
M2949296,2949296,I Am Your Father,Documentary,2015.0,3.5,11,102,2.4849066497880004,0,English,False,,,,,,1
M2952602,2952602,Yi ge ren de wu lin,Action,2014.0,3.18,11,107,2.4849066497880004,0,English,False,,,,,,1
M2954474,2954474,Visions,Horror,2015.0,2.7,25,96,3.258096538021482,0,English,False,,,,,,1
M2955096,2955096,Happy Christmas,Comedy,2014.0,2.75,10,100,2.3978952727983707,0,English,False,,,,,,1
M2955316,2955316,Ocho apellidos vascos,Comedy,2014.0,3.4,30,100,3.4339872044851463,0,English,False,,,,,,1
M2957760,2957760,Extortion,Action,2017.0,3.37,30,107,3.4339872044851463,0,English,False,,,,,,1
M2960930,2960930,Extraterrestrial,Horror,2014.0,2.77,30,96,3.4339872044851463,0,English,False,,,,,,1
M2962726,2962726,The Anomaly,Action,2014.0,2.12,13,107,2.6390573296152584,0,English,False,,,,,,1
M2962876,2962876,The Road Within,Comedy,2014.0,3.54,23,100,3.1780538303479458,0,English,False,,,,,,1
M2965412,2965412,Comet,Comedy,2014.0,3.61,45,100,3.828641396489095,0,English,False,,,,,,1
M2965466,2965466,Last Shift,Horror,2014.0,2.57,15,96,2.772588722239781,0,English,False,,,,,,1
M2966760,2966760,Pantani: The Accidental Death of a Cyclist,Documentary,2014.0,3.5,10,102,2.3978952727983707,0,English,False,,,,,,1
M2967006,2967006,The Trip to Italy,Comedy,2014.0,3.44,42,100,3.7612001156935624,0,English,False,,,,,,1
M2967008,2967008,The Face of an Angel,Crime,2014.0,2.16,25,109,3.258096538021482,0,English,False,,,,,,1
M2967224,2967224,Hot Pursuit,Action,2015.0,2.63,117,93,4.770684624465665,0,Other,False,Steven Lisberger,United States,,4215849.0,3500.0,1
M2968804,2968804,Drive Hard,Action,2014.0,2.07,15,107,2.772588722239781,0,English,False,,,,,,1
M2969522,2969522,Mong-ta-joo,Drama,2013.0,3.93,14,109,2.70805020110221,0,English,False,,,,,,1
M2969656,2969656,Gam-si-ja-deul,Action,2013.0,3.81,21,107,3.091042453358316,0,English,False,,,,,,1
M2973408,2973408,David Bowie: Five Years,Documentary,2013.0,4.0,11,102,2.4849066497880004,0,English,False,,,,,,1
M2974918,2974918,Alvin and the Chipmunks: The Road Chip,Animation,2015.0,2.58,30,92,3.4339872044851463,0,Other,False,Walt Becker,United States,90000000.0,234798636.0,18000.0,1
M2975578,2975578,The Purge: Anarchy,Action,2014.0,3.37,421,103,6.045005314036012,0,Other,False,James DeMonaco,United States,9000000.0,111928365.0,143000.0,1
M2975590,2975590,Batman v Superman: Dawn of Justice,Action,2016.0,3.41,1498,152,7.312553498102598,0,Other,False,Zack Snyder,United States,250000000.0,873637528.0,655000.0,1
M2978102,2978102,Term Life,Crime,2016.0,2.53,15,109,2.772588722239781,0,English,False,,,,,,1
M2978462,2978462,Dolphin Tale 2,Drama,2014.0,3.28,18,109,2.9444389791664403,0,English,False,,,,,,1
M2980210,2980210,A Hologram for the King,Comedy,2016.0,2.72,216,98,5.37989735354046,0,Other,False,Tom Tykwer,United Kingdom,30000000.0,9169507.0,42000.0,1
M2980472,2980472,Just Before I Go,Comedy,2014.0,3.39,35,95,3.58351893845611,0,Other,False,Courteney Cox,United States,,10970.0,18000.0,1
M2980516,2980516,The Theory of Everything,Biography,2014.0,4.07,1199,123,7.090076835776092,0,Other,False,James Marsh,United Kingdom,15000000.0,123726688.0,417000.0,1
M2980554,2980554,The Girl in the Book,Drama,2015.0,3.35,13,109,2.6390573296152584,0,English,False,,,,,,1
M2980592,2980592,The Guest,Action,2014.0,3.25,283,100,5.648974238161206,0,Other,False,Adam Wingard,United States,5000000.0,2700051.0,95000.0,1
M2980626,2980626,Twinsters,Documentary,2015.0,4.0,15,102,2.772588722239781,0,English,False,,,,,,1
M2980648,2980648,The Hundred-Foot Journey,Comedy,2014.0,3.79,224,122,5.41610040220442,0,Other,False,Lasse Hallström,United States,22000000.0,89514453.0,79000.0,1
M2980706,2980706,Planes: Fire &amp; Rescue,Animation,2014.0,2.8,42,91,3.7612001156935624,0,English,False,,,,,,1
M2980708,2980708,Let's Kill Ward's Wife,Comedy,2014.0,3.05,11,100,2.4849066497880004,0,English,False,,,,,,1
M2980794,2980794,Highway,Crime,2014.0,3.6,35,109,3.58351893845611,0,English,False,,,,,,1
M2981768,2981768,Sakasama no Patema,Animation,2013.0,3.72,23,91,3.1780538303479458,0,English,False,,,,,,1
M2987732,2987732,Fack ju Göhte,Comedy,2013.0,3.69,13,100,2.6390573296152584,0,English,False,,,,,,1
M2988272,2988272,Shuddh Desi Romance,Drama,2013.0,3.0,12,109,2.5649493574615367,0,English,False,,,,,,1
M2990140,2990140,The Christmas Chronicles,Adventure,2018.0,3.7,81,105,4.406719247264253,0,English,False,,,,,,1
M2990738,2990738,Deu tae-ro ra-i-beu,Action,2013.0,3.98,20,107,3.044522437723423,0,English,False,,,,,,1
M2991224,2991224,Mandariinid,Drama,2013.0,4.12,103,109,4.6443908991413725,0,English,False,,,,,,1
M2994190,2994190,Camp X-Ray,Drama,2014.0,3.59,257,109,5.552959584921617,0,English,False,,,,,,1
M2996684,2996684,Animal,Action,2014.0,2.5,15,107,2.772588722239781,0,English,False,,,,,,1
M3001638,3001638,Mary Kom,Action,2014.0,3.61,14,107,2.70805020110221,0,English,False,,,,,,1
M3005242,3005242,Cantinflas,Biography,2014.0,3.27,26,117,3.295836866004329,0,English,False,,,,,,1
M3007512,3007512,The Water Diviner,Drama,2014.0,3.64,296,111,5.6937321388027,0,Other,False,Russell Crowe,Australia,22500000.0,38176317.0,73000.0,1
M3011894,3011894,Relatos salvajes,Comedy,2014.0,4.11,400,100,5.993961427306569,0,English,False,,,,,,1
M3011960,3011960,Hangman,Crime,2017.0,3.03,32,109,3.4965075614664802,0,English,False,,,,,,1
M3013528,3013528,The Harry Hill Movie,Adventure,2013.0,1.81,16,105,2.833213344056216,0,English,False,,,,,,1
M3013610,3013610,Mia madre,Drama,2015.0,3.72,18,109,2.9444389791664403,0,English,False,,,,,,1
M3014284,3014284,The Lego Ninjago Movie,Animation,2017.0,3.29,29,101,3.4011973816621555,0,Other,False,Charlie Bean,United States,70000000.0,123081555.0,24000.0,1
M3014666,3014666,Moms' Night Out,Comedy,2014.0,3.18,31,100,3.4657359027997265,0,English,False,,,,,,1
M3014866,3014866,Criminal,Action,2016.0,3.32,196,113,5.2832037287379885,0,Other,False,Ariel Vromen,United States,31500000.0,38803993.0,62000.0,1
M3021360,3021360,Faults,Comedy,2014.0,3.75,14,100,2.70805020110221,0,English,False,,,,,,1
M3026488,3026488,Alone in Berlin,Drama,2016.0,3.42,20,109,3.044522437723423,0,English,False,,,,,,1
M3029476,3029476,Pressure,Drama,2015.0,2.71,12,109,2.5649493574615367,0,English,False,,,,,,1
M3029556,3029556,Rurôni Kenshin: Densetsu no saigo-hen,Action,2014.0,3.64,14,107,2.70805020110221,0,English,False,,,,,,1
M3029558,3029558,Rurôni Kenshin: Kyôto taika-hen,Action,2014.0,3.93,22,107,3.1354942159291497,0,English,False,,,,,,1
M3040964,3040964,The Jungle Book,Adventure,2016.0,3.9,801,111,6.687108607866515,0,Other,False,Stephen Sommers,United States,27000000.0,43229904.0,17000.0,1
M3042408,3042408,Who Am I - Kein System ist sicher,Crime,2014.0,4.18,233,109,5.455321115357702,0,English,False,,,,,,1
M3045616,3045616,Mortdecai,Action,2015.0,2.77,164,107,5.10594547390058,0,Other,False,David Koepp,United Kingdom,60000000.0,47275717.0,69000.0,1
M3053228,3053228,Day of the Dead: Bloodline,Horror,2017.0,2.12,13,96,2.6390573296152584,0,English,False,,,,,,1
M3060492,3060492,Before I Disappear,Drama,2014.0,3.86,38,109,3.6635616461296463,0,English,False,,,,,,1
M3062096,3062096,Inferno,Action,2016.0,3.22,403,121,6.0014148779611505,0,Other,False,Ron Howard,United States,75000000.0,220021259.0,165000.0,1
M3062880,3062880,Gett,Drama,2014.0,4.29,17,109,2.8903717578961645,0,English,False,,,,,,1
M3062976,3062976,Learning to Drive,Comedy,2014.0,3.32,14,100,2.70805020110221,0,English,False,,,,,,1
M3063516,3063516,Bad Grandpa,Comedy,2013.0,3.4,414,92,6.028278520230698,0,Other,False,Jeff Tremaine,United States,15000000.0,151826547.0,90000.0,1
M3064298,3064298,Man Up,Comedy,2015.0,3.39,105,100,4.663439094112067,0,English,False,,,,,,1
M3065132,3065132,He Named Me Malala,Documentary,2015.0,4.0,15,102,2.772588722239781,0,English,False,,,,,,1
M3065204,3065204,The Conjuring 2,Drama,2016.0,3.77,637,134,6.45833828334479,0,Other,False,James Wan,Canada,40000000.0,321788219.0,242000.0,1
M3066270,3066270,Sole a catinelle,Comedy,2013.0,3.1,15,100,2.772588722239781,0,English,False,,,,,,1
M3068194,3068194,Love &amp; Friendship,Comedy,2016.0,3.34,56,100,4.04305126783455,0,English,False,,,,,,1
M3072482,3072482,Hardcore Henry,Action,2015.0,3.37,176,96,5.176149732573829,0,Other,False,Ilya Naishuller,Russia,2000000.0,16810562.0,90000.0,1
M3074780,3074780,Supermensch: The Legend of Shep Gordon,Documentary,2013.0,3.9,21,102,3.091042453358316,0,English,False,,,,,,1
M3076658,3076658,Creed,Drama,2015.0,3.92,926,133,6.831953565565855,0,Other,False,Ryan Coogler,United States,35000000.0,173567581.0,254000.0,1
M3077214,3077214,Suffragette,Biography,2015.0,3.74,133,106,4.897839799950911,0,Other,False,Sarah Gavron,United Kingdom,14000000.0,31972096.0,40000.0,1
M3078242,3078242,Miss Violence,Drama,2013.0,3.58,24,109,3.2188758248682006,0,English,False,,,,,,1
M3079016,3079016,We'll Never Have Paris,Comedy,2014.0,1.83,12,100,2.5649493574615367,0,English,False,,,,,,1
M3079380,3079380,Spy,Action,2015.0,3.63,640,120,6.46302945692067,0,Other,False,Paul Feig,United States,65000000.0,235666219.0,234000.0,1
M3082854,3082854,Kollektivet,Drama,2016.0,3.1,10,109,2.3978952727983707,0,English,False,,,,,,1
M3082898,3082898,Kickboxer: Vengeance,Action,2016.0,2.57,23,107,3.1780538303479458,0,English,False,,,,,,1
M3083008,3083008,The Program,Biography,2015.0,3.39,58,112,4.07753744390572,0,Other,False,David S. Ward,United States,15000000.0,23032565.0,9700.0,1
M3086442,3086442,"Ich seh, Ich seh",Horror,2014.0,3.4,86,96,4.465908118654584,0,English,False,,,,,,1
M3089388,3089388,Tim's Vermeer,Documentary,2013.0,4.11,35,102,3.58351893845611,0,English,False,,,,,,1
M3089630,3089630,Artemis Fowl,Adventure,2020.0,2.62,21,105,3.091042453358316,0,English,False,,,,,,1
M3089778,3089778,De Behandeling,Thriller,2014.0,3.76,21,102,3.091042453358316,0,English,False,,,,,,1
M3090252,3090252,Dinosaur 13,Documentary,2014.0,3.71,14,102,2.70805020110221,0,English,False,,,,,,1
M3090634,3090634,Eden,Biography,2014.0,3.23,13,117,2.6390573296152584,0,English,False,,,,,,1
M3093546,3093546,Listen Up Philip,Comedy,2014.0,3.04,12,100,2.5649493574615367,0,English,False,,,,,,1
M3095734,3095734,Monster Trucks,Action,2016.0,3.1,31,104,3.4657359027997265,0,Other,False,Chris Wedge,Canada,125000000.0,64493915.0,16000.0,1
M3097204,3097204,The Inbetweeners 2,Comedy,2014.0,3.29,216,100,5.37989735354046,0,English,False,,,,,,1
M3099498,3099498,Tusk,Comedy,2014.0,2.89,76,102,4.343805421853684,0,Other,False,Kevin Smith,Canada,3000000.0,1882074.0,48000.0,1
M3100274,3100274,Manhattan Nocturne,Crime,2016.0,3.12,29,109,3.4011973816621555,0,English,False,,,,,,1
M3104988,3104988,Crazy Rich Asians,Comedy,2018.0,3.56,207,120,5.337538079701318,0,Other,False,Jon M. Chu,United States,30000000.0,238539198.0,152000.0,1
M3106120,3106120,See No Evil 2,Horror,2014.0,2.79,12,96,2.5649493574615367,0,English,False,,,,,,1
M3110958,3110958,Now You See Me 2,Action,2016.0,3.48,666,129,6.502790045915623,0,Other,False,Jon M. Chu,United States,90000000.0,334897606.0,260000.0,1
M3110960,3110960,Jimmy's Hall,Biography,2014.0,3.37,19,117,2.995732273553991,0,English,False,,,,,,1
M3111426,3111426,Lost Girls,Drama,2020.0,2.85,31,109,3.4657359027997265,0,English,False,,,,,,1
M3118452,3118452,Circle,Drama,2015.0,3.1,77,109,4.356708826689592,0,English,False,,,,,,1
M3118874,3118874,Back in Time,Documentary,2015.0,3.29,21,102,3.091042453358316,0,English,False,,,,,,1
M3120280,3120280,Sierra Burgess Is a Loser,Comedy,2018.0,3.02,41,100,3.7376696182833684,0,English,False,,,,,,1
M3125324,3125324,Beyond the Lights,Drama,2014.0,3.87,34,116,3.5553480614894135,0,Other,False,Gina Prince-Bythewood,United States,7000000.0,14618727.0,16000.0,1
M3125472,3125472,Coming Home,Drama,2014.0,3.58,12,109,2.5649493574615367,0,English,False,,,,,,1
M3127022,3127022,The Bookshop,Drama,2017.0,3.54,23,113,3.1780538303479458,0,Other,False,Isabel Coixet,United Kingdom,5400000.0,12062146.0,14000.0,1
M3128900,3128900,Miss Meadows,Drama,2014.0,2.5,15,109,2.772588722239781,0,English,False,,,,,,1
M3136112,3136112,Shelter,Drama,2014.0,3.71,19,97,2.995732273553991,0,Other,False,Jonah Markowitz,United States,,142666.0,22000.0,1
M3137630,3137630,David Brent: Life on the Road,Comedy,2016.0,3.35,90,100,4.51085950651685,0,English,False,,,,,,1
M3137764,3137764,Staten Island Summer,Comedy,2015.0,2.58,13,100,2.6390573296152584,0,English,False,,,,,,1
M3138104,3138104,The Hungover Games,Comedy,2014.0,2.0,16,100,2.833213344056216,0,English,False,,,,,,1
M3138376,3138376,Joy Ride 3,Crime,2014.0,2.8,10,109,2.3978952727983707,0,English,False,,,,,,1
M3138558,3138558,Preservation,Horror,2014.0,2.36,11,96,2.4849066497880004,0,English,False,,,,,,1
M3138782,3138782,Mucize,Drama,2015.0,3.73,15,109,2.772588722239781,0,English,False,,,,,,1
M3140100,3140100,Fasandræberne,Crime,2014.0,3.91,28,109,3.367295829986474,0,English,False,,,,,,1
M3142688,3142688,Finding Fanny,Adventure,2014.0,2.97,15,105,2.772588722239781,0,English,False,,,,,,1
M3146360,3146360,Belle et Sébastien,Adventure,2013.0,3.81,16,105,2.833213344056216,0,English,False,,,,,,1
M3147312,3147312,Desierto,Drama,2015.0,3.12,29,109,3.4011973816621555,0,English,False,,,,,,1
M3148502,3148502,Tamasha,Comedy,2015.0,3.94,27,100,3.332204510175204,0,English,False,,,,,,1
M3149038,3149038,X+Y,Drama,2014.0,3.64,66,109,4.204692619390966,0,English,False,,,,,,1
M3152592,3152592,Scoob!,Animation,2020.0,3.31,26,91,3.295836866004329,0,English,False,,,,,,1
M3152624,3152624,Trainwreck,Comedy,2015.0,3.37,299,125,5.703782474656201,0,Other,False,Judd Apatow,United States,35000000.0,140795793.0,132000.0,1
M3153634,3153634,So-won,Drama,2013.0,4.05,44,109,3.8066624897703196,0,English,False,,,,,,1
M3154310,3154310,The Dreamer,Biography,2015.0,2.96,25,117,3.258096538021482,0,English,False,,,,,,1
M3155328,3155328,Win It All,Comedy,2017.0,2.96,27,100,3.332204510175204,0,English,False,,,,,,1
M3155604,3155604,Geograf globus propil,Adventure,2013.0,3.62,17,105,2.8903717578961645,0,English,False,,,,,,1
M3157224,3157224,We Still Kill the Old Way,Action,2014.0,3.05,10,107,2.3978952727983707,0,English,False,,,,,,1
M3162938,3162938,The True Cost,Documentary,2015.0,4.36,18,102,2.9444389791664403,0,English,False,,,,,,1
M3164256,3164256,Rock the Kasbah,Comedy,2015.0,3.04,26,106,3.295836866004329,0,Other,False,Barry Levinson,United States,15000000.0,3394174.0,11000.0,1
M3165608,3165608,Justin Bieber's Believe,Documentary,2013.0,2.58,13,102,2.6390573296152584,0,English,False,,,,,,1
M3165612,3165612,Sleeping with Other People,Comedy,2015.0,3.34,71,101,4.276666119016055,0,Other,False,Leslye Headland,United States,,3224947.0,42000.0,1
M3168230,3168230,Mr. Holmes,Drama,2015.0,3.5,204,104,5.3230099791384085,0,Other,False,Bill Condon,United Kingdom,11000000.0,29355203.0,62000.0,1
M3169706,3169706,Pride,Biography,2014.0,4.01,193,117,5.267858159063328,0,English,False,,,,,,1
M3169770,3169770,El desconocido,Action,2015.0,3.62,52,107,3.970291913552122,0,English,False,,,,,,1
M3170832,3170832,Room,Drama,2015.0,4.23,1262,118,7.141245122350491,0,Other,False,Lenny Abrahamson,Canada,13000000.0,35401758.0,386000.0,1
M3170902,3170902,Theeb,Adventure,2014.0,3.75,123,105,4.820281565605037,0,English,False,,,,,,1
M3171832,3171832,iBoy,Action,2017.0,3.34,86,107,4.465908118654584,0,English,False,,,,,,1
M3172520,3172520,Sacro GRA,Documentary,2013.0,2.7,10,102,2.3978952727983707,0,English,False,,,,,,1
M3172532,3172532,The Diary of a Teenage Girl,Comedy,2015.0,3.49,70,102,4.2626798770413155,0,Other,False,Marielle Heller,United States,2000000.0,1775133.0,30000.0,1
M3173594,3173594,Hacker,Crime,2016.0,3.26,31,109,3.4657359027997265,0,English,False,,,,,,1
M3173910,3173910,Hasee Toh Phasee,Comedy,2014.0,3.3,15,100,2.772588722239781,0,English,False,,,,,,1
M3174376,3174376,Before I Wake,Drama,2016.0,3.15,82,109,4.418840607796598,0,English,False,,,,,,1
M3175038,3175038,Ek Villain,Action,2014.0,3.9,21,107,3.091042453358316,0,English,False,,,,,,1
M3177316,3177316,Honeymoon,Horror,2014.0,2.67,49,87,3.912023005428146,0,Other,False,Leigh Janiak,United States,1000000.0,24343.0,25000.0,1
M3179568,3179568,"Men, Women &amp; Children",Comedy,2014.0,3.33,83,100,4.430816798843313,0,English,False,,,,,,1
M3181776,3181776,Momentum,Action,2015.0,2.53,32,107,3.4965075614664802,0,English,False,,,,,,1
M3181822,3181822,The Boy Next Door,Horror,2015.0,2.42,104,91,4.653960350157523,0,Other,False,Rob Cohen,United States,4000000.0,52425855.0,40000.0,1
M3183630,3183630,O Menino e o Mundo,Animation,2013.0,3.43,14,91,2.70805020110221,0,English,False,,,,,,1
M3183660,3183660,Fantastic Beasts and Where to Find Them,Adventure,2016.0,3.76,884,132,6.785587645007929,0,Other,False,David Yates,United Kingdom,180000000.0,814044001.0,422000.0,1
M3184934,3184934,Une nouvelle amie,Drama,2014.0,3.48,20,109,3.044522437723423,0,English,False,,,,,,1
M3186318,3186318,Hellion,Drama,2014.0,2.83,18,109,2.9444389791664403,0,English,False,,,,,,1
M3194532,3194532,Gorko!,Comedy,2013.0,3.5,10,100,2.3978952727983707,0,English,False,,,,,,1
M3195644,3195644,Insidious: Chapter 3,Horror,2015.0,3.18,202,97,5.313205979041787,0,Other,False,Leigh Whannell,Canada,10000000.0,112983889.0,97000.0,1
M3197766,3197766,Saat po long 2,Action,2015.0,3.43,14,107,2.70805020110221,0,English,False,,,,,,1
M3201640,3201640,Extinction,Action,2018.0,2.93,86,107,4.465908118654584,0,English,False,,,,,,1
M3202202,3202202,Palmeras en la nieve,Drama,2015.0,3.64,11,109,2.4849066497880004,0,English,False,,,,,,1
M3202890,3202890,Reclaim,Action,2014.0,2.74,27,107,3.332204510175204,0,English,False,,,,,,1
M3203290,3203290,Free to Play,Documentary,2014.0,3.93,14,102,2.70805020110221,0,English,False,,,,,,1
M3203528,3203528,Bad Samaritan,Crime,2018.0,3.21,47,110,3.871201010907891,0,Other,False,Dean Devlin,United States,,4623836.0,21000.0,1
M3203606,3203606,Trumbo,Biography,2015.0,3.94,351,124,5.863631175598097,0,Other,False,Jay Roach,United States,15000000.0,11430025.0,78000.0,1
M3203616,3203616,The Cobbler,Comedy,2014.0,2.99,151,100,5.0238805208462765,0,English,False,,,,,,1
M3203620,3203620,The Dinner,Crime,2017.0,1.95,20,109,3.044522437723423,0,English,False,,,,,,1
M3204392,3204392,Yume to kyôki no ohkoku,Documentary,2013.0,4.22,20,102,3.044522437723423,0,English,False,,,,,,1
M3205376,3205376,Slow West,Adventure,2015.0,3.55,150,84,5.017279836814924,0,Other,False,John Maclean,United Kingdom,2000000.0,1295574.0,44000.0,1
M3208026,3208026,Black '47,Action,2018.0,3.5,13,107,2.6390573296152584,0,English,False,,,,,,1
M3210686,3210686,Son of God,Biography,2014.0,3.11,45,117,3.828641396489095,0,English,False,,,,,,1
M3212232,3212232,I Am Wrath,Action,2016.0,2.97,43,107,3.784189633918261,0,English,False,,,,,,1
M3212904,3212904,Curve,Horror,2015.0,2.77,11,96,2.4849066497880004,0,English,False,,,,,,1
M3214002,3214002,Video Games: The Movie,Documentary,2014.0,3.4,26,102,3.295836866004329,0,English,False,,,,,,1
M3215824,3215824,Those Who Wish Me Dead,Action,2021.0,3.01,78,107,4.3694478524670215,0,English,False,,,,,,1
M3216348,3216348,Incarnate,Horror,2016.0,2.5,14,87,2.70805020110221,0,Other,False,Brad Peyton,United States,5000000.0,9037058.0,12000.0,1
M3219604,3219604,The Last Man on the Moon,Documentary,2014.0,3.75,10,102,2.3978952727983707,0,English,False,,,,,,1
M3224458,3224458,A Beautiful Day in the Neighborhood,Biography,2019.0,3.61,125,109,4.836281906951478,0,Other,False,Marielle Heller,China,25000000.0,67760877.0,67000.0,1
M3228774,3228774,Cruella,Comedy,2021.0,3.91,370,100,5.916202062607435,0,English,False,,,,,,1
M3231054,3231054,Risen,Action,2016.0,3.1,39,107,3.6888794541139363,0,Other,False,Kevin Reynolds,United States,20000000.0,46771565.0,26000.0,1
M3233418,3233418,Spare Parts,Drama,2015.0,3.42,18,109,2.9444389791664403,0,English,False,,,,,,1
M3235888,3235888,It Follows,Horror,2014.0,3.32,455,100,6.1224928095143865,0,Other,False,David Robert Mitchell,United States,1000000.0,21947454.0,217000.0,1
M3236120,3236120,I'll See You in My Dreams,Comedy,2015.0,3.42,13,92,2.6390573296152584,0,Other,False,Brett Haley,United States,,7452512.0,7100.0,1
M3247714,3247714,Survivor,Action,2015.0,2.82,111,107,4.718498871295094,0,English,False,,,,,,1
M3253624,3253624,Soaked in Bleach,Documentary,2015.0,3.78,16,102,2.833213344056216,0,English,False,,,,,,1
M3253650,3253650,Mikra Anglia,Drama,2013.0,4.0,14,109,2.70805020110221,0,English,False,,,,,,1
M3253930,3253930,La isla mínima,Crime,2014.0,3.66,74,109,4.31748811353631,0,English,False,,,,,,1
M3255590,3255590,El Camino Christmas,Comedy,2017.0,3.09,17,100,2.8903717578961645,0,English,False,,,,,,1
M3256226,3256226,IO,Adventure,2019.0,2.42,58,105,4.07753744390572,0,English,False,,,,,,1
M3262342,3262342,Loving Vincent,Animation,2017.0,4.18,187,94,5.236441962829949,0,Other,False,Dorota Kobiela,Poland,,42187665.0,53000.0,1
M3263614,3263614,"Kumiko, the Treasure Hunter",Drama,2014.0,3.39,44,109,3.8066624897703196,0,English,False,,,,,,1
M3263904,3263904,Sully,Biography,2016.0,3.88,1055,96,6.962243464266207,0,Other,False,Clint Eastwood,United States,60000000.0,240797623.0,248000.0,1
M3263946,3263946,Trial by Fire,Biography,2018.0,3.87,19,127,2.995732273553991,0,Other,False,Edward Zwick,United States,,148504.0,7200.0,1
M3264102,3264102,Red Army,Documentary,2014.0,4.07,14,102,2.70805020110221,0,English,False,,,,,,1
M3265262,3265262,"Pulp: A Film About Life, Death and Supermarkets",Documentary,2014.0,3.88,13,102,2.6390573296152584,0,English,False,,,,,,1
M3266284,3266284,November Criminals,Crime,2017.0,2.84,22,109,3.1354942159291497,0,English,False,,,,,,1
M3268458,3268458,The Internet's Own Boy: The Story of Aaron Swartz,Documentary,2014.0,4.18,31,102,3.4657359027997265,0,English,False,,,,,,1
M3268668,3268668,Captive,Action,2015.0,2.96,26,97,3.295836866004329,0,Other,False,Jerry Jameson,United States,2000000.0,2801508.0,6500.0,1
M3270538,3270538,Requiem for the American Dream,Documentary,2015.0,4.31,16,102,2.833213344056216,0,English,False,,,,,,1
M3272570,3272570,All Things Must Pass: The Rise and Fall of Tower Records,Documentary,2015.0,3.85,13,102,2.6390573296152584,0,English,False,,,,,,1
M3276924,3276924,Heist,Action,2015.0,3.24,100,109,4.61512051684126,0,Other,False,David Mamet,Canada,39000000.0,28510652.0,34000.0,1
M3278330,3278330,Il racconto dei racconti,Drama,2015.0,3.27,44,109,3.8066624897703196,0,English,False,,,,,,1
M3279124,3279124,Last Days in Vietnam,Documentary,2014.0,4.05,11,102,2.4849066497880004,0,English,False,,,,,,1
M3280262,3280262,Cult of Chucky,Comedy,2017.0,2.73,49,100,3.912023005428146,0,English,False,,,,,,1
M3280916,3280916,The Atticus Institute,Horror,2015.0,2.98,20,96,3.044522437723423,0,English,False,,,,,,1
M3281548,3281548,Little Women,Drama,2019.0,3.95,476,115,6.1675164908883415,0,Other,False,Gillian Armstrong,United States,18000000.0,50083616.0,54000.0,1
M3282858,3282858,Naomi and Ely's No Kiss List,Comedy,2015.0,3.12,13,100,2.6390573296152584,0,English,False,,,,,,1
M3286052,3286052,February,Horror,2015.0,3.02,25,96,3.258096538021482,0,English,False,,,,,,1
M3286560,3286560,The Last Face,Drama,2016.0,3.05,10,109,2.3978952727983707,0,English,False,,,,,,1
M3289712,3289712,Jenny's Wedding,Comedy,2015.0,2.65,17,100,2.8903717578961645,0,English,False,,,,,,1
M3289724,3289724,Welcome to Marwen,Biography,2018.0,3.12,21,116,3.091042453358316,0,Other,False,Robert Zemeckis,Japan,39000000.0,13061491.0,21000.0,1
M3289728,3289728,Equals,Drama,2015.0,3.35,75,101,4.330733340286331,0,Other,False,Drake Doremus,United States,16000000.0,2084628.0,29000.0,1
M3289956,3289956,The Autopsy of Jane Doe,Horror,2016.0,3.41,169,96,5.135798437050262,0,English,False,,,,,,1
M3294200,3294200,The Falling,Drama,2014.0,2.58,20,109,3.044522437723423,0,English,False,,,,,,1
M3296658,3296658,Hrútar,Drama,2015.0,3.77,22,109,3.1354942159291497,0,English,False,,,,,,1
M3296908,3296908,HHhH,Action,2017.0,3.22,27,107,3.332204510175204,0,English,False,,,,,,1
M3297330,3297330,Good Kill,Drama,2014.0,3.04,67,109,4.219507705176107,0,English,False,,,,,,1
M3300542,3300542,London Has Fallen,Action,2016.0,2.98,486,99,6.18826412308259,0,Other,False,Babak Najafi,United States,60000000.0,205754447.0,149000.0,1
M3300980,3300980,Den 12. mann,Drama,2017.0,3.76,46,109,3.8501476017100584,0,English,False,,,,,,1
M3302706,3302706,Boychoir,Drama,2014.0,3.24,17,109,2.8903717578961645,0,English,False,,,,,,1
M3302820,3302820,Cowspiracy: The Sustainability Secret,Documentary,2014.0,4.15,34,102,3.5553480614894135,0,English,False,,,,,,1
M3305308,3305308,Trespass Against Us,Action,2016.0,2.89,18,107,2.9444389791664403,0,English,False,,,,,,1
M3305316,3305316,En chance til,Drama,2014.0,3.27,11,109,2.4849066497880004,0,English,False,,,,,,1
M3305844,3305844,Hellions,Drama,2015.0,2.65,10,109,2.3978952727983707,0,English,False,,,,,,1
M3311384,3311384,The Class of '92,Documentary,2013.0,4.3,59,102,4.0943445622221,0,English,False,,,,,,1
M3312830,3312830,Youth,Comedy,2015.0,3.83,227,124,5.429345628954441,0,Other,False,Paolo Sorrentino,Italy,,23459358.0,74000.0,1
M3312868,3312868,Deep Web,Documentary,2015.0,3.57,14,102,2.70805020110221,0,English,False,,,,,,1
M3315342,3315342,Logan,Action,2017.0,4.18,1367,137,7.221105098182496,0,Other,False,James Mangold,United States,97000000.0,619179950.0,674000.0,1
M3316948,3316948,American Ultra,Action,2015.0,3.1,240,96,5.484796933490655,0,Other,False,Nima Nourizadeh,United States,28000000.0,27262374.0,87000.0,1
M3316960,3316960,Still Alice,Drama,2014.0,3.87,505,101,6.226536669287466,0,Other,False,Richard Glatzer,United States,5000000.0,44779195.0,129000.0,1
M3317208,3317208,Anesthesia,Crime,2015.0,3.53,16,109,2.833213344056216,0,English,False,,,,,,1
M3317234,3317234,"Game Over, Man!",Action,2018.0,2.93,46,107,3.8501476017100584,0,English,False,,,,,,1
M3317522,3317522,The Nightmare,Documentary,2015.0,2.8,15,102,2.772588722239781,0,English,False,,,,,,1
M3318750,3318750,Adult Beginners,Comedy,2014.0,2.82,22,100,3.1354942159291497,0,English,False,,,,,,1
M3319730,3319730,The Mercy,Adventure,2017.0,3.29,12,105,2.5649493574615367,0,English,False,,,,,,1
M3319920,3319920,Regression,Crime,2015.0,2.79,73,106,4.30406509320417,0,Other,False,Alejandro Amenábar,Spain,,17671101.0,38000.0,1
M3321300,3321300,Spooks: The Greater Good,Action,2015.0,3.18,67,107,4.219507705176107,0,English,False,,,,,,1
M3322364,3322364,Concussion,Biography,2015.0,3.69,398,123,5.988961416889864,0,Other,False,Peter Landesman,United Kingdom,35000000.0,48623572.0,89000.0,1
M3322420,3322420,Queen,Comedy,2013.0,4.08,52,100,3.970291913552122,0,English,False,,,,,,1
M3322892,3322892,XX,Horror,2017.0,2.55,11,96,2.4849066497880004,0,English,False,,,,,,1
M3322940,3322940,Annabelle,Horror,2014.0,2.79,404,99,6.003887067106539,0,Other,False,John R. Leonetti,United States,6500000.0,257579282.0,147000.0,1
M3327624,3327624,Infini,Horror,2015.0,2.82,14,96,2.70805020110221,0,English,False,,,,,,1
M3327994,3327994,Human,Documentary,2015.0,4.29,24,102,3.2188758248682006,0,English,False,,,,,,1
M3330764,3330764,The Neighbor,Crime,2016.0,3.4,21,109,3.091042453358316,0,English,False,,,,,,1
M3331028,3331028,Imperial Dreams,Drama,2014.0,3.7,10,109,2.3978952727983707,0,English,False,,,,,,1
M3331846,3331846,Stand by Me Doraemon,Animation,2014.0,3.91,11,91,2.4849066497880004,0,English,False,,,,,,1
M3332064,3332064,Pan,Adventure,2015.0,2.9,121,111,4.804021044733257,0,Other,False,Joe Wright,United States,150000000.0,128388320.0,62000.0,1
M3335606,3335606,Berlin Syndrome,Drama,2017.0,3.18,68,116,4.23410650459726,0,Other,False,Cate Shortland,Australia,,397783.0,23000.0,1
M3339674,3339674,Burying the Ex,Comedy,2014.0,3.07,15,100,2.772588722239781,0,English,False,,,,,,1
M3344680,3344680,Boyka: Undisputed IV,Action,2016.0,3.55,88,107,4.48863636973214,0,English,False,,,,,,1
M3344694,3344694,The Secret Scripture,Drama,2016.0,3.56,17,109,2.8903717578961645,0,English,False,,,,,,1
M3344922,3344922,Hungry Hearts,Drama,2014.0,3.44,17,109,2.8903717578961645,0,English,False,,,,,,1
M3346224,3346224,Zipper,Drama,2015.0,3.17,15,109,2.772588722239781,0,English,False,,,,,,1
M3348730,3348730,Jigsaw,Crime,2017.0,3.13,220,92,5.3981627015177525,0,Other,False,Michael Spierig,Canada,10000000.0,102952888.0,73000.0,1
M3352390,3352390,Friend Request,Horror,2016.0,2.85,68,96,4.23410650459726,0,English,False,,,,,,1
M3361792,3361792,Tolkien,Biography,2019.0,3.82,40,112,3.713572066704308,0,Other,False,Dome Karukoski,United States,20000000.0,9090040.0,36000.0,1
M3365778,3365778,Respire,Drama,2014.0,3.55,22,109,3.1354942159291497,0,English,False,,,,,,1
M3369806,3369806,Max,Adventure,2015.0,3.4,72,105,4.290459441148391,0,English,False,,,,,,1
M3371366,3371366,Transformers: The Last Knight,Action,2017.0,2.71,283,154,5.648974238161206,0,Other,False,Michael Bay,United States,217000000.0,605425157.0,140000.0,1
M3374966,3374966,La mafia uccide solo d'estate,Comedy,2013.0,3.44,17,100,2.8903717578961645,0,English,False,,,,,,1
M3381008,3381008,Grimsby,Action,2016.0,3.29,259,107,5.560681631015528,0,English,False,,,,,,1
M3385516,3385516,X-Men: Apocalypse,Action,2016.0,3.63,859,144,6.756932389247553,0,Other,False,Bryan Singer,United States,178000000.0,543934105.0,404000.0,1
M3385524,3385524,Stan &amp; Ollie,Biography,2018.0,3.76,77,117,4.356708826689592,0,English,False,,,,,,1
M3387266,3387266,A United Kingdom,Biography,2016.0,3.62,45,111,3.828641396489095,0,Other,False,Amma Asante,Czech Republic,14000000.0,14459330.0,15000.0,1
M3387520,3387520,Scary Stories to Tell in the Dark,Horror,2019.0,3.05,190,108,5.25227342804663,0,Other,False,André Øvredal,United States,25000000.0,104545505.0,66000.0,1
M3387542,3387542,The Forest,Horror,2016.0,2.66,100,93,4.61512051684126,0,Other,False,Jason Zada,United States,10000000.0,39712000.0,41000.0,1
M3387648,3387648,The Taking,Horror,2014.0,3.27,46,96,3.8501476017100584,0,English,False,,,,,,1
M3390572,3390572,Haider,Action,2014.0,4.09,59,107,4.0943445622221,0,English,False,,,,,,1
M3393786,3393786,Jack Reacher: Never Go Back,Action,2016.0,3.14,352,118,5.8664680569332965,0,Other,False,Edward Zwick,China,60000000.0,162146076.0,144000.0,1
M3395184,3395184,Spring,Horror,2014.0,3.53,34,109,3.5553480614894135,0,Other,False,Justin Benson,United States,,49970.0,26000.0,1
M3397884,3397884,Sicario,Action,2015.0,3.76,951,121,6.858565034791365,0,Other,False,Denis Villeneuve,United States,30000000.0,84872444.0,386000.0,1
M3398268,3398268,Omoide no Mânî,Animation,2014.0,3.99,136,91,4.919980925828125,0,English,False,,,,,,1
M3399024,3399024,Samba,Comedy,2014.0,3.46,23,100,3.1780538303479458,0,English,False,,,,,,1
M3401882,3401882,Fist Fight,Comedy,2017.0,2.94,154,91,5.043425116919247,0,Other,False,Richie Keen,United States,22000000.0,41087017.0,41000.0,1
M3402236,3402236,Murder on the Orient Express,Crime,2017.0,3.37,550,114,6.311734809152915,0,Other,False,Kenneth Branagh,Malta,55000000.0,352794081.0,221000.0,1
M3404140,3404140,Byeon-ho-in,Drama,2013.0,4.05,11,109,2.4849066497880004,0,English,False,,,,,,1
M3404158,3404158,Yong-eui-ja,Action,2013.0,3.45,22,107,3.1354942159291497,0,English,False,,,,,,1
M3405236,3405236,Raees,Action,2017.0,3.49,53,107,3.9889840465642745,0,English,False,,,,,,1
M3409392,3409392,Timbuktu,Drama,2014.0,3.77,47,109,3.871201010907891,0,English,False,,,,,,1
M3409440,3409440,De Surprise,Comedy,2015.0,3.64,11,100,2.4849066497880004,0,English,False,,,,,,1
M3409848,3409848,Zama,Drama,2017.0,3.35,13,109,2.6390573296152584,0,English,False,,,,,,1
M3410834,3410834,The Divergent Series: Allegiant,Action,2016.0,3.0,204,107,5.3230099791384085,0,English,False,,,,,,1
M3411444,3411444,Ferdinand,Animation,2017.0,3.3,92,108,4.532599493153256,0,Other,False,Carlos Saldanha,United States,111000000.0,296069199.0,51000.0,1
M3416532,3416532,A Monster Calls,Animation,2016.0,3.77,247,108,5.5134287461649825,0,Other,False,J.A. Bayona,United Kingdom,43000000.0,47309313.0,83000.0,1
M3416536,3416536,Hot Summer Nights,Comedy,2017.0,3.22,30,100,3.4339872044851463,0,English,False,,,,,,1
M3416742,3416742,What We Do in the Shadows,Comedy,2014.0,3.75,239,86,5.480638923341991,0,Other,False,Jemaine Clement,New Zealand,1600000.0,7253160.0,164000.0,1
M3416744,3416744,The End of the Tour,Biography,2015.0,3.73,90,106,4.51085950651685,0,Other,False,James Ponsoldt,United States,,3072991.0,29000.0,1
M3416828,3416828,Ice Age: Collision Course,Animation,2016.0,2.9,85,94,4.454347296253507,0,Other,False,Mike Thurmeier,United States,105000000.0,408754975.0,60000.0,1
M3417756,3417756,Musarañas,Drama,2014.0,3.19,13,109,2.6390573296152584,0,English,False,,,,,,1
M3420504,3420504,Finch,Drama,2021.0,3.6,73,109,4.30406509320417,0,English,False,,,,,,1
M3425034,3425034,Allacciate le cinture,Comedy,2014.0,3.35,13,100,2.6390573296152584,0,English,False,,,,,,1
M3433074,3433074,Mrs. Brown's Boys D'Movie,Comedy,2014.0,2.14,25,100,3.258096538021482,0,English,False,,,,,,1
M3438354,3438354,Smetto quando voglio,Comedy,2014.0,3.79,12,100,2.5649493574615367,0,English,False,,,,,,1
M3438640,3438640,Marvel One-Shot: All Hail the King,Documentary,2014.0,3.73,11,102,2.4849066497880004,0,English,False,,,,,,1
M3442006,3442006,Cake,Drama,2014.0,3.27,150,102,5.017279836814924,0,Other,False,Daniel Barnz,United States,7000000.0,2433850.0,36000.0,1
M3442990,3442990,Lila &amp; Eve,Crime,2015.0,3.4,34,109,3.5553480614894135,0,English,False,,,,,,1
M3444312,3444312,Abducted in Plain Sight,Documentary,2017.0,3.84,19,102,2.995732273553991,0,English,False,,,,,,1
M3447364,3447364,Detective Byomkesh Bakshy!,Action,2015.0,4.04,13,107,2.6390573296152584,0,English,False,,,,,,1
M3448226,3448226,Rampage: Capital Punishment,Action,2014.0,3.35,10,107,2.3978952727983707,0,English,False,,,,,,1
M3450650,3450650,Paul Blart: Mall Cop 2,Action,2015.0,2.45,84,94,4.442651256490317,0,Other,False,Andy Fickman,United States,30000000.0,107588225.0,35000.0,1
M3450900,3450900,The Sea of Trees,Drama,2015.0,3.21,38,110,3.6635616461296463,0,Other,False,Gus Van Sant,United States,25000000.0,906995.0,15000.0,1
M3450958,3450958,War for the Planet of the Apes,Action,2017.0,3.8,664,140,6.499787040655854,0,Other,False,Matt Reeves,United States,150000000.0,490719763.0,235000.0,1
M3451230,3451230,High Strung,Drama,2016.0,3.52,28,109,3.367295829986474,0,English,False,,,,,,1
M3455224,3455224,Virunga,Documentary,2014.0,4.26,34,102,3.5553480614894135,0,English,False,,,,,,1
M3455822,3455822,Night Will Fall,Documentary,2014.0,4.59,11,102,2.4849066497880004,0,English,False,,,,,,1
M3458510,3458510,Dude,Comedy,2018.0,2.45,11,100,2.4849066497880004,0,English,False,,,,,,1
M3460252,3460252,The Hateful Eight,Crime,2015.0,4.11,1419,168,7.258412150595307,0,Other,False,Quentin Tarantino,United States,44000000.0,156480177.0,539000.0,1
M3461252,3461252,The Blue Elephant,Drama,2014.0,3.8,56,109,4.04305126783455,0,English,False,,,,,,1
M3462710,3462710,Unforgettable,Drama,2017.0,2.67,46,117,3.8501476017100584,0,Other,False,John Dahl,United States,18000000.0,2821671.0,5000.0,1
M3463106,3463106,The Cured,Drama,2017.0,2.88,12,109,2.5649493574615367,0,English,False,,,,,,1
M3464902,3464902,The Lobster,Comedy,2015.0,3.53,518,119,6.251903883165888,0,Other,False,Yorgos Lanthimos,Ireland,,15509546.0,230000.0,1
M3465916,3465916,Kreuzweg,Drama,2014.0,3.68,11,109,2.4849066497880004,0,English,False,,,,,,1
M3467412,3467412,Extinction,Drama,2015.0,3.15,27,109,3.332204510175204,0,English,False,,,,,,1
M3469046,3469046,Despicable Me 3,Animation,2017.0,3.16,218,89,5.389071729816501,0,Other,False,Kyle Balda,United States,80000000.0,1034800131.0,119000.0,1
M3469910,3469910,Bai ri yan huo,Crime,2014.0,3.04,14,109,2.70805020110221,0,English,False,,,,,,1
M3470600,3470600,Sing,Animation,2016.0,3.79,293,98,5.683579767338681,0,Other,False,Richard Baskin,United States,11500000.0,2260616.0,716.0,1
M3471098,3471098,Maggie's Plan,Comedy,2015.0,3.18,47,100,3.871201010907891,0,English,False,,,,,,1
M3472226,3472226,Kung Fury,Documentary,2015.0,4.16,83,102,4.430816798843313,0,English,False,,,,,,1
M3477064,3477064,Recep Ivedik 4,Comedy,2014.0,2.21,17,100,2.8903717578961645,0,English,False,,,,,,1
M3477480,3477480,Sadece Sen,Action,2014.0,4.25,18,107,2.9444389791664403,0,English,False,,,,,,1
M3478962,3478962,Mon roi,Drama,2015.0,3.78,27,109,3.332204510175204,0,English,False,,,,,,1
M3479316,3479316,Parallels,Action,2015.0,2.98,20,107,3.044522437723423,0,English,False,,,,,,1
M3480796,3480796,Vice,Action,2015.0,1.75,34,132,3.5553480614894135,0,Other,False,Adam McKay,United States,60000000.0,76073488.0,130000.0,1
M3480822,3480822,Black Widow,Action,2021.0,3.49,342,102,5.8377304471659395,0,Other,False,Bob Rafelson,United States,10500000.0,25205460.0,9000.0,1
M3481634,3481634,Inconceivable,Drama,2017.0,2.52,21,109,3.091042453358316,0,English,False,,,,,,1
M3487994,3487994,Bloodsucking Bastards,Action,2015.0,2.91,11,107,2.4849066497880004,0,English,False,,,,,,1
M3488328,3488328,Pound of Flesh,Action,2015.0,2.9,20,107,3.044522437723423,0,English,False,,,,,,1
M3488710,3488710,The Walk,Adventure,2015.0,3.8,514,123,6.244166900663736,0,Other,False,Robert Zemeckis,United States,35000000.0,61181942.0,123000.0,1
M3495000,3495000,Mardaani,Action,2014.0,3.53,17,107,2.8903717578961645,0,English,False,,,,,,1
M3495026,3495026,Fan,Action,2016.0,3.57,51,107,3.9512437185814275,0,English,False,,,,,,1
M3495030,3495030,Dum Laga Ke Haisha,Comedy,2015.0,3.84,25,100,3.258096538021482,0,English,False,,,,,,1
M3498820,3498820,Captain America: Civil War,Action,2016.0,4.1,1391,147,7.238496840894365,0,Other,False,Anthony Russo,United States,250000000.0,1153337496.0,694000.0,1
M3499048,3499048,Güeros,Comedy,2014.0,3.9,15,100,2.772588722239781,0,English,False,,,,,,1
M3499096,3499096,Race,Biography,2016.0,3.74,65,134,4.189654742026425,0,Other,False,Stephen Hopkins,Canada,35000000.0,25070261.0,36000.0,1
M3501112,3501112,Security,Action,2017.0,2.94,54,107,4.007333185232471,0,English,False,,,,,,1
M3501416,3501416,Amsal,Action,2015.0,3.59,16,107,2.833213344056216,0,English,False,,,,,,1
M3501632,3501632,Thor: Ragnarok,Action,2017.0,3.98,996,130,6.904750769961838,0,Other,False,Taika Waititi,United States,180000000.0,853983911.0,628000.0,1
M3503406,3503406,The Whole Truth,Crime,2016.0,3.05,57,109,4.060443010546419,0,English,False,,,,,,1
M3504048,3504048,Housebound,Comedy,2014.0,3.32,56,100,4.04305126783455,0,English,False,,,,,,1
M3508840,3508840,Nie yin niang,Action,2015.0,3.29,28,107,3.367295829986474,0,English,False,,,,,,1
M3511596,3511596,Close Range,Action,2015.0,2.77,11,107,2.4849066497880004,0,English,False,,,,,,1
M3513498,3513498,The Lego Movie 2: The Second Part,Animation,2019.0,3.52,80,107,4.394449154672439,0,Other,False,Mike Mitchell,Denmark,99000000.0,192306508.0,58000.0,1
M3513548,3513548,Richard Jewell,Drama,2019.0,3.82,163,109,5.099866427824199,0,English,False,,,,,,1
M3518012,3518012,Best of Enemies,Documentary,2015.0,3.93,15,102,2.772588722239781,0,English,False,,,,,,1
M3520418,3520418,We Are Still Here,Horror,2015.0,3.08,30,96,3.4339872044851463,0,English,False,,,,,,1
M3521126,3521126,The Disaster Artist,Biography,2017.0,3.86,415,104,6.030685260261263,0,Other,False,James Franco,United States,10000000.0,29820616.0,143000.0,1
M3521134,3521134,The Look of Silence,Documentary,2014.0,4.28,27,102,3.332204510175204,0,English,False,,,,,,1
M3521164,3521164,Vaiana,Animation,2016.0,3.93,523,91,6.261491684321042,0,English,False,,,,,,1
M3522806,3522806,Mechanic: Resurrection,Action,2016.0,2.87,206,98,5.332718793265369,0,Other,False,Dennis Gansel,United States,40000000.0,125729635.0,79000.0,1
M3530002,3530002,The Night Before,Adventure,2015.0,3.25,148,101,5.003946305945459,0,Other,False,Jonathan Levine,United States,25000000.0,52395996.0,68000.0,1
M3530978,3530978,La corrispondenza,Drama,2016.0,3.38,12,109,2.5649493574615367,0,English,False,,,,,,1
M3531824,3531824,Nerve,Action,2016.0,3.55,394,96,5.978885764901122,0,Other,False,Henry Joost,United States,19000000.0,85251425.0,120000.0,1
M3532216,3532216,American Made,Action,2017.0,3.61,471,115,6.156978985585555,0,Other,False,Doug Liman,United States,50000000.0,134866593.0,165000.0,1
M3532608,3532608,The Fluffy Movie: Unity Through Laughter,Documentary,2014.0,3.7,15,102,2.772588722239781,0,English,False,,,,,,1
M3533916,3533916,The Veil,Horror,2016.0,2.4,10,96,2.3978952727983707,0,English,False,,,,,,1
M3534282,3534282,Don Verdean,Adventure,2015.0,2.4,10,105,2.3978952727983707,0,English,False,,,,,,1
M3534602,3534602,The D Train,Comedy,2015.0,2.53,35,100,3.58351893845611,0,English,False,,,,,,1
M3538766,3538766,Messi,Documentary,2014.0,4.43,21,102,3.091042453358316,0,English,False,,,,,,1
M3541262,3541262,Myeong-ryang,Action,2014.0,3.95,67,107,4.219507705176107,0,English,False,,,,,,1
M3541524,3541524,Line of Duty,Action,2019.0,3.08,12,107,2.5649493574615367,0,English,False,,,,,,1
M3544082,3544082,45 Years,Drama,2015.0,3.57,124,91,4.8283137373023015,0,Other,False,Andrew Haigh,United Kingdom,,14430249.0,32000.0,1
M3544112,3544112,Sing Street,Comedy,2016.0,4.0,290,106,5.673323267171493,0,Other,False,John Carney,Ireland,,13624522.0,88000.0,1
M3547740,3547740,La famille Bélier,Comedy,2014.0,3.81,49,100,3.912023005428146,0,English,False,,,,,,1
M3549508,3549508,Time Is Illmatic,Documentary,2014.0,3.88,13,102,2.6390573296152584,0,English,False,,,,,,1
M3553442,3553442,Whiskey Tango Foxtrot,Biography,2016.0,3.36,102,112,4.634728988229636,0,Other,False,Glenn Ficarra,United States,35000000.0,24972139.0,51000.0,1
M3553976,3553976,Captain Fantastic,Comedy,2016.0,3.92,509,118,6.234410725718371,0,Other,False,Matt Ross,United States,5000000.0,23123592.0,201000.0,1
M3554046,3554046,Space Jam: A New Legacy,Animation,2021.0,2.74,56,91,4.04305126783455,0,English,False,,,,,,1
M3554418,3554418,Khoobsurat,Comedy,2014.0,3.81,13,100,2.6390573296152584,0,English,False,,,,,,1
M3560686,3560686,Durak,Crime,2014.0,4.04,34,109,3.5553480614894135,0,English,False,,,,,,1
M3563262,3563262,Submergence,Drama,2017.0,2.82,11,109,2.4849066497880004,0,English,False,,,,,,1
M3564472,3564472,Girls Trip,Comedy,2017.0,3.46,78,122,4.3694478524670215,0,Other,False,Malcolm D. Lee,United States,19000000.0,140552359.0,35000.0,1
M3567288,3567288,The Visit,Horror,2015.0,3.05,225,94,5.420534999272286,0,Other,False,M. Night Shyamalan,United States,5000000.0,98450062.0,119000.0,1
M3569230,3569230,Legend,Biography,2015.0,3.54,478,94,6.171700597410915,0,Other,False,Ridley Scott,United States,24500000.0,15502112.0,62000.0,1
M3576728,3576728,Bilal: A New Breed of Hero,Animation,2015.0,4.07,67,91,4.219507705176107,0,English,False,,,,,,1
M3577624,3577624,A Perfect Day,Comedy,2015.0,3.3,41,100,3.7376696182833684,0,English,False,,,,,,1
M3582020,3582020,Jawbone,Action,2017.0,3.35,10,107,2.3978952727983707,0,English,False,,,,,,1
M3593046,3593046,Lost in the Sun,Action,2015.0,3.09,16,107,2.833213344056216,0,English,False,,,,,,1
M3595298,3595298,Prem Ratan Dhan Payo,Action,2015.0,2.97,19,107,2.995732273553991,0,English,False,,,,,,1
M3603808,3603808,The Diabolical,Horror,2015.0,2.45,11,96,2.4849066497880004,0,English,False,,,,,,1
M3605418,3605418,Knock Knock,Drama,2015.0,2.39,165,99,5.111987788356544,0,Other,False,Eli Roth,United States,2500000.0,5567103.0,87000.0,1
M3606752,3606752,Cars 3,Animation,2017.0,3.55,111,102,4.718498871295094,0,Other,False,Brian Fee,United States,175000000.0,383930656.0,82000.0,1
M3606756,3606756,Incredibles 2,Animation,2018.0,3.95,432,118,6.07073772800249,0,Other,False,Brad Bird,United States,200000000.0,1244639527.0,263000.0,1
M3606888,3606888,A Street Cat Named Bob,Biography,2016.0,3.89,94,117,4.553876891600541,0,English,False,,,,,,1
M3608930,3608930,In a Valley of Violence,Action,2016.0,3.02,33,104,3.5263605246161616,0,Other,False,Ti West,United States,,61797.0,17000.0,1
M3610746,3610746,Don't Hang Up,Horror,2016.0,3.16,47,96,3.871201010907891,0,English,False,,,,,,1
M3612032,3612032,Wrong Turn 6: Last Resort,Horror,2014.0,2.18,14,96,2.70805020110221,0,English,False,,,,,,1
M3612126,3612126,The Grudge,Horror,2020.0,2.12,37,91,3.6375861597263857,0,Other,False,Takashi Shimizu,United States,10000000.0,187281115.0,140000.0,1
M3612320,3612320,Crawlspace,Horror,2016.0,2.37,15,96,2.772588722239781,0,English,False,,,,,,1
M3612616,3612616,Mommy,Drama,2014.0,4.13,130,139,4.875197323201151,0,Other,False,Xavier Dolan,Canada,,13156856.0,53000.0,1
M3616916,3616916,Bølgen,Action,2015.0,3.4,119,107,4.787491742782046,0,English,False,,,,,,1
M3622110,3622110,Don't Knock Twice,Horror,2016.0,2.77,26,96,3.295836866004329,0,English,False,,,,,,1
M3622120,3622120,Kajaki,Adventure,2014.0,3.85,33,105,3.5263605246161616,0,English,False,,,,,,1
M3622592,3622592,Paper Towns,Comedy,2015.0,3.3,223,109,5.4116460518550396,0,Other,False,Jake Schreier,United States,12000000.0,85512300.0,98000.0,1
M3623726,3623726,Ricki and the Flash,Comedy,2015.0,2.91,55,101,4.02535169073515,0,Other,False,Jonathan Demme,United States,18000000.0,41325328.0,23000.0,1
M3625152,3625152,The Man with the Iron Fists 2,Action,2015.0,2.14,14,107,2.70805020110221,0,English,False,,,,,,1
M3626742,3626742,Ocho apellidos catalanes,Comedy,2015.0,2.58,13,100,2.6390573296152584,0,English,False,,,,,,1
M3627704,3627704,Phantasm: Ravager,Action,2016.0,2.2,10,107,2.3978952727983707,0,English,False,,,,,,1
M3628584,3628584,Barbershop: The Next Cut,Comedy,2016.0,2.97,46,100,3.8501476017100584,0,English,False,,,,,,1
M3630276,3630276,Turist,Comedy,2014.0,3.64,91,100,4.5217885770490405,0,English,False,,,,,,1
M3631112,3631112,The Girl on the Train,Crime,2016.0,3.45,560,112,6.329720905522696,0,Other,False,Tate Taylor,United States,45000000.0,173185859.0,176000.0,1
M3638012,3638012,Appleseed Alpha,Animation,2014.0,3.33,12,91,2.5649493574615367,0,English,False,,,,,,1
M3638396,3638396,Closet Monster,Drama,2015.0,3.54,14,109,2.70805020110221,0,English,False,,,,,,1
M3640424,3640424,Allied,Action,2016.0,3.73,561,124,6.331501849893691,0,Other,False,Robert Zemeckis,United Kingdom,85000000.0,119520023.0,146000.0,1
M3640682,3640682,I Smile Back,Drama,2015.0,2.86,14,109,2.70805020110221,0,English,False,,,,,,1
M3646462,3646462,Itirazim Var,Action,2014.0,3.88,32,107,3.4965075614664802,0,English,False,,,,,,1
M3647498,3647498,Blood Father,Action,2016.0,3.11,204,107,5.3230099791384085,0,English,False,,,,,,1
M3652862,3652862,Morris from America,Comedy,2016.0,3.23,11,100,2.4849066497880004,0,English,False,,,,,,1
M3654796,3654796,Creep 2,Horror,2017.0,3.08,24,96,3.2188758248682006,0,English,False,,,,,,1
M3655414,3655414,Cien años de perdón,Crime,2016.0,3.36,21,109,3.091042453358316,0,English,False,,,,,,1
M3655522,3655522,Bande de filles,Drama,2014.0,3.41,16,109,2.833213344056216,0,English,False,,,,,,1
M3658772,3658772,Misconduct,Crime,2016.0,2.76,44,109,3.8066624897703196,0,English,False,,,,,,1
M3659388,3659388,The Martian,Adventure,2015.0,4.05,1315,144,7.182352111885263,0,Other,False,Ridley Scott,United Kingdom,108000000.0,630162448.0,783000.0,1
M3660770,3660770,Monkey Kingdom,Documentary,2015.0,3.47,17,102,2.8903717578961645,0,English,False,,,,,,1
M3661210,3661210,The Dig,Biography,2021.0,3.71,76,117,4.343805421853684,0,English,False,,,,,,1
M3661298,3661298,Septembers of Shiraz,Thriller,2015.0,3.38,20,102,3.044522437723423,0,English,False,,,,,,1
M3661394,3661394,The One and Only Ivan,Animation,2020.0,3.65,13,91,2.6390573296152584,0,English,False,,,,,,1
M3666024,3666024,La tortue rouge,Animation,2016.0,3.98,81,91,4.406719247264253,0,English,False,,,,,,1
M3671542,3671542,Holding the Man,Biography,2015.0,3.83,26,117,3.295836866004329,0,English,False,,,,,,1
M3672742,3672742,Turbo Kid,Action,2015.0,3.33,35,93,3.58351893845611,0,Other,False,François Simard,Canada,,67069.0,27000.0,1
M3672840,3672840,Tian jiang xiong shi,Action,2015.0,3.19,26,107,3.295836866004329,0,English,False,,,,,,1
M3674140,3674140,The Salt of the Earth,Documentary,2014.0,4.38,42,102,3.7612001156935624,0,English,False,,,,,,1
M3678782,3678782,Badlapur,Action,2015.0,3.65,23,107,3.1780538303479458,0,English,False,,,,,,1
M3680410,3680410,Last Cab to Darwin,Comedy,2015.0,3.79,19,100,2.995732273553991,0,English,False,,,,,,1
M3682448,3682448,Bridge of Spies,Drama,2015.0,3.88,979,142,6.887552571664617,0,Other,False,Steven Spielberg,United States,40000000.0,165478348.0,295000.0,1
M3685236,3685236,Ibiza,Comedy,2018.0,2.77,43,100,3.784189633918261,0,English,False,,,,,,1
M3687310,3687310,Criminal Activities,Crime,2015.0,2.89,22,109,3.1354942159291497,0,English,False,,,,,,1
M3687398,3687398,The Runner,Drama,2015.0,2.11,14,109,2.70805020110221,0,English,False,,,,,,1
M3688406,3688406,A Christmas Horror Story,Fantasy,2015.0,2.75,12,96,2.5649493574615367,0,English,False,,,,,,1
M3689498,3689498,Feast,Animation,2014.0,4.11,14,95,2.70805020110221,0,Other,False,John Gulager,United States,3200000.0,719135.0,30000.0,1
M3691740,3691740,The BFG,Adventure,2016.0,3.22,232,117,5.4510384535657,0,Other,False,Steven Spielberg,United States,140000000.0,195243411.0,80000.0,1
M3697566,3697566,U-neun nam-ja,Action,2014.0,3.71,14,107,2.70805020110221,0,English,False,,,,,,1
M3697626,3697626,Kkeut-kka-ji-gan-da,Action,2014.0,4.0,29,107,3.4011973816621555,0,English,False,,,,,,1
M3698408,3698408,Pek Yakinda,Comedy,2014.0,3.67,69,100,4.248495242049359,0,English,False,,,,,,1
M3700392,3700392,Heidi,Adventure,2015.0,3.84,16,105,2.833213344056216,0,English,False,,,,,,1
M3702652,3702652,The Other Side of the Door,Horror,2016.0,2.76,58,96,4.07753744390572,0,English,False,,,,,,1
M3703908,3703908,Standoff,Drama,2016.0,3.11,18,109,2.9444389791664403,0,English,False,,,,,,1
M3704050,3704050,Remember,Drama,2015.0,3.92,72,94,4.290459441148391,0,Other,False,Atom Egoyan,Canada,,4235959.0,24000.0,1
M3704538,3704538,V/H/S: Viral,Horror,2014.0,2.47,31,96,3.4657359027997265,0,English,False,,,,,,1
M3704700,3704700,Brain on Fire,Biography,2016.0,3.63,75,117,4.330733340286331,0,English,False,,,,,,1
M3705388,3705388,Il nome del figlio,Comedy,2015.0,3.15,10,100,2.3978952727983707,0,English,False,,,,,,1
M3705412,3705412,Deathgasm,Action,2015.0,3.75,24,107,3.2188758248682006,0,English,False,,,,,,1
M3707104,3707104,Mine,Action,2016.0,3.07,67,107,4.219507705176107,0,English,False,,,,,,1
M3707106,3707106,By the Sea,Drama,2015.0,2.78,58,122,4.07753744390572,0,Other,False,Angelina Jolie,France,10000000.0,3334927.0,19000.0,1
M3707114,3707114,Janis: Little Girl Blue,Documentary,2015.0,3.94,16,102,2.833213344056216,0,English,False,,,,,,1
M3708886,3708886,War on Everyone,Action,2016.0,3.08,43,107,3.784189633918261,0,English,False,,,,,,1
M3711510,3711510,El aviso,Crime,2018.0,3.64,22,109,3.1354942159291497,0,English,False,,,,,,1
M3713030,3713030,I Am Michael,Biography,2015.0,2.78,16,117,2.833213344056216,0,English,False,,,,,,1
M3713166,3713166,Unfriended,Horror,2014.0,2.9,204,83,5.3230099791384085,0,Other,False,Levan Gabriadze,United States,1000000.0,62882090.0,71000.0,1
M3714720,3714720,The Hollars,Comedy,2016.0,3.36,25,88,3.258096538021482,0,Other,False,John Krasinski,United States,3800000.0,1138609.0,12000.0,1
M3715320,3715320,Irrational Man,Comedy,2015.0,3.47,173,95,5.159055299214529,0,Other,False,Woody Allen,United States,11000000.0,27391084.0,60000.0,1
M3715406,3715406,Atari: Game Over,Documentary,2014.0,3.38,16,102,2.833213344056216,0,English,False,,,,,,1
M3716530,3716530,Elle,Crime,2016.0,3.64,168,109,5.1298987149230735,0,English,False,,,,,,1
M3717252,3717252,Underworld: Blood Wars,Action,2016.0,3.0,123,91,4.820281565605037,0,Other,False,Anna Foerster,United States,35000000.0,81093313.0,72000.0,1
M3717490,3717490,Power Rangers,Action,2017.0,3.08,195,124,5.278114659230517,0,Other,False,Dean Israelite,United States,100000000.0,142337240.0,104000.0,1
M3717532,3717532,The Last: Naruto the Movie,Animation,2014.0,3.88,16,91,2.833213344056216,0,English,False,,,,,,1
M3717804,3717804,England Is Mine,Biography,2017.0,3.25,10,117,2.3978952727983707,0,English,False,,,,,,1
M3720788,3720788,The Disappearance of Eleanor Rigby: Her,Drama,2013.0,3.67,15,109,2.772588722239781,0,English,False,,,,,,1
M3721936,3721936,American Honey,Adventure,2016.0,3.59,104,163,4.653960350157523,0,Other,False,Andrea Arnold,United Kingdom,,2290649.0,40000.0,1
M3721954,3721954,Maudie,Biography,2016.0,3.87,46,117,3.8501476017100584,0,English,False,,,,,,1
M3721964,3721964,Gringo,Action,2018.0,3.08,52,111,3.970291913552122,0,Other,False,Nash Edgerton,Australia,,11001627.0,28000.0,1
M3722062,3722062,Bokeh,Drama,2017.0,2.72,16,109,2.833213344056216,0,English,False,,,,,,1
M3722070,3722070,The Lady in the Van,Biography,2015.0,3.45,79,104,4.382026634673881,0,Other,False,Nicholas Hytner,United Kingdom,6000000.0,41387687.0,27000.0,1
M3726704,3726704,Experimenter,Biography,2015.0,3.35,27,117,3.332204510175204,0,English,False,,,,,,1
M3727202,3727202,Life on the Line,Action,2015.0,2.93,15,107,2.772588722239781,0,English,False,,,,,,1
M3729920,3729920,The Disappearance of Eleanor Rigby: Them,Drama,2014.0,2.95,30,109,3.4339872044851463,0,English,False,,,,,,1
M3731562,3731562,Kong: Skull Island,Action,2017.0,3.39,708,118,6.5638555265321274,0,Other,False,Jordan Vogt-Roberts,United States,185000000.0,566652812.0,293000.0,1
M3733774,3733774,The Trust,Crime,2016.0,2.68,41,109,3.7376696182833684,0,English,False,,,,,,1
M3733778,3733778,Pay the Ghost,Drama,2015.0,2.59,32,109,3.4965075614664802,0,English,False,,,,,,1
M3735246,3735246,Bajirao Mastani,Action,2015.0,3.62,41,158,3.7376696182833684,0,Other,False,Sanjay Leela Bhansali,India,,11350917.0,32000.0,1
M3740778,3740778,Shan he gu ren,Drama,2015.0,3.55,11,109,2.4849066497880004,0,English,False,,,,,,1
M3741632,3741632,The Leisure Seeker,Adventure,2017.0,3.3,10,112,2.3978952727983707,0,Other,False,Paolo Virzì,Italy,,10472180.0,7800.0,1
M3741700,3741700,Godzilla: King of the Monsters,Action,2019.0,3.05,210,132,5.351858133476067,0,Other,False,Michael Dougherty,United States,170000000.0,386600138.0,162000.0,1
M3741834,3741834,Lion,Biography,2016.0,4.19,929,118,6.835184586147301,0,Other,False,Garth Davis,United Kingdom,12000000.0,140853810.0,221000.0,1
M3742284,3742284,NH10,Action,2015.0,3.78,23,107,3.1780538303479458,0,English,False,,,,,,1
M3742378,3742378,Que Horas Ela Volta?,Comedy,2015.0,3.81,21,100,3.091042453358316,0,English,False,,,,,,1
M3745620,3745620,Bogowie,Biography,2014.0,4.14,14,117,2.70805020110221,0,English,False,,,,,,1
M3746298,3746298,Vendetta,Action,2015.0,2.15,17,107,2.8903717578961645,0,English,False,,,,,,1
M3748172,3748172,Gerald's Game,Drama,2017.0,3.39,176,109,5.176149732573829,0,English,False,,,,,,1
M3748440,3748440,Blue Mountain State: The Rise of Thadland,Comedy,2016.0,2.91,16,100,2.833213344056216,0,English,False,,,,,,1
M3748512,3748512,Hitchcock/Truffaut,Documentary,2015.0,3.87,15,102,2.772588722239781,0,English,False,,,,,,1
M3748528,3748528,Rogue One,Action,2016.0,4.01,926,107,6.831953565565855,0,English,False,,,,,,1
M3750872,3750872,The Wife,Drama,2017.0,3.76,110,99,4.709530201312334,0,Other,False,Björn Runge,United Kingdom,,19978189.0,37000.0,1
M3754940,3754940,Truman,Comedy,2015.0,3.77,32,100,3.4965075614664802,0,English,False,,,,,,1
M3754976,3754976,Elephant Song,Drama,2014.0,3.25,12,109,2.5649493574615367,0,English,False,,,,,,1
M3756788,3756788,Umimachi Diary,Drama,2015.0,3.7,37,109,3.6375861597263857,0,English,False,,,,,,1
M3758162,3758162,A Score to Settle,Action,2019.0,3.11,14,107,2.70805020110221,0,English,False,,,,,,1
M3758172,3758172,Jungle,Action,2017.0,3.32,151,107,5.0238805208462765,0,English,False,,,,,,1
M3758814,3758814,The Ice Road,Thriller,2021.0,2.85,31,102,3.4657359027997265,0,English,False,,,,,,1
M3760922,3760922,My Big Fat Greek Wedding 2,Comedy,2016.0,3.17,58,94,4.07753744390572,0,Other,False,Kirk Jones,United States,18000000.0,90632641.0,29000.0,1
M3766354,3766354,The Equalizer 2,Action,2018.0,3.43,336,121,5.820082930352362,0,Other,False,Antoine Fuqua,United States,62000000.0,190400157.0,141000.0,1
M3766394,3766394,"Hello, My Name Is Doris",Comedy,2015.0,3.26,33,90,3.5263605246161616,0,Other,False,Michael Showalter,United States,1000000.0,14659448.0,19000.0,1
M3767372,3767372,Piku,Comedy,2015.0,3.89,41,100,3.7376696182833684,0,English,False,,,,,,1
M3774114,3774114,Snowden,Biography,2016.0,3.77,470,134,6.154858094016418,0,Other,False,Oliver Stone,United Kingdom,40000000.0,37357216.0,143000.0,1
M3774466,3774466,Ashby,Comedy,2015.0,3.12,29,100,3.4011973816621555,0,English,False,,,,,,1
M3774694,3774694,Love,Drama,2015.0,3.05,57,109,4.060443010546419,0,English,False,,,,,,1
M3774790,3774790,400 Days,Thriller,2015.0,2.05,11,102,2.4849066497880004,0,English,False,,,,,,1
M3774802,3774802,Pandemic,Action,2016.0,2.41,11,107,2.4849066497880004,0,English,False,,,,,,1
M3775086,3775086,Lo chiamavano Jeeg Robot,Action,2015.0,3.11,19,107,2.995732273553991,0,English,False,,,,,,1
M3775202,3775202,I Am a Hero,Action,2015.0,3.62,16,107,2.833213344056216,0,English,False,,,,,,1
M3778644,3778644,Solo: A Star Wars Story,Action,2018.0,3.62,394,135,5.978885764901122,0,Other,False,Ron Howard,United States,275000000.0,392924807.0,306000.0,1
M3780500,3780500,Journey's End,Drama,2017.0,3.47,17,107,2.8903717578961645,0,Other,False,Saul Dibb,United Kingdom,,970809.0,8500.0,1
M3782876,3782876,Código Paz,Action,2014.0,2.95,10,107,2.3978952727983707,0,English,False,,,,,,1
M3783958,3783958,La La Land,Comedy,2016.0,4.16,1542,128,7.341483852363161,0,Other,False,Damien Chazelle,United States,30000000.0,448906865.0,527000.0,1
M3787590,3787590,We Are Your Friends,Drama,2015.0,3.26,70,96,4.2626798770413155,0,Other,False,Max Joseph,United Kingdom,2000000.0,11122090.0,37000.0,1
M3792960,3792960,Le tout nouveau testament,Comedy,2015.0,3.93,58,100,4.07753744390572,0,English,False,,,,,,1
M3793788,3793788,The Escort,Comedy,2015.0,3.09,17,100,2.8903717578961645,0,English,False,,,,,,1
M3794028,3794028,Mal de pierres,Drama,2016.0,3.34,19,109,2.995732273553991,0,English,False,,,,,,1
M3794354,3794354,Sonic the Hedgehog,Action,2020.0,3.31,203,99,5.318119993844216,0,Other,False,Jeff Fowler,United States,85000000.0,319715683.0,102000.0,1
M3797512,3797512,Barb and Star Go to Vista Del Mar,Comedy,2021.0,3.35,10,100,2.3978952727983707,0,English,False,,,,,,1
M3797868,3797868,The Choice,Drama,2016.0,3.33,84,111,4.442651256490317,0,Other,False,Ross Katz,United States,,23079932.0,37000.0,1
M3799232,3799232,The Kissing Booth,Comedy,2018.0,3.41,57,100,4.060443010546419,0,English,False,,,,,,1
M3799372,3799372,6 Years,Drama,2015.0,2.44,16,109,2.833213344056216,0,English,False,,,,,,1
M3799694,3799694,The Nice Guys,Action,2016.0,3.68,759,116,6.633318433280377,0,Other,False,Shane Black,United States,50000000.0,62788218.0,294000.0,1
M3800796,3800796,The Exorcism of Molly Hartley,Horror,2015.0,2.55,11,96,2.4849066497880004,0,English,False,,,,,,1
M3802576,3802576,Brothers,Action,2015.0,3.75,10,105,2.3978952727983707,0,Other,False,Jim Sheridan,United States,26000000.0,43474578.0,115000.0,1
M3808342,3808342,Saul fia,Drama,2015.0,3.72,113,109,4.736198448394496,0,English,False,,,,,,1
M3810760,3810760,Minimalism: A Documentary About the Important Things,Documentary,2015.0,3.67,52,102,3.970291913552122,0,English,False,,,,,,1
M3811906,3811906,Malignant,Crime,2021.0,3.16,16,109,2.833213344056216,0,English,False,,,,,,1
M3812366,3812366,Gukjesijang,Drama,2014.0,4.03,18,109,2.9444389791664403,0,English,False,,,,,,1
M3813310,3813310,Cop Car,Crime,2015.0,3.08,85,88,4.454347296253507,0,Other,False,Jon Watts,United States,800000.0,143658.0,31000.0,1
M3819668,3819668,Dragon Ball Z: Doragon bôru Z - Fukkatsu no &x27;F&x27;,Animation,2015.0,3.85,30,91,3.4339872044851463,0,English,False,,,,,,1
M3823690,3823690,Bill Burr: I'm Sorry You Feel That Way,Documentary,2014.0,4.17,12,102,2.5649493574615367,0,English,False,,,,,,1
M3824386,3824386,Lava,Animation,2014.0,3.88,21,91,3.091042453358316,0,English,False,,,,,,1
M3824412,3824412,Results,Comedy,2015.0,2.62,13,100,2.6390573296152584,0,English,False,,,,,,1
M3824458,3824458,Tangerine,Comedy,2015.0,3.62,54,88,4.007333185232471,0,Other,False,Sean Baker,United States,100000.0,828874.0,28000.0,1
M3824648,3824648,Big Time Adolescence,Comedy,2019.0,3.77,11,100,2.4849066497880004,0,English,False,,,,,,1
M3825638,3825638,Im Labyrinth des Schweigens,Drama,2014.0,3.78,27,109,3.332204510175204,0,English,False,,,,,,1
M3829266,3829266,The Predator,Action,2018.0,2.82,157,107,5.062595033026967,0,Other,False,Shane Black,United States,88000000.0,160542134.0,120000.0,1
M3829920,3829920,Only the Brave,Action,2017.0,3.89,195,134,5.278114659230517,0,Other,False,Joseph Kosinski,United States,38000000.0,26351322.0,62000.0,1
M3830162,3830162,Krigen,Crime,2015.0,3.56,25,109,3.258096538021482,0,English,False,,,,,,1
M3832096,3832096,Cabin Fever,Horror,2016.0,2.15,17,93,2.8903717578961645,0,Other,False,Eli Roth,United States,1500000.0,30553394.0,75000.0,1
M3832914,3832914,War Room,Drama,2015.0,4.23,15,120,2.772588722239781,0,Other,False,Alex Kendrick,United States,3000000.0,73256266.0,14000.0,1
M3833480,3833480,The Outpost,Drama,2020.0,3.69,18,109,2.9444389791664403,0,English,False,,,,,,1
M3833822,3833822,Daft Punk Unchained,Documentary,2015.0,3.72,16,102,2.833213344056216,0,English,False,,,,,,1
M3835080,3835080,31,Horror,2016.0,3.04,25,102,3.258096538021482,0,Other,False,Rob Zombie,United Kingdom,1500000.0,850419.0,19000.0,1
M3836958,3836958,Shamitabh,Drama,2015.0,3.54,13,109,2.6390573296152584,0,English,False,,,,,,1
M3838992,3838992,Yoga Hosers,Action,2016.0,2.67,21,107,3.091042453358316,0,English,False,,,,,,1
M3841424,3841424,Under sandet,Drama,2015.0,4.08,145,109,4.983606621708336,0,English,False,,,,,,1
M3844362,3844362,The Overnight,Comedy,2015.0,3.22,36,79,3.6109179126442243,0,Other,False,Patrick Brice,United States,,1110522.0,16000.0,1
M3846674,3846674,To All the Boys I've Loved Before,Drama,2018.0,3.6,107,109,4.68213122712422,0,English,False,,,,,,1
M3848892,3848892,Baby,Action,2015.0,3.82,19,107,2.995732273553991,0,English,False,,,,,,1
M3850214,3850214,Dope,Comedy,2015.0,3.65,201,103,5.308267697401205,0,Other,False,Rick Famuyiwa,United States,7000000.0,17986781.0,82000.0,1
M3850590,3850590,Krampus,Comedy,2015.0,3.22,137,98,4.927253685157205,0,Other,False,Michael Dougherty,United States,15000000.0,61548707.0,66000.0,1
M3859076,3859076,Truth,Biography,2015.0,3.58,67,117,4.219507705176107,0,English,False,,,,,,1
M3859272,3859272,Tragedy Girls,Comedy,2017.0,3.18,11,100,2.4849066497880004,0,English,False,,,,,,1
M3859304,3859304,The Bronze,Comedy,2015.0,3.24,19,100,2.995732273553991,0,Other,False,Bryan Buckley,United States,3500000.0,615816.0,11000.0,1
M3859310,3859310,How to Talk to Girls at Parties,Comedy,2017.0,3.26,17,102,2.8903717578961645,0,Other,False,John Cameron Mitchell,United Kingdom,,385733.0,10000.0,1
M3859980,3859980,Mohenjo Daro,Action,2016.0,3.36,11,107,2.4849066497880004,0,English,False,,,,,,1
M3860916,3860916,Cargo,Drama,2017.0,3.18,120,109,4.795790545596741,0,English,False,,,,,,1
M3861390,3861390,Dumbo,Adventure,2019.0,3.45,120,112,4.795790545596741,0,Other,False,Tim Burton,United States,170000000.0,353284621.0,69000.0,1
M3862750,3862750,The Perfect Guy,Crime,2015.0,3.11,28,109,3.367295829986474,0,English,False,,,,,,1
M3863552,3863552,Bajrangi Bhaijaan,Action,2015.0,4.4,156,163,5.056245805348308,0,Other,False,Kabir Khan,India,,121126188.0,79000.0,1
M3864056,3864056,The Goldfinch,Drama,2019.0,3.21,34,149,3.5553480614894135,0,Other,False,John Crowley,United States,45000000.0,9932621.0,19000.0,1
M3867086,3867086,Sone'a Fee Misr,Comedy,2014.0,2.92,12,100,2.5649493574615367,0,English,False,,,,,,1
M3874544,3874544,The Boss Baby,Animation,2017.0,3.4,289,97,5.66988092298052,0,Other,False,Tom McGrath,United States,125000000.0,527965936.0,114000.0,1
M3877674,3877674,Mænd &amp; høns,Comedy,2015.0,3.36,18,100,2.9444389791664403,0,English,False,,,,,,1
M3881680,3881680,Waffle Street,Comedy,2015.0,3.45,10,100,2.3978952727983707,0,English,False,,,,,,1
M3881784,3881784,Stronger,Biography,2017.0,3.68,293,119,5.683579767338681,0,Other,False,David Gordon Green,United States,30000000.0,8503658.0,42000.0,1
M3882074,3882074,The Eagle Huntress,Documentary,2016.0,3.75,10,102,2.3978952727983707,0,English,False,,,,,,1
M3882082,3882082,The Boy,Horror,2016.0,2.99,255,97,5.545177444479562,0,Other,False,William Brent Bell,United States,10000000.0,73929392.0,84000.0,1
M3890160,3890160,Baby Driver,Action,2017.0,3.87,1320,113,7.186144304522325,0,Other,False,Edgar Wright,United Kingdom,34000000.0,226945087.0,466000.0,1
M3892172,3892172,Leave No Trace,Drama,2018.0,3.67,106,109,4.672828834461906,0,Other,False,Debra Granik,United States,,7682928.0,54000.0,1
M3892434,3892434,That Sugar Film,Documentary,2014.0,3.93,15,102,2.772588722239781,0,English,False,,,,,,1
M3896198,3896198,Guardians of the Galaxy Vol. 2,Action,2017.0,3.9,992,136,6.900730664045173,0,Other,False,James Gunn,United States,200000000.0,863756051.0,596000.0,1
M3896738,3896738,Hounds of Love,Crime,2016.0,3.45,20,109,3.044522437723423,0,English,False,,,,,,1
M3899516,3899516,Those People,Drama,2015.0,3.6,15,109,2.772588722239781,0,English,False,,,,,,1
M3901826,3901826,The Breadwinner,Animation,2017.0,3.95,51,91,3.9512437185814275,0,English,False,,,,,,1
M3906082,3906082,Mary Shelley,Biography,2017.0,3.42,20,120,3.044522437723423,0,Other,False,Haifaa Al-Mansour,United Kingdom,,2096600.0,14000.0,1
M3907584,3907584,All the Bright Places,Drama,2020.0,3.37,45,109,3.828641396489095,0,English,False,,,,,,1
M3908142,3908142,The Love Witch,Romance,2016.0,3.06,18,120,2.9444389791664403,0,Other,False,Anna Biller,United States,,246218.0,14000.0,1
M3917210,3917210,"Life, Animated",Documentary,2016.0,3.93,14,102,2.70805020110221,0,English,False,,,,,,1
M3922798,3922798,The Siege of Jadotville,Action,2016.0,3.85,107,107,4.68213122712422,0,English,False,,,,,,1
M3922816,3922816,The Daughter,Drama,2015.0,3.45,10,96,2.3978952727983707,0,Other,False,Simon Stone,Australia,,1505434.0,4900.0,1
M3922818,3922818,The Space Between Us,Adventure,2017.0,3.51,121,120,4.804021044733257,0,Other,False,Peter Chelsom,United States,30000000.0,16080475.0,50000.0,1
M3923662,3923662,The Rezort,Horror,2015.0,2.75,16,96,2.833213344056216,0,English,False,,,,,,1
M3949660,3949660,Teenage Mutant Ninja Turtles: Out of the Shadows,Action,2016.0,3.14,209,112,5.3471075307174685,0,Other,False,Dave Green,United States,135000000.0,245623848.0,87000.0,1
M3960412,3960412,Popstar: Never Stop Never Stopping,Comedy,2016.0,3.5,106,87,4.672828834461906,0,Other,False,Akiva Schaffer,United States,20000000.0,9680029.0,57000.0,1
M3963816,3963816,Marauders,Action,2016.0,2.95,59,107,4.0943445622221,0,English,False,,,,,,1
M3966404,3966404,Mustang,Drama,2015.0,3.82,120,97,4.795790545596741,0,Other,False,Deniz Gamze Ergüven,Turkey,,5274664.0,37000.0,1
M3967856,3967856,Okja,Action,2017.0,3.73,288,107,5.666426688112432,0,English,False,,,,,,1
M3970482,3970482,Roger Waters: The Wall,Documentary,2014.0,4.46,13,102,2.6390573296152584,0,English,False,,,,,,1
M3970854,3970854,La Dictadura Perfecta,Comedy,2014.0,3.62,29,100,3.4011973816621555,0,English,False,,,,,,1
M3971732,3971732,Karisik Kaset,Comedy,2014.0,2.96,12,100,2.5649493574615367,0,English,False,,,,,,1
M3976144,3976144,The Monster,Drama,2016.0,2.69,29,109,3.4011973816621555,0,English,False,,,,,,1
M3978720,3978720,Fourth Man Out,Comedy,2015.0,3.3,20,100,3.044522437723423,0,English,False,,,,,,1
M3983266,3983266,Aanmodderfakker,Comedy,2014.0,3.41,11,100,2.4849066497880004,0,English,False,,,,,,1
M3986532,3986532,Tig,Documentary,2015.0,3.86,11,102,2.4849066497880004,0,English,False,,,,,,1
M3986820,3986820,The Endless,Fantasy,2017.0,3.55,39,111,3.6888794541139363,0,Other,False,Justin Benson,United States,,956425.0,37000.0,1
M3991412,3991412,The 9th Life of Louis Drax,Thriller,2016.0,3.28,29,102,3.4011973816621555,0,English,False,,,,,,1
M3993894,3993894,Queen of Earth,Drama,2015.0,3.29,17,109,2.8903717578961645,0,English,False,,,,,,1
M4003070,4003070,Diamond Dust,Crime,2018.0,3.93,21,109,3.091042453358316,0,English,False,,,,,,1
M4003440,4003440,The House That Jack Built,Crime,2018.0,3.43,90,152,4.51085950651685,0,Other,False,Lars von Trier,Denmark,,3081913.0,64000.0,1
M4005402,4005402,Colonia,Drama,2015.0,3.82,175,109,5.170483995038151,0,English,False,,,,,,1
M4006302,4006302,Level 16,Sci-Fi,2018.0,3.46,12,105,2.5649493574615367,0,English,False,,,,,,1
M4007502,4007502,Frozen Fever,Animation,2015.0,3.57,21,91,3.091042453358316,0,English,False,,,,,,1
M4008652,4008652,I Am Ali,Documentary,2014.0,4.25,22,102,3.1354942159291497,0,English,False,,,,,,1
M4009278,4009278,Shut In,Drama,2015.0,3.65,13,109,2.6390573296152584,0,English,False,,,,,,1
M4015500,4015500,The Tale,Drama,2018.0,3.96,38,109,3.6635616461296463,0,English,False,,,,,,1
M4016934,4016934,Ah-ga-ssi,Drama,2016.0,4.19,166,109,5.117993812416755,0,English,False,,,,,,1
M4019560,4019560,Exposed,Crime,2016.0,2.26,21,100,3.091042453358316,0,Other,False,James Toback,United States,,1818910.0,786.0,1
M4025514,4025514,Suburra,Crime,2015.0,3.73,55,109,4.02535169073515,0,English,False,,,,,,1
M4030600,4030600,The Bye Bye Man,Drama,2017.0,2.42,39,96,3.6888794541139363,0,Other,False,Stacy Title,United States,7400000.0,29874280.0,23000.0,1
M4034228,4034228,Manchester by the Sea,Drama,2016.0,4.02,1075,137,6.98100574072173,0,Other,False,Kenneth Lonergan,United States,9000000.0,78988148.0,257000.0,1
M4034354,4034354,Swiss Army Man,Adventure,2016.0,3.48,223,97,5.4116460518550396,0,Other,False,Dan Kwan,United States,3000000.0,4935501.0,109000.0,1
M4034452,4034452,Hyena Road,Action,2015.0,3.21,14,120,2.70805020110221,0,Other,False,Paul Gross,Canada,,87768.0,7300.0,1
M4044364,4044364,Citizenfour,Documentary,2014.0,4.13,115,102,4.7535901911063645,0,English,False,,,,,,1
M4046784,4046784,Maze Runner: The Scorch Trials,Action,2015.0,3.29,406,131,6.008813185442595,0,Other,False,Wes Ball,United States,61000000.0,312296056.0,230000.0,1
M4048272,4048272,Toni Erdmann,Comedy,2016.0,3.83,118,162,4.77912349311153,0,Other,False,Maren Ade,Germany,,11784207.0,46000.0,1
M4052882,4052882,The Shallows,Drama,2016.0,3.36,449,86,6.1092475827643655,0,Other,False,Jaume Collet-Serra,United States,17000000.0,119100758.0,124000.0,1
M4054654,4054654,Dog Eat Dog,Action,2016.0,2.04,12,107,2.5649493574615367,0,English,False,,,,,,1
M4061010,4061010,Blackway,Thriller,2015.0,2.34,19,102,2.995732273553991,0,English,False,,,,,,1
M4062536,4062536,Green Room,Horror,2015.0,3.49,238,95,5.476463551931511,0,Other,False,Jeremy Saulnier,United States,5000000.0,3769214.0,112000.0,1
M4068576,4068576,The Nightingale,Adventure,2018.0,3.92,45,136,3.828641396489095,0,Other,False,Jennifer Kent,Australia,,988687.0,24000.0,1
M4072326,4072326,Ali and Nino,Drama,2016.0,3.42,25,109,3.258096538021482,0,English,False,,,,,,1
M4073790,4073790,The Darkest Minds,Action,2018.0,3.17,32,104,3.4965075614664802,0,Other,False,Jennifer Yuh Nelson,United States,34000000.0,41142379.0,30000.0,1
M4076760,4076760,Diablo,Action,2015.0,2.05,10,107,2.3978952727983707,0,English,False,,,,,,1
M4080728,4080728,En man som heter Ove,Comedy,2015.0,4.12,147,100,4.997212273764115,0,English,False,,,,,,1
M4080956,4080956,A Prayer Before Dawn,Biography,2017.0,3.25,55,117,4.02535169073515,0,English,False,,,,,,1
M4082068,4082068,Dheepan,Crime,2015.0,3.68,28,109,3.367295829986474,0,English,False,,,,,,1
M4084744,4084744,Bitva za Sevastopol,Biography,2015.0,3.5,23,117,3.1780538303479458,0,English,False,,,,,,1
M4088268,4088268,Flaskepost fra P,Drama,2016.0,3.62,25,109,3.258096538021482,0,English,False,,,,,,1
M4094724,4094724,The Purge: Election Year,Action,2016.0,3.12,309,108,5.736572297479192,0,Other,False,James DeMonaco,United States,10000000.0,118587880.0,93000.0,1
M4103724,4103724,Forever My Girl,Drama,2018.0,3.3,28,108,3.367295829986474,0,Other,False,Bethany Ashton Wolf,United States,3500000.0,16376066.0,16000.0,1
M4104022,4104022,People Places Things,Comedy,2015.0,3.45,10,100,2.3978952727983707,0,English,False,,,,,,1
M4104054,4104054,Dad's Army,Comedy,2016.0,2.71,33,100,3.5263605246161616,0,English,False,,,,,,1
M4105970,4105970,They Look Like People,Drama,2015.0,3.05,10,109,2.3978952727983707,0,English,False,,,,,,1
M4106376,4106376,Renegades,Action,2017.0,3.32,11,106,2.4849066497880004,0,Other,False,Jack Sholder,United States,16000000.0,9015164.0,3300.0,1
M4106514,4106514,The Postcard Killings,Crime,2020.0,2.88,13,109,2.6390573296152584,0,English,False,,,,,,1
M4110568,4110568,Dil Dhadakne Do,Comedy,2015.0,3.95,20,100,3.044522437723423,0,English,False,,,,,,1
M4114744,4114744,Unutursam Fisilda,Drama,2014.0,3.88,24,109,3.2188758248682006,0,English,False,,,,,,1
M4116284,4116284,The Lego Batman Movie,Animation,2017.0,3.77,308,104,5.733341276897746,0,Other,False,Chris McKay,United States,80000000.0,311950384.0,135000.0,1
M4119278,4119278,All Roads Lead to Rome,Comedy,2015.0,3.12,12,100,2.5649493574615367,0,English,False,,,,,,1
M4120176,4120176,L'avenir,Drama,2016.0,3.45,33,109,3.5263605246161616,0,English,False,,,,,,1
M4123430,4123430,Fantastic Beasts: The Crimes of Grindelwald,Adventure,2018.0,3.51,327,134,5.793013608384144,0,Other,False,David Yates,United Kingdom,200000000.0,654855901.0,234000.0,1
M4126304,4126304,Cartel Land,Documentary,2015.0,3.77,59,102,4.0943445622221,0,English,False,,,,,,1
M4126438,4126438,The Ones Below,Drama,2015.0,3.37,23,87,3.1780538303479458,0,Other,False,David Farr,United Kingdom,,121827.0,9700.0,1
M4126476,4126476,After,Drama,2019.0,2.66,22,105,3.1354942159291497,0,Other,False,Jenny Gage,United States,14000000.0,69756455.0,44000.0,1
M4129870,4129870,White Girl,Crime,2016.0,2.88,12,88,2.5649493574615367,0,Other,False,Elizabeth Wood,United States,,200242.0,10000.0,1
M4131496,4131496,Keepers,Crime,2018.0,2.89,22,109,3.1354942159291497,0,English,False,,,,,,1
M4136056,4136056,The Seven Five,Documentary,2014.0,4.0,21,102,3.091042453358316,0,English,False,,,,,,1
M4136084,4136084,Florence Foster Jenkins,Biography,2016.0,3.51,148,111,5.003946305945459,0,Other,False,Stephen Frears,United Kingdom,29000000.0,49052787.0,52000.0,1
M4139124,4139124,Keanu,Action,2016.0,3.22,114,100,4.74493212836325,0,Other,False,Peter Atencio,United States,15000000.0,20651333.0,47000.0,1
M4139588,4139588,Polar,Action,2019.0,3.1,136,107,4.919980925828125,0,English,False,,,,,,1
M4144190,4144190,Wiener-Dog,Comedy,2016.0,3.11,14,100,2.70805020110221,0,English,False,,,,,,1
M4145178,4145178,Listen to Me Marlon,Documentary,2015.0,4.29,33,102,3.5263605246161616,0,English,False,,,,,,1
M4154664,4154664,Captain Marvel,Action,2019.0,3.6,865,123,6.763884908562435,0,Other,False,Anna Boden,United States,160000000.0,1128462972.0,478000.0,1
M4154756,4154756,Avengers: Infinity War,Action,2018.0,4.37,1244,149,7.126890808898808,0,Other,False,Anthony Russo,United States,321000000.0,2048359754.0,897000.0,1
M4154796,4154796,Avengers: Endgame,Action,2019.0,4.5,1255,181,7.135687347028144,0,Other,False,Anthony Russo,United States,356000000.0,2797501328.0,903000.0,1
M4154916,4154916,Replicas,Drama,2018.0,2.69,36,107,3.6109179126442243,0,Other,False,Jeffrey Nachmanoff,United Kingdom,30000000.0,9330075.0,34000.0,1
M4157220,4157220,Iris,Documentary,2014.0,3.81,13,91,2.6390573296152584,0,Other,False,Richard Eyre,United Kingdom,5500000.0,16153953.0,18000.0,1
M4158096,4158096,Free Fire,Action,2016.0,3.3,168,91,5.1298987149230735,0,Other,False,Ben Wheatley,United Kingdom,,3719383.0,44000.0,1
M4158876,4158876,Other People,Comedy,2016.0,3.43,23,100,3.1780538303479458,0,English,False,,,,,,1
M4160708,4160708,Don&x27;t Breathe,Crime,2016.0,3.75,813,109,6.70196036600254,0,English,False,,,,,,1
M4163020,4163020,Tales of Halloween,Comedy,2015.0,3.44,18,100,2.9444389791664403,0,English,False,,,,,,1
M4163224,4163224,Most Likely to Die,Horror,2015.0,1.9,15,96,2.772588722239781,0,English,False,,,,,,1
M4169250,4169250,M.S. Dhoni: The Untold Story,Biography,2016.0,4.05,10,117,2.3978952727983707,0,English,False,,,,,,1
M4172430,4172430,13 Hours,Action,2016.0,3.66,292,144,5.680172609017068,0,Other,False,Michael Bay,United States,50000000.0,69411370.0,126000.0,1
M4176826,4176826,Er ist wieder da,Comedy,2015.0,3.54,80,100,4.394449154672439,0,English,False,,,,,,1
M4178092,4178092,The Gift,Drama,2015.0,3.56,507,111,6.230481447578482,0,Other,False,Sam Raimi,United States,10000000.0,44567606.0,65000.0,1
M4180560,4180560,Otherhood,Comedy,2019.0,2.77,22,100,3.1354942159291497,0,English,False,,,,,,1
M4181052,4181052,Special Correspondents,Comedy,2016.0,2.99,79,100,4.382026634673881,0,English,False,,,,,,1
M4181782,4181782,The Crucifixion,Horror,2017.0,2.68,11,96,2.4849066497880004,0,English,False,,,,,,1
M4183692,4183692,Woodlawn,Drama,2015.0,2.94,17,109,2.8903717578961645,0,English,False,,,,,,1
M4185572,4185572,The Hunting Ground,Documentary,2015.0,4.02,21,102,3.091042453358316,0,English,False,,,,,,1
M4189442,4189442,Expelled,Comedy,2014.0,2.33,12,100,2.5649493574615367,0,English,False,,,,,,1
M4190530,4190530,Anthropoid,Biography,2016.0,3.81,170,120,5.14166355650266,0,Other,False,Sean Ellis,Czech Republic,,5079219.0,45000.0,1
M4191580,4191580,Meet the Blacks,Comedy,2016.0,2.12,13,94,2.6390573296152584,0,Other,False,Deon Taylor,United States,900000.0,9097072.0,36000.0,1
M4192740,4192740,Limonata,Comedy,2015.0,3.78,27,100,3.332204510175204,0,English,False,,,,,,1
M4193394,4193394,Indignation,Drama,2016.0,3.49,40,109,3.713572066704308,0,English,False,,,,,,1
M4196450,4196450,The Birth of a Nation,Biography,2016.0,3.6,62,117,4.143134726391533,0,English,False,,,,,,1
M4196776,4196776,Jason Bourne,Action,2016.0,3.41,579,123,6.363028103540465,0,Other,False,Paul Greengrass,United States,120000000.0,415484914.0,213000.0,1
M4196848,4196848,Mr. Church,Comedy,2016.0,3.77,73,104,4.30406509320417,0,Other,False,Bruce Beresford,United States,8000000.0,685780.0,27000.0,1
M4206218,4206218,The Propaganda Game,Documentary,2015.0,3.58,13,102,2.6390573296152584,0,English,False,,,,,,1
M4209788,4209788,Molly's Game,Biography,2017.0,3.8,336,140,5.820082930352362,0,Other,False,Aaron Sorkin,China,30000000.0,59284015.0,153000.0,1
M4210080,4210080,The Confirmation,Comedy,2016.0,3.61,14,100,2.70805020110221,0,English,False,,,,,,1
M4217392,4217392,Kung-Fu Yoga,Action,2017.0,2.48,22,107,3.1354942159291497,0,English,False,,,,,,1
M4218572,4218572,Widows,Crime,2018.0,3.47,263,129,5.575949103146316,0,Other,False,Steve McQueen,United Kingdom,42000000.0,75984700.0,91000.0,1
M4218696,4218696,The Wall,Action,2017.0,3.2,82,88,4.418840607796598,0,Other,False,Doug Liman,United States,,4477141.0,25000.0,1
M4225622,4225622,The Babysitter,Comedy,2017.0,3.08,111,100,4.718498871295094,0,English,False,,,,,,1
M4226388,4226388,Victoria,Crime,2015.0,3.82,152,109,5.030437921392435,0,English,False,,,,,,1
M4229236,4229236,Cobain: Montage of Heck,Documentary,2015.0,3.9,72,102,4.290459441148391,0,English,False,,,,,,1
M4230700,4230700,Complete Unknown,Drama,2016.0,3.08,12,91,2.5649493574615367,0,Other,False,Joshua Marston,United States,,217473.0,5800.0,1
M4239726,4239726,Tanna,Adventure,2015.0,3.56,17,105,2.8903717578961645,0,English,False,,,,,,1
M4240654,4240654,Siccîn,Horror,2014.0,3.08,12,96,2.5649493574615367,0,English,False,,,,,,1
M4244994,4244994,The Last Duel,Drama,2021.0,3.89,60,109,4.110873864173311,0,English,False,,,,,,1
M4244998,4244998,Alpha,Adventure,2018.0,3.29,94,96,4.553876891600541,0,Other,False,Albert Hughes,United States,51000000.0,98203196.0,58000.0,1
M4255304,4255304,The Void,Horror,2016.0,3.09,38,90,3.6635616461296463,0,Other,False,Jeremy Gillespie,Canada,,368372.0,33000.0,1
M4257858,4257858,Going Clear: Scientology &amp; the Prison of Belief,Documentary,2015.0,3.98,82,102,4.418840607796598,0,English,False,,,,,,1
M4257926,4257926,Miracles from Heaven,Biography,2016.0,4.01,84,109,4.442651256490317,0,Other,False,Patricia Riggen,United States,13000000.0,73983003.0,23000.0,1
M4262980,4262980,Shin Gojira,Action,2016.0,3.78,34,107,3.5553480614894135,0,English,False,,,,,,1
M4263482,4263482,The VVitch: A New-England Folktale,Horror,2015.0,3.2,333,96,5.811140992976701,0,English,False,,,,,,1
M4266076,4266076,La nuit a dévoré le monde,Drama,2018.0,3.56,17,109,2.8903717578961645,0,English,False,,,,,,1
M4266638,4266638,Krisha,Drama,2015.0,3.68,11,109,2.4849066497880004,0,English,False,,,,,,1
M4267026,4267026,Hell House LLC,Horror,2015.0,3.46,14,96,2.70805020110221,0,English,False,,,,,,1
M4270516,4270516,Grandma,Comedy,2015.0,3.44,48,79,3.8918202981106265,0,Other,False,Paul Weitz,United States,600000.0,7205073.0,15000.0,1
M4272866,4272866,Bakemono no ko,Animation,2015.0,4.03,38,91,3.6635616461296463,0,English,False,,,,,,1
M4273292,4273292,Under the Shadow,Drama,2016.0,3.33,62,84,4.143134726391533,0,Other,False,Babak Anvari,United Kingdom,,133324.0,25000.0,1
M4273886,4273886,Byuti insaideu,Drama,2015.0,3.35,10,109,2.3978952727983707,0,English,False,,,,,,1
M4276820,4276820,The Founder,Biography,2016.0,3.72,434,115,6.075346031088684,0,Other,False,John Lee Hancock,United States,25000000.0,24121245.0,134000.0,1
M4281724,4281724,Terrifier,Horror,2016.0,3.34,16,96,2.833213344056216,0,English,False,,,,,,1
M4284010,4284010,"What Happened, Miss Simone?",Documentary,2015.0,3.95,52,102,3.970291913552122,0,English,False,,,,,,1
M4285496,4285496,El abrazo de la serpiente,Adventure,2015.0,3.96,39,105,3.6888794541139363,0,English,False,,,,,,1
M4287320,4287320,The Circle,Drama,2017.0,2.88,215,110,5.375278407684165,0,Other,False,James Ponsoldt,United Arab Emirates,18000000.0,40656399.0,87000.0,1
M4291590,4291590,Évolution,Drama,2015.0,3.18,11,109,2.4849066497880004,0,English,False,,,,,,1
M4291600,4291600,Lady Macbeth,Drama,2016.0,3.55,55,89,4.02535169073515,0,Other,False,William Oldroyd,United Kingdom,,5401447.0,21000.0,1
M4293752,4293752,Gascoigne,Documentary,2015.0,3.62,17,102,2.8903717578961645,0,English,False,,,,,,1
M4298958,4298958,An,Drama,2015.0,3.75,18,109,2.9444389791664403,0,English,False,,,,,,1
M4302938,4302938,Kubo and the Two Strings,Animation,2016.0,3.98,307,101,5.730099782973574,0,Other,False,Travis Knight,United States,60000000.0,76249438.0,121000.0,1
M4303340,4303340,I Am Not a Serial Killer,Drama,2016.0,3.1,21,109,3.091042453358316,0,English,False,,,,,,1
M4305148,4305148,Lovesong,Drama,2016.0,3.55,11,109,2.4849066497880004,0,English,False,,,,,,1
M4309356,4309356,Sarmasik,Drama,2015.0,4.11,23,109,3.1780538303479458,0,English,False,,,,,,1
M4326444,4326444,Julieta,Drama,2016.0,3.64,92,99,4.532599493153256,0,Other,False,Pedro Almodóvar,Spain,,22546233.0,30000.0,1
M4331970,4331970,Quand on a 17 ans,Drama,2016.0,3.41,11,109,2.4849066497880004,0,English,False,,,,,,1
M4332232,4332232,Fractured,Thriller,2019.0,3.47,224,102,5.41610040220442,0,English,False,,,,,,1
M4334266,4334266,The Bad Batch,Drama,2016.0,2.6,34,118,3.5553480614894135,0,Other,False,Ana Lily Amirpour,United States,6000000.0,201890.0,28000.0,1
M4341582,4341582,Queen of Katwe,Biography,2016.0,3.83,41,117,3.7376696182833684,0,English,False,,,,,,1
M4348012,4348012,Mayhem,Action,2017.0,3.36,29,107,3.4011973816621555,0,English,False,,,,,,1
M4353250,4353250,The Last Black Man in San Francisco,Drama,2019.0,3.81,21,121,3.091042453358316,0,Other,False,Joe Talbot,United States,,4637830.0,16000.0,1
M4356480,4356480,The Healer,Comedy,2016.0,2.79,14,100,2.70805020110221,0,English,False,,,,,,1
M4357394,4357394,Tau,Sci-Fi,2018.0,3.22,59,105,4.0943445622221,0,English,False,,,,,,1
M4359416,4359416,Taxi,Comedy,2015.0,3.99,42,86,3.7612001156935624,0,Other,False,Gérard Pirès,France,,,78000.0,1
M4361050,4361050,Ouija: Origin of Evil,Drama,2016.0,2.96,145,99,4.983606621708336,0,Other,False,Mike Flanagan,United States,9000000.0,81705746.0,56000.0,1
M4364194,4364194,The Peanut Butter Falcon,Adventure,2019.0,3.83,121,97,4.804021044733257,0,Other,False,Tyler Nilson,United States,6200000.0,133031473.0,73000.0,1
M4365518,4365518,Sufat Chol,Drama,2016.0,3.67,12,109,2.5649493574615367,0,English,False,,,,,,1
M4365566,4365566,Ghost House,Horror,2017.0,3.05,10,96,2.3978952727983707,0,English,False,,,,,,1
M4366830,4366830,Grease: Live,Music,2016.0,3.41,11,90,2.4849066497880004,0,English,False,,,,,,1
M4368814,4368814,Louis C.K.: Live at the Comedy Store,Documentary,2015.0,4.04,14,102,2.70805020110221,0,English,False,,,,,,1
M4370784,4370784,Les innocentes,Drama,2016.0,3.77,24,109,3.2188758248682006,0,English,False,,,,,,1
M4372240,4372240,78/52,Documentary,2017.0,3.9,10,102,2.3978952727983707,0,English,False,,,,,,1
M4374460,4374460,Aferim!,Adventure,2015.0,3.66,16,105,2.833213344056216,0,English,False,,,,,,1
M4375438,4375438,El Club,Comedy,2015.0,3.5,20,100,3.044522437723423,0,English,False,,,,,,1
M4382552,4382552,Hot Girls Wanted,Documentary,2015.0,2.97,35,102,3.58351893845611,0,English,False,,,,,,1
M4382824,4382824,Army of One,Adventure,2016.0,3.1,10,105,2.3978952727983707,0,English,False,,,,,,1
M4382872,4382872,Extraction,Action,2015.0,1.9,24,107,3.2188758248682006,0,English,False,,,,,,1
M4383594,4383594,Nine Lives,Comedy,2016.0,2.75,34,100,3.5553480614894135,0,English,False,,,,,,1
M4385888,4385888,20th Century Women,Comedy,2016.0,3.65,117,119,4.770684624465665,0,Other,False,Mike Mills,United States,7000000.0,7214806.0,42000.0,1
M4387040,4387040,Airlift,Drama,2016.0,3.82,49,109,3.912023005428146,0,English,False,,,,,,1
M4399952,4399952,The Lodgers,Drama,2017.0,2.45,11,109,2.4849066497880004,0,English,False,,,,,,1
M4411504,4411504,El Clan,Biography,2015.0,3.55,29,117,3.4011973816621555,0,English,False,,,,,,1
M4411596,4411596,My Cousin Rachel,Drama,2017.0,2.92,44,106,3.8066624897703196,0,Other,False,Roger Michell,United Kingdom,,9200168.0,18000.0,1
M4419364,4419364,Holidays,Fantasy,2016.0,2.71,17,96,2.8903717578961645,0,English,False,,,,,,1
M4420704,4420704,Kedi,Documentary,2016.0,4.0,31,102,3.4657359027997265,0,English,False,,,,,,1
M4425064,4425064,Steve Jobs: The Man in the Machine,Documentary,2015.0,3.77,24,102,3.2188758248682006,0,English,False,,,,,,1
M4425200,4425200,John Wick: Chapter 2,Action,2017.0,3.74,782,122,6.663132695990803,0,Other,False,Chad Stahelski,United States,40000000.0,171547802.0,385000.0,1
M4428728,4428728,Braqueurs,Crime,2015.0,3.2,10,109,2.3978952727983707,0,English,False,,,,,,1
M4430212,4430212,Drishyam,Crime,2015.0,4.22,44,163,3.8066624897703196,0,Other,False,Nishikant Kamat,India,9400000.0,,75000.0,1
M4434004,4434004,Udta Punjab,Action,2016.0,3.71,28,107,3.367295829986474,0,English,False,,,,,,1
M4437216,4437216,Goat,Drama,2016.0,3.23,13,96,2.6390573296152584,0,Other,False,Andrew Neel,United States,,23020.0,7500.0,1
M4438848,4438848,Neighbors 2: Sorority Rising,Comedy,2016.0,2.88,240,92,5.484796933490655,0,Other,False,Nicholas Stoller,United States,35000000.0,108007109.0,116000.0,1
M4439120,4439120,Riaru onigokko,Action,2015.0,2.62,12,107,2.5649493574615367,0,English,False,,,,,,1
M4443658,4443658,Better Watch Out,Comedy,2016.0,3.44,42,89,3.7612001156935624,0,Other,False,Chris Peckover,Australia,,176288.0,33000.0,1
M4458206,4458206,Kod Adi K.O.Z.,Crime,2015.0,1.0,10,109,2.3978952727983707,0,English,False,,,,,,1
M4463816,4463816,Terminal,Crime,2018.0,2.73,55,109,4.02535169073515,0,English,False,,,,,,1
M4463894,4463894,Shaft,Action,2019.0,3.38,84,99,4.442651256490317,0,Other,False,John Singleton,Germany,46000000.0,107626125.0,75000.0,1
M4465564,4465564,Fifty Shades Darker,Drama,2017.0,2.62,125,118,4.836281906951478,0,Other,False,James Foley,United States,55000000.0,381545846.0,95000.0,1
M4465572,4465572,American Woman,Drama,2018.0,3.55,11,111,2.4849066497880004,0,Other,False,Jake Scott,United Kingdom,,245416.0,5800.0,1
M4468634,4468634,Certain Women,Drama,2016.0,3.31,40,109,3.713572066704308,0,English,False,,,,,,1
M4468740,4468740,Paddington 2,Adventure,2017.0,3.94,131,103,4.882801922586371,0,Other,False,Paul King,United Kingdom,40000000.0,227978645.0,66000.0,1
M4477536,4477536,Fifty Shades Freed,Drama,2018.0,2.75,70,105,4.2626798770413155,0,Other,False,James Foley,United States,55000000.0,371987838.0,59000.0,1
M4481414,4481414,Gifted,Drama,2017.0,3.88,403,101,6.0014148779611505,0,Other,False,Marc Webb,United States,7000000.0,43069254.0,105000.0,1
M4481514,4481514,The House,Comedy,2017.0,2.96,77,88,4.356708826689592,0,Other,False,Andrew Jay Cohen,United States,40000000.0,34184504.0,42000.0,1
M4486986,4486986,All I See Is You,Drama,2016.0,2.92,20,109,3.044522437723423,0,Other,False,Marc Forster,United States,30000000.0,678150.0,11000.0,1
M4489416,4489416,Kokoro ga sakebitagatterunda.,Animation,2015.0,4.1,21,91,3.091042453358316,0,English,False,,,,,,1
M4494718,4494718,Final Portrait,Biography,2017.0,3.3,15,117,2.772588722239781,0,English,False,,,,,,1
M4500922,4500922,Maze Runner: The Death Cure,Action,2018.0,3.39,236,143,5.4680601411351315,0,Other,False,Wes Ball,United States,62000000.0,288175335.0,121000.0,1
M4501244,4501244,Why Him?,Comedy,2016.0,3.31,281,111,5.641907070938114,0,Other,False,John Hamburg,United States,38000000.0,118102725.0,104000.0,1
M4501454,4501454,The Meddler,Comedy,2015.0,3.38,16,103,2.833213344056216,0,Other,False,Lorene Scafaria,United States,3200000.0,5425148.0,12000.0,1
M4503598,4503598,Emelie,Horror,2015.0,2.84,31,96,3.4657359027997265,0,English,False,,,,,,1
M4504044,4504044,The Prodigy,Horror,2019.0,3.14,48,92,3.8918202981106265,0,Other,False,Nicholas McCarthy,United States,6000000.0,21150265.0,24000.0,1
M4511200,4511200,Manifesto,Drama,2015.0,3.47,16,109,2.833213344056216,0,English,False,,,,,,1
M4513316,4513316,Novitiate,Drama,2017.0,3.27,11,109,2.4849066497880004,0,English,False,,,,,,1
M4513674,4513674,Café Society,Comedy,2016.0,3.48,290,96,5.673323267171493,0,Other,False,Woody Allen,United States,30000000.0,43763247.0,73000.0,1
M4513678,4513678,Ghostbusters: Afterlife,Comedy,2021.0,3.73,22,100,3.1354942159291497,0,English,False,,,,,,1
M4520364,4520364,Morgan,Action,2016.0,2.85,82,92,4.418840607796598,0,Other,False,Luke Scott,United States,8000000.0,8809407.0,41000.0,1
M4520988,4520988,Frozen II,Animation,2019.0,3.63,203,103,5.318119993844216,0,Other,False,Chris Buck,United States,150000000.0,1450026933.0,148000.0,1
M4530422,4530422,Overlord,Action,2018.0,3.44,157,110,5.062595033026967,0,Other,False,Julius Avery,United States,38000000.0,41657844.0,91000.0,1
M4530884,4530884,I Spit on Your Grave 3: Vengeance Is Mine,Horror,2015.0,2.81,16,96,2.833213344056216,0,English,False,,,,,,1
M4532038,4532038,The War with Grandpa,Comedy,2020.0,2.69,13,100,2.6390573296152584,0,English,False,,,,,,1
M4532826,4532826,Robin Hood,Action,2018.0,2.71,111,140,4.718498871295094,0,Other,False,Ridley Scott,United States,200000000.0,321669741.0,257000.0,1
M4535650,4535650,Dilwale,Action,2015.0,3.16,48,107,3.8918202981106265,0,English,False,,,,,,1
M4537842,4537842,A Very Murray Christmas,Comedy,2015.0,2.84,38,100,3.6635616461296463,0,English,False,,,,,,1
M4537896,4537896,White Boy Rick,Crime,2018.0,3.4,60,111,4.110873864173311,0,Other,False,Yann Demange,United States,29000000.0,25957482.0,33000.0,1
M4538916,4538916,Finding Your Feet,Comedy,2017.0,3.58,12,100,2.5649493574615367,0,English,False,,,,,,1
M4540710,4540710,Miss Sloane,Drama,2016.0,3.9,138,132,4.9344739331306915,0,Other,False,John Madden,France,13000000.0,9101546.0,68000.0,1
M4547056,4547056,The Girl with All the Gifts,Drama,2016.0,3.4,125,109,4.836281906951478,0,English,False,,,,,,1
M4547194,4547194,I Kill Giants,Drama,2017.0,3.07,37,109,3.6375861597263857,0,English,False,,,,,,1
M4550098,4550098,Nocturnal Animals,Drama,2016.0,3.92,874,116,6.774223886357614,0,Other,False,Tom Ford,United States,22500000.0,30311857.0,248000.0,1
M4552524,4552524,Jeruzalem,Horror,2015.0,2.34,19,96,2.995732273553991,0,English,False,,,,,,1
M4555426,4555426,Darkest Hour,Biography,2017.0,3.94,567,125,6.342121418721152,0,Other,False,Joe Wright,United Kingdom,30000000.0,150847274.0,179000.0,1
M4559006,4559006,Ae Dil Hai Mushkil,Drama,2016.0,3.59,35,158,3.58351893845611,0,Other,False,Karan Johar,India,,31668920.0,22000.0,1
M4560008,4560008,This Beautiful Fantastic,Comedy,2016.0,3.83,12,92,2.5649493574615367,0,Other,False,Simon Aboud,United Kingdom,,353808.0,10000.0,1
M4560436,4560436,Mile 22,Action,2018.0,3.19,193,94,5.267858159063328,0,Other,False,Peter Berg,United States,50000000.0,66308758.0,72000.0,1
M4562518,4562518,El ciudadano ilustre,Comedy,2016.0,3.95,20,100,3.044522437723423,0,English,False,,,,,,1
M4565520,4565520,The Layover,Comedy,2017.0,2.34,22,100,3.1354942159291497,0,English,False,,,,,,1
M4566758,4566758,Mulan,Action,2020.0,3.04,108,88,4.6913478822291435,0,Other,False,Tony Bancroft,United States,90000000.0,304320254.0,265000.0,1
M4572514,4572514,Patriots Day,Action,2016.0,3.78,332,133,5.808142489980444,0,Other,False,Peter Berg,Hong Kong,45000000.0,52185751.0,96000.0,1
M4572792,4572792,The Book of Henry,Crime,2017.0,3.59,61,105,4.127134385045092,0,Other,False,Colin Trevorrow,United States,10000000.0,4596705.0,25000.0,1
M4572820,4572820,For the Love of Spock,Documentary,2016.0,4.0,21,102,3.091042453358316,0,English,False,,,,,,1
M4573516,4573516,Sleight,Action,2016.0,2.86,11,107,2.4849066497880004,0,English,False,,,,,,1
M4575576,4575576,Christopher Robin,Animation,2018.0,3.78,127,104,4.852030263919617,0,Other,False,Marc Forster,United Kingdom,75000000.0,197744377.0,72000.0,1
M4581576,4581576,Aftermath,Drama,2017.0,2.71,68,109,4.23410650459726,0,English,False,,,,,,1
M4587366,4587366,Eliminators,Action,2016.0,2.85,10,96,2.3978952727983707,0,Other,False,Peter Manoogian,United States,,4601256.0,1900.0,1
M4594834,4594834,Chi-Raq,Comedy,2015.0,3.19,13,100,2.6390573296152584,0,English,False,,,,,,1
M4595882,4595882,Can You Ever Forgive Me?,Biography,2018.0,3.59,103,106,4.6443908991413725,0,Other,False,Marielle Heller,United States,10000000.0,12442161.0,49000.0,1
M4600952,4600952,Zashchitniki,Action,2017.0,2.07,14,107,2.70805020110221,0,English,False,,,,,,1
M4610378,4610378,Bankier van het verzet,Biography,2018.0,3.46,13,117,2.6390573296152584,0,English,False,,,,,,1
M4613254,4613254,Hjartasteinn,Drama,2016.0,3.65,10,109,2.3978952727983707,0,English,False,,,,,,1
M4613272,4613272,Lu Bian Ye Can,Drama,2015.0,4.15,10,109,2.3978952727983707,0,English,False,,,,,,1
M4618398,4618398,Boruto: Naruto the Movie,Animation,2015.0,4.16,22,91,3.1354942159291497,0,English,False,,,,,,1
M4621630,4621630,Secuestro,Crime,2016.0,3.4,49,109,3.912023005428146,0,English,False,,,,,,1
M4621872,4621872,La pazza gioia,Comedy,2016.0,3.88,20,100,3.044522437723423,0,English,False,,,,,,1
M4622512,4622512,Battle of the Sexes,Biography,2017.0,3.36,153,121,5.0369526024136295,0,Other,False,Jonathan Dayton,United Kingdom,25000000.0,18598607.0,52000.0,1
M4624424,4624424,Storks,Animation,2016.0,3.67,126,87,4.844187086458591,0,Other,False,Nicholas Stoller,United States,70000000.0,183388953.0,58000.0,1
M4630550,4630550,La fille inconnue,Crime,2016.0,3.21,12,109,2.5649493574615367,0,English,False,,,,,,1
M4630562,4630562,The Fate of the Furious,Action,2017.0,3.46,568,136,6.343880434126331,0,Other,False,F. Gary Gray,China,250000000.0,1236005118.0,214000.0,1
M4631532,4631532,Nuestros amantes,Comedy,2016.0,3.6,15,100,2.772588722239781,0,English,False,,,,,,1
M4633690,4633690,Shot Caller,Crime,2017.0,3.62,233,109,5.455321115357702,0,English,False,,,,,,1
M4633694,4633694,Spider-Man: Into the Spider-Verse,Animation,2018.0,4.27,619,117,6.429719478039138,0,Other,False,Bob Persichetti,United States,90000000.0,375540831.0,411000.0,1
M4635372,4635372,Masaan,Drama,2015.0,3.88,20,109,3.044522437723423,0,English,False,,,,,,1
M4645330,4645330,Denial,Biography,2016.0,3.51,40,109,3.713572066704308,0,Other,False,Mick Jackson,United Kingdom,10000000.0,7994527.0,20000.0,1
M4645368,4645368,Juste la fin du monde,Drama,2016.0,3.5,47,109,3.871201010907891,0,English,False,,,,,,1
M4647900,4647900,I Am Bolt,Documentary,2016.0,3.75,12,102,2.5649493574615367,0,English,False,,,,,,1
M4648786,4648786,Harriet,Biography,2019.0,3.42,31,117,3.4657359027997265,0,English,False,,,,,,1
M4649416,4649416,Almost Christmas,Comedy,2016.0,3.29,17,100,2.8903717578961645,0,English,False,,,,,,1
M4649466,4649466,Kingsman: The Golden Circle,Action,2017.0,3.51,523,141,6.261491684321042,0,Other,False,Matthew Vaughn,United Kingdom,104000000.0,410902662.0,286000.0,1
M4651410,4651410,Precious Cargo,Action,2016.0,2.38,20,107,3.044522437723423,0,English,False,,,,,,1
M4651520,4651520,Bad Moms,Comedy,2016.0,3.23,290,100,5.673323267171493,0,Other,False,Jon Lucas,United States,20000000.0,183936074.0,117000.0,1
M4652650,4652650,Please Stand By,Comedy,2017.0,3.57,30,100,3.4339872044851463,0,English,False,,,,,,1
M4659056,4659056,Der kommer en dag,Drama,2016.0,4.19,52,109,3.970291913552122,0,English,False,,,,,,1
M4660980,4660980,The Bad Education Movie,Comedy,2015.0,3.02,20,100,3.044522437723423,0,English,False,,,,,,1
M4661600,4661600,Sanjay's Super Team,Animation,2015.0,3.77,11,91,2.4849066497880004,0,English,False,,,,,,1
M4662420,4662420,All Nighter,Comedy,2017.0,2.5,15,100,2.772588722239781,0,English,False,,,,,,1
M4663992,4663992,La tierra y la sombra,Drama,2015.0,3.45,10,109,2.3978952727983707,0,English,False,,,,,,1
M4666726,4666726,Christine,Biography,2016.0,3.56,52,110,3.970291913552122,0,Other,False,John Carpenter,United States,9700000.0,21017849.0,75000.0,1
M4667094,4667094,Fifty Shades of Black,Comedy,2016.0,2.19,24,92,3.2188758248682006,0,Other,False,Michael Tiddes,United States,5000000.0,22227514.0,20000.0,1
M4667854,4667854,Siren,Fantasy,2016.0,2.58,12,96,2.5649493574615367,0,English,False,,,,,,1
M4669186,4669186,Kevin Hart: What Now?,Documentary,2016.0,3.06,36,102,3.6109179126442243,0,English,False,,,,,,1
M4669264,4669264,Beirut,Drama,2018.0,3.25,42,109,3.7612001156935624,0,English,False,,,,,,1
M4669296,4669296,Lords of Chaos,Biography,2018.0,3.54,14,118,2.70805020110221,0,Other,False,Jonas Åkerlund,United Kingdom,,365353.0,13000.0,1
M4669788,4669788,On the Basis of Sex,Biography,2018.0,3.71,53,120,3.9889840465642745,0,Other,False,Mimi Leder,United States,20000000.0,38755900.0,31000.0,1
M4669986,4669986,Loving,Biography,2016.0,3.48,108,123,4.6913478822291435,0,Other,False,Jeff Nichols,United Kingdom,9000000.0,12957265.0,33000.0,1
M4680182,4680182,Colossal,Comedy,2016.0,3.12,123,109,4.820281565605037,0,Other,False,Nacho Vigalondo,Canada,15000000.0,4531320.0,61000.0,1
M4680980,4680980,Lavender,Drama,2016.0,2.88,12,109,2.5649493574615367,0,English,False,,,,,,1
M4682266,4682266,The New Mutants,Action,2020.0,2.84,43,107,3.784189633918261,0,English,False,,,,,,1
M4682562,4682562,O piseu,Thriller,2015.0,2.86,11,102,2.4849066497880004,0,English,False,,,,,,1
M4682786,4682786,Collateral Beauty,Drama,2016.0,3.52,265,97,5.583496308781699,0,Other,False,David Frankel,United States,36000000.0,88528280.0,95000.0,1
M4682788,4682788,Loving Pablo,Action,2017.0,3.27,43,107,3.784189633918261,0,English,False,,,,,,1
M4686844,4686844,The Death of Stalin,Comedy,2017.0,3.62,172,107,5.153291594497779,0,Other,False,Armando Iannucci,United Kingdom,13000000.0,24646055.0,92000.0,1
M4687108,4687108,In the Tall Grass,Drama,2019.0,2.53,72,109,4.290459441148391,0,English,False,,,,,,1
M4693358,4693358,OtherLife,Crime,2017.0,3.41,22,109,3.1354942159291497,0,English,False,,,,,,1
M4694544,4694544,Once Upon a Time in Venice,Comedy,2017.0,2.52,30,100,3.4339872044851463,0,English,False,,,,,,1
M4695012,4695012,It Comes at Night,Horror,2017.0,2.9,175,91,5.170483995038151,0,Other,False,Trey Edward Shults,United States,5000000.0,19735344.0,87000.0,1
M4698584,4698584,Neruda,Biography,2016.0,3.62,20,117,3.044522437723423,0,English,False,,,,,,1
M4698684,4698684,Hunt for the Wilderpeople,Adventure,2016.0,3.97,251,101,5.529429087511423,0,Other,False,Taika Waititi,New Zealand,,23915910.0,118000.0,1
M4701182,4701182,Bumblebee,Action,2018.0,3.44,259,114,5.560681631015528,0,Other,False,Travis Knight,China,135000000.0,467989645.0,147000.0,1
M4701660,4701660,The Mermaid,Comedy,2016.0,3.42,13,100,2.6390573296152584,0,English,False,,,,,,1
M4701724,4701724,Early Man,Animation,2018.0,3.09,33,89,3.5263605246161616,0,Other,False,Nick Park,France,50000000.0,54622814.0,21000.0,1
M4703048,4703048,6 Days,Action,2017.0,3.18,41,107,3.7376696182833684,0,English,False,,,,,,1
M4714568,4714568,The Young Offenders,Adventure,2016.0,3.67,23,105,3.1780538303479458,0,English,False,,,,,,1
M4714782,4714782,Personal Shopper,Drama,2016.0,3.08,119,105,4.787491742782046,0,Other,False,Olivier Assayas,France,6000000.0,2840408.0,37000.0,1
M4720702,4720702,Bushwick,Action,2017.0,2.74,21,107,3.091042453358316,0,English,False,,,,,,1
M4721124,4721124,The Exception,Drama,2016.0,3.62,20,107,3.044522437723423,0,Other,False,David Leveaux,United Kingdom,,872805.0,12000.0,1
M4728386,4728386,Killing Ground,Horror,2016.0,3.11,18,96,2.9444389791664403,0,English,False,,,,,,1
M4729430,4729430,Klaus,Animation,2019.0,4.26,210,91,5.351858133476067,0,English,False,,,,,,1
M4730986,4730986,Divines,Crime,2016.0,3.94,70,109,4.2626798770413155,0,English,False,,,,,,1
M4731136,4731136,A Cure for Wellness,Drama,2016.0,3.13,157,146,5.062595033026967,0,Other,False,Gore Verbinski,United States,40000000.0,26620002.0,90000.0,1
M4731148,4731148,Prityazhenie,Romance,2017.0,2.4,10,112,2.3978952727983707,0,English,False,,,,,,1
M4733624,4733624,Fatherhood,Comedy,2021.0,3.33,60,100,4.110873864173311,0,English,False,,,,,,1
M4733640,4733640,The Limehouse Golem,Crime,2016.0,3.17,38,109,3.6635616461296463,0,English,False,,,,,,1
M4738360,4738360,Birkebeinerne,Action,2016.0,3.35,17,107,2.8903717578961645,0,English,False,,,,,,1
M4758646,4758646,War Machine,Comedy,2017.0,2.95,103,100,4.6443908991413725,0,English,False,,,,,,1
M4761112,4761112,The Mauritanian,Drama,2021.0,4.06,112,109,4.727387818712341,0,English,False,,,,,,1
M4761916,4761916,Unfriended: Dark Web,Crime,2018.0,3.03,50,92,3.9318256327243257,0,Other,False,Stephen Susco,United States,1000000.0,16024987.0,29000.0,1
M4765284,4765284,Pitch Perfect 3,Comedy,2017.0,2.94,110,93,4.709530201312334,0,Other,False,Trish Sie,United States,45000000.0,185400345.0,58000.0,1
M4768764,4768764,Veteran,Action,2015.0,3.75,12,107,2.5649493574615367,0,English,False,,,,,,1
M4768776,4768776,Ji-geum-eun-mat-go-geu-ddae-neun-teul-li-da,Drama,2015.0,3.95,10,109,2.3978952727983707,0,English,False,,,,,,1
M4769824,4769824,Kono sekai no katasumi ni,Animation,2016.0,3.98,25,91,3.258096538021482,0,English,False,,,,,,1
M4769836,4769836,The Do-Over,Action,2016.0,2.99,83,107,4.430816798843313,0,English,False,,,,,,1
M4771896,4771896,Tarde para la ira,Drama,2016.0,3.28,16,109,2.833213344056216,0,English,False,,,,,,1
M4776998,4776998,The Promise,Drama,2016.0,3.36,28,109,3.367295829986474,0,English,False,,,,,,1
M4777008,4777008,Maleficent: Mistress of Evil,Adventure,2019.0,3.71,212,119,5.3612921657094255,0,Other,False,Joachim Rønning,United States,185000000.0,491730089.0,91000.0,1
M4779682,4779682,The Meg,Action,2018.0,3.02,342,113,5.8377304471659395,0,Other,False,Jon Turteltaub,United States,130000000.0,530259473.0,157000.0,1
M4781612,4781612,Imperium,Crime,2016.0,3.2,121,109,4.804021044733257,0,English,False,,,,,,1
M4786282,4786282,Lights Out,Drama,2016.0,3.19,301,81,5.71042701737487,0,Other,False,David F. Sandberg,United States,4900000.0,148868835.0,119000.0,1
M4795124,4795124,How to Be a Latin Lover,Comedy,2017.0,2.76,25,115,3.258096538021482,0,Other,False,Ken Marino,Mexico,10000000.0,62547032.0,15000.0,1
M4795546,4795546,Nocturama,Drama,2016.0,3.45,10,109,2.3978952727983707,0,English,False,,,,,,1
M4796122,4796122,Satanic,Horror,2016.0,2.15,10,96,2.3978952727983707,0,English,False,,,,,,1
M4799050,4799050,Rough Night,Comedy,2017.0,2.84,114,101,4.74493212836325,0,Other,False,Lucia Aniello,United States,20000000.0,47347283.0,49000.0,1
M4799064,4799064,Mindhorn,Comedy,2016.0,3.12,21,100,3.091042453358316,0,English,False,,,,,,1
M4799066,4799066,Midnight Sun,Drama,2018.0,3.52,69,91,4.248495242049359,0,Other,False,Scott Speer,United States,2800000.0,27365467.0,26000.0,1
M4805316,4805316,A Dark Song,Drama,2016.0,3.65,13,109,2.6390573296152584,0,English,False,,,,,,1
M4807408,4807408,The Best of Enemies,Biography,2019.0,3.46,13,133,2.6390573296152584,0,Other,False,Robin Bissell,United States,10000000.0,10209813.0,13000.0,1
M4814290,4814290,Te3n,Drama,2016.0,3.74,25,109,3.258096538021482,0,English,False,,,,,,1
M4814760,4814760,Here Alone,Drama,2016.0,2.36,14,109,2.70805020110221,0,English,False,,,,,,1
M4815122,4815122,Time Trap,Action,2017.0,3.06,18,107,2.9444389791664403,0,English,False,,,,,,1
M4824302,4824302,Mother's Day,Comedy,2016.0,3.31,94,118,4.553876891600541,0,Other,False,Garry Marshall,United States,25000000.0,48782670.0,35000.0,1
M4827558,4827558,High Life,Adventure,2018.0,3.29,36,113,3.6109179126442243,0,Other,False,Claire Denis,France,,2133033.0,31000.0,1
M4827986,4827986,The Sense of an Ending,Drama,2017.0,3.09,16,109,2.833213344056216,0,English,False,,,,,,1
M4832640,4832640,Sultan,Action,2016.0,3.81,47,107,3.871201010907891,0,English,False,,,,,,1
M4840206,4840206,Welad Rizq,Action,2015.0,3.61,14,107,2.70805020110221,0,English,False,,,,,,1
M4842646,4842646,The Most Hated Woman in America,Biography,2017.0,3.14,18,117,2.9444389791664403,0,English,False,,,,,,1
M4844140,4844140,True History of the Kelly Gang,Biography,2019.0,3.15,10,117,2.3978952727983707,0,English,False,,,,,,1
M4846232,4846232,Good Time,Crime,2017.0,3.68,224,102,5.41610040220442,0,Other,False,Benny Safdie,United States,4500000.0,3283369.0,100000.0,1
M4846318,4846318,Into the Inferno,Documentary,2016.0,3.64,14,102,2.70805020110221,0,English,False,,,,,,1
M4846340,4846340,Hidden Figures,Biography,2016.0,4.06,615,127,6.423246963533519,0,Other,False,Theodore Melfi,United States,25000000.0,236225193.0,209000.0,1
M4849438,4849438,Baahubali 2: The Conclusion,Action,2017.0,4.23,24,167,3.2188758248682006,0,Other,False,S.S. Rajamouli,India,,254158390.0,79000.0,1
M4853102,4853102,Batman: The Killing Joke,Animation,2016.0,3.44,146,76,4.990432586778736,0,Other,False,Sam Liu,United States,3500000.0,4462034.0,52000.0,1
M4855748,4855748,XOXO,Drama,2016.0,2.97,19,109,2.995732273553991,0,English,False,,,,,,1
M4857264,4857264,Contratiempo,Crime,2016.0,4.24,729,109,6.593044534142437,0,English,False,,,,,,1
M4859168,4859168,Then Came You,Adventure,2018.0,3.46,13,105,2.6390573296152584,0,English,False,,,,,,1
M4877122,4877122,The Emoji Movie,Animation,2017.0,2.36,73,86,4.30406509320417,0,Other,False,Tony Leondis,United States,50000000.0,217776646.0,58000.0,1
M4878482,4878482,Dumplin',Comedy,2018.0,3.45,47,100,3.871201010907891,0,English,False,,,,,,1
M4881806,4881806,Jurassic World: Fallen Kingdom,Action,2018.0,3.3,458,128,6.129050210060545,0,Other,False,J.A. Bayona,United States,170000000.0,1310466296.0,277000.0,1
M4882376,4882376,First They Killed My Father,Biography,2017.0,3.64,33,117,3.5263605246161616,0,English,False,,,,,,1
M4895740,4895740,Abluka,Drama,2015.0,3.53,17,109,2.8903717578961645,0,English,False,,,,,,1
M4897822,4897822,Where to Invade Next,Documentary,2015.0,4.02,64,102,4.174387269895637,0,English,False,,,,,,1
M4899370,4899370,Megan Leavey,Biography,2017.0,3.74,47,116,3.871201010907891,0,Other,False,Gabriela Cowperthwaite,United States,,14510490.0,22000.0,1
M4900018,4900018,Keith Richards: Under the Influence,Documentary,2015.0,3.86,11,102,2.4849066497880004,0,English,False,,,,,,1
M4900716,4900716,Kapoor &amp; Sons,Comedy,2016.0,4.14,33,100,3.5263605246161616,0,English,False,,,,,,1
M4901306,4901306,Perfetti sconosciuti,Comedy,2016.0,3.94,226,100,5.424950017481403,0,English,False,,,,,,1
M4908644,4908644,Winter on Fire: Ukraine's Fight for Freedom,Documentary,2015.0,4.38,51,102,3.9512437185814275,0,English,False,,,,,,1
M4911940,4911940,Tschick,Comedy,2016.0,3.97,15,100,2.772588722239781,0,English,False,,,,,,1
M4911996,4911996,Goldstone,Crime,2016.0,3.58,12,110,2.5649493574615367,0,Other,False,Ivan Sen,Australia,,650352.0,5100.0,1
M4912910,4912910,Mission: Impossible - Fallout,Action,2018.0,3.94,711,147,6.568077911411976,0,Other,False,Christopher McQuarrie,United States,178000000.0,791657398.0,303000.0,1
M4913966,4913966,The Curse of la Llorona,Horror,2019.0,2.88,58,93,4.07753744390572,0,Other,False,Michael Chaves,United States,9000000.0,123133739.0,43000.0,1
M4914580,4914580,Mil-jeong,Action,2016.0,3.96,39,107,3.6888794541139363,0,English,False,,,,,,1
M4916630,4916630,Just Mercy,Drama,2019.0,3.72,237,109,5.472270673671475,0,English,False,,,,,,1
M4919484,4919484,Little Men,Drama,2016.0,3.35,17,98,2.8903717578961645,0,Other,False,Rodney Gibbons,Canada,,104255.0,506.0,1
M4924942,4924942,El guardián invisible,Thriller,2017.0,3.24,27,102,3.332204510175204,0,English,False,,,,,,1
M4925292,4925292,Lady Bird,Comedy,2017.0,3.67,716,94,6.57507584059962,0,Other,False,Greta Gerwig,United States,10000000.0,78966486.0,254000.0,1
M4934950,4934950,Talvar,Crime,2015.0,4.11,31,109,3.4657359027997265,0,English,False,,,,,,1
M4935334,4935334,Southbound,Fantasy,2015.0,3.07,23,89,3.1780538303479458,0,Other,False,Directors,United States,,35275.0,17000.0,1
M4935372,4935372,The Devil's Candy,Drama,2015.0,3.18,22,109,3.1354942159291497,0,English,False,,,,,,1
M4935418,4935418,Baskin,Fantasy,2015.0,2.77,15,96,2.772588722239781,0,English,False,,,,,,1
M4936176,4936176,Mascots,Comedy,2016.0,2.89,18,100,2.9444389791664403,0,English,False,,,,,,1
M4936450,4936450,Bacalaureat,Crime,2016.0,3.77,35,109,3.58351893845611,0,English,False,,,,,,1
M4939066,4939066,Incheon sangryuk jakjeon,Action,2016.0,3.36,21,107,3.091042453358316,0,English,False,,,,,,1
M4943218,4943218,The Worthy,Action,2016.0,3.05,11,107,2.4849066497880004,0,English,False,,,,,,1
M4943322,4943322,The Ottoman Lieutenant,Drama,2016.0,3.32,36,109,3.6109179126442243,0,English,False,,,,,,1
M4944596,4944596,Que Dios nos perdone,Crime,2016.0,3.57,15,109,2.772588722239781,0,English,False,,,,,,1
M4951982,4951982,Kursk,Action,2018.0,3.36,22,107,3.1354942159291497,0,English,False,,,,,,1
M4954522,4954522,Grave,Drama,2016.0,3.42,97,109,4.584967478670572,0,English,False,,,,,,1
M4955566,4955566,Almost Friends,Comedy,2016.0,3.15,10,100,2.3978952727983707,0,English,False,,,,,,1
M4964788,4964788,Todos lo saben,Crime,2018.0,3.52,80,109,4.394449154672439,0,English,False,,,,,,1
M4967094,4967094,Our Times,Comedy,2015.0,3.3,10,100,2.3978952727983707,0,English,False,,,,,,1
M4969044,4969044,Riphagen,Drama,2016.0,3.91,17,109,2.8903717578961645,0,English,False,,,,,,1
M4971344,4971344,Les frères Sisters,Adventure,2018.0,3.46,132,105,4.890349128221754,0,English,False,,,,,,1
M4972062,4972062,Don't Think Twice,Comedy,2016.0,3.44,27,100,3.332204510175204,0,English,False,,,,,,1
M4972582,4972582,Split,Horror,2016.0,3.76,1113,117,7.01571242048723,0,Other,False,M. Night Shyamalan,United States,9000000.0,278454417.0,446000.0,1
M4975722,4975722,Moonlight,Drama,2016.0,3.48,757,111,6.630683385642372,0,Other,False,Barry Jenkins,United States,4000000.0,65336603.0,284000.0,1
M4976192,4976192,211,Action,2018.0,1.96,14,107,2.70805020110221,0,English,False,,,,,,1
M4977530,4977530,Viceroy&x27;s House,Biography,2017.0,3.54,13,117,2.6390573296152584,0,English,False,,,,,,1
M4978710,4978710,Marjorie Prime,Drama,2017.0,3.0,18,109,2.9444389791664403,0,English,False,,,,,,1
M4981636,4981636,Middle School: The Worst Years of My Life,Comedy,2016.0,3.29,12,100,2.5649493574615367,0,English,False,,,,,,1
M4986098,4986098,The Titan,Drama,2018.0,2.43,37,109,3.6375861597263857,0,English,False,,,,,,1
M4986134,4986134,Rebel in the Rye,Biography,2017.0,3.69,27,117,3.332204510175204,0,English,False,,,,,,1
M4991512,4991512,Tramps,Comedy,2016.0,3.21,17,100,2.8903717578961645,0,English,False,,,,,,1
M4995776,4995776,Operation Brothers,Drama,2019.0,3.35,41,109,3.7376696182833684,0,English,False,,,,,,1
M4995790,4995790,The Square,Comedy,2017.0,3.57,121,151,4.804021044733257,0,Other,False,Ruben Östlund,Sweden,,9493791.0,58000.0,1
M5001718,5001718,"Everything, Everything",Drama,2017.0,3.28,100,96,4.61512051684126,0,Other,False,Stella Meghie,United States,10000000.0,61621140.0,35000.0,1
M5001754,5001754,Braven,Action,2018.0,3.05,52,107,3.970291913552122,0,English,False,,,,,,1
M5013056,5013056,Dunkirk,Action,2017.0,3.98,1594,106,7.374629015218945,0,Other,False,Christopher Nolan,United Kingdom,100000000.0,527016307.0,582000.0,1
M5016946,5016946,Handsome Devil,Comedy,2016.0,3.57,15,100,2.772588722239781,0,English,False,,,,,,1
M5022702,5022702,Hush,Horror,2016.0,3.36,339,96,5.8289456176102075,0,Other,False,Jonathan Darby,United States,21000000.0,13583690.0,11000.0,1
M5027774,5027774,"Three Billboards Outside Ebbing, Missouri",Crime,2017.0,4.11,1104,115,7.007600613951853,0,Other,False,Martin McDonagh,United Kingdom,15000000.0,160192267.0,456000.0,1
M5028340,5028340,Mary Poppins Returns,Comedy,2018.0,3.62,132,130,4.890349128221754,0,Other,False,Rob Marshall,United States,130000000.0,349546142.0,80000.0,1
M5029608,5029608,Frantz,Drama,2016.0,3.69,31,109,3.4657359027997265,0,English,False,,,,,,1
M5033790,5033790,Banking on Bitcoin,Documentary,2016.0,3.41,11,102,2.4849066497880004,0,English,False,,,,,,1
M5033998,5033998,Charlie's Angels,Action,2019.0,2.55,110,98,4.709530201312334,0,Other,False,McG,United States,93000000.0,264105545.0,179000.0,1
M5034266,5034266,Our Souls at Night,Drama,2017.0,3.5,14,109,2.70805020110221,0,English,False,,,,,,1
M5034474,5034474,The Assignment,Action,2016.0,1.96,13,115,2.6390573296152584,0,Other,False,Christian Duguay,Canada,,332597.0,9000.0,1
M5034838,5034838,Godzilla vs. Kong,Action,2021.0,3.23,186,107,5.231108616854587,0,English,False,,,,,,1
M5039994,5039994,Dismissed,Drama,2017.0,2.82,11,109,2.4849066497880004,0,English,False,,,,,,1
M5052448,5052448,Get Out,Horror,2017.0,3.79,1172,104,7.067319848653476,0,Other,False,Jordan Peele,United States,4500000.0,255589157.0,517000.0,1
M5052474,5052474,Sicario: Day of the Soldado,Action,2018.0,3.58,251,122,5.529429087511423,0,Other,False,Stefano Sollima,United States,35000000.0,75837743.0,132000.0,1
M5057140,5057140,Hold the Dark,Adventure,2018.0,2.66,64,105,4.174387269895637,0,English,False,,,,,,1
M5059406,5059406,I Am the Pretty Thing That Lives in the House,Horror,2016.0,2.59,22,96,3.1354942159291497,0,English,False,,,,,,1
M5065790,5065790,Nadide Hayat,Comedy,2015.0,3.11,14,100,2.70805020110221,0,English,False,,,,,,1
M5065822,5065822,Ronaldo,Documentary,2015.0,3.62,73,102,4.30406509320417,0,English,False,,,,,,1
M5066556,5066556,Daeho,Action,2015.0,3.72,18,107,2.9444389791664403,0,English,False,,,,,,1
M5073620,5073620,Below Her Mouth,Drama,2016.0,3.04,12,109,2.5649493574615367,0,English,False,,,,,,1
M5073642,5073642,Color Out of Space,Horror,2019.0,3.53,36,96,3.6109179126442243,0,English,False,,,,,,1
M5074352,5074352,Dangal,Action,2016.0,4.44,299,161,5.703782474656201,0,Other,False,Nitesh Tiwari,India,,303723636.0,167000.0,1
M5076214,5076214,Delibal,Drama,2015.0,3.88,28,109,3.367295829986474,0,English,False,,,,,,1
M5078204,5078204,Demain tout commence,Comedy,2016.0,3.74,38,100,3.6635616461296463,0,English,False,,,,,,1
M5083702,5083702,The Fear of 13,Documentary,2015.0,4.17,15,102,2.772588722239781,0,English,False,,,,,,1
M5083738,5083738,The Favourite,Biography,2018.0,3.7,364,119,5.8998973535824915,0,Other,False,Yorgos Lanthimos,Ireland,15000000.0,95918706.0,181000.0,1
M5084170,5084170,Mugen no jûnin,Action,2017.0,3.32,22,107,3.1354942159291497,0,English,False,,,,,,1
M5085924,5085924,Wildling,Drama,2018.0,2.55,20,109,3.044522437723423,0,English,False,,,,,,1
M5089786,5089786,100 metros,Biography,2016.0,4.09,11,117,2.4849066497880004,0,English,False,,,,,,1
M5091612,5091612,Un sac de billes,Drama,2017.0,3.62,16,109,2.833213344056216,0,English,False,,,,,,1
M5092380,5092380,Dans la brume,Sci-Fi,2018.0,3.2,10,105,2.3978952727983707,0,English,False,,,,,,1
M5093026,5093026,Papillon,Adventure,2017.0,3.83,318,133,5.765191102784844,0,Other,False,Michael Noer,United States,,10060903.0,63000.0,1
M5095030,5095030,Ant-Man and the Wasp,Action,2018.0,3.67,677,118,6.519147287940395,0,Other,False,Peyton Reed,United States,162000000.0,622674139.0,333000.0,1
M5096470,5096470,Love. Wedding. Repeat,Comedy,2020.0,2.88,24,100,3.2188758248682006,0,English,False,,,,,,1
M5097410,5097410,Noelle,Comedy,2019.0,3.25,12,100,2.5649493574615367,0,English,False,,,,,,1
M5104604,5104604,Isle of Dogs,Animation,2018.0,3.96,210,101,5.351858133476067,0,Other,False,Wes Anderson,Germany,,64337744.0,147000.0,1
M5108476,5108476,Befikre,Comedy,2016.0,2.23,15,100,2.772588722239781,0,English,False,,,,,,1
M5109280,5109280,Raya and the Last Dragon,Animation,2021.0,3.96,107,91,4.68213122712422,0,English,False,,,,,,1
M5109784,5109784,Mother!,Drama,2017.0,3.49,574,121,6.354370040797351,0,Other,False,Darren Aronofsky,United States,30000000.0,44516999.0,200000.0,1
M5111874,5111874,My Scientology Movie,Documentary,2015.0,3.6,30,102,3.4339872044851463,0,English,False,,,,,,1
M5112578,5112578,Super Dark Times,Drama,2017.0,3.38,46,103,3.8501476017100584,0,Other,False,Kevin Phillips,United States,,33109.0,21000.0,1
M5113040,5113040,The Secret Life of Pets 2,Animation,2019.0,3.49,74,86,4.31748811353631,0,Other,False,Chris Renaud,United States,80000000.0,430051293.0,55000.0,1
M5116302,5116302,Togo,Drama,2019.0,3.97,75,109,4.330733340286331,0,English,False,,,,,,1
M5117428,5117428,Wild Rose,Drama,2018.0,3.86,14,101,2.70805020110221,0,Other,False,Tom Harper,United Kingdom,,7123449.0,12000.0,1
M5117670,5117670,Peter Rabbit,Animation,2018.0,3.48,75,95,4.330733340286331,0,Other,False,Will Gluck,United States,50000000.0,351496066.0,38000.0,1
M5119116,5119116,Pyewacket,Drama,2017.0,3.09,16,109,2.833213344056216,0,English,False,,,,,,1
M5121816,5121816,El bar,Comedy,2017.0,3.33,98,100,4.59511985013459,0,English,False,,,,,,1
M5126922,5126922,The Pirates of Somalia,Biography,2017.0,3.36,22,117,3.1354942159291497,0,English,False,,,,,,1
M5129682,5129682,King Cobra,Comedy,2016.0,2.83,18,100,2.9444389791664403,0,English,False,,,,,,1
M5133308,5133308,Al final del túnel,Crime,2016.0,3.72,82,109,4.418840607796598,0,English,False,,,,,,1
M5140878,5140878,Annabelle: Creation,Horror,2017.0,3.33,318,109,5.765191102784844,0,Other,False,David F. Sandberg,United States,15000000.0,306515884.0,120000.0,1
M5143226,5143226,12 Feet Deep,Horror,2017.0,2.98,98,96,4.59511985013459,0,English,False,,,,,,1
M5144174,5144174,The Dry,Crime,2020.0,3.26,19,109,2.995732273553991,0,English,False,,,,,,1
M5147214,5147214,Headshot,Action,2016.0,3.3,22,107,3.1354942159291497,0,English,False,,,,,,1
M5153236,5153236,Hampstead,Comedy,2017.0,2.45,10,102,2.3978952727983707,0,Other,False,Joel Hopkins,United Kingdom,,6335171.0,5400.0,1
M5154288,5154288,Prevenge,Comedy,2016.0,3.15,17,100,2.8903717578961645,0,English,False,,,,,,1
M5155780,5155780,The Discovery,Drama,2017.0,3.44,55,109,4.02535169073515,0,English,False,,,,,,1
M5159414,5159414,Escape Room,Horror,2017.0,2.0,19,99,2.995732273553991,0,Other,False,Adam Robitel,United States,9000000.0,155712077.0,97000.0,1
M5160938,5160938,Lizzie,Biography,2018.0,3.03,15,117,2.772588722239781,0,English,False,,,,,,1
M5164184,5164184,In Darkness,Thriller,2018.0,2.89,33,102,3.5263605246161616,0,English,False,,,,,,1
M5164214,5164214,Ocean's Eight,Action,2018.0,3.41,503,110,6.222576268071369,0,Other,False,Gary Ross,United States,70000000.0,297718711.0,197000.0,1
M5164432,5164432,"Love, Simon",Comedy,2018.0,3.89,170,110,5.14166355650266,0,Other,False,Greg Berlanti,United States,17000000.0,66316289.0,104000.0,1
M5165344,5165344,Rustom,Crime,2016.0,3.68,19,109,2.995732273553991,0,English,False,,,,,,1
M5168192,5168192,"I, Daniel Blake",Drama,2016.0,3.98,176,100,5.176149732573829,0,Other,False,Ken Loach,United Kingdom,,15793051.0,56000.0,1
M5173032,5173032,Buster's Mal Heart,Drama,2017.0,3.29,26,96,3.295836866004329,0,Other,False,Sarah Adina Smith,United States,,73121.0,9400.0,1
M5175450,5175450,Mark Felt: The Man Who Brought Down the White House,Biography,2017.0,3.28,25,103,3.258096538021482,0,Other,False,Peter Landesman,United States,,4372130.0,12000.0,1
M5177088,5177088,The Girl in the Spider's Web,Action,2018.0,3.17,73,115,4.30406509320417,0,Other,False,Fede Alvarez,Germany,43000000.0,35164920.0,44000.0,1
M5179598,5179598,Billionaire Boys Club,Biography,2018.0,3.0,26,117,3.295836866004329,0,English,False,,,,,,1
M5186714,5186714,Forushande,Drama,2016.0,4.1,223,109,5.4116460518550396,0,English,False,,,,,,1
M5189894,5189894,68 Kill,Comedy,2017.0,3.05,11,100,2.4849066497880004,0,English,False,,,,,,1
M5193784,5193784,Brotherhood,Crime,2016.0,3.2,15,109,2.772588722239781,0,English,False,,,,,,1
M5195412,5195412,Wakefield,Comedy,2016.0,3.19,47,100,3.871201010907891,0,English,False,,,,,,1
M5197544,5197544,Baar Baar Dekho,Comedy,2016.0,3.3,10,100,2.3978952727983707,0,English,False,,,,,,1
M5198068,5198068,WolfWalkers,Animation,2020.0,3.82,14,91,2.70805020110221,0,English,False,,,,,,1
M5206260,5206260,The Willoughbys,Animation,2020.0,3.38,13,91,2.6390573296152584,0,English,False,,,,,,1
M5208216,5208216,Wonderstruck,Drama,2017.0,3.06,17,116,2.8903717578961645,0,Other,False,Todd Haynes,United States,,3285916.0,9800.0,1
M5208252,5208252,Operation Finale,Biography,2018.0,3.32,70,122,4.2626798770413155,0,Other,False,Chris Weitz,United States,24000000.0,17612099.0,36000.0,1
M5213534,5213534,Supersonic,Documentary,2016.0,4.07,48,102,3.8918202981106265,0,English,False,,,,,,1
M5215952,5215952,Gokseong,Horror,2016.0,3.72,90,96,4.51085950651685,0,English,False,,,,,,1
M5220122,5220122,Hotel Transylvania 3: Summer Vacation,Animation,2018.0,3.35,90,97,4.51085950651685,0,Other,False,Genndy Tartakovsky,United States,80000000.0,528583774.0,62000.0,1
M5221584,5221584,Aquarius,Drama,2016.0,3.91,32,109,3.4965075614664802,0,English,False,,,,,,1
M5222918,5222918,Toivon tuolla puolen,Comedy,2017.0,3.69,37,100,3.6375861597263857,0,English,False,,,,,,1
M5225338,5225338,The Eyes of My Mother,Drama,2016.0,3.22,18,109,2.9444389791664403,0,English,False,,,,,,1
M5229228,5229228,Iftarlik Gazoz,Comedy,2016.0,3.92,38,100,3.6635616461296463,0,English,False,,,,,,1
M5240732,5240732,Hepta: The Last Lecture,Drama,2016.0,4.16,28,109,3.367295829986474,0,English,False,,,,,,1
M5246700,5246700,How It Ends,Action,2018.0,2.48,97,107,4.584967478670572,0,English,False,,,,,,1
M5247022,5247022,Paterson,Comedy,2016.0,3.76,216,118,5.37989735354046,0,Other,False,Jim Jarmusch,France,5000000.0,9588282.0,74000.0,1
M5251328,5251328,One Piece Film: Gold,Animation,2016.0,3.85,20,91,3.044522437723423,0,English,False,,,,,,1
M5253282,5253282,The Bachelors,Comedy,2017.0,3.58,12,100,2.5649493574615367,0,English,False,,,,,,1
M5254610,5254610,Final Score,Action,2018.0,2.76,21,107,3.091042453358316,0,English,False,,,,,,1
M5255710,5255710,Sanam Teri Kasam,Drama,2016.0,3.96,12,154,2.5649493574615367,0,Other,False,Radhika Rao,India,,1386707.0,11000.0,1
M5258850,5258850,Au revoir là-haut,Comedy,2017.0,3.8,10,100,2.3978952727983707,0,English,False,,,,,,1
M5265960,5265960,La región salvaje,Drama,2016.0,3.04,13,109,2.6390573296152584,0,English,False,,,,,,1
M5270948,5270948,Chappaquiddick,Drama,2017.0,3.31,16,109,2.833213344056216,0,English,False,,,,,,1
M5275828,5275828,Lo and Behold: Reveries of the Connected World,Documentary,2016.0,3.68,17,102,2.8903717578961645,0,English,False,,,,,,1
M5275892,5275892,O.J.: Made in America,Documentary,2016.0,4.44,24,102,3.2188758248682006,0,English,False,,,,,,1
M5278460,5278460,Audrie &amp; Daisy,Documentary,2016.0,3.62,16,102,2.833213344056216,0,English,False,,,,,,1
M5278506,5278506,Tickled,Documentary,2016.0,3.74,27,102,3.332204510175204,0,English,False,,,,,,1
M5278596,5278596,Weiner,Documentary,2016.0,3.88,24,102,3.2188758248682006,0,English,False,,,,,,1
M5280626,5280626,Den unge Zlatan,Documentary,2015.0,3.87,15,102,2.772588722239781,0,English,False,,,,,,1
M5282006,5282006,Duelyant,Action,2016.0,3.1,10,107,2.3978952727983707,0,English,False,,,,,,1
M5286444,5286444,Neerja,Biography,2016.0,3.96,69,117,4.248495242049359,0,English,False,,,,,,1
M5290524,5290524,Quo vado?,Comedy,2016.0,3.33,12,100,2.5649493574615367,0,English,False,,,,,,1
M5294198,5294198,Catfight,Comedy,2016.0,3.26,19,100,2.995732273553991,0,English,False,,,,,,1
M5294518,5294518,Eli,Horror,2019.0,2.63,39,96,3.6888794541139363,0,English,False,,,,,,1
M5294550,5294550,All the Money in the World,Biography,2017.0,3.51,219,132,5.393627546352362,0,Other,False,Ridley Scott,United States,50000000.0,56996304.0,79000.0,1
M5294966,5294966,Umi yori mo mada fukaku,Comedy,2016.0,3.82,36,100,3.6109179126442243,0,English,False,,,,,,1
M5301662,5301662,Marshall,Biography,2017.0,3.66,43,118,3.784189633918261,0,Other,False,Reginald Hudlin,United States,12000000.0,10116816.0,22000.0,1
M5304464,5304464,Happy End,Drama,2017.0,3.28,38,109,3.6635616461296463,0,English,False,,,,,,1
M5304992,5304992,Set It Up,Comedy,2018.0,3.44,100,100,4.61512051684126,0,English,False,,,,,,1
M5308322,5308322,Happy Death Day,Horror,2017.0,3.24,220,96,5.3981627015177525,0,Other,False,Christopher Landon,United States,4800000.0,125479266.0,124000.0,1
M5309954,5309954,Sadako vs. Kayako,Horror,2016.0,3.29,12,96,2.5649493574615367,0,English,False,,,,,,1
M5311514,5311514,Kimi no na wa.,Animation,2016.0,4.42,452,91,6.115892125483034,0,English,False,,,,,,1
M5311542,5311542,Werk ohne Autor,Drama,2018.0,4.03,20,109,3.044522437723423,0,English,False,,,,,,1
M5316540,5316540,Close,Action,2019.0,2.96,25,107,3.258096538021482,0,English,False,,,,,,1
M5322012,5322012,Wish Upon,Drama,2017.0,2.77,37,90,3.6375861597263857,0,Other,False,John R. Leonetti,United States,12000000.0,23468586.0,19000.0,1
M5323662,5323662,Koe no katachi,Animation,2016.0,4.28,169,91,5.135798437050262,0,English,False,,,,,,1
M5325452,5325452,Boo! A Madea Halloween,Comedy,2016.0,2.76,19,100,2.995732273553991,0,English,False,,,,,,1
M5329376,5329376,Beware the Slenderman,Documentary,2016.0,3.42,12,102,2.5649493574615367,0,English,False,,,,,,1
M5338222,5338222,"Boku wa asu, kinou no kimi to dêto suru",Drama,2016.0,4.11,14,109,2.70805020110221,0,English,False,,,,,,1
M5340300,5340300,Lean on Pete,Adventure,2017.0,3.76,31,121,3.4657359027997265,0,Other,False,Andrew Haigh,United Kingdom,,2443584.0,12000.0,1
M5351458,5351458,The Hatton Garden Job,Action,2017.0,2.75,16,107,2.833213344056216,0,English,False,,,,,,1
M5352846,5352846,Drone,Thriller,2017.0,2.77,11,102,2.4849066497880004,0,English,False,,,,,,1
M5360952,5360952,The Hurricane Heist,Action,2018.0,2.31,35,107,3.58351893845611,0,English,False,,,,,,1
M5360996,5360996,Mary Magdalene,Drama,2018.0,3.12,21,120,3.091042453358316,0,Other,False,Garth Davis,United Kingdom,,11710110.0,9300.0,1
M5362988,5362988,Wind River,Crime,2017.0,3.93,715,107,6.573680166960646,0,Other,False,Taylor Sheridan,United Kingdom,11000000.0,43980821.0,217000.0,1
M5363618,5363618,Sound of Metal,Drama,2019.0,3.9,154,109,5.043425116919247,0,English,False,,,,,,1
M5390504,5390504,Detroit,Crime,2017.0,3.72,168,143,5.1298987149230735,0,Other,False,Kathryn Bigelow,United States,34000000.0,23355100.0,50000.0,1
M5397194,5397194,Anon,Sci-Fi,2018.0,2.88,52,105,3.970291913552122,0,English,False,,,,,,1
M5427032,5427032,Osman Pazarlama,Comedy,2016.0,1.96,12,100,2.5649493574615367,0,English,False,,,,,,1
M5431890,5431890,Official Secrets,Biography,2019.0,3.67,60,112,4.110873864173311,0,Other,False,Gavin Hood,United Kingdom,,10088753.0,38000.0,1
M5433114,5433114,Diego Maradona,Documentary,2019.0,4.19,26,102,3.295836866004329,0,English,False,,,,,,1
M5433138,5433138,F9,Action,2021.0,2.31,107,107,4.68213122712422,0,English,False,,,,,,1
M5435084,5435084,Barakah yoqabil Barakah,Comedy,2016.0,3.1,25,100,3.258096538021482,0,English,False,,,,,,1
M5437928,5437928,Colette,Biography,2018.0,3.54,27,111,3.332204510175204,0,Other,False,Wash Westmoreland,United Kingdom,,14273033.0,21000.0,1
M5439796,5439796,Logan Lucky,Comedy,2017.0,3.48,336,118,5.820082930352362,0,Other,False,Steven Soderbergh,United States,29000000.0,48453605.0,137000.0,1
M5442308,5442308,Geomsawejeon,Crime,2016.0,3.3,10,109,2.3978952727983707,0,English,False,,,,,,1
M5442430,5442430,Life,Horror,2017.0,3.42,642,108,6.466144724237619,0,Other,False,Ted Demme,United States,80000000.0,73475268.0,47000.0,1
M5442456,5442456,24 Hours to Live,Action,2017.0,2.58,36,107,3.6109179126442243,0,English,False,,,,,,1
M5446858,5446858,Zero Days,Documentary,2016.0,4.0,16,102,2.833213344056216,0,English,False,,,,,,1
M5460276,5460276,Kaabil,Action,2017.0,3.75,34,107,3.5553480614894135,0,English,False,,,,,,1
M5460530,5460530,Vengeance: A Love Story,Action,2017.0,2.47,15,107,2.772588722239781,0,English,False,,,,,,1
M5460658,5460658,Abad va yek rooz,Drama,2016.0,4.21,17,109,2.8903717578961645,0,English,False,,,,,,1
M5460880,5460880,Ideal Home,Comedy,2018.0,3.43,14,100,2.70805020110221,0,English,False,,,,,,1
M5461944,5461944,Hotel Mumbai,Drama,2018.0,3.98,191,123,5.2574953720277815,0,Other,False,Anthony Maras,Australia,,21315827.0,57000.0,1
M5462326,5462326,Mom and Dad,Comedy,2017.0,2.61,31,100,3.4657359027997265,0,English,False,,,,,,1
M5462602,5462602,The Big Sick,Comedy,2017.0,3.69,356,120,5.877735781779639,0,Other,False,Michael Showalter,United States,5000000.0,56411585.0,126000.0,1
M5463162,5463162,Deadpool 2,Action,2018.0,3.99,932,119,6.838405200847344,0,Other,False,David Leitch,Canada,110000000.0,786470484.0,505000.0,1
M5466186,5466186,Entebbe,Action,2018.0,2.8,27,107,3.332204510175204,0,English,False,,,,,,1
M5477566,5477566,Barry,Biography,2016.0,3.18,11,117,2.4849066497880004,0,English,False,,,,,,1
M5478478,5478478,Hostiles,Adventure,2017.0,3.64,158,134,5.0689042022202315,0,Other,False,Scott Cooper,United States,39000000.0,35669017.0,76000.0,1
M5494396,5494396,Tickling Giants,Documentary,2016.0,4.25,14,102,2.70805020110221,0,English,False,,,,,,1
M5501104,5501104,Gräns,Drama,2018.0,3.66,35,109,3.58351893845611,0,English,False,,,,,,1
M5503686,5503686,Hustlers,Comedy,2019.0,3.27,110,110,4.709530201312334,0,Other,False,Lorene Scafaria,United States,20000000.0,157563598.0,89000.0,1
M5503688,5503688,6 Below: Miracle on the Mountain,Adventure,2017.0,3.14,14,105,2.70805020110221,0,English,False,,,,,,1
M5516328,5516328,Ghost Stories,Drama,2017.0,3.24,55,98,4.02535169073515,0,Other,False,Jeremy Dyson,United Kingdom,,4131358.0,32000.0,1
M5517438,5517438,7 años,Drama,2016.0,3.64,22,109,3.1354942159291497,0,English,False,,,,,,1
M5519340,5519340,Bright,Action,2017.0,3.26,389,107,5.966146739123692,0,English,False,,,,,,1
M5523010,5523010,The Nutcracker and the Four Realms,Adventure,2018.0,2.88,39,99,3.6888794541139363,0,Other,False,Lasse Hallström,United States,120000000.0,173961069.0,30000.0,1
M5536610,5536610,Private Life,Comedy,2018.0,3.61,35,100,3.58351893845611,0,English,False,,,,,,1
M5537228,5537228,Everybody Loves Somebody,Comedy,2017.0,3.31,13,100,2.6390573296152584,0,English,False,,,,,,1
M5538078,5538078,Extremis,Documentary,2016.0,3.75,12,102,2.5649493574615367,0,English,False,,,,,,1
M5538800,5538800,¿Qué Culpa Tiene el Niño?,Comedy,2016.0,3.11,18,100,2.9444389791664403,0,English,False,,,,,,1
M5539052,5539052,The Polka King,Biography,2017.0,3.36,14,117,2.70805020110221,0,English,False,,,,,,1
M5539054,5539054,You Get Me,Crime,2017.0,2.58,18,109,2.9444389791664403,0,English,False,,,,,,1
M5540188,5540188,The Nile Hilton Incident,Crime,2017.0,3.21,14,109,2.70805020110221,0,English,False,,,,,,1
M5541240,5541240,To the Bone,Drama,2017.0,3.58,191,109,5.2574953720277815,0,English,False,,,,,,1
M5541848,5541848,What the Health,Documentary,2017.0,4.19,44,102,3.8066624897703196,0,English,False,,,,,,1
M5555502,5555502,Bienvenue à Marly-Gomont,Biography,2016.0,3.76,25,117,3.258096538021482,0,English,False,,,,,,1
M5563324,5563324,Intrusion,Drama,2021.0,2.56,18,109,2.9444389791664403,0,English,False,,,,,,1
M5563330,5563330,Whitney: Can I Be Me,Documentary,2017.0,3.27,11,102,2.4849066497880004,0,English,False,,,,,,1
M5563334,5563334,The Good Liar,Drama,2019.0,3.39,75,109,4.330733340286331,0,English,False,,,,,,1
M5566790,5566790,A Futile and Stupid Gesture,Biography,2018.0,3.38,17,117,2.8903717578961645,0,English,False,,,,,,1
M5571734,5571734,Pink,Drama,2016.0,4.15,36,136,3.6109179126442243,0,Other,False,Aniruddha Roy Chowdhury,India,,180180.0,41000.0,1
M5577742,5577742,Clinical,Horror,2017.0,2.58,12,96,2.5649493574615367,0,English,False,,,,,,1
M5580036,5580036,"I, Tonya",Biography,2017.0,3.79,511,119,6.238324625039508,0,Other,False,Craig Gillespie,United States,11000000.0,53939297.0,193000.0,1
M5580266,5580266,The Hate U Give,Crime,2018.0,4.06,56,133,4.04305126783455,0,Other,False,George Tillman Jr.,United States,23000000.0,34934009.0,33000.0,1
M5580390,5580390,The Shape of Water,Adventure,2017.0,3.68,856,123,6.75343791859778,0,Other,False,Guillermo del Toro,United States,19400000.0,195333312.0,386000.0,1
M5580392,5580392,Amateur,Drama,2018.0,2.64,11,109,2.4849066497880004,0,English,False,,,,,,1
M5591666,5591666,The Domestics,Horror,2018.0,3.5,13,96,2.6390573296152584,0,English,False,,,,,,1
M5592248,5592248,The Beguiled,Drama,2017.0,3.09,152,93,5.030437921392435,0,Other,False,Sofia Coppola,United States,10500000.0,27869129.0,54000.0,1
M5595168,5595168,Kingsglaive: Final Fantasy XV,Animation,2016.0,3.61,76,110,4.343805421853684,0,Other,False,Takeshi Nozue,Japan,,5725482.0,21000.0,1
M5598102,5598102,Visages villages,Documentary,2017.0,4.0,17,102,2.8903717578961645,0,English,False,,,,,,1
M5598216,5598216,Team Foxcatcher,Documentary,2016.0,3.77,13,102,2.6390573296152584,0,English,False,,,,,,1
M5598292,5598292,Polaroid,Drama,2019.0,2.6,10,109,2.3978952727983707,0,English,False,,,,,,1
M5599692,5599692,Eshtebak,Drama,2016.0,3.94,34,109,3.5553480614894135,0,English,False,,,,,,1
M5606664,5606664,Doctor Sleep,Horror,2019.0,3.66,275,96,5.62040086571715,0,English,False,,,,,,1
M5607096,5607096,"Juliet, Naked",Comedy,2018.0,3.39,28,97,3.367295829986474,0,Other,False,Jesse Peretz,United States,,4511157.0,21000.0,1
M5607714,5607714,Teströl és lélekröl,Drama,2017.0,3.84,77,109,4.356708826689592,0,English,False,,,,,,1
M5610554,5610554,Tully,Comedy,2018.0,3.54,173,95,5.159055299214529,0,Other,False,Jason Reitman,United States,13000000.0,15636462.0,55000.0,1
M5613056,5613056,Piper,Animation,2016.0,4.23,30,91,3.4339872044851463,0,English,False,,,,,,1
M5613484,5613484,Mid90s,Comedy,2018.0,3.73,91,85,4.5217885770490405,0,Other,False,Jonah Hill,United States,10000000.0,9303022.0,54000.0,1
M5614612,5614612,Nieve negra,Crime,2017.0,3.23,11,109,2.4849066497880004,0,English,False,,,,,,1
M5616294,5616294,Spinning Man,Drama,2018.0,2.88,26,109,3.295836866004329,0,English,False,,,,,,1
M5619332,5619332,Life of the Party,Comedy,2018.0,2.7,49,105,3.912023005428146,0,Other,False,Ben Falcone,United States,30000000.0,65859911.0,35000.0,1
M5622412,5622412,Black Water,Action,2018.0,2.27,15,107,2.772588722239781,0,English,False,,,,,,1
M5628302,5628302,Beast,Crime,2017.0,3.74,21,107,3.091042453358316,0,Other,False,Michael Pearce,United Kingdom,,1744071.0,11000.0,1
M5635086,5635086,God's Own Country,Drama,2017.0,3.88,51,104,3.9512437185814275,0,Other,False,Francis Lee,United Kingdom,,2559939.0,27000.0,1
M5638642,5638642,The Ritual,Horror,2017.0,2.96,139,96,4.941642422609304,0,English,False,,,,,,1
M5639354,5639354,Una Mujer Fantástica,Drama,2017.0,3.48,63,109,4.1588830833596715,0,English,False,,,,,,1
M5640450,5640450,ARQ,Sci-Fi,2016.0,3.33,75,105,4.330733340286331,0,English,False,,,,,,1
M5649108,5649108,Thoroughbreds,Comedy,2017.0,3.39,66,92,4.204692619390966,0,Other,False,Cory Finley,United States,6000000.0,3187255.0,38000.0,1
M5649144,5649144,The Florida Project,Drama,2017.0,3.73,317,111,5.762051382780177,0,Other,False,Sean Baker,United States,2000000.0,10971298.0,101000.0,1
M5651050,5651050,Bright Lights: Starring Carrie Fisher and Debbie Reynolds,Documentary,2016.0,4.18,14,102,2.70805020110221,0,English,False,,,,,,1
M5653294,5653294,Ekipazh,Action,2016.0,3.31,13,107,2.6390573296152584,0,English,False,,,,,,1
M5653514,5653514,Bad Day for the Cut,Crime,2017.0,3.45,10,109,2.3978952727983707,0,English,False,,,,,,1
M5655222,5655222,The Hero,Comedy,2017.0,3.48,21,96,3.091042453358316,0,Other,False,Brett Haley,United States,1200000.0,4101699.0,8600.0,1
M5657846,5657846,Daddy's Home 2,Comedy,2017.0,3.09,140,100,4.948759890378168,0,Other,False,Sean Anders,United States,69000000.0,180613824.0,65000.0,1
M5657856,5657856,Brawl in Cell Block 99,Action,2017.0,3.32,163,107,5.099866427824199,0,English,False,,,,,,1
M5662932,5662932,Raman Raghav 2.0,Crime,2016.0,3.32,11,109,2.4849066497880004,0,English,False,,,,,,1
M5664636,5664636,Goosebumps 2: Haunted Halloween,Adventure,2018.0,2.75,18,90,2.9444389791664403,0,Other,False,Ari Sandel,United States,35000000.0,93320380.0,19000.0,1
M5666304,5666304,The Little Hours,Comedy,2017.0,3.0,20,90,3.044522437723423,0,Other,False,Jeff Baena,United States,,1647175.0,21000.0,1
M5670152,5670152,Traffik,Action,2018.0,2.88,24,107,3.2188758248682006,0,English,False,,,,,,1
M5688932,5688932,Sorry to Bother You,Comedy,2018.0,3.38,89,112,4.499809670330265,0,Other,False,Boots Riley,United States,3200000.0,18170707.0,69000.0,1
M5688996,5688996,Alex Strangelove,Comedy,2018.0,3.31,24,100,3.2188758248682006,0,English,False,,,,,,1
M5689068,5689068,Killing Gunther,Action,2017.0,2.68,20,107,3.044522437723423,0,English,False,,,,,,1
M5690142,5690142,Mom,Crime,2017.0,3.81,24,109,3.2188758248682006,0,English,False,,,,,,1
M5690360,5690360,Slender Man,Horror,2018.0,1.66,45,93,3.828641396489095,0,Other,False,Sylvain White,United States,10000000.0,51738549.0,30000.0,1
M5691670,5691670,Under the Silver Lake,Comedy,2018.0,3.19,24,139,3.2188758248682006,0,Other,False,David Robert Mitchell,United States,8500000.0,2053469.0,36000.0,1
M5697572,5697572,Cats,Comedy,2019.0,2.18,19,100,2.995732273553991,0,English,False,,,,,,1
M5700672,5700672,Busanhaeng,Action,2016.0,3.91,480,107,6.175867270105761,0,English,False,,,,,,1
M5707304,5707304,Madre,Drama,2016.0,2.91,11,109,2.4849066497880004,0,English,False,,,,,,1
M5709188,5709188,A-X-L,Action,2018.0,2.73,13,107,2.6390573296152584,0,English,False,,,,,,1
M5710514,5710514,I Don't Feel at Home in This World Anymore.,Comedy,2017.0,3.46,80,100,4.394449154672439,0,English,False,,,,,,1
M5711148,5711148,Film Stars Don't Die in Liverpool,Biography,2017.0,3.58,25,117,3.258096538021482,0,English,False,,,,,,1
M5713232,5713232,Madaari,Adventure,2016.0,4.12,13,105,2.6390573296152584,0,English,False,,,,,,1
M5715874,5715874,The Killing of a Sacred Deer,Drama,2017.0,3.61,310,121,5.739792912179234,0,Other,False,Yorgos Lanthimos,Ireland,,7027336.0,132000.0,1
M5716464,5716464,Breathe,Biography,2017.0,3.68,91,118,4.5217885770490405,0,Other,False,Andy Serkis,United Kingdom,,5026154.0,20000.0,1
M5717492,5717492,Small Crimes,Crime,2017.0,2.8,20,109,3.044522437723423,0,English,False,,,,,,1
M5719700,5719700,Home Again,Comedy,2017.0,2.74,39,97,3.6888794541139363,0,Other,False,Hallie Meyers-Shyer,United States,12000000.0,37270721.0,30000.0,1
M5719748,5719748,Cold Pursuit,Action,2019.0,2.97,128,119,4.859812404361672,0,Other,False,Hans Petter Moland,United Kingdom,60000000.0,76419755.0,61000.0,1
M5721088,5721088,Just Getting Started,Action,2017.0,1.84,16,107,2.833213344056216,0,English,False,,,,,,1
M5723272,5723272,Aus dem Nichts,Crime,2017.0,3.78,88,109,4.48863636973214,0,English,False,,,,,,1
M5723286,5723286,Wheelman,Action,2017.0,3.23,56,107,4.04305126783455,0,English,False,,,,,,1
M5726086,5726086,Insidious: The Last Key,Horror,2018.0,2.88,101,103,4.624972813284271,0,Other,False,Adam Robitel,United States,10000000.0,167885588.0,55000.0,1
M5726616,5726616,Call Me by Your Name,Drama,2017.0,3.85,414,132,6.028278520230698,0,Other,False,Luca Guadagnino,Italy,,41888660.0,228000.0,1
M5727208,5727208,Uncut Gems,Comedy,2019.0,3.75,767,100,6.643789733147672,0,English,False,,,,,,1
M5727282,5727282,Borg McEnroe,Biography,2017.0,3.56,54,117,4.007333185232471,0,English,False,,,,,,1
M5728684,5728684,Sour Grapes,Documentary,2016.0,3.68,11,91,2.4849066497880004,0,Other,False,Larry David,United States,,123104.0,2700.0,1
M5729348,5729348,Salinjaui gieokbeob,Action,2017.0,3.65,23,107,3.1780538303479458,0,English,False,,,,,,1
M5734576,5734576,The Possession of Hannah Grace,Horror,2018.0,2.38,28,86,3.367295829986474,0,Other,False,Diederik Van Rooijen,United States,7700000.0,43016528.0,20000.0,1
M5740866,5740866,Whitney,Documentary,2018.0,3.85,13,102,2.6390573296152584,0,English,False,,,,,,1
M5742374,5742374,You Were Never Really Here,Crime,2017.0,3.28,278,89,5.631211781821365,0,Other,False,Lynne Ramsay,United Kingdom,,9360514.0,109000.0,1
M5743656,5743656,Phobia,Drama,2016.0,3.5,10,94,2.3978952727983707,0,Other,False,John Huston,Canada,5100000.0,59167.0,546.0,1
M5748448,5748448,Copshop,Action,2021.0,2.73,15,107,2.772588722239781,0,English,False,,,,,,1
M5751998,5751998,Small Town Crime,Crime,2017.0,3.17,15,109,2.772588722239781,0,English,False,,,,,,1
M5758778,5758778,Skyscraper,Action,2018.0,2.96,290,102,5.673323267171493,0,Other,False,Rawson Marshall Thurber,United States,125000000.0,304868961.0,111000.0,1
M5764096,5764096,Hindi Medium,Comedy,2017.0,3.76,17,100,2.8903717578961645,0,English,False,,,,,,1
M5774060,5774060,Underwater,Action,2020.0,2.82,141,107,4.955827057601261,0,English,False,,,,,,1
M5774450,5774450,Summer of 84,Drama,2018.0,3.36,55,105,4.02535169073515,0,Other,False,François Simard,Canada,,42027.0,36000.0,1
M5776208,5776208,Resident Evil: Vendetta,Animation,2017.0,3.32,33,91,3.5263605246161616,0,English,False,,,,,,1
M5776858,5776858,Phantom Thread,Drama,2017.0,3.75,367,130,5.908082938168931,0,Other,False,Paul Thomas Anderson,United States,35000000.0,47756590.0,118000.0,1
M5783956,5783956,When We First Met,Comedy,2018.0,3.33,99,100,4.605170185988092,0,English,False,,,,,,1
M5785170,5785170,Toilet - Ek Prem Katha,Comedy,2017.0,3.08,13,100,2.6390573296152584,0,English,False,,,,,,1
M5789976,5789976,King of Thieves,Crime,2018.0,2.67,30,109,3.4339872044851463,0,English,False,,,,,,1
M5791536,5791536,Chemi Bednieri Ojakhi,Drama,2017.0,3.53,29,109,3.4011973816621555,0,English,False,,,,,,1
M5797184,5797184,Escape from Pretoria,Thriller,2020.0,3.46,81,102,4.406719247264253,0,English,False,,,,,,1
M5804038,5804038,I Am Not Your Negro,Documentary,2016.0,4.06,32,102,3.4965075614664802,0,English,False,,,,,,1
M5805752,5805752,Brigsby Bear,Comedy,2017.0,3.84,25,100,3.258096538021482,0,English,False,,,,,,1
M5813366,5813366,Bleeding Steel,Action,2017.0,2.54,14,107,2.70805020110221,0,English,False,,,,,,1
M5813916,5813916,Dag II,Action,2016.0,4.57,22,107,3.1354942159291497,0,English,False,,,,,,1
M5814060,5814060,The Nun,Horror,2018.0,2.76,242,96,5.493061443340548,0,Other,False,Corin Hardy,United States,22000000.0,365551694.0,127000.0,1
M5814534,5814534,Spies in Disguise,Animation,2019.0,3.61,64,91,4.174387269895637,0,English,False,,,,,,1
M5814592,5814592,The Party,Comedy,2017.0,3.42,33,100,3.5263605246161616,0,English,False,,,,,,1
M5816682,5816682,Victoria &amp; Abdul,Biography,2017.0,3.57,101,117,4.624972813284271,0,English,False,,,,,,1
M5822564,5822564,The Kitchen,Action,2019.0,2.59,108,102,4.6913478822291435,0,Other,False,Andrea Berloff,United States,38000000.0,15980032.0,18000.0,1
M5825380,5825380,Wonder Wheel,Drama,2017.0,3.22,67,101,4.219507705176107,0,Other,False,Woody Allen,United States,25000000.0,15889124.0,27000.0,1
M5827916,5827916,A Hidden Life,Biography,2019.0,3.86,39,117,3.6888794541139363,0,English,False,,,,,,1
M5834262,5834262,Hotel Artemis,Action,2018.0,2.99,68,94,4.23410650459726,0,Other,False,Drew Pearce,United Kingdom,15000000.0,13313581.0,49000.0,1
M5834760,5834760,Look Away,Horror,2018.0,2.53,16,96,2.833213344056216,0,English,False,,,,,,1
M5843850,5843850,Kings,Crime,2017.0,2.05,10,109,2.3978952727983707,0,English,False,,,,,,1
M5843876,5843876,Chemical Hearts,Drama,2020.0,3.27,15,109,2.772588722239781,0,English,False,,,,,,1
M5848272,5848272,Ralph Breaks the Internet,Animation,2018.0,3.79,185,112,5.225746673713202,0,Other,False,Phil Johnston,United States,175000000.0,529323962.0,140000.0,1
M5859238,5859238,Lucky,Comedy,2017.0,3.95,42,88,3.7612001156935624,0,Other,False,John Carroll Lynch,United States,,2728446.0,21000.0,1
M5862166,5862166,The Poison Rose,Drama,2019.0,2.44,17,109,2.8903717578961645,0,English,False,,,,,,1
M5862312,5862312,Verónica,Horror,2017.0,3.09,90,96,4.51085950651685,0,English,False,,,,,,1
M5865326,5865326,The Laundromat,Drama,2019.0,3.22,67,109,4.219507705176107,0,English,False,,,,,,1
M5871080,5871080,The Whiskey Bandit,Action,2017.0,3.57,15,107,2.772588722239781,0,English,False,,,,,,1
M5882970,5882970,Tubelight,Drama,2017.0,3.11,18,109,2.9444389791664403,0,English,False,,,,,,1
M5884052,5884052,Pokémon: Detective Pikachu,Action,2019.0,3.31,252,107,5.53338948872752,0,English,False,,,,,,1
M5884230,5884230,Brad's Status,Comedy,2017.0,3.31,45,102,3.828641396489095,0,Other,False,Mike White,United States,,3816527.0,17000.0,1
M5884234,5884234,First Kill,Action,2017.0,2.71,21,107,3.091042453358316,0,English,False,,,,,,1
M5884784,5884784,The Super,Horror,2017.0,2.45,11,95,2.4849066497880004,0,Other,False,Rod Daniel,United States,22000000.0,11000863.0,5400.0,1
M5886046,5886046,Escape Room,Action,2019.0,3.31,216,99,5.37989735354046,0,Other,False,Adam Robitel,United States,9000000.0,155712077.0,97000.0,1
M5886440,5886440,Marrowbone,Drama,2017.0,3.34,41,110,3.7376696182833684,0,Other,False,Sergio G. Sánchez,Spain,,12294931.0,28000.0,1
M5893264,5893264,D'après une histoire vraie,Drama,2017.0,2.86,14,109,2.70805020110221,0,English,False,,,,,,1
M5893332,5893332,Sandy Wexler,Biography,2017.0,2.59,17,117,2.8903717578961645,0,English,False,,,,,,1
M5895028,5895028,13th,Documentary,2016.0,4.21,76,102,4.343805421853684,0,English,False,,,,,,1
M5897636,5897636,Estiu 1993,Drama,2017.0,3.55,21,109,3.091042453358316,0,English,False,,,,,,1
M5910280,5910280,Teo-neol,Action,2016.0,3.47,35,107,3.58351893845611,0,English,False,,,,,,1
M5912454,5912454,Blue Jay,Drama,2016.0,4.06,45,109,3.828641396489095,0,English,False,,,,,,1
M5913798,5913798,Wounds,Drama,2019.0,2.26,29,109,3.4011973816621555,0,English,False,,,,,,1
M5918982,5918982,Possessor,Thriller,2020.0,2.97,16,102,2.833213344056216,0,English,False,,,,,,1
M5923962,5923962,Gantz: O,Animation,2016.0,3.81,18,91,2.9444389791664403,0,English,False,,,,,,1
M5927352,5927352,Istanbul Kirmizisi,Drama,2017.0,3.05,11,109,2.4849066497880004,0,English,False,,,,,,1
M5927420,5927420,Daha,Drama,2017.0,3.6,10,109,2.3978952727983707,0,English,False,,,,,,1
M5929750,5929750,Beatriz at Dinner,Comedy,2017.0,3.2,25,82,3.258096538021482,0,Other,False,Miguel Arteta,United States,,7425391.0,9300.0,1
M5929754,5929754,Wildlife,Drama,2018.0,3.42,83,105,4.430816798843313,0,Other,False,Paul Dano,United States,,3321367.0,26000.0,1
M5929776,5929776,Before the Flood,Documentary,2016.0,4.29,60,102,4.110873864173311,0,English,False,,,,,,1
M5932728,5932728,The Professor and the Madman,Biography,2019.0,3.94,120,117,4.795790545596741,0,English,False,,,,,,1
M5935704,5935704,Padmaavat,Drama,2018.0,3.55,22,164,3.1354942159291497,0,Other,False,Sanjay Leela Bhansali,India,,60508780.0,29000.0,1
M5941692,5941692,Miss Bala,Action,2019.0,2.69,13,104,2.6390573296152584,0,Other,False,Catherine Hardwicke,Mexico,15000000.0,15383580.0,9900.0,1
M5946128,5946128,Dear Zindagi,Drama,2016.0,4.0,50,109,3.9318256327243257,0,English,False,,,,,,1
M5952332,5952332,Amanda Knox,Documentary,2016.0,3.65,63,102,4.1588830833596715,0,English,False,,,,,,1
M5952594,5952594,The Mustang,Drama,2019.0,3.68,19,96,2.995732273553991,0,Other,False,Laure de Clermont-Tonnerre,France,,6405816.0,11000.0,1
M5956100,5956100,Tiger Zinda Hai,Action,2017.0,3.22,20,107,3.044522437723423,0,English,False,,,,,,1
M5960374,5960374,Vox Lux,Drama,2018.0,3.22,32,114,3.4965075614664802,0,Other,False,Brady Corbet,United States,,1399272.0,17000.0,1
M5962210,5962210,Ingrid Goes West,Comedy,2017.0,3.36,69,98,4.248495242049359,0,Other,False,Matt Spicer,United States,,3146831.0,38000.0,1
M5968274,5968274,The Angel,Drama,2018.0,3.09,38,109,3.6635616461296463,0,English,False,,,,,,1
M5968394,5968394,Captive State,Sci-Fi,2019.0,2.97,30,109,3.4339872044851463,0,Other,False,Rupert Wyatt,United States,25000000.0,8808611.0,51000.0,1
M5969696,5969696,Gunhamdo,Action,2017.0,3.75,22,107,3.1354942159291497,0,English,False,,,,,,1
M5970844,5970844,Thugs of Hindostan,Action,2018.0,3.09,11,107,2.4849066497880004,0,English,False,,,,,,1
M5973626,5973626,Batman: Return of the Caped Crusaders,Animation,2016.0,3.59,11,91,2.4849066497880004,0,English,False,,,,,,1
M5977276,5977276,The Aftermath,Drama,2019.0,3.3,32,108,3.4965075614664802,0,Other,False,James Kent,Germany,,9215591.0,19000.0,1
M5979872,5979872,Bleach,Action,2018.0,3.14,14,107,2.70805020110221,0,English,False,,,,,,1
M5979874,5979874,Gojira: Kaijû Wakusei,Animation,2017.0,3.3,10,91,2.3978952727983707,0,English,False,,,,,,1
M5982852,5982852,Jolly LLB 2,Comedy,2017.0,3.76,19,100,2.995732273553991,0,English,False,,,,,,1
M5989218,5989218,Life Itself,Drama,2018.0,3.55,28,117,3.367295829986474,0,Other,False,Dan Fogelman,United States,10000000.0,7997774.0,19000.0,1
M5990474,5990474,Columbus,Drama,2017.0,3.81,86,100,4.465908118654584,0,Other,False,Kogonada,United States,,1093077.0,15000.0,1
M5997666,5997666,Jab Harry Met Sejal,Comedy,2017.0,3.09,27,100,3.332204510175204,0,English,False,,,,,,1
M5999382,5999382,Laaf Wa Dawaraan,Comedy,2016.0,3.25,14,100,2.70805020110221,0,English,False,,,,,,1
M6000478,6000478,"Roman J. Israel, Esq.",Crime,2017.0,3.29,105,122,4.663439094112067,0,Other,False,Dan Gilroy,Canada,22000000.0,13025860.0,35000.0,1
M6002232,6002232,Jusqu'à la garde,Drama,2017.0,3.84,22,109,3.1354942159291497,0,English,False,,,,,,1
M6003368,6003368,Diary of a Wimpy Kid: The Long Haul,Comedy,2017.0,2.37,15,91,2.772588722239781,0,Other,False,David Bowers,United States,22000000.0,40140972.0,7700.0,1
M6012380,6012380,Ordinary Love,Drama,2019.0,3.15,10,109,2.3978952727983707,0,English,False,,,,,,1
M6017942,6017942,Kin,Action,2018.0,3.0,12,102,2.5649493574615367,0,Other,False,Jonathan Baker,United States,30000000.0,10313019.0,16000.0,1
M6018306,6018306,Last Flag Flying,Comedy,2017.0,3.58,80,125,4.394449154672439,0,Other,False,Richard Linklater,United States,,1872950.0,24000.0,1
M6040662,6040662,The Children Act,Drama,2017.0,3.62,21,109,3.091042453358316,0,English,False,,,,,,1
M6048922,6048922,Greyhound,Action,2020.0,3.53,192,107,5.262690188904886,0,English,False,,,,,,1
M6048930,6048930,Naked,Comedy,2017.0,2.5,43,132,3.784189633918261,0,Other,False,Mike Leigh,United Kingdom,,1769305.0,36000.0,1
M6053438,6053438,First Reformed,Drama,2017.0,3.71,127,113,4.852030263919617,0,Other,False,Paul Schrader,United States,,3862498.0,51000.0,1
M6053948,6053948,La enfermedad del domingo,Drama,2018.0,3.79,14,109,2.70805020110221,0,English,False,,,,,,1
M6060156,6060156,Toc Toc,Comedy,2017.0,3.79,21,100,3.091042453358316,0,English,False,,,,,,1
M6062774,6062774,Monos,Drama,2019.0,3.53,18,109,2.9444389791664403,0,English,False,,,,,,1
M6063050,6063050,Acrimony,Drama,2018.0,3.82,20,109,3.044522437723423,0,English,False,,,,,,1
M6063090,6063090,Light of My Life,Drama,2019.0,3.57,29,109,3.4011973816621555,0,English,False,,,,,,1
M6073176,6073176,The White Helmets,Documentary,2016.0,4.17,35,102,3.58351893845611,0,English,False,,,,,,1
M6079516,6079516,I See You,Horror,2019.0,3.44,47,96,3.871201010907891,0,English,False,,,,,,1
M6081670,6081670,Possum,Drama,2018.0,2.73,11,109,2.4849066497880004,0,English,False,,,,,,1
M6083230,6083230,Liteul poreseuteu,Drama,2018.0,3.86,11,109,2.4849066497880004,0,English,False,,,,,,1
M6083648,6083648,Looking Glass,Thriller,2018.0,1.95,11,102,2.4849066497880004,0,English,False,,,,,,1
M6087426,6087426,Still/Born,Horror,2017.0,3.23,13,96,2.6390573296152584,0,English,False,,,,,,1
M6095472,6095472,The Angry Birds Movie 2,Animation,2019.0,3.42,37,97,3.6375861597263857,0,Other,False,Thurop Van Orman,Finland,65000000.0,147792047.0,24000.0,1
M6097798,6097798,Radius,Sci-Fi,2017.0,3.03,18,105,2.9444389791664403,0,English,False,,,,,,1
M6101820,6101820,Perfectos desconocidos,Comedy,2017.0,3.47,16,100,2.833213344056216,0,English,False,,,,,,1
M6105098,6105098,The Lion King,Animation,2019.0,3.64,408,88,6.013715156042802,0,Other,False,Roger Allers,United States,45000000.0,1083720877.0,970000.0,1
M6107548,6107548,Late Night,Comedy,2019.0,3.36,35,102,3.58351893845611,0,Other,False,Nisha Ganatra,United States,4000000.0,22386555.0,33000.0,1
M6108090,6108090,Secret Superstar,Drama,2017.0,3.93,22,109,3.1354942159291497,0,English,False,,,,,,1
M6108178,6108178,Disobedience,Drama,2017.0,3.12,56,114,4.04305126783455,0,Other,False,Sebastián Lelio,Ireland,6000000.0,8003180.0,27000.0,1
M6111574,6111574,The Woman in the Window,Crime,2021.0,2.8,100,109,4.61512051684126,0,English,False,,,,,,1
M6116856,6116856,The Night Comes for Us,Action,2018.0,3.64,32,107,3.4965075614664802,0,English,False,,,,,,1
M6119504,6119504,REALITYHIGH,Comedy,2017.0,2.64,11,100,2.4849066497880004,0,English,False,,,,,,1
M6119856,6119856,Irreplaceable You,Comedy,2018.0,3.52,21,100,3.091042453358316,0,English,False,,,,,,1
M6127004,6127004,Paradise Hills,Fantasy,2019.0,2.5,13,96,2.6390573296152584,0,English,False,,,,,,1
M6127024,6127024,Mawlana,Drama,2016.0,3.5,12,109,2.5649493574615367,0,English,False,,,,,,1
M6133130,6133130,Professor Marston and the Wonder Women,Biography,2017.0,3.3,33,117,3.5263605246161616,0,English,False,,,,,,1
M6133466,6133466,The First Purge,Action,2018.0,2.65,139,97,4.941642422609304,0,Other,False,Gerard McMurray,United States,13000000.0,137056262.0,58000.0,1
M6135348,6135348,120 battements par minute,Drama,2017.0,3.82,20,109,3.044522437723423,0,English,False,,,,,,1
M6138228,6138228,Downrange,Action,2017.0,3.2,10,107,2.3978952727983707,0,English,False,,,,,,1
M6139732,6139732,Aladdin,Adventure,2019.0,3.68,489,90,6.194405391104672,0,Other,False,Ron Clements,United States,28000000.0,504050219.0,382000.0,1
M6141246,6141246,The Aeronauts,Action,2019.0,3.27,26,107,3.295836866004329,0,English,False,,,,,,1
M6142496,6142496,6 Balloons,Drama,2018.0,2.81,13,109,2.6390573296152584,0,English,False,,,,,,1
M6146586,6146586,John Wick: Chapter 3 - Parabellum,Action,2019.0,3.7,553,130,6.317164686747284,0,Other,False,Chad Stahelski,United States,75000000.0,327281779.0,296000.0,1
M6149154,6149154,Waiting for the Barbarians,Drama,2019.0,3.17,12,109,2.5649493574615367,0,English,False,,,,,,1
M6155172,6155172,Roma,Drama,2018.0,3.86,356,109,5.877735781779639,0,English,False,,,,,,1
M6169694,6169694,I Think We're Alone Now,Drama,2018.0,2.89,14,109,2.70805020110221,0,English,False,,,,,,1
M6182908,6182908,Smallfoot,Animation,2018.0,3.47,55,96,4.02535169073515,0,Other,False,Karey Kirkpatrick,United States,80000000.0,214040103.0,36000.0,1
M6189022,6189022,Angel Has Fallen,Action,2019.0,3.3,220,121,5.3981627015177525,0,Other,False,Ric Roman Waugh,United States,40000000.0,146661977.0,86000.0,1
M6193408,6193408,A Shaun the Sheep Movie: Farmageddon,Animation,2019.0,3.5,12,91,2.5649493574615367,0,English,False,,,,,,1
M6195094,6195094,Ghostland,Drama,2018.0,3.27,31,109,3.4657359027997265,0,English,False,,,,,,1
M6198946,6198946,The Hole in the Ground,Horror,2019.0,2.64,18,90,2.9444389791664403,0,Other,False,Lee Cronin,Ireland,,3373474.0,17000.0,1
M6199572,6199572,Capone,Biography,2020.0,2.2,48,117,3.8918202981106265,0,English,False,,,,,,1
M6204340,6204340,Bullet Head,Crime,2017.0,2.56,16,109,2.833213344056216,0,English,False,,,,,,1
M6205872,6205872,Assassination Nation,Action,2018.0,3.14,18,108,2.9444389791664403,0,Other,False,Sam Levinson,United States,7000000.0,2584988.0,17000.0,1
M6206564,6206564,Trapped,Action,2017.0,3.5,12,106,2.5649493574615367,0,Other,False,Luis Mandoki,United States,30000000.0,13414416.0,23000.0,1
M6210996,6210996,10x10,Thriller,2018.0,2.36,14,102,2.70805020110221,0,English,False,,,,,,1
M6212478,6212478,American Animals,Biography,2018.0,3.56,108,116,4.6913478822291435,0,Other,False,Bart Layton,United Kingdom,,4080073.0,41000.0,1
M6214084,6214084,Ise yarar bir sey,Drama,2017.0,3.73,11,109,2.4849066497880004,0,English,False,,,,,,1
M6214928,6214928,1922,Crime,2017.0,3.21,112,109,4.727387818712341,0,English,False,,,,,,1
M6217306,6217306,Apostle,Drama,2018.0,3.29,57,109,4.060443010546419,0,English,False,,,,,,1
M6217608,6217608,The Rider,Drama,2017.0,3.63,31,104,3.4657359027997265,0,Other,False,Chloé Zhao,United States,,3436124.0,17000.0,1
M6218358,6218358,Calibre,Thriller,2018.0,3.39,60,102,4.110873864173311,0,English,False,,,,,,1
M6223806,6223806,Undir trénu,Comedy,2017.0,3.73,11,100,2.4849066497880004,0,English,False,,,,,,1
M6225520,6225520,The Man Who Invented Christmas,Biography,2017.0,3.63,15,117,2.772588722239781,0,English,False,,,,,,1
M6237612,6237612,Accident Man,Action,2018.0,3.25,16,107,2.833213344056216,0,English,False,,,,,,1
M6243140,6243140,Les affamés,Drama,2017.0,3.45,11,109,2.4849066497880004,0,English,False,,,,,,1
M6246322,6246322,Don&x27;t Breathe 2,Horror,2021.0,2.82,30,96,3.4339872044851463,0,English,False,,,,,,1
M6257174,6257174,The Miseducation of Cameron Post,Drama,2018.0,3.56,31,91,3.4657359027997265,0,Other,False,Desiree Akhavan,United States,,1474577.0,20000.0,1
M6259380,6259380,Code 8,Sci-Fi,2019.0,3.05,33,105,3.5263605246161616,0,English,False,,,,,,1
M6264654,6264654,Free Guy,Action,2021.0,3.73,142,107,4.962844630259907,0,English,False,,,,,,1
M6265828,6265828,A Ghost Story,Drama,2017.0,3.66,321,92,5.7745515455444085,0,Other,False,David Lowery,United States,100000.0,1951683.0,64000.0,1
M6266538,6266538,Vice,Biography,2018.0,3.66,221,132,5.402677381872279,0,Other,False,Adam McKay,United States,60000000.0,76073488.0,130000.0,1
M6269368,6269368,The Clovehitch Killer,Drama,2018.0,3.08,20,109,3.044522437723423,0,Other,False,Duncan Skiles,United States,,167994.0,21000.0,1
M6277440,6277440,Badrinath Ki Dulhania,Comedy,2017.0,3.12,12,100,2.5649493574615367,0,English,False,,,,,,1
M6285944,6285944,The Banker,Drama,2020.0,3.89,90,109,4.51085950651685,0,English,False,,,,,,1
M6288124,6288124,"Don't Worry, He Won't Get Far on Foot",Biography,2018.0,3.51,36,114,3.6109179126442243,0,Other,False,Gus Van Sant,France,,4241656.0,24000.0,1
M6288250,6288250,Patti Cake$,Drama,2017.0,3.25,12,109,2.5649493574615367,0,English,False,,,,,,1
M6288694,6288694,Acts of Vengeance,Action,2017.0,2.97,16,107,2.833213344056216,0,English,False,,,,,,1
M6292852,6292852,I Am Mother,Drama,2019.0,3.3,101,109,4.624972813284271,0,English,False,,,,,,1
M6292996,6292996,Missing: Sarajin Yeoja,Drama,2016.0,3.71,12,109,2.5649493574615367,0,English,False,,,,,,1
M6294822,6294822,The Post,Biography,2017.0,3.69,390,116,5.968707559985366,0,Other,False,Steven Spielberg,United States,50000000.0,180419231.0,141000.0,1
M6302160,6302160,Pan-dola,Action,2016.0,3.73,31,107,3.4657359027997265,0,English,False,,,,,,1
M6303866,6303866,Beach Rats,Drama,2017.0,3.07,28,98,3.367295829986474,0,Other,False,Eliza Hittman,United States,,486623.0,13000.0,1
M6304046,6304046,Thelma,Drama,2017.0,3.61,74,116,4.31748811353631,0,Other,False,Joachim Trier,Norway,,1463727.0,28000.0,1
M6304162,6304162,Nelyubov,Drama,2017.0,3.81,97,109,4.584967478670572,0,English,False,,,,,,1
M6306064,6306064,Adrift,Action,2018.0,3.42,155,96,5.049856007249537,0,Other,False,Baltasar Kormákur,Hong Kong,35000000.0,59945012.0,50000.0,1
M6316138,6316138,Ayla: The Daughter of War,Drama,2017.0,4.27,50,109,3.9318256327243257,0,English,False,,,,,,1
M6317656,6317656,Penguin Bloom,Drama,2020.0,3.24,21,109,3.091042453358316,0,English,False,,,,,,1
M6320628,6320628,Spider-Man: Far from Home,Action,2019.0,3.92,839,129,6.733401891837359,0,Other,False,Jon Watts,United States,160000000.0,1131927996.0,359000.0,1
M6322922,6322922,An Inconvenient Sequel: Truth to Power,Documentary,2017.0,3.85,10,102,2.3978952727983707,0,English,False,,,,,,1
M6324278,6324278,Abominable,Animation,2019.0,3.67,61,97,4.127134385045092,0,Other,False,Jill Culton,United States,75000000.0,180314199.0,32000.0,1
M6333054,6333054,Chasing Coral,Documentary,2017.0,4.7,10,102,2.3978952727983707,0,English,False,,,,,,1
M6333060,6333060,Icarus,Documentary,2017.0,4.15,91,102,4.5217885770490405,0,English,False,,,,,,1
M6334354,6334354,The Suicide Squad,Action,2021.0,3.63,250,107,5.5254529391317835,0,English,False,,,,,,1
M6336356,6336356,Meari to majo no hana,Animation,2017.0,3.54,34,91,3.5553480614894135,0,English,False,,,,,,1
M6341832,6341832,Oxygène,Drama,2021.0,3.22,41,109,3.7376696182833684,0,English,False,,,,,,1
M6343314,6343314,Creed II,Drama,2018.0,3.64,321,130,5.7745515455444085,0,Other,False,Steven Caple Jr.,United States,50000000.0,214215889.0,111000.0,1
M6348138,6348138,Missing Link,Animation,2019.0,3.68,38,93,3.6635616461296463,0,Other,False,Chris Butler,Canada,100000000.0,26565710.0,23000.0,1
M6359956,6359956,A Bad Moms Christmas,Adventure,2017.0,2.67,63,104,4.1588830833596715,0,Other,False,Jon Lucas,United States,28000000.0,130560428.0,46000.0,1
M6367558,6367558,L&x27;amant double,Drama,2017.0,3.27,28,109,3.367295829986474,0,English,False,,,,,,1
M6378710,6378710,Villains,Comedy,2019.0,2.96,14,100,2.70805020110221,0,English,False,,,,,,1
M6386748,6386748,Pájaros de verano,Drama,2018.0,3.93,14,109,2.70805020110221,0,English,False,,,,,,1
M6388082,6388082,Hyeong,Comedy,2016.0,3.88,13,100,2.6390573296152584,0,English,False,,,,,,1
M6394270,6394270,Bombshell,Biography,2019.0,3.46,176,117,5.176149732573829,0,English,False,,,,,,1
M6398184,6398184,Downton Abbey,Drama,2019.0,3.79,51,122,3.9512437185814275,0,Other,False,Michael Engler,United Kingdom,13000000.0,237860050.0,43000.0,1
M6399158,6399158,Jojakdwen doshi,Action,2017.0,3.46,13,107,2.6390573296152584,0,English,False,,,,,,1
M6400614,6400614,Unacknowledged,Documentary,2017.0,3.4,10,102,2.3978952727983707,0,English,False,,,,,,1
M6402468,6402468,Blood Red Sky,Action,2021.0,2.81,42,107,3.7612001156935624,0,English,False,,,,,,1
M6408226,6408226,Newness,Drama,2017.0,3.32,22,109,3.1354942159291497,0,English,False,,,,,,1
M6410564,6410564,Sandome no satsujin,Crime,2017.0,3.64,14,109,2.70805020110221,0,English,False,,,,,,1
M6412452,6412452,The Ballad of Buster Scruggs,Comedy,2018.0,3.74,294,100,5.68697535633982,0,English,False,,,,,,1
M6412864,6412864,Bamui haebyun-eoseo honja,Drama,2017.0,3.45,11,109,2.4849066497880004,0,English,False,,,,,,1
M6421110,6421110,Proud Mary,Action,2018.0,2.54,13,107,2.6390573296152584,0,English,False,,,,,,1
M6423362,6423362,The Sun Is Also a Star,Drama,2019.0,2.92,30,100,3.4339872044851463,0,Other,False,Ry Russo-Young,United States,9000000.0,6750029.0,6600.0,1
M6428676,6428676,Wonder Park,Animation,2019.0,3.1,10,85,2.3978952727983707,0,Other,False,Dylan Brown,Spain,90000000.0,119559110.0,11000.0,1
M6432466,6432466,Moxie,Comedy,2021.0,3.5,15,100,2.772588722239781,0,English,False,,,,,,1
M6433880,6433880,Anna and the Apocalypse,Comedy,2017.0,3.25,12,100,2.5649493574615367,0,English,False,,,,,,1
M6436726,6436726,7500,Drama,2019.0,2.8,38,109,3.6635616461296463,0,English,False,,,,,,1
M6439020,6439020,The Personal History of David Copperfield,Comedy,2019.0,3.32,22,100,3.1354942159291497,0,English,False,,,,,,1
M6445414,6445414,The Coldest Game,Thriller,2019.0,3.17,26,102,3.295836866004329,0,English,False,,,,,,1
M6450186,6450186,I Can Only Imagine,Biography,2018.0,3.61,19,110,2.995732273553991,0,Other,False,Andrew Erwin,United States,7000000.0,86086881.0,15000.0,1
M6450804,6450804,Terminator: Dark Fate,Action,2019.0,3.13,275,128,5.62040086571715,0,Other,False,Tim Miller,United States,185000000.0,261119292.0,159000.0,1
M6452574,6452574,Sanju,Biography,2018.0,4.33,18,117,2.9444389791664403,0,English,False,,,,,,1
M6472976,6472976,Five Feet Apart,Drama,2019.0,3.92,223,116,5.4116460518550396,0,Other,False,Justin Baldoni,United States,7000000.0,91527795.0,51000.0,1
M6474040,6474040,Stockholm,Biography,2018.0,3.0,15,117,2.772588722239781,0,English,False,,,,,,1
M6475714,6475714,Monster Hunter,Action,2020.0,2.69,32,107,3.4965075614664802,0,English,False,,,,,,1
M6476140,6476140,Serenity,Drama,2019.0,2.82,71,119,4.276666119016055,0,Other,False,Joss Whedon,United States,39000000.0,40445129.0,287000.0,1
M6479534,6479534,Mi-sseu-baek,Drama,2018.0,3.83,12,109,2.5649493574615367,0,English,False,,,,,,1
M6483364,6483364,Teen Spirit,Drama,2018.0,3.58,12,109,2.5649493574615367,0,English,False,,,,,,1
M6485928,6485928,The Land of Steady Habits,Comedy,2018.0,3.08,13,100,2.6390573296152584,0,English,False,,,,,,1
M6491178,6491178,Dragged Across Concrete,Action,2018.0,3.34,70,107,4.2626798770413155,0,English,False,,,,,,1
M6493286,6493286,1987,Drama,2017.0,4.15,17,109,2.8903717578961645,0,English,False,,,,,,1
M6494418,6494418,Siberia,Crime,2018.0,2.1,24,109,3.2188758248682006,0,English,False,,,,,,1
M6495770,6495770,Action Point,Comedy,2018.0,2.54,14,85,2.70805020110221,0,Other,False,Tim Kirkby,United States,19000000.0,5103663.0,11000.0,1
M6499752,6499752,Upgrade,Action,2018.0,3.73,353,100,5.869296913133774,0,Other,False,Leigh Whannell,United States,5000000.0,16706680.0,168000.0,1
M6510332,6510332,McQueen,Documentary,2018.0,4.09,11,102,2.4849066497880004,0,English,False,,,,,,1
M6511932,6511932,The Beach Bum,Comedy,2019.0,3.0,11,95,2.4849066497880004,0,Other,False,Harmony Korine,Switzerland,5000000.0,4554416.0,20000.0,1
M6513120,6513120,Fighting with My Family,Biography,2019.0,3.59,130,108,4.875197323201151,0,Other,False,Stephen Merchant,United Kingdom,11000000.0,40811919.0,71000.0,1
M6513656,6513656,Escape Plan 2: Hades,Action,2018.0,1.92,72,107,4.290459441148391,0,English,False,,,,,,1
M6521876,6521876,Jay and Silent Bob Reboot,Comedy,2019.0,3.13,42,100,3.7612001156935624,0,English,False,,,,,,1
M6523720,6523720,Skjelvet,Action,2018.0,3.03,15,107,2.772588722239781,0,English,False,,,,,,1
M6527426,6527426,Zero,Comedy,2018.0,2.9,15,100,2.772588722239781,0,English,False,,,,,,1
M6533240,6533240,Nomis,Action,2018.0,2.93,29,107,3.4011973816621555,0,English,False,,,,,,1
M6535880,6535880,Haunt,Horror,2019.0,3.16,55,96,4.02535169073515,0,English,False,,,,,,1
M6537238,6537238,Salyut-7,Action,2017.0,3.58,13,107,2.6390573296152584,0,English,False,,,,,,1
M6543652,6543652,Zimna wojna,Drama,2018.0,3.87,140,109,4.948759890378168,0,English,False,,,,,,1
M6547170,6547170,Reprisal,Action,2018.0,2.33,23,107,3.1780538303479458,0,English,False,,,,,,1
M6556890,6556890,Batman and Harley Quinn,Animation,2017.0,2.9,10,91,2.3978952727983707,0,English,False,,,,,,1
M6562866,6562866,Trevor Noah: Afraid of the Dark,Comedy,2017.0,3.8,10,100,2.3978952727983707,0,English,False,,,,,,1
M6565702,6565702,Dark Phoenix,Action,2019.0,3.03,254,107,5.541263545158426,0,English,False,,,,,,1
M6566576,6566576,Fear Street,Horror,2021.0,3.12,53,96,3.9889840465642745,0,English,False,,,,,,1
M6571548,6571548,The White Tiger,Crime,2021.0,3.58,84,109,4.442651256490317,0,English,False,,,,,,1
M6574146,6574146,Blame!,Animation,2017.0,3.4,15,91,2.772588722239781,0,English,False,,,,,,1
M6587640,6587640,Trolls World Tour,Animation,2020.0,3.43,21,91,3.091042453358316,0,English,False,,,,,,1
M6588966,6588966,Hichki,Comedy,2018.0,4.03,17,100,2.8903717578961645,0,English,False,,,,,,1
M6598626,6598626,Take Me,Comedy,2017.0,3.17,12,83,2.5649493574615367,0,Other,False,Pat Healy,United States,,2583.0,4900.0,1
M6599340,6599340,Haebing,Thriller,2017.0,3.55,10,102,2.3978952727983707,0,English,False,,,,,,1
M6620846,6620846,Wasati,Documentary,2016.0,3.87,27,102,3.332204510175204,0,English,False,,,,,,1
M6628102,6628102,Ahlat Agaci,Drama,2018.0,4.01,63,109,4.1588830833596715,0,English,False,,,,,,1
M6628394,6628394,Bad Times at the El Royale,Crime,2018.0,3.56,320,141,5.771441123130016,0,Other,False,Drew Goddard,United States,32000000.0,31882724.0,135000.0,1
M6643972,6643972,Triple Threat,Action,2019.0,2.86,11,96,2.4849066497880004,0,Other,False,Jesse V. Johnson,Thailand,10000000.0,345900.0,10000.0,1
M6644200,6644200,A Quiet Place,Drama,2018.0,3.79,1048,90,6.955592608396297,0,Other,False,John Krasinski,United States,17000000.0,350320413.0,456000.0,1
M6648926,6648926,The Age of Spin: Dave Chappelle Live at the Hollywood Palladium,Documentary,2017.0,4.25,18,102,2.9444389791664403,0,English,False,,,,,,1
M6649108,6649108,Deep in the Heart of Texas: Dave Chappelle Live at Austin City Limits,Documentary,2017.0,3.87,15,102,2.772588722239781,0,English,False,,,,,,1
M6654210,6654210,Infinite,Sci-Fi,2021.0,2.63,30,105,3.4339872044851463,0,English,False,,,,,,1
M6663582,6663582,The Spy Who Dumped Me,Action,2018.0,3.16,140,117,4.948759890378168,0,Other,False,Susanna Fogel,Canada,40000000.0,75339459.0,72000.0,1
M6673612,6673612,Dolittle,Adventure,2020.0,3.04,91,101,4.5217885770490405,0,Other,False,Stephen Gaghan,United States,175000000.0,245487753.0,53000.0,1
M6675244,6675244,Transit,Drama,2018.0,3.72,18,109,2.9444389791664403,0,English,False,,,,,,1
M6679794,6679794,Outlaw King,Action,2018.0,3.54,123,107,4.820281565605037,0,English,False,,,,,,1
M6684714,6684714,Acts of Violence,Action,2018.0,2.59,17,107,2.8903717578961645,0,English,False,,,,,,1
M6697582,6697582,Arif V 216,Comedy,2018.0,3.29,42,100,3.7612001156935624,0,English,False,,,,,,1
M6704776,6704776,El fotógrafo de Mauthausen,Biography,2018.0,3.63,15,117,2.772588722239781,0,English,False,,,,,,1
M6714534,6714534,Get Me Roger Stone,Documentary,2017.0,3.85,13,102,2.6390573296152584,0,English,False,,,,,,1
M6718730,6718730,Born a King,Drama,2019.0,3.56,70,109,4.2626798770413155,0,English,False,,,,,,1
M6722030,6722030,The Intruder,Drama,2019.0,2.99,34,102,3.5553480614894135,0,Other,False,Deon Taylor,United States,8000000.0,36599361.0,15000.0,1
M6722976,6722976,The Elephant Queen,Documentary,2019.0,3.64,11,102,2.4849066497880004,0,English,False,,,,,,1
M6723592,6723592,Tenet,Action,2020.0,3.92,494,150,6.20455776256869,0,Other,False,Christopher Nolan,United States,205000000.0,363656624.0,387000.0,1
M6736782,6736782,Louis C.K. 2017,Documentary,2017.0,3.82,17,102,2.8903717578961645,0,English,False,,,,,,1
M6738136,6738136,Revenge,Action,2017.0,3.16,59,124,4.0943445622221,0,Other,False,Tony Scott,United States,22000000.0,15645616.0,17000.0,1
M6739646,6739646,I Am Heath Ledger,Documentary,2017.0,3.94,17,102,2.8903717578961645,0,English,False,,,,,,1
M6742252,6742252,Den skyldige,Crime,2018.0,3.8,101,109,4.624972813284271,0,English,False,,,,,,1
M6751668,6751668,Gisaengchung,Drama,2019.0,4.22,1431,109,7.266827347520591,0,English,False,,,,,,1
M6752992,6752992,Lazzaro felice,Drama,2018.0,4.09,28,109,3.367295829986474,0,English,False,,,,,,1
M6760876,6760876,Wasp Network,Thriller,2019.0,3.14,11,102,2.4849066497880004,0,English,False,,,,,,1
M6763252,6763252,Der Hauptmann,Drama,2017.0,3.91,16,109,2.833213344056216,0,English,False,,,,,,1
M6768578,6768578,Dogman,Crime,2018.0,3.66,61,109,4.127134385045092,0,English,False,,,,,,1
M6769280,6769280,Time Freak,Comedy,2018.0,3.23,13,100,2.6390573296152584,0,English,False,,,,,,1
M6769508,6769508,Gangcheolbi,Action,2017.0,3.86,11,107,2.4849066497880004,0,English,False,,,,,,1
M6772802,6772802,Hillbilly Elegy,Drama,2020.0,3.72,27,109,3.332204510175204,0,English,False,,,,,,1
M6772804,6772804,Escape Plan: The Extractors,Action,2019.0,2.4,21,107,3.091042453358316,0,English,False,,,,,,1
M6772950,6772950,Truth or Dare,Horror,2018.0,2.74,94,100,4.553876891600541,0,Other,False,Jeff Wadlow,United States,3500000.0,95330710.0,50000.0,1
M6777338,6777338,Aknyeo,Action,2017.0,3.62,26,107,3.295836866004329,0,English,False,,,,,,1
M6781982,6781982,Night School,Comedy,2018.0,2.87,95,88,4.564348191467836,0,Other,False,Ken Hughes,United States,,1169875.0,2400.0,1
M6788942,6788942,Chalard games goeng,Comedy,2017.0,4.02,77,100,4.356708826689592,0,English,False,,,,,,1
M6791096,6791096,I Feel Pretty,Comedy,2018.0,3.14,69,110,4.248495242049359,0,Other,False,Abby Kohn,China,32000000.0,94539426.0,51000.0,1
M6792282,6792282,La noche de 12 años,Biography,2018.0,3.97,47,117,3.871201010907891,0,English,False,,,,,,1
M6793580,6793580,Campeones,Comedy,2018.0,3.75,10,100,2.3978952727983707,0,English,False,,,,,,1
M6794424,6794424,LA 92,Documentary,2017.0,4.09,11,102,2.4849066497880004,0,English,False,,,,,,1
M6802308,6802308,The 15:17 to Paris,Biography,2018.0,2.49,61,94,4.127134385045092,0,Other,False,Clint Eastwood,United States,30000000.0,57076286.0,30000.0,1
M6802400,6802400,Coming 2 America,Comedy,2021.0,2.85,62,100,4.143134726391533,0,English,False,,,,,,1
M6803046,6803046,The Vast of Night,Fantasy,2019.0,3.33,26,96,3.295836866004329,0,English,False,,,,,,1
M6803212,6803212,Don't Let Go,Drama,2019.0,3.42,13,103,2.6390573296152584,0,Other,False,Jacob Estes,United States,5000000.0,5288011.0,8000.0,1
M6806448,6806448,Fast &amp; Furious Presents: Hobbs &amp; Shaw,Action,2019.0,3.28,377,107,5.934894195619588,0,English,False,,,,,,1
M6811018,6811018,The Kid Who Would Be King,Action,2019.0,2.93,27,120,3.332204510175204,0,Other,False,Joe Cornish,United Kingdom,59000000.0,32140970.0,15000.0,1
M6811134,6811134,Is Sumiyati Going to Hell?,Documentary,2016.0,3.88,17,102,2.8903717578961645,0,English,False,,,,,,1
M6811280,6811280,Predicament in Sight,Documentary,2017.0,3.0,10,102,2.3978952727983707,0,English,False,,,,,,1
M6820256,6820256,Arctic,Adventure,2018.0,3.53,101,98,4.624972813284271,0,Other,False,Joe Penna,Iceland,2000000.0,4165776.0,46000.0,1
M6821012,6821012,The Week Of,Comedy,2018.0,2.89,49,100,3.912023005428146,0,English,False,,,,,,1
M6823368,6823368,Glass,Drama,2019.0,3.44,409,129,6.016157159698354,0,Other,False,M. Night Shyamalan,United States,20000000.0,246999039.0,219000.0,1
M6826438,6826438,Parmanu: The Story of Pokhran,Action,2018.0,3.69,13,107,2.6390573296152584,0,English,False,,,,,,1
M6828390,6828390,Mr. Jones,Biography,2019.0,3.15,13,114,2.6390573296152584,0,Other,False,Mike Figgis,United States,25000000.0,8345845.0,6900.0,1
M6829180,6829180,Welcome Home,Thriller,2018.0,2.3,10,102,2.3978952727983707,0,English,False,,,,,,1
M6830780,6830780,Loosideu deurim,Sci-Fi,2017.0,3.21,12,105,2.5649493574615367,0,English,False,,,,,,1
M6850820,6850820,Peppermint,Action,2018.0,3.21,102,101,4.634728988229636,0,Other,False,Pierre Morel,Hong Kong,25000000.0,53918723.0,60000.0,1
M6852872,6852872,Elizabeth Harvest,Horror,2018.0,2.95,10,96,2.3978952727983707,0,English,False,,,,,,1
M6857112,6857112,Us,Horror,2019.0,3.29,532,116,6.278521424165844,0,Other,False,Jordan Peele,United States,20000000.0,255184580.0,247000.0,1
M6857166,6857166,Book Club,Comedy,2018.0,3.04,39,104,3.6888794541139363,0,Other,False,Bill Holderman,United States,10000000.0,104438188.0,26000.0,1
M6857376,6857376,Palmer,Drama,2021.0,3.76,36,109,3.6109179126442243,0,English,False,,,,,,1
M6857988,6857988,Je ne suis pas un homme facile,Comedy,2018.0,3.18,22,100,3.1354942159291497,0,English,False,,,,,,1
M6859762,6859762,The Little Stranger,Drama,2018.0,2.88,13,109,2.6390573296152584,0,English,False,,,,,,1
M6864046,6864046,Ying,Action,2018.0,3.42,20,107,3.044522437723423,0,English,False,,,,,,1
M6864864,6864864,Bobby Robson: More Than a Manager,Documentary,2018.0,4.5,11,102,2.4849066497880004,0,English,False,,,,,,1
M6865690,6865690,The Professor,Comedy,2018.0,3.48,32,100,3.4965075614664802,0,English,False,,,,,,1
M6866224,6866224,The Hummingbird Project,Thriller,2018.0,3.11,18,111,2.9444389791664403,0,Other,False,Kim Nguyen,Canada,,878199.0,13000.0,1
M6878038,6878038,Taeksi woonjunsa,Action,2017.0,4.11,91,107,4.5217885770490405,0,English,False,,,,,,1
M6878306,6878306,News of the World,Action,2020.0,3.5,115,107,4.7535901911063645,0,English,False,,,,,,1
M6882604,6882604,Archive,Sci-Fi,2020.0,3.1,10,105,2.3978952727983707,0,English,False,,,,,,1
M6890582,6890582,Yeom-lyeok,Action,2018.0,2.94,16,107,2.833213344056216,0,English,False,,,,,,1
M6892400,6892400,La ragazza nella nebbia,Crime,2017.0,3.38,13,109,2.6390573296152584,0,English,False,,,,,,1
M6896536,6896536,Foxtrot,Drama,2017.0,3.96,13,109,2.6390573296152584,0,English,False,,,,,,1
M6900448,6900448,Mirai no Mirai,Animation,2018.0,3.74,21,91,3.091042453358316,0,English,False,,,,,,1
M6900644,6900644,Hasan Minhaj: Homecoming King,Documentary,2017.0,4.24,23,102,3.1780538303479458,0,English,False,,,,,,1
M6902332,6902332,The Marksman,Action,2021.0,2.84,32,107,3.4965075614664802,0,English,False,,,,,,1
M6902676,6902676,Guns Akimbo,Action,2019.0,3.03,49,107,3.912023005428146,0,English,False,,,,,,1
M6902696,6902696,Gloria Bell,Comedy,2018.0,3.59,11,102,2.4849066497880004,0,Other,False,Sebastián Lelio,Chile,,11145006.0,10000.0,1
M6904272,6904272,Hyeob-sang,Action,2018.0,3.5,11,107,2.4849066497880004,0,English,False,,,,,,1
M6905696,6905696,Slaughterhouse Rulez,Action,2018.0,2.88,17,104,2.8903717578961645,0,Other,False,Crispian Mills,United Kingdom,,730762.0,13000.0,1
M6908274,6908274,Durante la tormenta,Drama,2018.0,3.88,144,109,4.976733742420574,0,English,False,,,,,,1
M6911608,6911608,Mamma Mia! Here We Go Again,Comedy,2018.0,3.55,113,114,4.736198448394496,0,Other,False,Ol Parker,United Kingdom,75000000.0,395618157.0,85000.0,1
M6916362,6916362,Journal 64,Crime,2018.0,3.82,11,109,2.4849066497880004,0,English,False,,,,,,1
M6920356,6920356,The Souvenir,Drama,2019.0,3.29,14,120,2.70805020110221,0,Other,False,Joanna Hogg,United Kingdom,,1719157.0,9300.0,1
M6921996,6921996,Johnny English Strikes Again,Action,2018.0,3.16,163,89,5.099866427824199,0,Other,False,David Kerr,United Kingdom,25000000.0,158972499.0,67000.0,1
M6924650,6924650,Midway,Action,2019.0,3.35,205,107,5.327876168789581,0,English,False,,,,,,1
M6932818,6932818,De dirigent,Biography,2018.0,3.77,11,117,2.4849066497880004,0,English,False,,,,,,1
M6932874,6932874,The Boss Baby: Family Business,Animation,2021.0,3.15,10,91,2.3978952727983707,0,English,False,,,,,,1
M6938828,6938828,At Eternity's Gate,Biography,2018.0,3.63,82,111,4.418840607796598,0,Other,False,Julian Schnabel,Ireland,,11473638.0,31000.0,1
M6952604,6952604,Aritmiya,Drama,2017.0,3.45,10,109,2.3978952727983707,0,English,False,,,,,,1
M6952960,6952960,The Kindergarten Teacher,Drama,2018.0,3.55,29,109,3.4011973816621555,0,English,False,,,,,,1
M6953076,6953076,Sheikh Jackson,Drama,2017.0,3.66,28,109,3.367295829986474,0,English,False,,,,,,1
M6957966,6957966,Little Italy,Comedy,2018.0,3.05,11,102,2.4849066497880004,0,Other,False,Donald Petrie,Canada,,1362536.0,13000.0,1
M6958212,6958212,Sweet Country,Adventure,2017.0,3.6,15,105,2.772588722239781,0,English,False,,,,,,1
M6966692,6966692,Green Book,Biography,2018.0,4.3,945,130,6.852242569051878,0,Other,False,Peter Farrelly,United States,23000000.0,321752656.0,414000.0,1
M6987770,6987770,Destination Wedding,Comedy,2018.0,2.87,35,100,3.58351893845611,0,English,False,,,,,,1
M6998518,6998518,Mandy,Action,2018.0,3.23,79,121,4.382026634673881,0,Other,False,Panos Cosmatos,United Kingdom,6000000.0,1555203.0,68000.0,1
M7008872,7008872,Boy Erased,Biography,2018.0,3.45,63,115,4.1588830833596715,0,Other,False,Joel Edgerton,Australia,11000000.0,11853081.0,35000.0,1
M7014006,7014006,Eighth Grade,Comedy,2018.0,3.58,115,93,4.7535901911063645,0,Other,False,Bo Burnham,United States,2000000.0,14347433.0,68000.0,1
M7026672,7026672,Every Day,Drama,2018.0,3.39,27,97,3.332204510175204,0,Other,False,Michael Sucsy,Canada,4900000.0,10421847.0,20000.0,1
M7040874,7040874,A Simple Favor,Comedy,2018.0,3.49,293,117,5.683579767338681,0,Other,False,Paul Feig,Canada,20000000.0,97644617.0,136000.0,1
M7042862,7042862,The Man Who Killed Hitler and Then the Bigfoot,Adventure,2018.0,2.78,16,105,2.833213344056216,0,English,False,,,,,,1
M7043012,7043012,Velvet Buzzsaw,Horror,2019.0,2.91,117,96,4.770684624465665,0,English,False,,,,,,1
M7048622,7048622,L'insulte,Crime,2017.0,3.95,76,109,4.343805421853684,0,English,False,,,,,,1
M7056732,7056732,Cheong-nyeon-gyeong-chal,Action,2017.0,4.05,32,107,3.4965075614664802,0,English,False,,,,,,1
M7057496,7057496,Gi-eok-ui bam,Thriller,2017.0,4.05,165,102,5.111987788356544,0,English,False,,,,,,1
M7064766,7064766,Tisbah ala Khair,Drama,2017.0,3.61,14,109,2.70805020110221,0,English,False,,,,,,1
M7069210,7069210,The Conjuring: The Devil Made Me Do It,Horror,2021.0,3.11,138,96,4.9344739331306915,0,English,False,,,,,,1
M7073710,7073710,What Keeps You Alive,Horror,2018.0,3.0,10,96,2.3978952727983707,0,English,False,,,,,,1
M7074886,7074886,The Front Runner,Biography,2018.0,3.24,19,117,2.995732273553991,0,English,False,,,,,,1
M7076834,7076834,Pengabdi Setan,Drama,2017.0,3.58,13,109,2.6390573296152584,0,English,False,,,,,,1
M7083526,7083526,Breakthrough,Biography,2019.0,3.0,10,116,2.3978952727983707,0,Other,False,Roxann Dawson,United States,14000000.0,50444358.0,8800.0,1
M7097896,7097896,Venom: Let There Be Carnage,Action,2021.0,3.24,156,107,5.056245805348308,0,English,False,,,,,,1
M7098658,7098658,Raazi,Action,2018.0,4.05,19,107,2.995732273553991,0,English,False,,,,,,1
M7121252,7121252,Sulla mia pelle,Biography,2018.0,4.29,14,117,2.70805020110221,0,English,False,,,,,,1
M7125774,7125774,Ballon,Drama,2018.0,3.92,13,109,2.6390573296152584,0,English,False,,,,,,1
M7125860,7125860,If Beale Street Could Talk,Drama,2018.0,3.77,62,119,4.143134726391533,0,Other,False,Barry Jenkins,United States,12000000.0,20596567.0,45000.0,1
M7126948,7126948,Wonder Woman 1984,Action,2020.0,2.55,65,151,4.189654742026425,0,Other,False,Patty Jenkins,United States,,166534027.0,217000.0,1
M7131622,7131622,Once Upon a Time ...in Hollywood,Comedy,2019.0,3.85,1347,100,7.206377291472252,0,English,False,,,,,,1
M7133686,7133686,Next Gen,Animation,2018.0,3.62,17,91,2.8903717578961645,0,English,False,,,,,,1
M7134096,7134096,The Rhythm Section,Action,2020.0,2.57,14,107,2.70805020110221,0,English,False,,,,,,1
M7137380,7137380,Destroyer,Action,2018.0,3.27,45,121,3.828641396489095,0,Other,False,Karyn Kusama,United States,9000000.0,5580940.0,27000.0,1
M7137846,7137846,Breaking In,Action,2018.0,2.89,51,94,3.9512437185814275,0,Other,False,Bill Forsyth,United States,6000000.0,1877618.0,1400.0,1
M7139936,7139936,A Rainy Day in New York,Comedy,2019.0,3.23,37,100,3.6375861597263857,0,English,False,,,,,,1
M7146812,7146812,Onward,Animation,2020.0,3.73,126,102,4.844187086458591,0,Other,False,Dan Scanlon,United States,,141950608.0,120000.0,1
M7147540,7147540,Sui Dhaaga: Made in India,Comedy,2018.0,3.23,11,100,2.4849066497880004,0,English,False,,,,,,1
M7149730,7149730,The Silencing,Action,2020.0,3.21,21,107,3.091042453358316,0,English,False,,,,,,1
M7149916,7149916,Edge of Fear,Thriller,2018.0,2.15,10,102,2.3978952727983707,0,English,False,,,,,,1
M7153766,7153766,Unsane,Drama,2018.0,3.31,97,98,4.584967478670572,0,Other,False,Steven Soderbergh,United States,1500000.0,14293601.0,42000.0,1
M7157574,7157574,Ellen DeGeneres: Relatable,Comedy,2018.0,3.43,14,100,2.70805020110221,0,English,False,,,,,,1
M7158430,7158430,Hearts Beat Loud,Comedy,2018.0,3.59,17,100,2.8903717578961645,0,English,False,,,,,,1
M7160070,7160070,Sin-gwa ham-kke: Jwi-wa beol,Action,2017.0,3.89,28,107,3.367295829986474,0,English,False,,,,,,1
M7167686,7167686,Reign of the Supermen,Animation,2019.0,3.5,29,91,3.4011973816621555,0,English,False,,,,,,1
M7170950,7170950,Like Father,Comedy,2018.0,3.31,32,100,3.4965075614664802,0,English,False,,,,,,1
M7204348,7204348,El Ángel,Biography,2018.0,3.92,12,117,2.5649493574615367,0,English,False,,,,,,1
M7214842,7214842,One of Us,Documentary,2017.0,3.85,13,102,2.6390573296152584,0,English,False,,,,,,1
M7218518,7218518,Padman,Biography,2018.0,4.05,21,117,3.091042453358316,0,English,False,,,,,,1
M7236034,7236034,Kimi no suizô o tabetai,Animation,2018.0,4.12,21,91,3.091042453358316,0,English,False,,,,,,1
M7242142,7242142,Blindspotting,Comedy,2018.0,3.88,69,95,4.248495242049359,0,Other,False,Carlos López Estrada,United States,,5006989.0,29000.0,1
M7256866,7256866,Father of the Year,Comedy,2018.0,2.8,10,100,2.3978952727983707,0,English,False,,,,,,1
M7262882,7262882,Yip Man ngoi zyun: Cheung Tin Chi,Action,2018.0,3.35,10,107,2.3978952727983707,0,English,False,,,,,,1
M7280898,7280898,22 July,Crime,2018.0,3.51,65,109,4.189654742026425,0,English,False,,,,,,1
M7282468,7282468,Beoning,Drama,2018.0,3.87,92,109,4.532599493153256,0,English,False,,,,,,1
M7286456,7286456,Joker,Crime,2019.0,4.52,1983,122,7.592870287844818,0,Other,False,Todd Phillips,United States,55000000.0,1074427370.0,1000000.0,1
M7286916,7286916,The Dawn Wall,Documentary,2017.0,4.23,13,102,2.6390573296152584,0,English,False,,,,,,1
M7291268,7291268,Gaga: Five Foot Two,Documentary,2017.0,3.86,35,102,3.58351893845611,0,English,False,,,,,,1
M7298400,7298400,Jiang hu er nü,Drama,2018.0,3.85,17,109,2.8903717578961645,0,English,False,,,,,,1
M7315484,7315484,The Silence,Horror,2019.0,2.53,76,118,4.343805421853684,0,Other,False,Baran bo Odar,Germany,,416675.0,6900.0,1
M7318202,7318202,Kelebekler,Comedy,2018.0,3.95,42,100,3.7612001156935624,0,English,False,,,,,,1
M7329656,7329656,47 Meters Down: Uncaged,Adventure,2019.0,2.41,47,90,3.871201010907891,0,Other,False,Johannes Roberts,United Kingdom,12000000.0,47582563.0,23000.0,1
M7334528,7334528,Uncle Drew,Comedy,2018.0,2.97,16,103,2.833213344056216,0,Other,False,Charles Stone III,United States,19000000.0,46664414.0,13000.0,1
M7339248,7339248,The Art of Self-Defense,Comedy,2019.0,3.47,37,104,3.6375861597263857,0,Other,False,Riley Stearns,United States,,2414269.0,32000.0,1
M7339826,7339826,Sayonara no asa ni yakusoku no hana o kazarô,Animation,2018.0,3.73,15,91,2.772588722239781,0,English,False,,,,,,1
M7342838,7342838,Leto,Biography,2018.0,3.79,12,117,2.5649493574615367,0,English,False,,,,,,1
M7343762,7343762,Good Boys,Comedy,2019.0,3.37,109,90,4.700480365792417,0,Other,False,Gene Stupnitsky,United States,20000000.0,111037232.0,66000.0,1
M7347846,7347846,The Lodge,Drama,2019.0,3.05,31,109,3.4657359027997265,0,English,False,,,,,,1
M7349662,7349662,BlacKkKlansman,Biography,2018.0,3.73,397,135,5.986452005284438,0,Other,False,Spike Lee,United States,15000000.0,93413709.0,236000.0,1
M7349950,7349950,It Chapter Two,Horror,2019.0,3.31,352,169,5.8664680569332965,0,Other,False,Andy Muschietti,United States,79000000.0,473093228.0,222000.0,1
M7357302,7357302,Avicii: True Stories,Documentary,2017.0,3.87,15,102,2.772588722239781,0,English,False,,,,,,1
M7374948,7374948,Always Be My Maybe,Comedy,2019.0,3.32,66,100,4.204692619390966,0,English,False,,,,,,1
M7390588,7390588,Little Monsters,Comedy,2019.0,3.38,26,100,3.295836866004329,0,Other,False,Richard Greenberg,United States,,793775.0,12000.0,1
M7390646,7390646,Black and Blue,Action,2019.0,3.2,33,107,3.5263605246161616,0,English,False,,,,,,1
M7395114,7395114,The Devil All the Time,Crime,2020.0,3.65,142,109,4.962844630259907,0,English,False,,,,,,1
M7401588,7401588,Instant Family,Comedy,2018.0,3.78,199,118,5.298317366548036,0,Other,False,Sean Anders,United States,48000000.0,120556201.0,97000.0,1
M7420342,7420342,Killerman,Action,2019.0,2.96,68,112,4.23410650459726,0,Other,False,Malik Bader,United States,,619855.0,4000.0,1
M7424200,7424200,Teen Titans Go! To the Movies,Animation,2018.0,3.68,36,91,3.6109179126442243,0,English,False,,,,,,1
M7451284,7451284,Batman Ninja,Animation,2018.0,3.0,56,91,4.04305126783455,0,English,False,,,,,,1
M7455754,7455754,The Game Changers,Documentary,2018.0,4.0,21,102,3.091042453358316,0,English,False,,,,,,1
M7456310,7456310,Anna,Action,2019.0,3.29,211,100,5.356586274672012,0,Other,False,Yurek Bogayevicz,United States,,1236848.0,639.0,1
M7456312,7456312,The Last Thing He Wanted,Crime,2020.0,2.2,22,109,3.1354942159291497,0,English,False,,,,,,1
M7460806,7460806,The Festival,Comedy,2018.0,2.96,24,100,3.2188758248682006,0,English,False,,,,,,1
M7464188,7464188,In Fabric,Horror,2018.0,3.21,14,96,2.70805020110221,0,English,False,,,,,,1
M7485048,7485048,Super 30,Biography,2019.0,4.35,10,154,2.3978952727983707,0,Other,False,Vikas Bahl,India,,24701637.0,24000.0,1
M7489816,7489816,Le jeu,Comedy,2018.0,3.55,33,100,3.5263605246161616,0,English,False,,,,,,1
M7504726,7504726,The Call of the Wild,Adventure,2020.0,3.31,54,100,4.007333185232471,0,Other,False,Chris Sanders,Canada,135000000.0,111105497.0,42000.0,1
M7510346,7510346,The Turning,Drama,2020.0,2.14,18,109,2.9444389791664403,0,English,False,,,,,,1
M7518466,7518466,Conor McGregor: Notorious,Documentary,2017.0,3.9,15,102,2.772588722239781,0,English,False,,,,,,1
M7525778,7525778,The Package,Comedy,2018.0,3.11,18,108,2.9444389791664403,0,Other,False,Andrew Davis,United States,18000000.0,10647219.0,9100.0,1
M7533152,7533152,The Boy Who Harnessed the Wind,Drama,2019.0,3.91,72,109,4.290459441148391,0,English,False,,,,,,1
M7541106,7541106,1BR,Thriller,2019.0,3.25,10,102,2.3978952727983707,0,English,False,,,,,,1
M7545266,7545266,Like a Boss,Comedy,2020.0,2.51,94,100,4.553876891600541,0,English,False,,,,,,1
M7545524,7545524,Ben Is Back,Drama,2018.0,3.47,45,109,3.828641396489095,0,English,False,,,,,,1
M7547410,7547410,Dora and the Lost City of Gold,Adventure,2019.0,3.02,155,102,5.049856007249537,0,Other,False,James Bobin,United States,49000000.0,119682635.0,27000.0,1
M7549996,7549996,Judy,Biography,2019.0,3.73,155,117,5.049856007249537,0,English,False,,,,,,1
M7550000,7550000,Project Power,Action,2020.0,2.95,94,107,4.553876891600541,0,English,False,,,,,,1
M7556122,7556122,The Old Guard,Action,2020.0,3.18,173,107,5.159055299214529,0,English,False,,,,,,1
M7557108,7557108,Saint Maud,Drama,2019.0,3.4,26,109,3.295836866004329,0,English,False,,,,,,1
M7581902,7581902,Sonu Ke Titu Ki Sweety,Comedy,2018.0,3.27,11,100,2.4849066497880004,0,English,False,,,,,,1
M7601480,7601480,Mayor Grom: Chumnoy Doktor,Action,2021.0,3.09,11,107,2.4849066497880004,0,English,False,,,,,,1
M7605074,7605074,Liu lang di qiu,Drama,2019.0,3.48,22,109,3.1354942159291497,0,English,False,,,,,,1
M7608028,7608028,The Open House,Horror,2018.0,1.77,49,96,3.912023005428146,0,English,False,,,,,,1
M7608418,7608418,A Christmas Prince,Comedy,2017.0,2.88,12,100,2.5649493574615367,0,English,False,,,,,,1
M7608534,7608534,Christmas Inheritance,Comedy,2017.0,3.1,10,100,2.3978952727983707,0,English,False,,,,,,1
M7615302,7615302,Red Joan,Biography,2018.0,3.28,23,101,3.1780538303479458,0,Other,False,Trevor Nunn,United Kingdom,,10647493.0,11000.0,1
M7616148,7616148,Luce,Drama,2019.0,3.69,13,109,2.6390573296152584,0,Other,False,Julius Onah,United States,,2268204.0,11000.0,1
M7616798,7616798,A Dog&x27;s Way Home,Adventure,2019.0,3.47,17,105,2.8903717578961645,0,English,False,,,,,,1
M7628458,7628458,Hadi Be Oglum,Drama,2018.0,4.11,14,109,2.70805020110221,0,English,False,,,,,,1
M7634968,7634968,What Men Want,Comedy,2019.0,2.93,30,117,3.4339872044851463,0,Other,False,Adam Shankman,United States,20000000.0,72216294.0,26000.0,1
M7638348,7638348,Boss Level,Action,2021.0,3.34,35,107,3.58351893845611,0,English,False,,,,,,1
M7642818,7642818,Aile Arasinda,Comedy,2017.0,3.85,42,100,3.7612001156935624,0,English,False,,,,,,1
M7645780,7645780,The Wedding Guest,Thriller,2018.0,2.58,12,102,2.5649493574615367,0,English,False,,,,,,1
M7653254,7653254,Marriage Story,Comedy,2019.0,3.98,842,137,6.736966958001855,0,Other,False,Noah Baumbach,United Kingdom,18600000.0,333686.0,265000.0,1
M7664504,7664504,Three Identical Strangers,Documentary,2018.0,4.03,43,102,3.784189633918261,0,English,False,,,,,,1
M7668870,7668870,Searching,Drama,2018.0,3.83,435,102,6.077642243349034,0,Other,False,Aneesh Chaganty,United States,880000.0,75462037.0,148000.0,1
M7671064,7671064,Brittany Runs a Marathon,Comedy,2019.0,3.69,13,104,2.6390573296152584,0,Other,False,Paul Downs Colaizzo,United States,,7442106.0,18000.0,1
M7681902,7681902,Won't You Be My Neighbor?,Documentary,2018.0,4.39,27,102,3.332204510175204,0,English,False,,,,,,1
M7689966,7689966,Robin Williams: Come Inside My Mind,Documentary,2018.0,3.75,12,102,2.5649493574615367,0,English,False,,,,,,1
M7690670,7690670,Superfly,Action,2018.0,2.88,13,116,2.6390573296152584,0,Other,False,Director X.,United States,16000000.0,20780685.0,6500.0,1
M7711170,7711170,Alone,Thriller,2020.0,2.97,17,102,2.8903717578961645,0,English,False,,,,,,1
M7713068,7713068,Birds of Prey: And the Fantabulous Emancipation of One Harley Quinn,Action,2020.0,3.26,553,107,6.317164686747284,0,English,False,,,,,,1
M7725596,7725596,Badhaai Ho,Comedy,2018.0,3.91,11,100,2.4849066497880004,0,English,False,,,,,,1
M7734218,7734218,Stuber,Action,2019.0,3.18,101,93,4.624972813284271,0,Other,False,Michael Dowse,United States,16000000.0,32390945.0,43000.0,1
M7736478,7736478,Il traditore,Drama,2019.0,3.75,10,109,2.3978952727983707,0,English,False,,,,,,1
M7737786,7737786,Greenland,Action,2020.0,3.29,49,107,3.912023005428146,0,English,False,,,,,,1
M7738450,7738450,Thunder Road,Comedy,2018.0,3.7,32,100,3.4965075614664802,0,English,False,,,,,,1
M7745068,7745068,Boku no hîrô akademia THE MOVIE ~ 2-ri no eiyû ~,Animation,2018.0,4.25,22,91,3.1354942159291497,0,English,False,,,,,,1
M7752126,7752126,Brightburn,Horror,2019.0,3.09,143,90,4.969813299576001,0,Other,False,David Yarovesky,United States,6000000.0,32893421.0,87000.0,1
M7768848,7768848,Wild Wild Country,Documentary,2018.0,4.36,35,102,3.58351893845611,0,English,False,,,,,,1
M7772580,7772580,The Perfection,Drama,2018.0,3.2,47,109,3.871201010907891,0,English,False,,,,,,1
M7772582,7772582,Never Rarely Sometimes Always,Drama,2020.0,3.64,14,109,2.70805020110221,0,English,False,,,,,,1
M7775622,7775622,Free Solo,Documentary,2018.0,4.18,69,102,4.248495242049359,0,English,False,,,,,,1
M7784604,7784604,Hereditary,Drama,2018.0,3.46,403,127,6.0014148779611505,0,Other,False,Ari Aster,United States,10000000.0,80239658.0,259000.0,1
M7798634,7798634,Ready or Not,Horror,2019.0,3.28,400,95,5.993961427306569,0,Other,False,Matt Bettinelli-Olpin,United States,6000000.0,57615777.0,121000.0,1
M7816392,7816392,Lukas,Action,2018.0,2.75,10,107,2.3978952727983707,0,English,False,,,,,,1
M7830574,7830574,Ricky Gervais: Humanity,Comedy,2018.0,4.12,30,100,3.4339872044851463,0,English,False,,,,,,1
M7841496,7841496,Perdida,Crime,2018.0,3.18,11,109,2.4849066497880004,0,English,False,,,,,,1
M7846844,7846844,Enola Holmes,Adventure,2020.0,3.4,26,105,3.295836866004329,0,English,False,,,,,,1
M7853242,7853242,Love Per Square Foot,Comedy,2018.0,3.54,13,100,2.6390573296152584,0,English,False,,,,,,1
M7888964,7888964,Nobody,Action,2021.0,3.66,284,107,5.652489180268651,0,English,False,,,,,,1
M7897330,7897330,Deadly Illusions,Drama,2021.0,1.55,11,109,2.4849066497880004,0,English,False,,,,,,1
M7905466,7905466,They Shall Not Grow Old,Documentary,2018.0,4.36,50,102,3.9318256327243257,0,English,False,,,,,,1
M7914416,7914416,Kamera wo tomeruna!,Comedy,2017.0,4.07,28,100,3.367295829986474,0,English,False,,,,,,1
M7923220,7923220,Inheritance,Drama,2020.0,2.55,11,109,2.4849066497880004,0,English,False,,,,,,1
M7939766,7939766,I'm Thinking of Ending Things,Drama,2020.0,3.49,110,109,4.709530201312334,0,English,False,,,,,,1
M7946422,7946422,Prospect,Drama,2018.0,3.34,25,109,3.258096538021482,0,English,False,,,,,,1
M7957694,7957694,The Last Summer,Comedy,2019.0,2.75,12,100,2.5649493574615367,0,English,False,,,,,,1
M7958736,7958736,Ma,Horror,2019.0,2.76,98,99,4.59511985013459,0,Other,False,Tate Taylor,Japan,5000000.0,61105744.0,46000.0,1
M7959026,7959026,The Mule,Crime,2018.0,3.61,273,116,5.6131281063880705,0,Other,False,Clint Eastwood,United States,50000000.0,174804407.0,121000.0,1
M7959216,7959216,Utøya 22. juli,Drama,2018.0,3.53,16,109,2.833213344056216,0,English,False,,,,,,1
M7961060,7961060,Doragon bôru chô: Burorî,Animation,2018.0,4.1,52,91,3.970291913552122,0,English,False,,,,,,1
M7967412,7967412,Quien a hierro mata,Drama,2019.0,3.27,13,109,2.6390573296152584,0,English,False,,,,,,1
M7975244,7975244,Jumanji: The Next Level,Action,2019.0,3.27,276,123,5.6240175061873385,0,Other,False,Jake Kasdan,United States,125000000.0,800059707.0,204000.0,1
M7979142,7979142,The Night Clerk,Crime,2020.0,2.89,18,109,2.9444389791664403,0,English,False,,,,,,1
M7979580,7979580,The Mitchells vs the Machines,Animation,2021.0,4.06,68,91,4.23410650459726,0,English,False,,,,,,1
M7983794,7983794,Operation Odessa,Documentary,2018.0,3.9,10,102,2.3978952727983707,0,English,False,,,,,,1
M7984734,7984734,The Lighthouse,Drama,2019.0,3.58,297,109,5.697093486505405,0,Other,False,Robert Eggers,Canada,,18123239.0,159000.0,1
M7984766,7984766,The King,Biography,2019.0,3.71,213,117,5.365976015021851,0,English,False,,,,,,1
M7985692,7985692,After the Wedding,Drama,2019.0,3.05,10,120,2.3978952727983707,0,Other,False,Susanne Bier,Denmark,,11632723.0,33000.0,1
M7991608,7991608,Red Notice,Action,2021.0,3.13,119,107,4.787491742782046,0,English,False,,,,,,1
M8000718,8000718,The Operative,Thriller,2019.0,3.33,12,102,2.5649493574615367,0,English,False,,,,,,1
M8020896,8020896,Da xiang xi di er zuo,Drama,2018.0,4.14,11,109,2.4849066497880004,0,English,False,,,,,,1
M8041276,8041276,Paddleton,Comedy,2019.0,3.7,25,100,3.258096538021482,0,English,False,,,,,,1
M8075192,8075192,Manbiki kazoku,Crime,2018.0,3.98,128,109,4.859812404361672,0,English,False,,,,,,1
M8075260,8075260,Someone Great,Comedy,2019.0,3.37,26,100,3.295836866004329,0,English,False,,,,,,1
M8075496,8075496,Bao,Animation,2018.0,3.94,24,91,3.2188758248682006,0,English,False,,,,,,1
M8079248,8079248,Yesterday,Comedy,2019.0,3.49,165,116,5.111987788356544,0,Other,False,Danny Boyle,United Kingdom,26000000.0,153193369.0,131000.0,1
M8085790,8085790,Little,Comedy,2019.0,3.25,24,109,3.2188758248682006,0,Other,False,Tina Gordon,United States,20000000.0,49000667.0,12000.0,1
M8088944,8088944,Ban-deu-si jab-neun-da,Drama,2017.0,3.29,12,109,2.5649493574615367,0,English,False,,,,,,1
M8090580,8090580,Noah Land,Drama,2019.0,3.45,10,109,2.3978952727983707,0,English,False,,,,,,1
M8092252,8092252,Jigeum Mannareo Gabmida,Drama,2018.0,3.71,14,109,2.70805020110221,0,English,False,,,,,,1
M8096832,8096832,Lady and the Tramp,Adventure,2019.0,3.24,17,105,2.8903717578961645,0,English,False,,,,,,1
M8097306,8097306,Nobody's Fool,Comedy,2018.0,3.36,11,107,2.4849066497880004,0,Other,False,Evelyn Purcell,United States,,563358.0,754.0,1
M8106534,8106534,6 Underground,Action,2019.0,3.19,202,107,5.313205979041787,0,English,False,,,,,,1
M8108198,8108198,Andhadhun,Crime,2018.0,4.03,38,139,3.6635616461296463,0,Other,False,Sriram Raghavan,India,4500000.0,62475342.0,79000.0,1
M8108202,8108202,Stree,Comedy,2018.0,3.46,12,100,2.5649493574615367,0,English,False,,,,,,1
M8110232,8110232,The Many Saints of Newark,Crime,2021.0,3.25,50,109,3.9318256327243257,0,English,False,,,,,,1
M8110640,8110640,In the Shadow of the Moon,Thriller,2019.0,3.17,57,102,4.060443010546419,0,English,False,,,,,,1
M8114980,8114980,Willy's Wonderland,Horror,2021.0,2.86,14,96,2.70805020110221,0,English,False,,,,,,1
M8116428,8116428,Sin-gwa ham-kke: In-gwa yeon,Action,2018.0,3.5,17,107,2.8903717578961645,0,English,False,,,,,,1
M8119752,8119752,Gon-ji-am,Horror,2018.0,3.17,12,96,2.5649493574615367,0,English,False,,,,,,1
M8128188,8128188,High Flying Bird,Drama,2019.0,2.86,11,109,2.4849066497880004,0,English,False,,,,,,1
M8130968,8130968,Badla,Crime,2019.0,4.06,25,109,3.258096538021482,0,English,False,,,,,,1
M8132700,8132700,Behind the Curve,Documentary,2018.0,3.3,10,102,2.3978952727983707,0,English,False,,,,,,1
M8134742,8134742,3 from Hell,Horror,2019.0,3.25,10,96,2.3978952727983707,0,English,False,,,,,,1
M8151874,8151874,Honey Boy,Drama,2019.0,3.8,59,109,4.0943445622221,0,English,False,,,,,,1
M8155288,8155288,Happy Death Day 2U,Drama,2019.0,3.09,93,100,4.543294782270004,0,Other,False,Christopher Landon,United States,9000000.0,64600152.0,64000.0,1
M8169446,8169446,Wine Country,Comedy,2019.0,2.86,21,100,3.091042453358316,0,English,False,,,,,,1
M8176578,8176578,Si shi qing chun,Animation,2018.0,3.54,24,91,3.2188758248682006,0,English,False,,,,,,1
M8178486,8178486,Earthquake Bird,Crime,2019.0,3.0,21,109,3.091042453358316,0,English,False,,,,,,1
M8179388,8179388,Rim of the World,Action,2019.0,2.6,24,107,3.2188758248682006,0,English,False,,,,,,1
M8201170,8201170,The Perfect Date,Comedy,2019.0,3.04,27,100,3.332204510175204,0,English,False,,,,,,1
M8201852,8201852,You Should Have Left,Horror,2020.0,3.14,18,96,2.9444389791664403,0,English,False,,,,,,1
M8206668,8206668,Bad Education,Comedy,2019.0,3.55,55,106,4.02535169073515,0,Other,False,Pedro Almodóvar,Spain,5000000.0,40423279.0,57000.0,1
M8228288,8228288,El hoyo,Horror,2019.0,3.31,279,96,5.634789603169249,0,English,False,,,,,,1
M8233874,8233874,Extra Ordinary,Comedy,2019.0,3.1,10,100,2.3978952727983707,0,English,False,,,,,,1
M8236336,8236336,The Report,Drama,2019.0,3.66,58,109,4.07753744390572,0,English,False,,,,,,1
M8237172,8237172,Gundala,Action,2019.0,3.59,11,107,2.4849066497880004,0,English,False,,,,,,1
M8242084,8242084,My Spy,Action,2020.0,3.17,47,107,3.871201010907891,0,English,False,,,,,,1
M8244784,8244784,The Hunt,Action,2020.0,3.09,102,115,4.634728988229636,0,Other,False,Thomas Vinterberg,Denmark,3800000.0,15843274.0,297000.0,1
M8254556,8254556,Girl,Drama,2018.0,3.76,25,109,3.258096538021482,0,English,False,,,,,,1
M8262802,8262802,The Holiday Calendar,Drama,2018.0,2.55,10,109,2.3978952727983707,0,English,False,,,,,,1
M8266310,8266310,Blinded by the Light,Biography,2019.0,3.63,26,118,3.295836866004329,0,Other,False,Gurinder Chadha,United Kingdom,15000000.0,18096691.0,22000.0,1
M8267604,8267604,Capharnaüm,Drama,2018.0,4.35,262,126,5.572154032177765,0,Other,False,Nadine Labaki,Lebanon,4000000.0,64417003.0,71000.0,1
M8290698,8290698,Gongjak,Drama,2018.0,3.97,18,109,2.9444389791664403,0,English,False,,,,,,1
M8291806,8291806,Dolor y gloria,Drama,2019.0,3.82,104,109,4.653960350157523,0,English,False,,,,,,1
M8305806,8305806,The Wretched,Horror,2019.0,2.95,11,96,2.4849066497880004,0,English,False,,,,,,1
M8332922,8332922,A Quiet Place Part II,Drama,2020.0,3.85,327,109,5.793013608384144,0,English,False,,,,,,1
M8338762,8338762,The Nest,Drama,2020.0,3.1,10,109,2.3978952727983707,0,English,False,,,,,,1
M8350360,8350360,Annabelle Comes Home,Horror,2019.0,2.93,174,106,5.1647859739235145,0,Other,False,Gary Dauberman,United States,30000000.0,231252591.0,65000.0,1
M8351882,8351882,Karmouz War,Action,2018.0,3.9,10,107,2.3978952727983707,0,English,False,,,,,,1
M8359816,8359816,Sorry We Missed You,Drama,2019.0,3.7,23,109,3.1780538303479458,0,English,False,,,,,,1
M8359848,8359848,Climax,Drama,2018.0,3.43,74,97,4.31748811353631,0,Other,False,Gaspar Noé,France,,2027391.0,57000.0,1
M8361028,8361028,Cam,Horror,2018.0,3.12,41,96,3.7376696182833684,0,English,False,,,,,,1
M8364368,8364368,Crawl,Action,2019.0,2.99,232,87,5.4510384535657,0,Other,False,Alexandre Aja,United States,13500000.0,91542097.0,74000.0,1
M8367814,8367814,The Gentlemen,Action,2019.0,4.08,954,107,6.86171134048073,0,English,False,,,,,,1
M8368406,8368406,Vivarium,Thriller,2019.0,2.9,47,102,3.871201010907891,0,English,False,,,,,,1
M8368408,8368408,Gunpowder Milkshake,Action,2021.0,3.11,18,107,2.9444389791664403,0,English,False,,,,,,1
M8368512,8368512,The Courier,Thriller,2020.0,3.76,54,102,4.007333185232471,0,English,False,,,,,,1
M8372298,8372298,Swallow,Drama,2019.0,3.34,19,109,2.995732273553991,0,English,False,,,,,,1
M8378126,8378126,Dronningen,Drama,2019.0,3.77,11,109,2.4849066497880004,0,English,False,,,,,,1
M8385148,8385148,Hitman's Wife's Bodyguard,Action,2021.0,3.41,118,107,4.77912349311153,0,English,False,,,,,,1
M8385474,8385474,A Dog's Journey,Adventure,2019.0,3.38,12,109,2.5649493574615367,0,Other,False,Gail Mancuso,China,16000000.0,75741734.0,21000.0,1
M8404256,8404256,Snake Eyes: G.I. Joe Origins,Action,2021.0,3.12,20,107,3.044522437723423,0,English,False,,,,,,1
M8404614,8404614,The Two Popes,Biography,2019.0,3.77,262,117,5.572154032177765,0,English,False,,,,,,1
M8465676,8465676,Hannah Gadsby: Nanette,Documentary,2018.0,4.27,13,102,2.6390573296152584,0,English,False,,,,,,1
M8485364,8485364,The Room,Drama,2019.0,3.07,46,99,3.8501476017100584,0,Other,False,Tommy Wiseau,United States,6000000.0,4988181.0,84000.0,1
M8503618,8503618,Hamilton,Biography,2020.0,4.44,49,117,3.912023005428146,0,English,False,,,,,,1
M8510350,8510350,Satanic Panic,Comedy,2019.0,2.65,10,100,2.3978952727983707,0,English,False,,,,,,1
M8510488,8510488,Christmas in the Wild,Comedy,2019.0,3.05,10,100,2.3978952727983707,0,English,False,,,,,,1
M8521718,8521718,The United States vs. Billie Holiday,Biography,2021.0,3.23,11,117,2.4849066497880004,0,English,False,,,,,,1
M8521876,8521876,Yes Day,Comedy,2021.0,2.74,17,100,2.8903717578961645,0,English,False,,,,,,1
M8526872,8526872,Dolemite Is My Name,Biography,2019.0,3.76,96,117,4.574710978503383,0,English,False,,,,,,1
M8544498,8544498,The Way Back,Drama,2020.0,3.45,108,133,4.6913478822291435,0,Other,False,Peter Weir,United States,30000000.0,24172201.0,112000.0,1
M8562562,8562562,Jeungin,Thriller,2019.0,4.03,16,102,2.833213344056216,0,English,False,,,,,,1
M8579674,8579674,1917,Drama,2019.0,4.27,2005,119,7.603897968521881,0,Other,False,Sam Mendes,United States,95000000.0,384623579.0,473000.0,1
M8580274,8580274,Eurovision Song Contest: The Story of Fire Saga,Comedy,2020.0,3.53,48,100,3.8918202981106265,0,English,False,,,,,,1
M8613070,8613070,Portrait de la jeune fille en feu,Drama,2019.0,4.07,97,109,4.584967478670572,0,English,False,,,,,,1
M8613876,8613876,Kidnapping Stella,Thriller,2019.0,1.81,13,102,2.6390573296152584,0,English,False,,,,,,1
M8617844,8617844,Jim Jefferies: This Is Me Now,Comedy,2018.0,3.85,13,100,2.6390573296152584,0,English,False,,,,,,1
M8623904,8623904,Last Christmas,Comedy,2019.0,3.2,122,100,4.812184355372417,0,English,False,,,,,,1
M8629748,8629748,Spenser Confidential,Crime,2020.0,3.07,164,109,5.10594547390058,0,English,False,,,,,,1
M8632862,8632862,Fahrenheit 11/9,Documentary,2018.0,3.77,22,102,3.1354942159291497,0,English,False,,,,,,1
M8633462,8633462,"Quo vadis, Aida?",Drama,2020.0,4.17,15,109,2.772588722239781,0,English,False,,,,,,1
M8633478,8633478,Run,Horror,2020.0,3.37,93,91,4.543294782270004,0,Other,False,Geoff Burrowes,United States,16000000.0,4409328.0,2600.0,1
M8637428,8637428,The Farewell,Comedy,2019.0,3.81,111,100,4.718498871295094,0,Other,False,Lulu Wang,United States,,23076657.0,55000.0,1
M8652728,8652728,Waves,Drama,2019.0,3.59,34,109,3.5553480614894135,0,English,False,,,,,,1
M8663516,8663516,Child's Play,Horror,2019.0,2.67,135,87,4.912654885736052,0,Other,False,Tom Holland,United States,9000000.0,44196684.0,91000.0,1
M8688634,8688634,21 Bridges,Action,2019.0,3.3,144,107,4.976733742420574,0,English,False,,,,,,1
M8695030,8695030,The Dead Don't Die,Comedy,2019.0,2.7,81,104,4.406719247264253,0,Other,False,Jim Jarmusch,United States,,15325468.0,65000.0,1
M8707922,8707922,Can You Keep a Secret?,Comedy,2019.0,2.73,28,94,3.367295829986474,0,Other,False,Elise Durán,United States,,1378160.0,12000.0,1
M8721424,8721424,"Tick, Tick... Boom!",Biography,2021.0,4.27,11,117,2.4849066497880004,0,English,False,,,,,,1
M8722346,8722346,Queen &amp; Slim,Drama,2019.0,3.81,95,109,4.564348191467836,0,English,False,,,,,,1
M8743064,8743064,See You Yesterday,Action,2019.0,2.47,15,107,2.772588722239781,0,English,False,,,,,,1
M8745960,8745960,Daniel Isn't Real,Thriller,2019.0,3.7,10,102,2.3978952727983707,0,English,False,,,,,,1
M8750570,8750570,Sergio,Drama,2020.0,3.25,12,109,2.5649493574615367,0,English,False,,,,,,1
M8752474,8752474,Justice League vs. the Fatal Five,Animation,2019.0,3.5,14,91,2.70805020110221,0,English,False,,,,,,1
M8760684,8760684,Apollo 11,Documentary,2019.0,4.29,43,102,3.784189633918261,0,English,False,,,,,,1
M8772262,8772262,Midsommar,Drama,2019.0,3.34,300,148,5.707110264748875,0,Other,False,Ari Aster,United States,9000000.0,47967636.0,232000.0,1
M8781414,8781414,Freaks,Drama,2018.0,3.51,39,109,3.6888794541139363,0,English,False,,,,,,1
M8784956,8784956,Ava,Action,2020.0,2.45,22,107,3.1354942159291497,0,English,False,,,,,,1
M8805486,8805486,El Badla,Action,2018.0,3.62,12,107,2.5649493574615367,0,English,False,,,,,,1
M8816194,8816194,Come to Daddy,Comedy,2019.0,3.12,16,100,2.833213344056216,0,English,False,,,,,,1
M8836988,8836988,Avengement,Action,2019.0,3.42,19,107,2.995732273553991,0,English,False,,,,,,1
M8847712,8847712,The French Dispatch,Comedy,2021.0,3.8,27,100,3.332204510175204,0,English,False,,,,,,1
M8850222,8850222,Train to Busan 2,Action,2020.0,2.92,44,107,3.8066624897703196,0,English,False,,,,,,1
M8851668,8851668,The Lovebirds,Action,2020.0,3.11,33,107,3.5263605246161616,0,English,False,,,,,,1
M8858104,8858104,Guava Island,Comedy,2019.0,3.56,16,100,2.833213344056216,0,English,False,,,,,,1
M8865562,8865562,Mok-gyeok-ja,Thriller,2018.0,3.6,10,102,2.3978952727983707,0,English,False,,,,,,1
M8902990,8902990,The Sky Is Pink,Drama,2019.0,4.18,11,109,2.4849066497880004,0,English,False,,,,,,1
M8936646,8936646,Extraction,Action,2020.0,3.37,299,107,5.703782474656201,0,English,False,,,,,,1
M8946378,8946378,Knives Out,Comedy,2019.0,4.07,1067,130,6.97354301952014,0,Other,False,Rian Johnson,United States,40000000.0,311539397.0,505000.0,1
M8954732,8954732,The Princess Switch,Romance,2018.0,3.35,34,112,3.5553480614894135,0,English,False,,,,,,1
M8963708,8963708,And Then We Danced,Drama,2019.0,3.88,12,109,2.5649493574615367,0,English,False,,,,,,1
M8976710,8976710,Sextuplets,Comedy,2019.0,2.5,17,100,2.8903717578961645,0,English,False,,,,,,1
M8991268,8991268,Honeyland,Documentary,2019.0,4.07,21,102,3.091042453358316,0,English,False,,,,,,1
M8995218,8995218,Z,Horror,2019.0,3.0,11,96,2.4849066497880004,0,English,False,,,,,,1
M9000224,9000224,The Assistant,Drama,2019.0,3.35,13,109,2.6390573296152584,0,English,False,,,,,,1
M9016974,9016974,Synchronic,Drama,2019.0,3.31,16,109,2.833213344056216,0,English,False,,,,,,1
M9026184,9026184,Girl on the Third Floor,Horror,2019.0,2.46,12,96,2.5649493574615367,0,English,False,,,,,,1
M9032400,9032400,Eternals,Action,2021.0,3.62,60,107,4.110873864173311,0,English,False,,,,,,1
M9059704,9059704,An American Pickle,Comedy,2020.0,2.88,20,100,3.044522437723423,0,English,False,,,,,,1
M9063902,9063902,Vivir dos veces,Drama,2019.0,3.7,20,109,3.044522437723423,0,English,False,,,,,,1
M9071322,9071322,Dark Waters,Biography,2019.0,3.89,125,117,4.836281906951478,0,English,False,,,,,,1
M9072352,9072352,Relic,Drama,2020.0,2.78,25,109,3.258096538021482,0,English,False,,,,,,1
M9076562,9076562,Irresistible,Comedy,2020.0,3.47,16,100,2.833213344056216,0,English,False,,,,,,1
M9086228,9086228,Gretel &amp; Hansel,Fantasy,2020.0,2.52,27,96,3.332204510175204,0,English,False,,,,,,1
M9089294,9089294,The Seven Deadly Sins: Prisoners of the Sky,Animation,2018.0,4.05,11,91,2.4849066497880004,0,English,False,,,,,,1
M9095324,9095324,Coldplay: A Head Full of Dreams,Documentary,2018.0,4.62,17,102,2.8903717578961645,0,English,False,,,,,,1
M9110170,9110170,Wrong Turn,Horror,2021.0,2.65,17,84,2.8903717578961645,0,Other,False,Rob Schmidt,Canada,12600000.0,28650575.0,113000.0,1
M9130508,9130508,Cherry,Crime,2021.0,3.26,37,109,3.6375861597263857,0,English,False,,,,,,1
M9134216,9134216,Playing with Fire,Comedy,2019.0,2.47,47,100,3.871201010907891,0,English,False,,,,,,1
M9135854,9135854,Take the Ball Pass the Ball: The Making of the Greatest Team in the World,Documentary,2018.0,4.54,12,102,2.5649493574615367,0,English,False,,,,,,1
M9150970,9150970,A pesar de todo,Comedy,2019.0,2.95,11,100,2.4849066497880004,0,English,False,,,,,,1
M9172422,9172422,La Belle Époque,Comedy,2019.0,3.75,12,100,2.5649493574615367,0,English,False,,,,,,1
M9173418,9173418,Brahms: The Boy II,Horror,2020.0,2.19,18,96,2.9444389791664403,0,English,False,,,,,,1
M9179096,9179096,Minamata,Drama,2020.0,3.83,18,109,2.9444389791664403,0,English,False,,,,,,1
M9203694,9203694,Stowaway,Drama,2021.0,2.81,35,109,3.58351893845611,0,English,False,,,,,,1
M9206562,9206562,Make Us Dream,Documentary,2018.0,4.17,15,102,2.772588722239781,0,English,False,,,,,,1
M9207616,9207616,The Courier,Action,2019.0,2.53,15,107,2.772588722239781,0,English,False,,,,,,1
M9208444,9208444,Impractical Jokers: The Movie,Comedy,2020.0,3.41,11,100,2.4849066497880004,0,English,False,,,,,,1
M9214832,9214832,Emma.,Comedy,2020.0,3.19,32,100,3.4965075614664802,0,English,False,,,,,,1
M9225192,9225192,Seongnan hwangso,Action,2018.0,3.5,12,107,2.5649493574615367,0,English,False,,,,,,1
M9231040,9231040,First Cow,Drama,2019.0,3.67,12,109,2.5649493574615367,0,English,False,,,,,,1
M9243804,9243804,The Green Knight,Adventure,2021.0,3.07,14,105,2.70805020110221,0,English,False,,,,,,1
M9243946,9243946,El Camino: A Breaking Bad Movie,Action,2019.0,3.74,680,107,6.523562306149512,0,English,False,,,,,,1
M9252508,9252508,Tall Girl,Comedy,2019.0,2.83,21,100,3.091042453358316,0,English,False,,,,,,1
M9257484,9257484,Rattlesnake,Drama,2019.0,2.4,10,109,2.3978952727983707,0,English,False,,,,,,1
M9340860,9340860,Let Him Go,Crime,2020.0,3.42,12,109,2.5649493574615367,0,English,False,,,,,,1
M9345754,9345754,Hogar,Drama,2020.0,3.13,27,109,3.332204510175204,0,English,False,,,,,,1
M9347730,9347730,Candyman,Horror,2021.0,2.93,15,99,2.772588722239781,0,Other,False,Bernard Rose,United States,6000000.0,25795897.0,74000.0,1
M9351980,9351980,American Factory,Documentary,2019.0,3.67,35,102,3.58351893845611,0,English,False,,,,,,1
M9354842,9354842,To All the Boys: P.S. I Still Love You,Drama,2020.0,3.19,31,109,3.4657359027997265,0,English,False,,,,,,1
M9354944,9354944,Jexi,Comedy,2019.0,2.66,66,100,4.204692619390966,0,English,False,,,,,,1
M9358204,9358204,The Great Hack,Documentary,2019.0,3.68,38,102,3.6635616461296463,0,English,False,,,,,,1
M9363208,9363208,The Guest,Thriller,2018.0,3.65,10,100,2.3978952727983707,0,Other,False,Adam Wingard,United States,5000000.0,2700051.0,95000.0,1
M9376612,9376612,Shang-Chi and the Legend of the Ten Rings,Action,2021.0,3.63,71,107,4.276666119016055,0,English,False,,,,,,1
M9398640,9398640,Between Two Ferns: The Movie,Comedy,2019.0,3.23,37,100,3.6375861597263857,0,English,False,,,,,,1
M9402676,9402676,Doeorak,Thriller,2018.0,3.39,14,102,2.70805020110221,0,English,False,,,,,,1
M9412098,9412098,Fyre,Documentary,2019.0,3.67,74,102,4.31748811353631,0,English,False,,,,,,1
M9419056,9419056,The Unholy,Horror,2021.0,2.83,12,102,2.5649493574615367,0,Other,False,Camilo Vila,United States,,6337299.0,1700.0,1
M9419834,9419834,Secret Obsession,Drama,2019.0,2.25,30,109,3.4339872044851463,0,English,False,,,,,,1
M9421570,9421570,The Guilty,Crime,2021.0,3.27,122,85,4.812184355372417,0,Other,False,Gustav Möller,Denmark,,4598051.0,48000.0,1
M9426210,9426210,Tenki no ko,Animation,2019.0,3.98,61,91,4.127134385045092,0,English,False,,,,,,1
M9430698,9430698,One Piece: Stampede,Animation,2019.0,4.13,57,91,4.060443010546419,0,English,False,,,,,,1
M9484998,9484998,Palm Springs,Comedy,2020.0,3.63,135,100,4.912654885736052,0,English,False,,,,,,1
M9495224,9495224,Black Mirror: Bandersnatch,Drama,2018.0,3.79,240,109,5.484796933490655,0,English,False,,,,,,1
M9500372,9500372,Cep Herkülü: Naim Süleymanoglu,Biography,2019.0,4.11,14,117,2.70805020110221,0,English,False,,,,,,1
M9501310,9501310,Meitantei Conan: Konjo no fisuto,Animation,2019.0,3.88,13,91,2.6390573296152584,0,English,False,,,,,,1
M9506474,9506474,Sala samobójców. Hejter,Animation,2020.0,3.45,11,91,2.4849066497880004,0,English,False,,,,,,1
M9541602,9541602,Geukhanjikeob,Action,2019.0,3.94,36,107,3.6109179126442243,0,English,False,,,,,,1
M9573980,9573980,Leaving Neverland,Documentary,2019.0,3.67,33,102,3.5263605246161616,0,English,False,,,,,,1
M9580138,9580138,Mortal Kombat Legends: Scorpion's Revenge,Animation,2020.0,3.71,14,91,2.70805020110221,0,English,False,,,,,,1
M9614460,9614460,Chhapaak,Drama,2020.0,3.81,16,109,2.833213344056216,0,English,False,,,,,,1
M9616700,9616700,Adú,Drama,2020.0,3.7,10,109,2.3978952727983707,0,English,False,,,,,,1
M9617456,9617456,For Sama,Documentary,2019.0,4.2,28,102,3.367295829986474,0,English,False,,,,,,1
M9619798,9619798,The Wrong Missy,Comedy,2020.0,2.67,35,100,3.58351893845611,0,English,False,,,,,,1
M9620288,9620288,King Richard,Biography,2021.0,4.09,32,117,3.4965075614664802,0,English,False,,,,,,1
M9620292,9620292,Promising Young Woman,Comedy,2020.0,3.74,143,100,4.969813299576001,0,English,False,,,,,,1
M9639470,9639470,Last Night in Soho,Drama,2021.0,3.71,66,109,4.204692619390966,0,English,False,,,,,,1
M9664078,9664078,American Son,Drama,2019.0,2.73,15,109,2.772588722239781,0,English,False,,,,,,1
M9683478,9683478,The Half of It,Comedy,2020.0,3.63,27,100,3.332204510175204,0,English,False,,,,,,1
M9684220,9684220,Bad Trip,Comedy,2021.0,3.15,17,100,2.8903717578961645,0,English,False,,,,,,1
M9686154,9686154,You Will Die at 20,Drama,2019.0,3.64,11,109,2.4849066497880004,0,English,False,,,,,,1
M9686708,9686708,The King of Staten Island,Comedy,2020.0,3.58,36,100,3.6109179126442243,0,English,False,,,,,,1
M9701940,9701940,Fear Street: 1978,Horror,2021.0,3.41,40,96,3.713572066704308,0,English,False,,,,,,1
M9701942,9701942,Fear Street: 1666,Horror,2021.0,3.44,33,96,3.5263605246161616,0,English,False,,,,,,1
M9731534,9731534,The Night House,Horror,2020.0,3.36,21,96,3.091042453358316,0,English,False,,,,,,1
M9742794,9742794,Way Down,Action,2021.0,3.29,14,107,2.70805020110221,0,English,False,,,,,,1
M9770150,9770150,Nomadland,Drama,2020.0,3.63,208,109,5.342334251964811,0,English,False,,,,,,1
M9777644,9777644,Da 5 Bloods,Drama,2020.0,3.41,60,109,4.110873864173311,0,English,False,,,,,,1
M9777666,9777666,The Tomorrow War,Action,2021.0,3.4,113,107,4.736198448394496,0,English,False,,,,,,1
M9779516,9779516,I Still Believe,Drama,2020.0,3.41,11,109,2.4849066497880004,0,English,False,,,,,,1
M9784456,9784456,The Kissing Booth 2,Comedy,2020.0,3.4,21,100,3.091042453358316,0,English,False,,,,,,1
M9784798,9784798,Judas and the Black Messiah,Biography,2021.0,3.8,70,117,4.2626798770413155,0,English,False,,,,,,1
M9806192,9806192,J'ai perdu mon corps,Animation,2019.0,3.85,82,91,4.418840607796598,0,English,False,,,,,,1
M9812474,9812474,Lamb,Drama,2021.0,3.31,16,109,2.833213344056216,0,English,False,,,,,,1
M9815714,9815714,The Hard Way,Action,2019.0,2.86,11,111,2.4849066497880004,0,Other,False,John Badham,United States,24000000.0,65595485.0,19000.0,1
M9844522,9844522,Escape Room: Tournament of Champions,Action,2021.0,3.27,30,107,3.4339872044851463,0,English,False,,,,,,1
M9845564,9845564,Bajocero,Action,2021.0,3.02,29,107,3.4011973816621555,0,English,False,,,,,,1
M9860728,9860728,Falling Inn Love,Comedy,2019.0,2.64,11,100,2.4849066497880004,0,English,False,,,,,,1
M9877170,9877170,Malang - Unleash the Madness,Action,2020.0,3.8,10,107,2.3978952727983707,0,English,False,,,,,,1
M9893250,9893250,I Care a Lot,Comedy,2020.0,3.23,170,100,5.14166355650266,0,English,False,,,,,,1
M9894470,9894470,VFW,Action,2019.0,3.1,10,107,2.3978952727983707,0,English,False,,,,,,1
M9898858,9898858,Coffee &amp; Kareem,Action,2020.0,2.35,24,107,3.2188758248682006,0,English,False,,,,,,1
M10003008,10003008,The Rental,Horror,2020.0,2.85,31,96,3.4657359027997265,0,English,False,,,,,,1
M10009796,10009796,Kevin Hart: Irresponsible,Comedy,2019.0,4.08,13,100,2.6390573296152584,0,English,False,,,,,,1
M10016180,10016180,The Little Things,Crime,2021.0,3.17,160,109,5.081404364984463,0,English,False,,,,,,1
M10039344,10039344,Countdown,Horror,2019.0,2.52,144,96,4.976733742420574,0,English,False,,,,,,1
M10054876,10054876,Zero Distance,Thriller,2020.0,3.55,10,102,2.3978952727983707,0,English,False,,,,,,1
M10059518,10059518,Unhinged,Thriller,2020.0,3.06,53,102,3.9889840465642745,0,English,False,,,,,,1
M10060094,10060094,The Knight Before Christmas,Comedy,2019.0,2.62,12,100,2.5649493574615367,0,English,False,,,,,,1
M10065694,10065694,Antebellum,Horror,2020.0,3.5,11,96,2.4849066497880004,0,English,False,,,,,,1
M10090796,10090796,Game of Thrones: The Last Watch,Documentary,2019.0,3.46,13,102,2.6390573296152584,0,English,False,,,,,,1
M10121392,10121392,Thunder Force,Action,2021.0,2.2,23,107,3.1780538303479458,0,English,False,,,,,,1
M10147546,10147546,Homecoming: A Film by Beyoncé,Documentary,2019.0,4.06,18,102,2.9444389791664403,0,English,False,,,,,,1
M10151260,10151260,Welad Rizk 2,Action,2019.0,3.8,15,107,2.772588722239781,0,English,False,,,,,,1
M10161238,10161238,Geolkapseu,Comedy,2019.0,3.1,10,107,2.3978952727983707,0,Other,False,Jung Da-Won,South Korea,,12147170.0,760.0,1
M10183816,10183816,Dangerous Lies,Horror,2020.0,2.83,18,96,2.9444389791664403,0,English,False,,,,,,1
M10199590,10199590,Les misérables,Drama,2019.0,4.06,26,134,3.295836866004329,0,Other,False,Bille August,United Kingdom,,14096321.0,39000.0,1
M10208198,10208198,Akinjeon,Action,2019.0,3.43,22,107,3.1354942159291497,0,English,False,,,,,,1
M10228134,10228134,Jolt,Action,2021.0,2.93,23,107,3.1780538303479458,0,English,False,,,,,,1
M10230994,10230994,Beckett,Action,2021.0,2.91,11,107,2.4849066497880004,0,English,False,,,,,,1
M10272386,10272386,The Father,Drama,2020.0,4.21,266,109,5.58724865840025,0,English,False,,,,,,1
M10276470,10276470,Work It,Comedy,2020.0,3.5,10,100,2.3978952727983707,0,English,False,,,,,,1
M10288566,10288566,Druk,Comedy,2020.0,3.88,138,100,4.9344739331306915,0,English,False,,,,,,1
M10314450,10314450,Becky,Action,2020.0,3.11,19,107,2.995732273553991,0,English,False,,,,,,1
M10322274,10322274,Schumacher,Documentary,2021.0,4.0,10,102,2.3978952727983707,0,English,False,,,,,,1
M10324144,10324144,Article 15,Crime,2019.0,3.75,10,109,2.3978952727983707,0,English,False,,,,,,1
M10327252,10327252,The Forever Purge,Action,2021.0,2.87,42,107,3.7612001156935624,0,English,False,,,,,,1
M10332672,10332672,Annem,Drama,2019.0,3.42,18,109,2.9444389791664403,0,English,False,,,,,,1
M10333426,10333426,Bliss,Drama,2021.0,2.93,14,112,2.70805020110221,0,Other,False,Ray Lawrence,Australia,,,1300.0,1
M10342730,10342730,Spiral: From the Book of Saw,Crime,2021.0,2.87,46,109,3.8501476017100584,0,English,False,,,,,,1
M10350626,10350626,Gunjan Saxena: The Kargil Girl,Biography,2020.0,3.95,11,117,2.4849066497880004,0,English,False,,,,,,1
M10366460,10366460,CODA,Drama,2021.0,4.36,37,109,3.6375861597263857,0,English,False,,,,,,1
M10367276,10367276,The Rat,Documentary,2019.0,1.5,35,102,3.58351893845611,0,English,False,,,,,,1
M10384744,10384744,La odisea de los giles,Adventure,2019.0,3.4,10,105,2.3978952727983707,0,English,False,,,,,,1
M10418662,10418662,Awake,Action,2021.0,1.85,24,84,3.2188758248682006,0,Other,False,Joby Harold,United States,8600000.0,32730062.0,73000.0,1
M10431500,10431500,Yedinci Kogustaki Mucize,Drama,2019.0,4.18,137,109,4.927253685157205,0,English,False,,,,,,1
M10451914,10451914,Outside the Wire,Action,2021.0,2.79,29,107,3.4011973816621555,0,English,False,,,,,,1
M10456740,10456740,Balle perdue,Action,2020.0,2.93,15,107,2.772588722239781,0,English,False,,,,,,1
M10472102,10472102,Karakomik Filmler: Emanet,Comedy,2020.0,2.42,13,100,2.6390573296152584,0,English,False,,,,,,1
M10481868,10481868,Black Christmas,Horror,2019.0,2.17,21,95,3.091042453358316,0,Other,False,Glen Morgan,Canada,9000000.0,21510851.0,25000.0,1
M10514222,10514222,Ma Rainey's Black Bottom,Drama,2020.0,3.42,65,109,4.189654742026425,0,English,False,,,,,,1
M10515086,10515086,The Blue Elephant 2,Drama,2019.0,3.88,41,109,3.7376696182833684,0,English,False,,,,,,1
M10516984,10516984,Anima,Documentary,2019.0,3.98,25,102,3.258096538021482,0,English,False,,,,,,1
M10521092,10521092,De slag om de Schelde,Drama,2020.0,3.65,24,109,3.2188758248682006,0,English,False,,,,,,1
M10525672,10525672,Serebryanye konki,Adventure,2020.0,4.0,10,105,2.3978952727983707,0,English,False,,,,,,1
M10530176,10530176,Kol,Horror,2020.0,3.66,29,96,3.4011973816621555,0,English,False,,,,,,1
M10539608,10539608,The Midnight Sky,Drama,2020.0,2.79,19,109,2.995732273553991,0,English,False,,,,,,1
M10612922,10612922,One Night in Miami,Drama,2020.0,3.54,27,109,3.332204510175204,0,English,False,,,,,,1
M10618286,10618286,Mank,Biography,2020.0,3.37,41,117,3.7376696182833684,0,English,False,,,,,,1
M10620868,10620868,Saraitda,Action,2020.0,3.18,50,107,3.9318256327243257,0,English,False,,,,,,1
M10627584,10627584,La vita davanti a sé,Drama,2020.0,3.32,11,109,2.4849066497880004,0,English,False,,,,,,1
M10633456,10633456,Minari,Drama,2020.0,3.66,107,109,4.68213122712422,0,English,False,,,,,,1
M10648440,10648440,Eksiteu,Adventure,2019.0,3.83,24,105,3.2188758248682006,0,English,False,,,,,,1
M10648714,10648714,Chernobyl,Comedy,2021.0,2.45,10,100,2.3978952727983707,0,English,False,,,,,,1
M10665338,10665338,Halloween Kills,Crime,2021.0,2.93,58,109,4.07753744390572,0,English,False,,,,,,1
M10676012,10676012,To All the Boys: Always and Forever,Comedy,2021.0,3.36,11,100,2.4849066497880004,0,English,False,,,,,,1
M10696784,10696784,The Harder They Fall,Drama,2021.0,3.22,39,109,3.6888794541139363,0,English,False,,,,,,1
M10696882,10696882,Khayal Maata,Comedy,2019.0,2.75,10,100,2.3978952727983707,0,English,False,,,,,,1
M10749998,10749998,The Money,Action,2019.0,2.8,10,107,2.3978952727983707,0,English,False,,,,,,1
M10752004,10752004,Love Hard,Comedy,2021.0,2.85,13,100,2.6390573296152584,0,English,False,,,,,,1
M10763820,10763820,Night Teeth,Action,2021.0,2.88,12,107,2.5649493574615367,0,English,False,,,,,,1
M10810424,10810424,Dave Chappelle: Sticks &amp; Stones,Comedy,2019.0,4.22,46,100,3.8501476017100584,0,English,False,,,,,,1
M10847306,10847306,Bill Burr: Paper Tiger,Comedy,2019.0,4.5,28,100,3.367295829986474,0,English,False,,,,,,1
M10856726,10856726,Travis Scott: Look Mom I Can Fly,Documentary,2019.0,4.18,17,102,2.8903717578961645,0,English,False,,,,,,1
M10886166,10886166,365 dni,Drama,2020.0,1.53,19,109,2.995732273553991,0,English,False,,,,,,1
M10895576,10895576,Mimi,Drama,2021.0,4.03,15,109,2.772588722239781,0,English,False,,,,,,1
M10915286,10915286,Tell Me Who I Am,Documentary,2019.0,4.33,15,102,2.772588722239781,0,English,False,,,,,,1
M10919380,10919380,Freaky,Comedy,2020.0,3.11,22,100,3.1354942159291497,0,English,False,,,,,,1
M10937434,10937434,Ultras,Drama,2020.0,3.09,11,109,2.4849066497880004,0,English,False,,,,,,1
M10944760,10944760,Titane,Drama,2021.0,3.0,13,109,2.6390573296152584,0,English,False,,,,,,1
M10954652,10954652,Old,Drama,2021.0,2.92,67,109,4.219507705176107,0,English,False,,,,,,1
M10962368,10962368,Things Heard &amp; Seen,Drama,2021.0,2.58,24,109,3.2188758248682006,0,English,False,,,,,,1
M11003218,11003218,Pig,Drama,2021.0,3.28,32,109,3.4965075614664802,0,English,False,,,,,,1
M11024272,11024272,The Babysitter: Killer Queen,Comedy,2020.0,3.03,17,100,2.8903717578961645,0,English,False,,,,,,1
M11032374,11032374,Kimetsu no Yaiba: Mugen Ressha-Hen,Animation,2020.0,4.55,136,91,4.919980925828125,0,English,False,,,,,,1
M11057594,11057594,Fatal Affair,Drama,2020.0,2.46,12,109,2.5649493574615367,0,English,False,,,,,,1
M11080108,11080108,The Map of Tiny Perfect Things,Fantasy,2021.0,3.65,17,96,2.8903717578961645,0,English,False,,,,,,1
M11083552,11083552,Wrath of Man,Action,2021.0,3.69,225,107,5.420534999272286,0,English,False,,,,,,1
M11107074,11107074,My Hero Academia - Boku no hîrô akademia THE MOVIE - Heroes: Rising - Hîrôzu: Raijingu,Animation,2019.0,4.15,17,91,2.8903717578961645,0,English,False,,,,,,1
M11125620,11125620,The Addams Family 2,Animation,2021.0,2.73,11,91,2.4849066497880004,0,English,False,,,,,,1
M11127690,11127690,El practicante,Thriller,2020.0,2.59,16,102,2.833213344056216,0,English,False,,,,,,1
M11161474,11161474,Pieces of a Woman,Drama,2020.0,3.59,77,109,4.356708826689592,0,English,False,,,,,,1
M11248800,11248800,Ronny Chieng: Asian Comedian Destroys America,Comedy,2019.0,4.15,10,100,2.3978952727983707,0,English,False,,,,,,1
M11285908,11285908,Ashfall,Action,2019.0,3.45,10,107,2.3978952727983707,0,English,False,,,,,,1
M11307814,11307814,Red Dot,Drama,2021.0,2.68,14,109,2.70805020110221,0,English,False,,,,,,1
M11337862,11337862,Friends: The Reunion,Comedy,2021.0,4.48,102,100,4.634728988229636,0,English,False,,,,,,1
M11358398,11358398,Namsanui bujangdeul,Biography,2020.0,4.0,14,117,2.70805020110221,0,English,False,,,,,,1
M11388406,11388406,Horse Girl,Drama,2020.0,2.84,25,109,3.258096538021482,0,English,False,,,,,,1
M11388580,11388580,Miss Americana,Documentary,2020.0,4.11,58,102,4.07753744390572,0,English,False,,,,,,1
M11390036,11390036,A Fall from Grace,Thriller,2020.0,3.27,106,102,4.672828834461906,0,English,False,,,,,,1
M11416594,11416594,Karakomik Filmler: Deli,Comedy,2020.0,2.88,17,100,2.8903717578961645,0,English,False,,,,,,1
M11464826,11464826,The Social Dilemma,Documentary,2020.0,3.96,50,102,3.9318256327243257,0,English,False,,,,,,1
M11525644,11525644,No Sudden Move,Crime,2021.0,3.32,33,109,3.5263605246161616,0,English,False,,,,,,1
M11561866,11561866,Masameer the Movie,Animation,2020.0,3.17,82,91,4.418840607796598,0,English,False,,,,,,1
M11615290,11615290,Beastie Boys Story,Documentary,2020.0,4.47,15,102,2.772588722239781,0,English,False,,,,,,1
M11655202,11655202,Retfærdighedens ryttere,Comedy,2020.0,3.59,29,100,3.4011973816621555,0,English,False,,,,,,1
M11804152,11804152,Till Death,Horror,2021.0,2.79,19,96,2.995732273553991,0,English,False,,,,,,1
M11829142,11829142,Not Me,Drama,2021.0,3.21,12,109,2.5649493574615367,0,English,False,,,,,,1
M11833648,11833648,Shams al-Maaref,Comedy,2020.0,3.97,85,100,4.454347296253507,0,English,False,,,,,,1
M11905462,11905462,Athlete A,Documentary,2020.0,3.79,12,102,2.5649493574615367,0,English,False,,,,,,1
M11905962,11905962,Sputnik,Sci-Fi,2020.0,3.17,12,105,2.5649493574615367,0,English,False,,,,,,1
M11958344,11958344,Nakitai watashi wa neko wo kaburu,Animation,2020.0,3.5,18,91,2.9444389791664403,0,English,False,,,,,,1
M12117854,12117854,Jerry Seinfeld: 23 Hours to Kill,Comedy,2020.0,3.47,16,100,2.833213344056216,0,English,False,,,,,,1
M12133722,12133722,Have a Good Trip: Adventures in Psychedelics,Documentary,2020.0,3.45,10,102,2.3978952727983707,0,English,False,,,,,,1
M12361974,12361974,Zack Snyder's Justice League,Action,2021.0,4.19,240,107,5.484796933490655,0,English,False,,,,,,1
M12383460,12383460,Hypnotic,Horror,2021.0,2.82,11,96,2.4849066497880004,0,English,False,,,,,,1
M12536294,12536294,Spencer,Biography,2021.0,3.37,27,117,3.332204510175204,0,English,False,,,,,,1
M12676326,12676326,Malcolm &amp; Marie,Drama,2021.0,3.52,42,109,3.7612001156935624,0,English,False,,,,,,1
M12724622,12724622,Anelka: Misunderstood,Documentary,2020.0,3.69,13,102,2.6390573296152584,0,English,False,,,,,,1
M12731980,12731980,Old Henry,Action,2021.0,3.95,11,107,2.4849066497880004,0,English,False,,,,,,1
M12749596,12749596,Host,Horror,2020.0,3.43,22,96,3.1354942159291497,0,English,False,,,,,,1
M12801262,12801262,Luca,Animation,2021.0,3.94,115,91,4.7535901911063645,0,English,False,,,,,,1
M12808182,12808182,Le dernier mercenaire,Action,2021.0,2.1,10,107,2.3978952727983707,0,English,False,,,,,,1
M12838766,12838766,Seungriho,Action,2021.0,3.29,19,107,2.995732273553991,0,English,False,,,,,,1
M12888462,12888462,My Octopus Teacher,Documentary,2020.0,4.0,29,102,3.4011973816621555,0,English,False,,,,,,1
M13024674,13024674,Army of Thieves,Action,2021.0,3.2,41,107,3.7376696182833684,0,English,False,,,,,,1
M13045890,13045890,Kagittan Hayatlar,Drama,2021.0,3.37,19,109,2.995732273553991,0,English,False,,,,,,1
M13109952,13109952,I onde dager,Action,2021.0,3.2,10,107,2.3978952727983707,0,English,False,,,,,,1
M13472984,13472984,Two Distant Strangers,Documentary,2020.0,3.68,14,102,2.70805020110221,0,English,False,,,,,,1
M13567480,13567480,Death to 2020,Comedy,2020.0,2.97,17,100,2.8903717578961645,0,English,False,,,,,,1
M13657102,13657102,Had Al Tar,Drama,2020.0,3.8,15,109,2.772588722239781,0,English,False,,,,,,1
M14152756,14152756,Seaspiracy,Documentary,2021.0,4.29,24,102,3.2188758248682006,0,English,False,,,,,,1
M14544192,14544192,Bo Burnham: Inside,Comedy,2021.0,4.25,16,100,2.833213344056216,0,English,False,,,,,,1
M14810692,14810692,Mogadisyu,Action,2021.0,3.88,13,107,2.6390573296152584,0,English,False,,,,,,1
