content_id,avg_polarity,review_count,pct_positive,pct_neutral,pct_negative,avg_subjectivity,avg_acting_score,avg_plot_score,avg_visual_score
M0035423,-0.276,5,0.0,60.0,40.0,0.459,-0.187,-0.187,0.0
M0078935,0.015,5,40.0,20.0,40.0,0.657,0.16,0.13,0.0
M0080319,0.086,5,60.0,20.0,20.0,0.593,0.093,0.102,0.093
M0080339,0.59,5,80.0,20.0,0.0,0.784,0.0,0.498,0.348
M0080365,0.032,5,40.0,40.0,20.0,0.549,-0.096,0.054,0.0
M0080453,-0.15,5,0.0,80.0,20.0,0.41,-0.079,-0.079,0.0
M0080455,0.455,5,80.0,20.0,0.0,0.622,0.147,0.312,0.101
M0080487,0.12,5,60.0,0.0,40.0,0.765,0.207,0.067,0.093
M0080516,0.237,5,40.0,60.0,0.0,0.557,0.092,0.137,0.202
M0080569,-0.108,5,20.0,60.0,20.0,0.5,0.017,-0.063,0.0
M0080610,0.319,5,60.0,40.0,0.0,0.573,0.158,0.141,0.217
M0080661,-0.095,5,20.0,60.0,20.0,0.504,-0.083,0.017,0.0
M0080678,0.191,5,60.0,20.0,20.0,0.571,0.108,0.101,0.179
M0080684,0.526,5,100.0,0.0,0.0,0.705,0.329,0.237,0.31
M0080745,0.416,5,80.0,20.0,0.0,0.597,0.142,0.238,0.217
M0080749,0.024,5,40.0,40.0,20.0,0.506,0.065,0.117,0.0
M0080761,0.332,5,60.0,40.0,0.0,0.62,0.191,0.115,0.187
M0080801,-0.192,5,40.0,20.0,40.0,0.478,-0.057,-0.185,0.0
M0080979,0.294,5,60.0,40.0,0.0,0.442,0.174,0.013,0.093
M0081059,0.233,5,60.0,20.0,20.0,0.712,0.187,0.052,0.187
M0081070,0.266,5,80.0,0.0,20.0,0.563,0.13,0.25,0.0
M0081283,0.192,5,40.0,60.0,0.0,0.391,0.04,0.251,0.0
M0081318,-0.219,5,20.0,20.0,60.0,0.659,0.027,-0.12,0.0
M0081375,-0.173,5,20.0,40.0,40.0,0.557,0.017,-0.081,0.0
M0081383,-0.566,5,20.0,0.0,80.0,0.63,-0.1,-0.491,0.0
M0081398,0.2,5,60.0,20.0,20.0,0.626,0.004,0.197,0.123
M0081455,0.307,5,60.0,20.0,20.0,0.574,-0.007,0.161,0.093
M0081505,0.365,5,80.0,20.0,0.0,0.491,0.247,0.0,0.187
M0081534,0.314,5,60.0,40.0,0.0,0.554,0.289,0.117,0.172
M0081554,0.412,5,60.0,40.0,0.0,0.704,0.0,0.358,0.247
M0081562,0.526,5,80.0,20.0,0.0,0.659,0.176,0.228,0.396
M0081573,0.32,5,40.0,40.0,20.0,0.55,0.0,0.3,0.0
M0081633,-0.09,5,20.0,60.0,20.0,0.555,-0.003,-0.096,0.093
M0082010,0.335,5,60.0,40.0,0.0,0.56,0.038,0.217,0.0
M0082031,-0.058,5,20.0,60.0,20.0,0.496,0.013,0.113,0.0
M0082085,0.192,5,60.0,40.0,0.0,0.442,0.168,0.013,0.093
M0082089,0.211,5,60.0,40.0,0.0,0.494,0.12,0.107,0.093
M0082096,0.364,5,100.0,0.0,0.0,0.584,0.151,0.313,0.0
M0082136,0.069,5,20.0,80.0,0.0,0.461,0.015,0.115,0.0
M0082158,-0.043,5,40.0,20.0,40.0,0.546,-0.06,0.054,0.0
M0082176,0.467,5,80.0,20.0,0.0,0.58,0.323,0.213,0.078
M0082186,0.096,5,40.0,60.0,0.0,0.341,0.103,0.034,0.0
M0082198,0.161,5,40.0,40.0,20.0,0.59,0.004,0.265,0.0
M0082242,0.123,5,20.0,60.0,20.0,0.563,0.013,0.163,0.0
M0082307,-0.356,5,0.0,60.0,40.0,0.563,0.008,-0.237,0.0
M0082334,0.353,5,80.0,0.0,20.0,0.7,0.2,0.265,0.101
M0082340,0.158,5,40.0,20.0,40.0,0.594,0.0,0.153,0.0
M0082348,-0.222,5,20.0,40.0,40.0,0.59,0.0,-0.096,0.0
M0082377,0.16,5,40.0,40.0,20.0,0.645,0.004,0.154,0.0
M0082398,0.199,5,40.0,40.0,20.0,0.563,0.028,0.178,0.0
M0082406,0.2,5,60.0,20.0,20.0,0.683,0.123,0.123,0.182
M0082418,0.034,5,40.0,20.0,40.0,0.761,0.0,0.127,0.123
M0082432,0.652,5,100.0,0.0,0.0,0.709,0.187,0.335,0.411
M0082495,0.235,5,60.0,20.0,20.0,0.54,0.03,0.25,0.0
M0082509,0.246,5,60.0,40.0,0.0,0.591,0.03,0.15,0.164
M0082517,0.23,5,60.0,20.0,20.0,0.615,0.004,0.377,0.123
M0082533,0.227,5,60.0,40.0,0.0,0.628,0.131,0.1,0.093
M0082694,0.325,5,40.0,60.0,0.0,0.607,0.13,0.28,0.0
M0082783,0.331,5,80.0,20.0,0.0,0.688,0.0,0.327,0.247
M0082846,0.452,5,80.0,20.0,0.0,0.673,0.051,0.377,0.123
M0082869,-0.067,5,20.0,60.0,20.0,0.416,0.015,0.041,0.0
M0082933,0.097,5,20.0,80.0,0.0,0.524,0.101,0.008,0.093
M0082934,0.042,5,20.0,60.0,20.0,0.502,0.111,0.017,0.093
M0082971,0.556,5,80.0,20.0,0.0,0.631,0.313,0.238,0.187
M0082979,0.343,5,80.0,0.0,20.0,0.742,0.193,0.33,0.093
M0083131,0.237,5,40.0,60.0,0.0,0.722,0.004,0.251,0.247
M0083190,0.279,5,80.0,0.0,20.0,0.643,0.093,0.15,0.318
M0083284,0.12,5,20.0,60.0,20.0,0.362,0.027,0.138,0.0
M0083511,0.165,5,40.0,60.0,0.0,0.48,0.142,0.015,0.093
M0083530,-0.045,5,0.0,100.0,0.0,0.517,0.021,0.021,0.0
M0083550,-0.058,5,40.0,0.0,60.0,0.641,0.0,0.251,0.101
M0083564,0.302,5,60.0,40.0,0.0,0.504,0.041,0.254,0.0
M0083624,-0.242,5,20.0,20.0,60.0,0.627,0.093,-0.098,0.093
M0083658,0.325,5,60.0,40.0,0.0,0.601,0.043,0.26,0.247
M0083722,-0.283,5,20.0,40.0,40.0,0.618,-0.062,-0.247,0.0
M0083767,0.43,5,80.0,20.0,0.0,0.643,0.251,0.207,0.093
M0083791,0.224,5,60.0,40.0,0.0,0.576,0.145,0.104,0.093
M0083866,0.382,5,60.0,20.0,20.0,0.629,0.097,0.277,0.217
M0083907,0.456,5,80.0,20.0,0.0,0.586,0.207,0.263,0.093
M0083908,0.226,5,40.0,40.0,20.0,0.575,0.017,0.264,0.247
M0083922,0.475,5,80.0,20.0,0.0,0.739,0.093,0.347,0.34
M0083929,0.087,5,40.0,40.0,20.0,0.498,0.104,0.104,0.0
M0083944,0.489,5,80.0,20.0,0.0,0.628,0.093,0.335,0.217
M0083946,0.266,5,60.0,40.0,0.0,0.574,0.0,0.323,0.123
M0083972,0.246,5,40.0,60.0,0.0,0.632,0.113,0.214,0.101
M0083987,0.187,5,60.0,20.0,20.0,0.694,0.13,-0.023,0.217
M0084335,0.328,5,60.0,20.0,20.0,0.717,0.104,0.377,0.123
M0084434,0.402,5,60.0,40.0,0.0,0.526,0.14,0.357,0.0
M0084503,0.437,5,80.0,20.0,0.0,0.664,0.245,0.227,0.264
M0084516,0.662,5,100.0,0.0,0.0,0.718,0.4,0.511,0.0
M0084522,0.168,5,40.0,20.0,40.0,0.563,0.093,0.123,0.217
M0084602,0.206,5,40.0,60.0,0.0,0.558,0.111,0.212,0.101
M0084649,0.018,5,40.0,20.0,40.0,0.579,0.113,0.067,0.013
M0084695,-0.646,5,0.0,20.0,80.0,0.715,0.0,-0.538,0.0
M0084707,0.029,5,20.0,80.0,0.0,0.498,0.004,0.104,0.0
M0084726,0.387,5,80.0,0.0,20.0,0.533,0.0,0.351,0.101
M0084777,0.258,5,60.0,40.0,0.0,0.545,0.131,0.1,0.093
M0084787,0.411,5,100.0,0.0,0.0,0.542,0.067,0.201,0.123
M0084805,0.272,5,80.0,20.0,0.0,0.505,0.127,0.204,0.093
M0084827,0.136,5,40.0,40.0,20.0,0.413,0.053,0.13,0.0
M0084855,0.611,5,100.0,0.0,0.0,0.659,0.116,0.385,0.202
M0084917,0.504,5,80.0,20.0,0.0,0.678,0.0,0.485,0.123
M0085244,0.217,5,60.0,20.0,20.0,0.615,0.007,0.143,0.093
M0085333,0.285,5,60.0,20.0,20.0,0.519,0.113,0.263,0.0
M0085334,0.45,5,80.0,20.0,0.0,0.619,0.082,0.328,0.303
M0085382,-0.364,5,20.0,20.0,60.0,0.512,0.061,-0.133,0.0
M0085407,0.104,5,60.0,40.0,0.0,0.446,0.008,0.108,0.0
M0085549,-0.006,5,40.0,20.0,40.0,0.607,0.14,0.105,0.0
M0085636,-0.343,5,20.0,20.0,60.0,0.603,-0.103,-0.343,0.093
M0085701,0.145,5,40.0,40.0,20.0,0.572,-0.1,0.111,0.0
M0085750,-0.512,5,0.0,20.0,80.0,0.673,0.0,-0.196,0.0
M0085794,0.386,5,80.0,0.0,20.0,0.674,0.093,0.3,0.093
M0085811,0.42,5,60.0,40.0,0.0,0.642,0.113,0.36,0.247
M0085859,0.154,5,60.0,40.0,0.0,0.488,0.0,0.1,0.0
M0085959,0.31,5,80.0,20.0,0.0,0.494,0.154,0.1,0.093
M0085970,0.227,5,40.0,60.0,0.0,0.499,0.124,0.131,0.093
M0085995,0.348,5,60.0,40.0,0.0,0.651,0.14,0.341,0.123
M0086006,0.023,5,40.0,40.0,20.0,0.53,-0.072,0.051,0.123
M0086022,0.596,5,100.0,0.0,0.0,0.695,0.223,0.373,0.217
M0086034,0.019,5,40.0,40.0,20.0,0.497,0.112,0.019,0.093
M0086066,0.112,5,60.0,20.0,20.0,0.613,0.223,-0.047,0.093
M0086154,0.32,5,60.0,40.0,0.0,0.666,0.1,0.25,0.0
M0086190,0.585,5,100.0,0.0,0.0,0.659,0.197,0.348,0.123
M0086197,0.532,5,80.0,20.0,0.0,0.759,0.097,0.374,0.464
M0086200,-0.09,5,40.0,20.0,40.0,0.701,0.004,-0.037,0.123
M0086216,0.131,5,40.0,40.0,20.0,0.669,0.082,0.127,0.202
M0086250,0.397,5,80.0,20.0,0.0,0.551,0.108,0.214,0.078
M0086320,-0.136,5,0.0,80.0,20.0,0.461,-0.083,-0.083,0.0
M0086383,-0.097,5,20.0,40.0,40.0,0.583,0.004,-0.019,0.123
M0086393,-0.489,5,0.0,20.0,80.0,0.552,-0.072,-0.147,0.0
M0086425,0.01,5,20.0,60.0,20.0,0.549,-0.087,0.037,0.123
M0086465,0.219,5,60.0,40.0,0.0,0.615,0.117,0.217,0.0
M0086541,-0.121,5,0.0,80.0,20.0,0.505,0.017,0.017,0.0
M0086567,0.322,5,80.0,20.0,0.0,0.444,0.043,0.281,0.101
M0086617,-0.242,5,20.0,40.0,40.0,0.599,-0.003,-0.243,0.093
M0086637,0.388,5,80.0,20.0,0.0,0.657,0.292,0.213,0.0
M0086837,-0.09,5,60.0,0.0,40.0,0.543,0.123,-0.098,0.093
M0086879,0.544,5,100.0,0.0,0.0,0.682,0.187,0.224,0.411
M0086960,0.229,5,40.0,40.0,20.0,0.551,0.093,0.15,0.093
M0086979,0.522,5,80.0,20.0,0.0,0.68,0.093,0.4,0.093
M0086984,0.264,5,60.0,20.0,20.0,0.63,0.113,0.214,0.101
M0086993,0.181,5,40.0,60.0,0.0,0.543,0.158,0.13,0.0
M0087050,-0.066,5,40.0,20.0,40.0,0.613,0.097,0.004,0.093
M0087078,0.076,5,40.0,40.0,20.0,0.469,0.059,0.119,0.0
M0087182,-0.073,5,20.0,60.0,20.0,0.477,0.023,0.123,0.0
M0087233,0.076,5,40.0,40.0,20.0,0.706,0.0,0.149,0.247
M0087277,0.408,5,60.0,40.0,0.0,0.703,0.004,0.401,0.247
M0087298,0.051,5,40.0,40.0,20.0,0.483,0.017,0.167,0.0
M0087332,0.222,5,40.0,40.0,20.0,0.548,0.004,0.265,0.0
M0087363,0.35,5,60.0,40.0,0.0,0.663,0.013,0.36,0.247
M0087469,0.198,5,60.0,0.0,40.0,0.647,0.187,0.049,0.31
M0087538,0.427,5,80.0,20.0,0.0,0.613,0.078,0.35,0.078
M0087544,0.562,5,100.0,0.0,0.0,0.745,0.193,0.447,0.34
M0087553,0.067,5,40.0,40.0,20.0,0.591,0.004,0.156,0.0
M0087597,0.452,5,80.0,20.0,0.0,0.629,0.121,0.273,0.217
M0087781,0.331,5,60.0,40.0,0.0,0.693,0.178,0.223,0.202
M0087799,0.025,5,40.0,40.0,20.0,0.516,0.044,0.093,0.0
M0087800,0.225,5,60.0,40.0,0.0,0.52,0.104,0.204,0.0
M0087803,0.287,5,40.0,60.0,0.0,0.638,0.013,0.287,0.123
M0087843,0.393,5,80.0,20.0,0.0,0.657,0.123,0.23,0.093
M0087884,0.208,5,60.0,40.0,0.0,0.54,0.097,0.204,0.093
M0087909,0.05,5,60.0,20.0,20.0,0.572,0.131,0.0,0.093
M0087928,0.1,5,40.0,60.0,0.0,0.408,0.035,0.004,0.0
M0087957,0.306,5,40.0,60.0,0.0,0.599,0.127,0.277,0.0
M0087985,-0.051,5,20.0,60.0,20.0,0.473,-0.068,0.032,0.0
M0087995,0.221,5,40.0,60.0,0.0,0.636,0.013,0.26,0.247
M0088000,0.41,5,60.0,40.0,0.0,0.72,0.078,0.273,0.202
M0088011,-0.032,5,40.0,40.0,20.0,0.54,0.034,0.08,0.0
M0088024,-0.371,5,20.0,20.0,60.0,0.629,0.104,-0.189,0.0
M0088117,-0.151,5,20.0,20.0,60.0,0.526,0.0,0.003,0.0
M0088128,0.314,5,40.0,60.0,0.0,0.509,0.031,0.331,0.0
M0088161,0.503,5,80.0,20.0,0.0,0.643,0.22,0.338,0.093
M0088170,-0.075,5,0.0,100.0,0.0,0.488,0.008,0.008,0.0
M0088172,0.19,5,40.0,60.0,0.0,0.528,0.143,0.013,0.093
M0088184,0.257,5,60.0,20.0,20.0,0.503,0.108,0.1,0.078
M0088247,0.417,5,80.0,0.0,20.0,0.567,0.121,0.251,0.194
M0088258,0.236,5,60.0,20.0,20.0,0.682,0.217,0.317,0.0
M0088286,0.276,5,60.0,20.0,20.0,0.726,0.22,0.13,0.093
M0088323,0.346,5,60.0,40.0,0.0,0.562,0.14,0.39,0.0
M0088680,0.387,5,80.0,0.0,20.0,0.772,0.157,0.373,0.247
M0088763,0.231,5,60.0,40.0,0.0,0.571,0.008,0.278,0.123
M0088794,0.263,5,60.0,40.0,0.0,0.469,0.143,0.117,0.078
M0088814,0.321,5,60.0,20.0,20.0,0.704,0.318,0.24,0.01
M0088846,0.394,5,80.0,0.0,20.0,0.694,0.127,0.39,0.0
M0088847,0.33,5,80.0,20.0,0.0,0.496,0.0,0.309,0.0
M0088850,0.306,5,80.0,20.0,0.0,0.566,0.035,0.227,0.123
M0088930,0.38,5,60.0,40.0,0.0,0.68,0.213,0.337,0.123
M0088933,0.445,5,80.0,20.0,0.0,0.605,0.237,0.237,0.217
M0088939,0.707,5,100.0,0.0,0.0,0.769,0.207,0.498,0.217
M0088944,0.332,5,60.0,20.0,20.0,0.692,0.093,0.247,0.34
M0088993,-0.104,5,20.0,60.0,20.0,0.522,0.114,-0.126,0.093
M0089013,-0.162,5,0.0,80.0,20.0,0.51,0.017,0.017,0.0
M0089114,0.131,5,20.0,80.0,0.0,0.561,0.017,0.141,0.123
M0089155,0.181,5,40.0,40.0,20.0,0.576,0.093,0.111,0.093
M0089173,-0.173,5,20.0,20.0,60.0,0.639,0.004,0.154,0.0
M0089175,0.255,5,60.0,0.0,40.0,0.722,0.127,0.277,0.0
M0089218,0.397,5,80.0,0.0,20.0,0.732,0.287,0.25,0.187
M0089360,-0.374,5,0.0,40.0,60.0,0.527,-0.073,-0.171,0.0
M0089370,-0.282,5,20.0,40.0,40.0,0.463,0.015,-0.132,0.0
M0089393,0.383,5,60.0,40.0,0.0,0.695,0.097,0.277,0.217
M0089461,0.535,5,80.0,20.0,0.0,0.695,0.317,0.428,0.0
M0089469,-0.367,5,20.0,0.0,80.0,0.633,0.0,0.003,0.101
M0089470,0.147,5,40.0,40.0,20.0,0.548,0.006,0.078,0.078
M0089489,0.253,5,60.0,40.0,0.0,0.596,0.093,0.123,0.217
M0089530,-0.058,5,20.0,60.0,20.0,0.582,0.008,0.057,0.123
M0089670,0.144,5,60.0,20.0,20.0,0.478,-0.027,0.063,0.0
M0089686,-0.15,5,20.0,40.0,40.0,0.555,0.004,-0.094,0.0
M0089755,0.612,5,80.0,20.0,0.0,0.702,0.1,0.55,0.0
M0089767,0.642,5,100.0,0.0,0.0,0.651,0.349,0.338,0.093
M0089791,0.269,5,60.0,20.0,20.0,0.747,0.187,0.123,0.31
M0089822,-0.105,5,40.0,0.0,60.0,0.683,-0.1,0.075,0.123
M0089853,0.504,5,80.0,20.0,0.0,0.668,0.197,0.338,0.217
M0089880,-0.095,5,20.0,40.0,40.0,0.542,0.024,-0.05,0.0
M0089881,0.285,5,60.0,0.0,40.0,0.588,0.0,0.331,0.101
M0089885,-0.12,5,20.0,40.0,40.0,0.6,0.013,0.113,0.0
M0089886,0.127,5,40.0,40.0,20.0,0.51,0.12,0.177,0.093
M0089893,-0.27,5,0.0,60.0,40.0,0.545,0.008,-0.067,0.0
M0089907,0.299,5,40.0,60.0,0.0,0.545,0.22,0.127,0.093
M0089927,-0.06,5,0.0,100.0,0.0,0.386,0.038,0.038,0.0
M0089941,0.235,5,60.0,40.0,0.0,0.542,0.214,0.0,0.187
M0090022,0.084,5,40.0,60.0,0.0,0.458,0.112,0.019,0.093
M0090056,0.155,5,40.0,60.0,0.0,0.454,0.03,0.0,0.0
M0090060,-0.151,5,0.0,80.0,20.0,0.702,0.0,-0.098,0.0
M0090094,-0.497,5,0.0,20.0,80.0,0.54,-0.187,-0.187,0.0
M0090142,0.088,5,60.0,20.0,20.0,0.624,0.0,0.2,0.0
M0090180,0.088,5,60.0,0.0,40.0,0.696,0.1,0.249,0.123
M0090264,0.051,5,0.0,100.0,0.0,0.352,0.015,0.015,0.0
M0090305,0.311,5,80.0,20.0,0.0,0.589,0.187,0.0,0.187
M0090329,0.373,5,60.0,40.0,0.0,0.636,0.013,0.371,0.247
M0090555,0.033,5,20.0,60.0,20.0,0.536,0.004,0.154,0.0
M0090563,0.144,5,40.0,40.0,20.0,0.645,0.113,0.213,0.0
M0090570,0.015,5,40.0,40.0,20.0,0.508,0.027,0.07,0.123
M0090605,0.476,5,80.0,20.0,0.0,0.583,0.193,0.29,0.217
M0090655,-0.19,5,0.0,80.0,20.0,0.5,0.017,0.017,0.0
M0090670,0.091,5,40.0,40.0,20.0,0.616,0.187,0.0,0.187
M0090728,0.117,5,40.0,40.0,20.0,0.439,0.043,0.165,0.0
M0090756,0.353,5,60.0,40.0,0.0,0.646,0.178,0.201,0.179
M0090837,-0.293,5,0.0,60.0,40.0,0.502,0.013,-0.133,0.0
M0090859,-0.009,5,40.0,0.0,60.0,0.7,0.0,0.223,0.123
M0090863,0.11,5,60.0,20.0,20.0,0.6,0.107,0.193,0.093
M0090887,0.039,5,40.0,20.0,40.0,0.643,0.0,0.163,0.0
M0090888,0.288,5,40.0,60.0,0.0,0.435,0.074,0.177,0.0
M0090967,0.113,5,40.0,60.0,0.0,0.494,0.027,0.127,0.0
M0091042,0.11,5,60.0,20.0,20.0,0.6,0.087,0.027,0.0
M0091059,0.378,5,80.0,20.0,0.0,0.632,0.127,0.227,0.217
M0091064,-0.036,5,20.0,60.0,20.0,0.611,0.004,0.007,0.101
M0091080,0.082,5,40.0,40.0,20.0,0.695,-0.1,0.13,0.0
M0091129,-0.138,5,0.0,80.0,20.0,0.446,-0.061,-0.061,0.0
M0091149,0.182,5,60.0,20.0,20.0,0.528,0.085,0.1,0.12
M0091167,0.498,5,80.0,20.0,0.0,0.621,0.128,0.277,0.217
M0091187,0.225,5,40.0,60.0,0.0,0.567,0.008,0.258,0.0
M0091203,0.344,5,80.0,20.0,0.0,0.558,0.097,0.195,0.093
M0091209,0.037,5,40.0,40.0,20.0,0.521,0.1,0.02,0.0
M0091217,0.212,5,40.0,60.0,0.0,0.644,0.008,0.231,0.123
M0091223,-0.062,5,40.0,20.0,40.0,0.584,-0.069,-0.048,0.0
M0091225,0.027,5,40.0,40.0,20.0,0.486,0.032,0.039,0.093
M0091251,0.526,5,100.0,0.0,0.0,0.687,0.187,0.373,0.247
M0091326,-0.147,5,0.0,80.0,20.0,0.443,0.008,-0.067,0.0
M0091369,0.363,5,60.0,40.0,0.0,0.592,0.113,0.314,0.101
M0091419,0.329,5,100.0,0.0,0.0,0.548,0.205,0.1,0.093
M0091474,-0.082,5,0.0,100.0,0.0,0.477,0.008,0.008,0.0
M0091499,-0.237,5,20.0,40.0,40.0,0.596,0.093,-0.147,0.093
M0091530,0.146,5,40.0,60.0,0.0,0.585,0.127,0.004,0.093
M0091541,0.407,5,60.0,40.0,0.0,0.772,0.127,0.377,0.0
M0091605,0.016,5,40.0,40.0,20.0,0.458,0.004,0.104,0.0
M0091630,0.04,5,40.0,40.0,20.0,0.533,0.132,0.008,0.093
M0091635,0.242,5,40.0,40.0,20.0,0.567,0.013,0.275,0.0
M0091670,0.327,5,60.0,40.0,0.0,0.626,0.255,0.13,0.093
M0091738,0.28,5,60.0,40.0,0.0,0.559,0.254,0.113,0.093
M0091763,0.456,5,80.0,20.0,0.0,0.621,0.23,0.301,0.101
M0091777,0.289,5,60.0,20.0,20.0,0.492,0.077,0.123,0.123
M0091778,-0.114,5,0.0,80.0,20.0,0.39,0.054,0.054,0.0
M0091790,0.099,5,40.0,40.0,20.0,0.682,0.1,0.2,0.0
M0091828,-0.319,5,0.0,60.0,40.0,0.5,0.019,-0.202,0.0
M0091860,-0.072,5,20.0,60.0,20.0,0.394,0.043,0.013,0.0
M0091867,0.252,5,60.0,20.0,20.0,0.589,0.193,0.1,0.093
M0091875,0.124,5,40.0,40.0,20.0,0.575,0.021,0.078,0.093
M0091877,0.104,5,20.0,80.0,0.0,0.478,0.127,0.127,0.0
M0091886,0.017,5,40.0,40.0,20.0,0.542,0.117,0.119,0.0
M0091949,0.312,5,60.0,40.0,0.0,0.744,0.227,0.307,0.0
M0092005,0.623,5,80.0,20.0,0.0,0.662,0.113,0.563,0.0
M0092007,0.315,5,60.0,40.0,0.0,0.615,0.111,0.221,0.217
M0092048,0.181,5,40.0,40.0,20.0,0.477,0.124,0.0,0.093
M0092067,0.499,5,80.0,20.0,0.0,0.687,0.247,0.323,0.171
M0092076,-0.399,5,0.0,20.0,80.0,0.578,0.013,-0.133,0.0
M0092086,0.193,5,60.0,20.0,20.0,0.565,-0.008,0.137,0.202
M0092099,0.554,5,80.0,20.0,0.0,0.616,0.207,0.39,0.078
M0092106,0.258,5,60.0,20.0,20.0,0.662,0.113,0.343,-0.087
M0092493,-0.211,5,20.0,40.0,40.0,0.518,0.0,0.0,0.0
M0092513,0.076,5,20.0,60.0,20.0,0.593,0.093,0.0,0.093
M0092563,0.356,5,60.0,40.0,0.0,0.683,0.207,0.225,0.093
M0092593,0.337,5,80.0,0.0,20.0,0.635,0.28,0.127,0.093
M0092618,0.391,5,60.0,40.0,0.0,0.742,0.227,0.35,0.123
M0092644,0.123,5,40.0,20.0,40.0,0.568,0.1,0.103,0.0
M0092675,0.142,5,40.0,60.0,0.0,0.366,0.043,0.115,0.0
M0092699,0.352,5,60.0,40.0,0.0,0.493,0.13,0.211,0.0
M0092718,0.207,5,40.0,60.0,0.0,0.537,0.12,0.15,0.217
M0092796,-0.094,5,20.0,40.0,40.0,0.504,0.111,-0.081,0.093
M0092890,0.076,5,40.0,40.0,20.0,0.657,0.0,0.077,0.123
M0092925,0.02,5,20.0,60.0,20.0,0.564,0.021,0.144,0.123
M0092948,-0.058,5,40.0,20.0,40.0,0.604,0.093,-0.023,0.217
M0092965,0.626,5,80.0,20.0,0.0,0.692,0.233,0.44,0.093
M0092991,0.126,5,60.0,20.0,20.0,0.661,0.13,0.077,0.123
M0093010,0.24,5,60.0,20.0,20.0,0.624,0.064,0.177,0.0
M0093058,0.633,5,100.0,0.0,0.0,0.714,0.358,0.277,0.187
M0093075,-0.0,5,40.0,20.0,40.0,0.714,0.03,0.056,0.123
M0093105,0.556,5,100.0,0.0,0.0,0.552,0.208,0.25,0.0
M0093137,-0.043,5,20.0,60.0,20.0,0.44,0.134,0.134,0.0
M0093177,0.232,5,40.0,40.0,20.0,0.611,0.004,0.251,0.247
M0093191,0.389,5,80.0,0.0,20.0,0.787,0.193,0.249,0.34
M0093223,0.026,5,0.0,100.0,0.0,0.48,0.017,0.017,0.0
M0093260,0.245,5,60.0,40.0,0.0,0.481,0.128,0.167,0.0
M0093342,0.271,5,60.0,40.0,0.0,0.46,0.051,0.163,0.0
M0093389,0.337,5,80.0,0.0,20.0,0.742,0.127,0.317,0.123
M0093407,0.132,5,40.0,40.0,20.0,0.63,0.104,0.254,0.0
M0093409,0.248,5,60.0,20.0,20.0,0.567,0.078,0.223,0.202
M0093428,-0.008,5,0.0,100.0,0.0,0.453,0.004,0.004,0.0
M0093437,0.392,5,80.0,20.0,0.0,0.683,0.123,0.223,0.217
M0093493,0.057,5,40.0,20.0,40.0,0.64,0.093,0.15,0.093
M0093507,0.114,5,40.0,40.0,20.0,0.538,0.052,0.152,0.0
M0093560,0.186,5,60.0,40.0,0.0,0.54,0.034,0.18,0.0
M0093565,-0.139,5,20.0,40.0,40.0,0.607,-0.187,-0.063,0.123
M0093605,0.16,5,40.0,60.0,0.0,0.346,0.049,0.082,0.0
M0093629,0.171,5,40.0,60.0,0.0,0.508,0.168,0.027,0.093
M0093640,0.206,5,60.0,20.0,20.0,0.611,0.078,0.077,0.202
M0093692,-0.41,5,0.0,40.0,60.0,0.488,0.015,-0.206,0.0
M0093693,0.298,5,60.0,40.0,0.0,0.488,0.064,0.154,0.0
M0093748,-0.068,5,40.0,40.0,20.0,0.528,0.043,-0.005,0.0
M0093756,-0.464,5,0.0,40.0,60.0,0.628,0.004,-0.289,0.0
M0093773,0.394,5,80.0,20.0,0.0,0.643,0.234,0.3,0.0
M0093777,0.323,5,60.0,20.0,20.0,0.629,0.082,0.251,0.325
M0093779,0.526,5,100.0,0.0,0.0,0.678,0.281,0.237,0.217
M0093818,0.026,5,40.0,40.0,20.0,0.554,0.013,0.116,0.101
M0093822,0.075,5,20.0,60.0,20.0,0.5,0.121,0.121,0.0
M0093870,0.334,5,80.0,20.0,0.0,0.498,0.153,0.104,0.093
M0093886,-0.041,5,20.0,60.0,20.0,0.457,0.027,0.029,0.0
M0093894,0.014,5,20.0,60.0,20.0,0.413,0.034,0.0,0.0
M0093936,0.078,5,20.0,80.0,0.0,0.656,0.004,0.127,0.123
M0094006,0.425,5,60.0,40.0,0.0,0.574,0.092,0.275,0.078
M0094012,0.181,5,40.0,40.0,20.0,0.62,0.093,0.123,0.217
M0094074,-0.469,5,0.0,20.0,80.0,0.542,-0.152,-0.152,0.0
M0094137,0.441,5,80.0,20.0,0.0,0.564,0.044,0.328,0.123
M0094226,0.615,5,100.0,0.0,0.0,0.732,0.13,0.497,0.247
M0094291,0.065,5,40.0,40.0,20.0,0.597,0.14,0.14,0.0
M0094332,0.496,5,100.0,0.0,0.0,0.541,0.031,0.351,0.101
M0094336,0.525,5,100.0,0.0,0.0,0.649,0.351,0.327,0.093
M0094602,-0.159,5,0.0,80.0,20.0,0.435,-0.057,-0.057,0.0
M0094608,-0.014,5,40.0,20.0,40.0,0.555,0.047,0.0,0.0
M0094625,0.503,5,80.0,20.0,0.0,0.589,0.157,0.388,0.043
M0094663,-0.179,5,20.0,40.0,40.0,0.624,0.117,-0.127,0.0
M0094715,0.207,5,40.0,60.0,0.0,0.719,0.113,0.237,0.123
M0094721,0.387,5,60.0,20.0,20.0,0.658,0.1,0.361,0.0
M0094737,0.237,5,40.0,60.0,0.0,0.661,0.234,0.234,0.0
M0094761,0.027,5,40.0,40.0,20.0,0.563,0.108,0.108,0.0
M0094812,0.163,5,40.0,60.0,0.0,0.432,0.14,0.24,0.0
M0094862,0.241,5,40.0,40.0,20.0,0.655,0.113,0.263,0.0
M0094889,-0.137,5,20.0,60.0,20.0,0.543,0.008,-0.09,0.0
M0094894,0.114,5,20.0,80.0,0.0,0.481,0.023,0.146,0.123
M0094898,-0.327,5,0.0,60.0,40.0,0.613,0.004,-0.143,0.0
M0094947,0.459,5,80.0,20.0,0.0,0.649,0.241,0.354,0.0
M0094963,-0.12,5,20.0,40.0,40.0,0.573,-0.076,0.047,0.123
M0094964,0.131,5,40.0,20.0,40.0,0.578,0.013,0.167,0.0
M0095016,0.422,5,80.0,20.0,0.0,0.646,0.268,0.34,0.0
M0095031,0.108,5,40.0,60.0,0.0,0.431,0.078,0.017,0.0
M0095159,0.592,5,100.0,0.0,0.0,0.597,0.124,0.351,0.194
M0095174,0.195,5,40.0,60.0,0.0,0.565,0.111,0.141,0.217
M0095179,-0.2,5,20.0,40.0,40.0,0.606,-0.007,-0.247,0.093
M0095250,0.359,5,60.0,40.0,0.0,0.557,0.107,0.23,0.093
M0095253,0.39,5,60.0,40.0,0.0,0.646,0.1,0.335,0.123
M0095271,-0.041,5,40.0,20.0,40.0,0.618,0.13,0.1,0.0
M0095294,0.179,5,60.0,40.0,0.0,0.517,0.13,0.0,0.093
M0095327,0.582,5,100.0,0.0,0.0,0.579,0.03,0.462,0.131
M0095444,-0.264,5,0.0,60.0,40.0,0.592,0.0,-0.147,0.0
M0095467,0.056,5,40.0,40.0,20.0,0.614,0.004,0.096,0.123
M0095468,0.386,5,60.0,20.0,20.0,0.6,0.107,0.287,0.217
M0095497,0.542,5,80.0,20.0,0.0,0.626,0.078,0.362,0.179
M0095519,0.194,5,60.0,20.0,20.0,0.618,0.238,-0.094,0.187
M0095583,-0.11,5,20.0,40.0,40.0,0.594,0.015,0.064,0.123
M0095631,0.418,5,60.0,40.0,0.0,0.643,0.093,0.273,0.217
M0095647,0.258,5,40.0,60.0,0.0,0.507,0.22,0.127,0.093
M0095675,0.194,5,40.0,40.0,20.0,0.534,0.1,0.178,0.0
M0095690,-0.122,5,0.0,80.0,20.0,0.417,0.013,-0.085,0.0
M0095705,0.146,5,60.0,20.0,20.0,0.598,0.034,0.107,0.101
M0095742,-0.125,5,20.0,40.0,40.0,0.67,0.117,0.117,0.0
M0095765,0.417,5,80.0,20.0,0.0,0.524,0.123,0.25,0.093
M0095776,0.267,5,60.0,0.0,40.0,0.592,0.047,0.261,-0.053
M0095882,-0.541,5,0.0,20.0,80.0,0.547,-0.3,-0.447,0.0
M0095897,0.027,5,40.0,20.0,40.0,0.628,0.154,0.154,0.0
M0095925,0.202,5,40.0,60.0,0.0,0.55,0.082,0.104,0.078
M0095953,0.472,5,80.0,20.0,0.0,0.668,0.3,0.237,0.31
M0095956,-0.016,5,20.0,60.0,20.0,0.554,0.0,0.003,0.0
M0095963,-0.135,5,20.0,40.0,40.0,0.529,-0.057,-0.054,0.0
M0096061,0.282,5,40.0,60.0,0.0,0.499,0.031,0.281,0.101
M0096071,0.089,5,40.0,40.0,20.0,0.558,0.0,0.003,0.101
M0096163,0.232,5,60.0,20.0,20.0,0.54,0.108,0.15,0.078
M0096256,0.416,5,80.0,20.0,0.0,0.673,0.213,0.363,0.0
M0096257,0.38,5,80.0,20.0,0.0,0.504,0.133,0.36,0.0
M0096283,0.145,5,20.0,80.0,0.0,0.612,0.013,0.137,0.249
M0096288,0.728,5,100.0,0.0,0.0,0.692,0.093,0.512,0.194
M0096320,-0.031,5,60.0,0.0,40.0,0.614,0.13,-0.045,0.0
M0096332,0.136,5,40.0,40.0,20.0,0.703,0.13,0.133,0.101
M0096438,0.521,5,100.0,0.0,0.0,0.626,0.193,0.35,0.158
M0096446,-0.018,5,40.0,20.0,40.0,0.716,0.0,-0.02,0.123
M0096454,0.323,5,60.0,40.0,0.0,0.551,0.265,0.0,0.265
M0096463,0.278,5,40.0,60.0,0.0,0.614,0.097,0.154,0.093
M0096487,0.276,5,40.0,60.0,0.0,0.456,0.108,0.116,0.194
M0096734,0.301,5,60.0,20.0,20.0,0.613,0.0,0.35,0.0
M0096754,0.288,5,60.0,40.0,0.0,0.568,0.134,0.215,0.0
M0096764,0.302,5,60.0,40.0,0.0,0.548,0.258,0.117,0.093
M0096794,-0.185,5,40.0,0.0,60.0,0.648,0.093,-0.098,0.093
M0096874,0.297,5,60.0,40.0,0.0,0.508,0.117,0.285,0.101
M0096895,0.399,5,80.0,0.0,20.0,0.738,0.0,0.465,0.123
M0096928,-0.036,5,20.0,60.0,20.0,0.395,0.021,0.021,0.0
M0096933,0.046,5,20.0,60.0,20.0,0.589,0.004,0.154,0.0
M0096969,0.424,5,80.0,20.0,0.0,0.53,0.064,0.238,0.123
M0097027,0.104,5,20.0,80.0,0.0,0.538,0.097,0.004,0.093
M0097108,0.497,5,80.0,20.0,0.0,0.73,0.117,0.497,0.0
M0097123,0.45,5,80.0,0.0,20.0,0.604,0.28,0.111,0.28
M0097162,0.29,5,60.0,40.0,0.0,0.599,0.187,0.24,0.0
M0097165,0.139,5,60.0,0.0,40.0,0.718,0.127,0.35,0.123
M0097216,0.445,5,80.0,20.0,0.0,0.517,0.231,0.125,0.187
M0097223,0.417,5,100.0,0.0,0.0,0.67,0.243,0.393,0.0
M0097239,0.553,5,80.0,20.0,0.0,0.602,0.107,0.375,0.194
M0097351,0.032,5,20.0,60.0,20.0,0.533,0.017,0.141,0.123
M0097366,0.235,5,40.0,60.0,0.0,0.622,0.213,0.134,0.078
M0097388,-0.28,5,20.0,20.0,60.0,0.593,-0.087,-0.061,0.123
M0097428,0.181,5,40.0,60.0,0.0,0.44,0.123,0.13,0.093
M0097441,0.509,5,100.0,0.0,0.0,0.612,0.216,0.15,0.093
M0097474,-0.329,5,0.0,60.0,40.0,0.666,0.0,-0.245,0.0
M0097493,0.154,5,60.0,20.0,20.0,0.628,0.185,0.1,0.0
M0097523,0.125,5,60.0,0.0,40.0,0.634,0.22,-0.02,0.093
M0097576,0.301,5,60.0,40.0,0.0,0.601,0.104,0.354,0.0
M0097647,-0.073,5,40.0,20.0,40.0,0.548,0.045,-0.076,0.093
M0097659,0.031,5,40.0,40.0,20.0,0.49,0.112,-0.061,0.093
M0097733,0.534,5,100.0,0.0,0.0,0.621,0.134,0.33,0.093
M0097737,0.35,5,60.0,20.0,20.0,0.728,0.127,0.4,0.123
M0097742,-0.037,5,20.0,40.0,40.0,0.515,0.004,0.127,0.123
M0097757,0.114,5,40.0,40.0,20.0,0.552,0.097,0.084,0.093
M0097770,-0.221,5,0.0,80.0,20.0,0.556,0.013,-0.133,0.0
M0097778,0.051,5,40.0,20.0,40.0,0.708,0.153,0.153,0.0
M0097814,0.238,5,40.0,60.0,0.0,0.429,0.043,0.137,0.229
M0097815,0.178,5,40.0,60.0,0.0,0.489,0.217,0.031,0.187
M0097889,0.111,5,60.0,20.0,20.0,0.564,0.104,0.068,0.0
M0097904,0.029,5,40.0,20.0,40.0,0.513,0.093,0.002,0.093
M0097937,0.679,5,100.0,0.0,0.0,0.759,0.127,0.601,0.224
M0097940,0.173,5,40.0,60.0,0.0,0.537,0.157,0.127,0.0
M0097958,0.679,5,100.0,0.0,0.0,0.733,0.3,0.375,0.187
M0097981,-0.516,5,20.0,0.0,80.0,0.544,0.0,-0.047,0.0
M0098067,-0.113,5,20.0,60.0,20.0,0.561,0.043,-0.133,0.0
M0098084,-0.047,5,20.0,60.0,20.0,0.556,0.021,0.046,0.123
M0098206,0.358,5,60.0,40.0,0.0,0.489,0.058,0.303,0.123
M0098253,0.173,5,60.0,20.0,20.0,0.607,0.123,0.003,0.093
M0098258,0.375,5,80.0,20.0,0.0,0.528,0.235,0.07,0.187
M0098273,0.295,5,60.0,40.0,0.0,0.592,0.207,0.213,0.093
M0098282,0.051,5,20.0,80.0,0.0,0.479,0.008,0.074,0.0
M0098327,-0.001,5,20.0,60.0,20.0,0.589,0.017,0.117,0.0
M0098354,0.014,5,20.0,60.0,20.0,0.509,0.004,0.004,0.0
M0098382,-0.466,5,0.0,20.0,80.0,0.61,0.0,-0.221,0.0
M0098384,0.686,5,100.0,0.0,0.0,0.768,0.127,0.65,0.123
M0098439,0.157,5,60.0,40.0,0.0,0.427,0.108,0.015,0.093
M0098532,0.588,5,80.0,20.0,0.0,0.705,0.097,0.427,0.217
M0098536,-0.034,5,0.0,80.0,20.0,0.538,0.004,0.004,0.0
M0098554,0.22,5,40.0,60.0,0.0,0.712,0.217,0.217,0.0
M0098621,0.052,5,20.0,40.0,40.0,0.603,0.0,0.123,0.123
M0098627,0.147,5,40.0,60.0,0.0,0.408,0.17,0.14,0.0
M0098635,0.223,5,40.0,60.0,0.0,0.637,0.123,0.0,0.093
M0098724,0.017,5,40.0,40.0,20.0,0.542,0.061,0.013,0.0
M0099052,0.111,5,40.0,40.0,20.0,0.577,0.043,0.163,0.0
M0099077,0.456,5,100.0,0.0,0.0,0.58,0.202,0.18,0.172
M0099088,0.405,5,80.0,0.0,20.0,0.591,0.131,0.35,0.0
M0099141,-0.4,5,0.0,40.0,60.0,0.539,0.004,0.004,0.0
M0099253,-0.033,5,20.0,60.0,20.0,0.607,0.017,0.043,0.123
M0099329,-0.317,5,0.0,60.0,40.0,0.481,-0.089,-0.089,0.0
M0099348,0.409,5,80.0,20.0,0.0,0.585,0.257,0.167,0.157
M0099365,-0.147,5,20.0,40.0,40.0,0.559,0.024,0.024,0.0
M0099371,-0.027,5,40.0,20.0,40.0,0.498,0.142,-0.132,0.093
M0099422,-0.012,5,60.0,20.0,20.0,0.557,0.028,0.033,0.0
M0099423,0.375,5,60.0,40.0,0.0,0.527,0.03,0.403,0.123
M0099472,0.044,5,20.0,60.0,20.0,0.451,0.0,0.0,0.173
M0099487,0.372,5,80.0,20.0,0.0,0.678,0.1,0.403,0.123
M0099528,-0.356,5,20.0,20.0,60.0,0.671,0.093,-0.391,0.093
M0099582,-0.07,5,20.0,40.0,40.0,0.722,0.0,0.052,0.0
M0099653,0.234,5,60.0,40.0,0.0,0.597,0.13,0.277,0.0
M0099674,0.338,5,80.0,20.0,0.0,0.64,0.078,0.303,0.202
M0099685,0.604,5,100.0,0.0,0.0,0.641,0.187,0.361,0.187
M0099700,0.262,5,40.0,60.0,0.0,0.551,0.117,0.228,0.0
M0099763,0.167,5,60.0,20.0,20.0,0.564,0.141,0.067,0.093
M0099785,0.278,5,60.0,40.0,0.0,0.536,0.004,0.216,0.101
M0099810,0.416,5,60.0,40.0,0.0,0.656,0.004,0.378,0.224
M0099818,0.143,5,20.0,80.0,0.0,0.59,0.013,0.163,0.0
M0099850,0.15,5,40.0,40.0,20.0,0.608,0.093,0.111,0.093
M0099871,0.378,5,60.0,20.0,20.0,0.677,0.0,0.397,0.247
M0099938,0.204,5,40.0,60.0,0.0,0.517,0.127,0.207,0.0
M0099939,0.117,5,20.0,80.0,0.0,0.503,0.03,0.0,0.0
M0100024,0.324,5,80.0,0.0,20.0,0.692,0.193,0.33,0.093
M0100029,-0.104,5,0.0,80.0,20.0,0.448,0.015,0.015,0.0
M0100054,0.049,5,20.0,80.0,0.0,0.546,0.105,0.011,0.093
M0100112,0.478,5,80.0,20.0,0.0,0.667,0.093,0.373,0.217
M0100114,-0.197,5,20.0,40.0,40.0,0.408,-0.033,-0.061,0.0
M0100133,0.352,5,80.0,20.0,0.0,0.602,0.128,0.323,0.123
M0100140,0.165,5,40.0,60.0,0.0,0.565,0.017,0.241,0.123
M0100150,0.502,5,100.0,0.0,0.0,0.735,0.25,0.33,0.217
M0100157,0.357,5,60.0,20.0,20.0,0.599,0.193,0.223,0.217
M0100234,0.227,5,80.0,0.0,20.0,0.608,0.047,0.28,0.0
M0100258,0.14,5,60.0,20.0,20.0,0.694,0.113,0.139,0.123
M0100260,-0.165,5,20.0,40.0,40.0,0.54,0.042,0.0,0.0
M0100263,0.171,5,40.0,60.0,0.0,0.356,0.043,0.082,0.0
M0100318,0.178,5,40.0,60.0,0.0,0.577,0.143,0.113,0.0
M0100332,0.386,5,80.0,20.0,0.0,0.487,0.051,0.238,0.123
M0100395,0.354,5,60.0,40.0,0.0,0.71,0.03,0.247,0.247
M0100403,-0.11,5,20.0,40.0,40.0,0.477,0.015,0.018,0.0
M0100404,0.322,5,60.0,40.0,0.0,0.552,0.047,0.291,0.123
M0100405,0.322,5,60.0,40.0,0.0,0.54,0.122,0.163,0.078
M0100419,-0.455,5,0.0,20.0,80.0,0.598,0.004,-0.241,0.0
M0100485,0.018,5,20.0,60.0,20.0,0.552,0.008,0.131,0.123
M0100502,0.066,5,60.0,20.0,20.0,0.476,0.121,0.095,0.078
M0100507,-0.247,5,20.0,20.0,60.0,0.6,0.004,0.082,0.0
M0100758,0.465,5,80.0,20.0,0.0,0.54,0.093,0.312,0.194
M0100802,0.322,5,60.0,40.0,0.0,0.512,0.043,0.265,0.0
M0100814,0.449,5,80.0,20.0,0.0,0.623,0.004,0.404,0.0
M0100935,0.396,5,60.0,20.0,20.0,0.737,0.113,0.413,0.0
M0100944,0.231,5,60.0,20.0,20.0,0.565,0.034,0.304,0.0
M0100994,0.414,5,80.0,0.0,20.0,0.654,0.221,0.25,0.093
M0100998,0.361,5,60.0,40.0,0.0,0.561,0.078,0.25,0.078
M0101026,0.246,5,40.0,60.0,0.0,0.619,0.121,0.271,0.0
M0101258,0.49,5,80.0,20.0,0.0,0.601,0.185,0.248,0.295
M0101272,0.287,5,60.0,20.0,20.0,0.617,0.107,0.163,0.093
M0101318,0.355,5,80.0,20.0,0.0,0.472,0.262,0.013,0.187
M0101393,0.213,5,80.0,0.0,20.0,0.636,0.0,0.304,0.224
M0101410,0.458,5,80.0,20.0,0.0,0.538,0.137,0.275,0.093
M0101414,0.54,5,100.0,0.0,0.0,0.624,0.146,0.273,0.269
M0101428,0.439,5,80.0,20.0,0.0,0.661,0.154,0.26,0.34
M0101452,-0.119,5,20.0,60.0,20.0,0.582,-0.092,-0.012,0.0
M0101507,0.416,5,80.0,0.0,20.0,0.804,0.32,0.203,0.217
M0101516,0.015,5,40.0,40.0,20.0,0.573,0.204,-0.129,0.187
M0101540,0.239,5,60.0,40.0,0.0,0.556,0.138,0.188,0.0
M0101587,-0.01,5,20.0,40.0,40.0,0.523,0.013,0.163,0.0
M0101605,0.367,5,80.0,20.0,0.0,0.658,0.1,0.347,0.0
M0101640,0.398,5,80.0,20.0,0.0,0.589,0.138,0.123,0.217
M0101700,-0.349,5,20.0,0.0,80.0,0.607,0.0,-0.096,0.0
M0101757,0.263,5,60.0,40.0,0.0,0.601,0.107,0.137,0.217
M0101761,0.415,5,60.0,20.0,20.0,0.717,0.0,0.397,0.247
M0101764,-0.258,5,20.0,20.0,60.0,0.494,0.0,-0.047,0.0
M0101765,0.495,5,100.0,0.0,0.0,0.603,0.223,0.25,0.093
M0101862,0.576,5,80.0,20.0,0.0,0.644,0.14,0.453,0.202
M0101889,0.314,5,60.0,40.0,0.0,0.46,0.078,0.178,0.078
M0101912,0.328,5,60.0,40.0,0.0,0.652,0.113,0.343,0.0
M0101917,-0.558,5,0.0,20.0,80.0,0.666,0.004,-0.339,0.0
M0101921,0.314,5,60.0,40.0,0.0,0.6,0.117,0.347,0.0
M0102015,0.438,5,80.0,20.0,0.0,0.573,0.207,0.258,0.093
M0102057,0.125,5,60.0,20.0,20.0,0.569,0.078,0.053,0.078
M0102059,-0.002,5,40.0,40.0,20.0,0.443,0.036,-0.057,0.093
M0102070,-0.171,5,20.0,40.0,40.0,0.584,0.108,-0.132,0.093
M0102138,0.242,5,80.0,0.0,20.0,0.559,0.131,0.202,0.0
M0102266,0.054,5,20.0,80.0,0.0,0.477,0.0,0.1,0.0
M0102293,0.179,5,60.0,20.0,20.0,0.552,0.125,0.115,0.093
M0102492,0.343,5,80.0,20.0,0.0,0.532,0.157,0.154,0.093
M0102494,-0.014,5,20.0,60.0,20.0,0.561,0.004,0.127,0.123
M0102510,-0.042,5,0.0,80.0,20.0,0.42,0.017,0.017,0.0
M0102511,0.142,5,20.0,80.0,0.0,0.579,0.017,0.167,0.0
M0102526,0.238,5,40.0,60.0,0.0,0.507,0.034,0.15,0.0
M0102536,0.427,5,80.0,20.0,0.0,0.544,0.081,0.313,0.0
M0102587,0.282,5,60.0,40.0,0.0,0.55,0.214,0.127,0.214
M0102603,-0.248,5,0.0,40.0,60.0,0.491,0.013,-0.133,0.0
M0102685,0.595,5,100.0,0.0,0.0,0.707,0.372,0.3,0.172
M0102768,0.051,5,60.0,20.0,20.0,0.533,0.153,0.0,0.093
M0102798,0.246,5,60.0,40.0,0.0,0.422,0.18,0.019,0.093
M0102803,0.098,5,40.0,20.0,40.0,0.565,0.142,0.1,0.0
M0102926,0.415,5,80.0,20.0,0.0,0.663,0.208,0.123,0.295
M0102943,-0.218,5,20.0,40.0,40.0,0.589,-0.063,-0.198,0.0
M0102945,0.118,5,40.0,40.0,20.0,0.614,0.191,0.004,0.187
M0102975,0.179,5,40.0,60.0,0.0,0.542,0.176,0.004,0.172
M0103060,0.094,5,40.0,40.0,20.0,0.615,0.004,0.227,0.123
M0103064,0.501,5,80.0,20.0,0.0,0.633,0.259,0.328,0.0
M0103074,0.185,5,60.0,20.0,20.0,0.588,0.037,0.188,0.123
M0103241,0.353,5,80.0,20.0,0.0,0.534,0.245,0.1,0.078
M0103639,0.574,5,100.0,0.0,0.0,0.653,0.03,0.523,0.153
M0103644,0.074,5,20.0,60.0,20.0,0.423,0.019,0.13,0.0
M0103759,0.222,5,60.0,20.0,20.0,0.616,-0.007,0.128,0.093
M0103767,0.622,5,100.0,0.0,0.0,0.811,0.213,0.538,0.224
M0103772,0.176,5,60.0,40.0,0.0,0.488,0.064,0.084,0.0
M0103776,0.041,5,20.0,60.0,20.0,0.489,0.015,0.116,0.101
M0103855,0.058,5,40.0,40.0,20.0,0.578,-0.096,0.054,0.0
M0103859,-0.068,5,20.0,60.0,20.0,0.516,0.047,0.0,0.0
M0103873,0.417,5,60.0,40.0,0.0,0.616,0.017,0.391,0.224
M0103874,0.109,5,20.0,80.0,0.0,0.495,0.111,0.017,0.093
M0103893,-0.31,5,0.0,60.0,40.0,0.427,0.023,0.023,0.0
M0103905,0.222,5,60.0,20.0,20.0,0.519,0.124,0.1,0.093
M0103919,-0.228,5,20.0,40.0,40.0,0.594,-0.2,-0.2,0.0
M0103939,0.278,5,40.0,60.0,0.0,0.6,0.004,0.304,0.0
M0103956,-0.278,5,0.0,60.0,40.0,0.677,-0.1,-0.198,0.0
M0104029,-0.033,5,20.0,60.0,20.0,0.607,0.017,0.043,0.123
M0104036,0.235,5,60.0,40.0,0.0,0.553,0.13,0.1,0.0
M0104070,0.136,5,40.0,40.0,20.0,0.66,0.121,0.222,0.101
M0104187,0.132,5,40.0,60.0,0.0,0.525,0.117,0.117,0.0
M0104231,0.334,5,60.0,40.0,0.0,0.565,0.312,0.14,0.172
M0104237,-0.123,5,0.0,80.0,20.0,0.406,0.017,-0.081,0.0
M0104257,0.347,5,60.0,40.0,0.0,0.685,0.191,0.127,0.31
M0104348,0.412,5,60.0,40.0,0.0,0.562,0.22,0.277,0.093
M0104389,0.142,5,40.0,60.0,0.0,0.58,0.108,0.172,0.0
M0104409,-0.359,5,0.0,40.0,60.0,0.523,-0.1,-0.1,0.0
M0104427,-0.039,5,40.0,20.0,40.0,0.496,-0.059,-0.018,0.0
M0104431,0.213,5,60.0,20.0,20.0,0.524,0.03,0.15,0.0
M0104454,0.206,5,40.0,60.0,0.0,0.472,0.234,0.14,0.093
M0104466,0.166,5,60.0,20.0,20.0,0.562,0.061,0.117,0.0
M0104573,0.14,5,20.0,80.0,0.0,0.439,0.034,0.184,0.0
M0104652,0.391,5,80.0,20.0,0.0,0.685,0.223,0.223,0.282
M0104684,0.324,5,60.0,40.0,0.0,0.552,0.121,0.15,0.093
M0104691,0.26,5,60.0,40.0,0.0,0.681,0.224,0.21,0.093
M0104692,-0.283,5,20.0,0.0,80.0,0.632,0.0,-0.098,0.0
M0104694,0.283,5,60.0,40.0,0.0,0.576,0.104,0.215,0.0
M0104714,-0.136,5,40.0,0.0,60.0,0.591,0.0,0.201,0.101
M0104756,0.355,5,60.0,40.0,0.0,0.475,0.135,0.215,0.0
M0104779,0.127,5,20.0,80.0,0.0,0.485,0.017,0.118,0.101
M0104797,0.493,5,80.0,20.0,0.0,0.537,0.043,0.413,0.0
M0104815,0.282,5,60.0,20.0,20.0,0.678,0.115,0.338,0.123
M0104868,0.451,5,80.0,20.0,0.0,0.634,0.0,0.453,0.123
M0104940,0.425,5,60.0,40.0,0.0,0.703,0.1,0.4,0.0
M0104952,0.357,5,60.0,40.0,0.0,0.63,0.197,0.254,0.093
M0105046,0.002,5,20.0,80.0,0.0,0.454,0.035,0.004,0.0
M0105104,-0.158,5,0.0,60.0,40.0,0.462,0.019,0.019,0.0
M0105112,0.13,5,20.0,80.0,0.0,0.455,0.112,0.019,0.093
M0105121,-0.037,5,20.0,60.0,20.0,0.484,0.013,-0.022,0.0
M0105128,-0.228,5,0.0,60.0,40.0,0.406,-0.187,-0.187,0.0
M0105151,0.554,5,100.0,0.0,0.0,0.662,0.168,0.373,0.123
M0105236,0.183,5,80.0,0.0,20.0,0.611,0.18,0.193,0.0
M0105265,0.367,5,60.0,40.0,0.0,0.652,0.113,0.363,0.0
M0105275,0.171,5,40.0,60.0,0.0,0.501,0.1,0.1,0.0
M0105323,0.345,5,80.0,0.0,20.0,0.659,0.03,0.238,0.123
M0105327,0.069,5,60.0,0.0,40.0,0.769,0.32,-0.018,0.093
M0105414,-0.013,5,20.0,80.0,0.0,0.513,0.004,0.004,0.0
M0105415,-0.03,5,20.0,20.0,60.0,0.496,-0.1,0.023,0.123
M0105417,0.469,5,100.0,0.0,0.0,0.541,0.06,0.335,0.123
M0105428,-0.374,5,0.0,40.0,60.0,0.527,-0.073,-0.171,0.0
M0105435,-0.051,5,20.0,60.0,20.0,0.586,0.041,0.004,0.0
M0105488,0.378,5,60.0,40.0,0.0,0.572,0.152,0.258,0.0
M0105629,0.038,5,40.0,40.0,20.0,0.539,-0.07,0.0,0.0
M0105665,0.23,5,60.0,40.0,0.0,0.5,0.093,0.0,0.093
M0105690,-0.128,5,20.0,60.0,20.0,0.357,0.034,0.034,0.0
M0105695,-0.066,5,40.0,0.0,60.0,0.632,-0.1,0.117,0.0
M0105698,-0.134,5,20.0,60.0,20.0,0.414,-0.057,-0.057,0.0
M0105793,0.376,5,80.0,20.0,0.0,0.547,0.13,0.397,0.0
M0105812,0.185,5,20.0,80.0,0.0,0.586,0.013,0.163,0.0
M0106220,0.349,5,60.0,40.0,0.0,0.678,0.113,0.337,0.123
M0106226,0.141,5,60.0,0.0,40.0,0.668,0.093,0.111,0.093
M0106246,0.166,5,40.0,60.0,0.0,0.581,0.086,0.108,0.078
M0106307,0.103,5,40.0,40.0,20.0,0.519,0.074,0.079,0.0
M0106308,0.357,5,60.0,40.0,0.0,0.672,0.0,0.353,0.123
M0106332,0.559,5,100.0,0.0,0.0,0.708,0.25,0.377,0.093
M0106364,0.467,5,80.0,20.0,0.0,0.586,0.0,0.361,0.099
M0106387,-0.035,5,40.0,40.0,20.0,0.569,0.107,-0.133,0.093
M0106452,0.229,5,40.0,60.0,0.0,0.541,0.12,0.128,0.194
M0106469,0.384,5,80.0,20.0,0.0,0.614,0.147,0.29,0.123
M0106489,0.088,5,20.0,80.0,0.0,0.554,0.021,0.144,0.123
M0106519,0.407,5,60.0,40.0,0.0,0.707,0.093,0.273,0.217
M0106582,-0.023,5,40.0,40.0,20.0,0.458,0.035,0.008,0.0
M0106598,0.359,5,60.0,40.0,0.0,0.706,0.127,0.277,0.0
M0106611,0.175,5,40.0,60.0,0.0,0.637,0.093,0.08,0.093
M0106627,0.406,5,60.0,40.0,0.0,0.656,0.108,0.381,0.123
M0106664,-0.403,5,0.0,40.0,60.0,0.61,-0.2,-0.2,0.0
M0106673,0.044,5,20.0,60.0,20.0,0.527,0.008,0.131,0.123
M0106677,-0.059,5,20.0,40.0,40.0,0.366,0.03,0.0,0.0
M0106697,0.435,5,60.0,40.0,0.0,0.615,0.093,0.273,0.217
M0106701,0.226,5,60.0,20.0,20.0,0.613,-0.087,0.251,0.123
M0106770,0.27,5,60.0,40.0,0.0,0.609,0.138,0.227,0.123
M0106856,0.157,5,40.0,40.0,20.0,0.718,0.1,0.223,0.123
M0106912,0.063,5,60.0,20.0,20.0,0.503,0.038,-0.02,0.0
M0106918,0.064,5,20.0,60.0,20.0,0.64,0.013,0.163,0.0
M0106965,0.084,5,40.0,40.0,20.0,0.539,0.17,0.14,0.0
M0106977,0.45,5,80.0,20.0,0.0,0.619,0.361,0.204,0.157
M0107034,-0.005,5,0.0,100.0,0.0,0.376,0.04,0.04,0.0
M0107048,0.561,5,100.0,0.0,0.0,0.641,0.0,0.551,0.101
M0107050,0.272,5,60.0,40.0,0.0,0.517,0.044,0.214,0.101
M0107076,-0.01,5,40.0,40.0,20.0,0.488,0.082,-0.071,0.078
M0107120,0.52,5,80.0,0.0,20.0,0.692,0.1,0.474,0.224
M0107131,0.176,5,20.0,80.0,0.0,0.468,0.027,0.177,0.0
M0107144,0.17,5,60.0,20.0,20.0,0.551,0.141,0.1,0.0
M0107206,0.041,5,20.0,80.0,0.0,0.361,0.046,0.019,0.0
M0107207,0.384,5,80.0,0.0,20.0,0.763,0.193,0.227,0.217
M0107211,0.392,5,60.0,40.0,0.0,0.709,0.1,0.324,0.224
M0107254,-0.576,5,0.0,20.0,80.0,0.641,-0.1,-0.345,0.0
M0107286,0.132,5,40.0,60.0,0.0,0.427,0.015,0.215,0.0
M0107290,0.658,5,100.0,0.0,0.0,0.77,0.227,0.6,0.123
M0107302,-0.071,5,20.0,40.0,40.0,0.555,0.131,0.033,0.0
M0107362,0.2,5,40.0,40.0,20.0,0.585,0.0,0.176,0.101
M0107387,-0.146,5,20.0,40.0,40.0,0.515,0.013,-0.12,0.0
M0107473,-0.099,5,20.0,40.0,40.0,0.588,0.0,0.0,0.0
M0107507,0.244,5,40.0,40.0,20.0,0.629,0.004,0.277,0.123
M0107554,0.422,5,100.0,0.0,0.0,0.71,0.151,0.317,0.123
M0107614,0.311,5,60.0,20.0,20.0,0.562,0.093,0.201,0.194
M0107616,0.323,5,60.0,40.0,0.0,0.569,0.097,0.205,0.194
M0107653,0.345,5,60.0,40.0,0.0,0.547,0.207,0.213,0.093
M0107659,0.278,5,60.0,40.0,0.0,0.469,0.031,0.205,0.101
M0107665,-0.102,5,20.0,40.0,40.0,0.481,0.092,0.013,0.078
M0107688,0.23,5,60.0,40.0,0.0,0.493,0.043,0.18,0.078
M0107692,0.153,5,40.0,60.0,0.0,0.433,0.064,0.004,0.144
M0107756,0.277,5,60.0,20.0,20.0,0.748,-0.007,0.147,0.34
M0107798,0.144,5,40.0,60.0,0.0,0.478,0.055,0.128,0.0
M0107808,0.237,5,40.0,60.0,0.0,0.456,0.2,0.013,0.187
M0107818,0.188,5,60.0,20.0,20.0,0.534,0.134,0.17,0.0
M0107822,0.503,5,80.0,20.0,0.0,0.678,0.127,0.5,0.123
M0107943,-0.008,5,40.0,20.0,40.0,0.529,0.061,0.125,0.0
M0107969,-0.108,5,40.0,20.0,40.0,0.516,0.024,0.024,0.0
M0107977,0.124,5,40.0,40.0,20.0,0.612,0.138,0.1,0.0
M0107978,-0.624,5,0.0,20.0,80.0,0.579,-0.061,-0.501,0.0
M0108002,0.128,5,60.0,20.0,20.0,0.536,0.128,0.006,0.093
M0108037,0.368,5,60.0,40.0,0.0,0.709,0.204,0.327,0.123
M0108052,0.567,5,100.0,0.0,0.0,0.709,0.244,0.463,0.0
M0108065,0.541,5,80.0,20.0,0.0,0.741,0.261,0.363,0.0
M0108071,0.255,5,60.0,0.0,40.0,0.697,0.207,0.165,0.093
M0108122,0.559,5,80.0,20.0,0.0,0.687,0.178,0.373,0.202
M0108160,-0.001,5,0.0,100.0,0.0,0.604,0.004,0.004,0.0
M0108211,0.279,5,60.0,40.0,0.0,0.674,0.147,0.241,0.123
M0108238,-0.047,5,20.0,60.0,20.0,0.546,0.108,0.033,0.0
M0108255,-0.28,5,20.0,20.0,60.0,0.647,0.013,0.013,0.0
M0108330,0.103,5,40.0,40.0,20.0,0.534,-0.1,0.114,0.0
M0108358,0.366,5,80.0,20.0,0.0,0.657,0.127,0.203,0.217
M0108394,0.23,5,60.0,40.0,0.0,0.593,0.127,0.127,0.217
M0108399,0.362,5,80.0,0.0,20.0,0.672,0.218,0.123,0.31
M0108473,-0.008,5,20.0,60.0,20.0,0.515,-0.083,0.028,0.0
M0108525,-0.036,5,20.0,60.0,20.0,0.62,-0.096,0.027,0.123
M0108550,0.355,5,60.0,40.0,0.0,0.544,0.124,0.101,0.194
M0109040,-0.077,5,20.0,40.0,40.0,0.556,0.117,-0.029,0.0
M0109045,0.312,5,60.0,40.0,0.0,0.708,0.211,0.241,0.217
M0109068,0.211,5,40.0,60.0,0.0,0.515,0.047,0.167,0.0
M0109117,0.617,5,100.0,0.0,0.0,0.742,0.447,0.42,0.093
M0109190,0.144,5,40.0,40.0,20.0,0.655,0.004,0.277,0.123
M0109254,-0.254,5,0.0,60.0,40.0,0.413,-0.046,-0.12,0.0
M0109287,-0.174,5,20.0,40.0,40.0,0.475,0.02,-0.073,0.093
M0109303,0.271,5,60.0,20.0,20.0,0.515,0.042,0.201,0.101
M0109348,0.118,5,60.0,40.0,0.0,0.438,0.073,0.013,0.0
M0109424,0.383,5,60.0,40.0,0.0,0.617,0.211,0.241,0.217
M0109444,0.196,5,40.0,60.0,0.0,0.54,0.108,0.115,0.093
M0109445,0.458,5,80.0,20.0,0.0,0.673,0.078,0.313,0.325
M0109446,-0.066,5,20.0,40.0,40.0,0.551,0.03,0.0,0.0
M0109506,0.356,5,80.0,0.0,20.0,0.609,0.302,0.24,0.0
M0109508,0.552,5,100.0,0.0,0.0,0.617,0.137,0.435,0.123
M0109520,0.184,5,40.0,40.0,20.0,0.637,0.013,0.287,0.123
M0109635,0.006,5,20.0,60.0,20.0,0.632,0.14,-0.007,0.0
M0109642,0.267,5,40.0,60.0,0.0,0.539,0.111,0.167,0.093
M0109686,0.516,5,80.0,20.0,0.0,0.678,0.1,0.473,0.123
M0109707,0.421,5,80.0,20.0,0.0,0.594,0.134,0.327,0.123
M0109759,0.263,5,80.0,0.0,20.0,0.668,0.178,0.125,0.202
M0109813,-0.329,5,20.0,20.0,60.0,0.653,0.03,-0.245,0.0
M0109830,0.266,5,80.0,0.0,20.0,0.611,0.13,0.203,0.101
M0109831,0.163,5,40.0,40.0,20.0,0.511,0.027,0.278,0.101
M0109836,-0.015,5,40.0,40.0,20.0,0.553,0.097,0.004,0.093
M0110005,0.227,5,60.0,40.0,0.0,0.497,0.161,0.18,0.0
M0110006,0.21,5,60.0,40.0,0.0,0.519,0.128,0.004,0.093
M0110008,0.234,5,60.0,40.0,0.0,0.591,0.197,0.204,0.093
M0110057,0.464,5,100.0,0.0,0.0,0.648,0.175,0.317,0.123
M0110074,0.13,5,40.0,60.0,0.0,0.48,0.078,0.067,0.078
M0110081,0.018,5,40.0,20.0,40.0,0.652,0.013,0.165,0.0
M0110116,0.205,5,60.0,40.0,0.0,0.595,0.147,0.1,0.0
M0110148,0.225,5,60.0,40.0,0.0,0.53,0.161,0.213,0.0
M0110167,-0.091,5,0.0,80.0,20.0,0.399,0.025,0.025,0.0
M0110216,-0.21,5,40.0,0.0,60.0,0.685,0.058,-0.231,0.0
M0110322,0.282,5,80.0,0.0,20.0,0.686,0.03,0.211,0.247
M0110357,0.375,5,80.0,0.0,20.0,0.704,0.0,0.335,0.023
M0110366,0.064,5,20.0,80.0,0.0,0.372,0.055,0.017,0.0
M0110367,0.196,5,40.0,60.0,0.0,0.532,0.113,0.113,0.0
M0110413,0.67,5,100.0,0.0,0.0,0.81,0.307,0.487,0.217
M0110428,-0.055,5,20.0,40.0,40.0,0.38,0.017,0.017,0.0
M0110475,0.165,5,60.0,20.0,20.0,0.694,0.138,0.103,0.0
M0110478,0.28,5,60.0,40.0,0.0,0.546,0.144,0.238,0.123
M0110527,-0.033,5,20.0,60.0,20.0,0.572,0.001,-0.092,0.093
M0110598,0.481,5,60.0,40.0,0.0,0.68,0.127,0.377,0.101
M0110622,-0.261,5,0.0,60.0,40.0,0.537,0.013,-0.231,0.0
M0110632,0.504,5,80.0,20.0,0.0,0.644,0.078,0.351,0.179
M0110657,-0.134,5,40.0,20.0,40.0,0.537,0.021,-0.219,0.093
M0110729,0.537,5,80.0,20.0,0.0,0.657,0.123,0.3,0.093
M0110737,0.121,5,40.0,40.0,20.0,0.577,0.013,0.09,0.123
M0110877,0.549,5,100.0,0.0,0.0,0.566,0.031,0.5,0.0
M0110912,0.508,5,100.0,0.0,0.0,0.645,0.223,0.323,0.217
M0110917,0.477,5,100.0,0.0,0.0,0.548,0.205,0.25,0.0
M0110932,0.507,5,80.0,20.0,0.0,0.685,0.402,0.23,0.172
M0110950,0.465,5,80.0,20.0,0.0,0.541,0.223,0.263,0.078
M0110955,0.522,5,80.0,20.0,0.0,0.613,0.078,0.4,0.078
M0110989,-0.022,5,20.0,40.0,40.0,0.552,0.004,0.154,0.0
M0110997,0.226,5,40.0,60.0,0.0,0.617,0.013,0.237,0.123
M0111070,-0.044,5,40.0,20.0,40.0,0.651,0.038,0.003,0.101
M0111127,0.089,5,20.0,80.0,0.0,0.39,0.043,0.013,0.0
M0111149,-0.072,5,0.0,100.0,0.0,0.42,0.031,0.031,0.0
M0111161,0.665,5,100.0,0.0,0.0,0.762,0.407,0.277,0.28
M0111255,-0.358,5,0.0,40.0,60.0,0.44,-0.061,-0.135,0.0
M0111257,-0.265,5,40.0,0.0,60.0,0.613,0.093,-0.157,0.093
M0111280,0.309,5,40.0,60.0,0.0,0.509,0.157,0.257,0.101
M0111282,0.198,5,40.0,40.0,20.0,0.454,0.123,0.131,0.194
M0111301,-0.735,5,0.0,0.0,100.0,0.683,0.0,-0.44,0.0
M0111438,-0.178,5,0.0,60.0,40.0,0.471,-0.076,-0.076,0.0
M0111495,0.441,5,80.0,20.0,0.0,0.688,0.038,0.351,0.101
M0111503,0.359,5,60.0,40.0,0.0,0.506,0.032,0.265,0.0
M0111507,0.056,5,20.0,60.0,20.0,0.553,0.107,0.013,0.093
M0111512,-0.052,5,20.0,60.0,20.0,0.548,0.023,-0.001,0.123
M0111579,0.091,5,20.0,60.0,20.0,0.456,0.017,0.141,0.123
M0111686,-0.415,5,0.0,40.0,60.0,0.558,-0.083,-0.229,0.0
M0111693,0.331,5,80.0,0.0,20.0,0.694,-0.1,0.248,0.348
M0111742,0.017,5,40.0,40.0,20.0,0.605,0.004,0.072,0.0
M0111756,-0.008,5,40.0,20.0,40.0,0.708,0.013,0.114,0.247
M0112281,0.169,5,20.0,80.0,0.0,0.547,0.153,0.153,0.0
M0112346,0.011,5,40.0,20.0,40.0,0.76,0.1,0.125,0.123
M0112384,0.057,5,20.0,60.0,20.0,0.633,0.093,0.0,0.093
M0112401,-0.135,5,20.0,60.0,20.0,0.483,0.019,-0.028,0.0
M0112431,0.308,5,60.0,40.0,0.0,0.526,0.212,0.104,0.078
M0112442,-0.055,5,40.0,20.0,40.0,0.416,0.061,0.0,0.0
M0112461,0.378,5,80.0,20.0,0.0,0.608,0.123,0.201,0.194
M0112462,-0.015,5,20.0,40.0,40.0,0.45,0.1,0.1,0.0
M0112471,0.604,5,100.0,0.0,0.0,0.666,0.3,0.511,0.0
M0112508,-0.243,5,0.0,60.0,40.0,0.455,0.021,-0.126,0.0
M0112573,0.705,5,100.0,0.0,0.0,0.669,0.038,0.561,0.0
M0112579,0.383,5,60.0,40.0,0.0,0.573,0.28,0.0,0.28
M0112641,0.492,5,100.0,0.0,0.0,0.569,0.061,0.373,0.123
M0112642,0.344,5,80.0,20.0,0.0,0.555,0.1,0.223,0.123
M0112682,-0.183,5,20.0,40.0,40.0,0.545,0.0,-0.018,0.0
M0112697,-0.182,5,20.0,40.0,40.0,0.515,-0.087,0.013,0.0
M0112722,0.425,5,60.0,40.0,0.0,0.602,0.14,0.391,0.101
M0112740,0.319,5,80.0,20.0,0.0,0.525,0.187,0.1,0.187
M0112792,-0.103,5,60.0,0.0,40.0,0.58,0.0,-0.147,0.0
M0112817,0.675,5,100.0,0.0,0.0,0.757,0.187,0.423,0.31
M0112818,0.413,5,80.0,20.0,0.0,0.614,0.187,0.223,0.31
M0112819,0.28,5,60.0,40.0,0.0,0.472,0.157,0.0,0.157
M0112851,0.12,5,40.0,40.0,20.0,0.414,0.14,0.019,0.093
M0112864,0.506,5,100.0,0.0,0.0,0.616,0.22,0.291,0.078
M0112870,0.41,5,80.0,20.0,0.0,0.727,0.254,0.237,0.217
M0112883,0.199,5,40.0,60.0,0.0,0.462,0.038,0.158,0.0
M0112896,0.093,5,40.0,40.0,20.0,0.635,0.161,0.113,0.0
M0112913,0.645,5,100.0,0.0,0.0,0.672,0.238,0.461,0.0
M0112950,0.165,5,60.0,20.0,20.0,0.609,0.143,0.09,0.123
M0112966,0.179,5,60.0,40.0,0.0,0.473,0.111,0.117,0.093
M0113041,-0.037,5,20.0,60.0,20.0,0.435,0.008,0.108,0.0
M0113071,-0.26,5,0.0,60.0,40.0,0.498,0.004,0.004,0.0
M0113101,-0.302,5,40.0,0.0,60.0,0.68,0.013,-0.28,0.0
M0113117,0.405,5,60.0,40.0,0.0,0.624,0.093,0.273,0.217
M0113118,0.213,5,60.0,40.0,0.0,0.452,0.168,0.027,0.093
M0113161,0.327,5,80.0,0.0,20.0,0.704,0.274,0.193,0.0
M0113189,0.125,5,40.0,40.0,20.0,0.642,0.004,0.251,0.247
M0113243,0.361,5,60.0,40.0,0.0,0.626,0.145,0.154,0.093
M0113247,0.312,5,80.0,0.0,20.0,0.597,0.254,0.113,0.093
M0113253,-0.23,5,20.0,20.0,60.0,0.62,-0.2,-0.05,0.0
M0113277,0.399,5,100.0,0.0,0.0,0.545,0.253,0.2,0.093
M0113375,0.395,5,80.0,20.0,0.0,0.484,0.122,0.163,0.078
M0113409,0.138,5,40.0,40.0,20.0,0.64,0.0,0.25,0.0
M0113481,-0.087,5,0.0,80.0,20.0,0.427,0.03,0.03,0.0
M0113492,-0.277,5,0.0,40.0,60.0,0.473,0.015,0.015,0.0
M0113497,0.465,5,80.0,20.0,0.0,0.579,0.143,0.364,0.101
M0113540,0.4,5,60.0,40.0,0.0,0.638,0.107,0.287,0.217
M0113568,0.52,5,100.0,0.0,0.0,0.58,0.187,0.223,0.31
M0113627,0.248,5,60.0,40.0,0.0,0.658,0.13,0.18,0.0
M0113670,0.638,5,100.0,0.0,0.0,0.652,0.183,0.273,0.217
M0113725,0.276,5,60.0,40.0,0.0,0.403,0.15,0.093,0.093
M0113749,0.138,5,40.0,60.0,0.0,0.413,0.013,0.113,0.0
M0113819,0.129,5,20.0,80.0,0.0,0.539,0.017,0.167,0.0
M0113824,0.476,5,80.0,20.0,0.0,0.642,0.22,0.377,0.107
M0113845,0.142,5,40.0,40.0,20.0,0.531,0.093,0.049,0.217
M0113855,0.311,5,60.0,40.0,0.0,0.534,0.019,0.292,0.123
M0113870,0.324,5,80.0,20.0,0.0,0.591,0.197,0.268,0.093
M0113957,-0.06,5,20.0,60.0,20.0,0.501,0.031,0.004,0.0
M0113972,0.179,5,40.0,60.0,0.0,0.418,0.13,0.197,0.0
M0113986,-0.035,5,40.0,20.0,40.0,0.516,0.138,0.013,0.093
M0114069,-0.18,5,20.0,40.0,40.0,0.554,0.002,-0.223,0.078
M0114148,-0.012,5,20.0,60.0,20.0,0.587,0.1,0.1,0.077
M0114194,0.155,5,40.0,20.0,40.0,0.585,-0.072,0.201,0.123
M0114214,0.157,5,40.0,60.0,0.0,0.53,0.044,0.104,0.0
M0114319,0.352,5,60.0,20.0,20.0,0.718,0.0,0.374,0.224
M0114367,0.179,5,60.0,20.0,20.0,0.63,0.093,0.2,0.093
M0114369,0.436,5,100.0,0.0,0.0,0.617,0.093,0.423,0.217
M0114388,-0.077,5,20.0,60.0,20.0,0.595,-0.003,-0.096,0.093
M0114436,-0.02,5,20.0,60.0,20.0,0.609,0.004,0.105,0.101
M0114478,0.198,5,40.0,60.0,0.0,0.517,0.208,0.021,0.187
M0114508,-0.321,5,0.0,60.0,40.0,0.55,0.004,-0.217,0.0
M0114558,-0.172,5,20.0,20.0,60.0,0.59,-0.076,-0.099,0.123
M0114576,0.046,5,40.0,40.0,20.0,0.424,-0.045,0.028,0.0
M0114594,0.126,5,60.0,20.0,20.0,0.466,0.085,0.067,0.0
M0114614,-0.0,5,40.0,40.0,20.0,0.476,0.108,-0.059,0.093
M0114681,-0.049,5,20.0,60.0,20.0,0.579,0.004,0.104,0.0
M0114682,0.488,5,80.0,20.0,0.0,0.63,0.197,0.354,0.093
M0114694,0.139,5,60.0,20.0,20.0,0.674,0.205,-0.02,0.078
M0114709,0.589,5,100.0,0.0,0.0,0.682,0.193,0.451,0.194
M0114746,0.156,5,60.0,20.0,20.0,0.632,0.047,0.092,0.123
M0114781,-0.362,5,0.0,40.0,60.0,0.515,0.004,0.004,0.0
M0114787,0.54,5,80.0,20.0,0.0,0.644,0.147,0.373,0.123
M0114814,0.726,5,100.0,0.0,0.0,0.913,0.253,0.623,0.37
M0114857,-0.319,5,0.0,60.0,40.0,0.5,0.019,-0.202,0.0
M0114898,-0.081,5,20.0,60.0,20.0,0.383,0.072,-0.117,0.0
M0114924,0.227,5,40.0,60.0,0.0,0.478,0.027,0.257,0.0
M0115433,-0.293,5,20.0,40.0,40.0,0.521,-0.092,-0.239,0.0
M0115571,-0.041,5,40.0,40.0,20.0,0.507,-0.1,-0.02,0.0
M0115639,0.228,5,60.0,40.0,0.0,0.497,0.061,0.113,0.0
M0115641,0.113,5,60.0,20.0,20.0,0.469,-0.027,0.014,0.074
M0115678,0.22,5,60.0,40.0,0.0,0.469,0.08,0.113,0.0
M0115685,0.384,5,60.0,40.0,0.0,0.611,0.113,0.348,0.123
M0115734,-0.106,5,20.0,60.0,20.0,0.527,0.008,-0.01,0.0
M0115736,0.183,5,60.0,40.0,0.0,0.436,0.092,0.08,0.078
M0115751,0.359,5,80.0,20.0,0.0,0.604,0.264,0.0,0.187
M0115759,-0.174,5,20.0,60.0,20.0,0.534,0.038,-0.143,0.0
M0115798,-0.184,5,20.0,40.0,40.0,0.526,0.004,0.006,0.0
M0115857,-0.061,5,20.0,60.0,20.0,0.569,0.004,0.03,0.101
M0115956,-0.156,5,0.0,80.0,20.0,0.359,0.03,0.03,0.0
M0115963,0.033,5,40.0,40.0,20.0,0.56,0.112,-0.094,0.078
M0115964,-0.141,5,20.0,40.0,40.0,0.474,-0.087,-0.085,0.0
M0115988,-0.054,5,40.0,40.0,20.0,0.425,0.047,0.117,0.0
M0116040,-0.133,5,20.0,40.0,40.0,0.564,0.004,-0.044,0.101
M0116126,-0.102,5,40.0,20.0,40.0,0.645,0.031,-0.143,0.0
M0116136,-0.033,5,40.0,40.0,20.0,0.497,0.136,-0.132,0.093
M0116209,0.32,5,60.0,40.0,0.0,0.596,0.124,0.15,0.093
M0116213,0.164,5,40.0,60.0,0.0,0.447,0.137,0.015,0.093
M0116225,-0.143,5,0.0,80.0,20.0,0.465,0.004,0.004,0.0
M0116231,0.367,5,80.0,20.0,0.0,0.543,0.151,0.215,0.0
M0116242,0.275,5,40.0,60.0,0.0,0.592,0.013,0.225,0.101
M0116250,0.38,5,60.0,20.0,20.0,0.667,0.24,0.39,0.0
M0116253,-0.052,5,20.0,60.0,20.0,0.481,0.019,-0.028,0.0
M0116277,-0.376,5,0.0,60.0,40.0,0.566,0.008,-0.286,0.0
M0116282,0.334,5,60.0,0.0,40.0,0.706,0.127,0.377,0.101
M0116287,0.009,5,40.0,20.0,40.0,0.642,0.013,0.101,0.123
M0116313,0.347,5,80.0,20.0,0.0,0.573,0.123,0.167,0.093
M0116324,0.305,5,80.0,20.0,0.0,0.465,0.173,0.213,0.0
M0116365,0.726,5,100.0,0.0,0.0,0.746,0.045,0.547,0.247
M0116367,0.05,5,20.0,60.0,20.0,0.499,-0.061,0.062,0.123
M0116409,-0.136,5,20.0,60.0,20.0,0.531,-0.066,-0.096,0.0
M0116483,0.208,5,60.0,20.0,20.0,0.646,0.078,0.088,0.202
M0116583,0.165,5,40.0,40.0,20.0,0.548,0.05,0.163,-0.008
M0116629,0.282,5,60.0,20.0,20.0,0.664,0.117,0.147,0.217
M0116669,0.018,5,20.0,60.0,20.0,0.601,0.0,0.052,0.0
M0116695,0.463,5,80.0,20.0,0.0,0.691,0.127,0.461,0.123
M0116705,-0.223,5,0.0,60.0,40.0,0.549,0.013,-0.085,0.0
M0116778,0.547,5,100.0,0.0,0.0,0.768,0.193,0.423,0.217
M0116830,-0.09,5,0.0,80.0,20.0,0.421,0.015,-0.059,0.0
M0116908,-0.076,5,20.0,60.0,20.0,0.365,0.015,0.082,0.0
M0116922,0.34,5,80.0,0.0,20.0,0.611,0.124,0.115,0.093
M0116996,-0.029,5,20.0,60.0,20.0,0.569,0.1,0.1,0.0
M0116999,-0.06,5,0.0,100.0,0.0,0.446,0.008,0.008,0.0
M0117008,0.189,5,60.0,20.0,20.0,0.572,0.048,0.205,0.101
M0117039,-0.103,5,40.0,40.0,20.0,0.503,0.034,-0.094,0.0
M0117060,0.535,5,80.0,20.0,0.0,0.667,0.178,0.351,0.179
M0117214,0.053,5,40.0,20.0,40.0,0.692,0.1,0.25,0.0
M0117218,0.416,5,60.0,40.0,0.0,0.638,0.14,0.414,0.123
M0117247,0.276,5,40.0,60.0,0.0,0.619,0.134,0.284,0.0
M0117318,0.571,5,80.0,20.0,0.0,0.689,0.1,0.485,0.123
M0117331,0.055,5,40.0,40.0,20.0,0.557,0.108,0.041,0.093
M0117333,0.225,5,40.0,60.0,0.0,0.627,0.013,0.237,0.123
M0117381,0.34,5,60.0,40.0,0.0,0.611,0.004,0.327,0.123
M0117407,0.293,5,60.0,20.0,20.0,0.603,0.093,0.25,0.093
M0117438,-0.084,5,0.0,80.0,20.0,0.449,-0.076,-0.076,0.0
M0117500,0.481,5,80.0,20.0,0.0,0.552,0.136,0.315,0.093
M0117509,-0.092,5,40.0,20.0,40.0,0.572,0.047,0.017,0.0
M0117571,0.476,5,80.0,20.0,0.0,0.67,0.291,0.254,0.187
M0117589,0.301,5,60.0,20.0,20.0,0.612,0.123,0.15,0.093
M0117603,0.204,5,40.0,60.0,0.0,0.494,0.042,0.158,0.0
M0117631,0.158,5,40.0,40.0,20.0,0.555,0.038,0.123,0.123
M0117665,0.41,5,80.0,20.0,0.0,0.659,0.284,0.104,0.28
M0117666,0.017,5,20.0,80.0,0.0,0.419,0.044,0.124,0.0
M0117705,-0.063,5,40.0,40.0,20.0,0.549,0.038,0.002,-0.06
M0117723,-0.099,5,40.0,20.0,40.0,0.514,0.122,-0.074,0.093
M0117731,0.285,5,60.0,40.0,0.0,0.533,0.108,0.205,0.217
M0117774,0.152,5,40.0,60.0,0.0,0.394,0.097,0.004,0.093
M0117802,0.062,5,40.0,40.0,20.0,0.481,0.013,0.114,0.101
M0117883,-0.108,5,40.0,20.0,40.0,0.648,0.078,-0.193,0.078
M0117887,0.164,5,40.0,40.0,20.0,0.563,-0.018,0.054,0.078
M0117894,0.084,5,20.0,80.0,0.0,0.569,0.134,0.134,0.0
M0117913,0.581,5,80.0,20.0,0.0,0.661,0.113,0.491,0.0
M0117918,-0.198,5,0.0,60.0,40.0,0.584,0.004,-0.094,0.0
M0117951,0.379,5,60.0,40.0,0.0,0.722,0.207,0.263,0.093
M0117998,0.235,5,20.0,80.0,0.0,0.459,0.013,0.163,0.0
M0118548,0.535,5,80.0,20.0,0.0,0.653,0.204,0.465,0.0
M0118571,0.188,5,40.0,60.0,0.0,0.44,0.124,0.004,0.078
M0118583,-0.249,5,0.0,60.0,40.0,0.473,-0.053,-0.053,0.0
M0118607,0.182,5,40.0,60.0,0.0,0.525,0.196,0.117,0.078
M0118615,-0.094,5,40.0,20.0,40.0,0.491,-0.061,0.062,0.123
M0118617,0.392,5,80.0,20.0,0.0,0.553,0.127,0.343,0.078
M0118636,-0.142,5,40.0,20.0,40.0,0.528,-0.003,-0.096,0.093
M0118655,0.002,5,20.0,40.0,40.0,0.627,0.0,0.025,0.123
M0118688,-0.672,5,0.0,0.0,100.0,0.652,-0.076,-0.444,0.0
M0118689,0.222,5,40.0,60.0,0.0,0.639,0.217,0.217,0.0
M0118694,0.458,5,100.0,0.0,0.0,0.592,0.0,0.397,0.101
M0118715,0.46,5,80.0,20.0,0.0,0.606,0.174,0.237,0.123
M0118749,0.636,5,100.0,0.0,0.0,0.837,0.44,0.54,0.0
M0118760,0.285,5,60.0,20.0,20.0,0.549,0.157,0.207,0.0
M0118771,-0.11,5,20.0,60.0,20.0,0.451,0.031,0.004,0.0
M0118789,0.387,5,80.0,0.0,20.0,0.661,0.0,0.478,0.0
M0118799,0.551,5,80.0,20.0,0.0,0.687,0.113,0.513,0.0
M0118819,-0.035,5,40.0,40.0,20.0,0.569,0.107,-0.133,0.093
M0118842,0.118,5,40.0,40.0,20.0,0.707,0.093,0.123,0.217
M0118843,0.53,5,80.0,20.0,0.0,0.737,0.047,0.37,0.37
M0118845,0.066,5,20.0,80.0,0.0,0.628,0.0,0.123,0.123
M0118849,0.548,5,80.0,20.0,0.0,0.609,0.047,0.362,0.101
M0118880,0.295,5,60.0,40.0,0.0,0.512,0.191,0.07,0.187
M0118883,0.207,5,40.0,60.0,0.0,0.461,0.028,0.15,0.0
M0118884,0.292,5,60.0,20.0,20.0,0.512,0.004,0.354,0.0
M0118887,0.12,5,40.0,60.0,0.0,0.565,0.104,0.104,0.0
M0118928,-0.016,5,40.0,20.0,40.0,0.507,0.057,0.091,0.0
M0118929,0.027,5,40.0,40.0,20.0,0.595,0.004,0.104,0.0
M0118954,0.04,5,40.0,40.0,20.0,0.661,0.121,0.123,0.0
M0118956,0.088,5,20.0,60.0,20.0,0.487,0.004,0.127,0.123
M0118971,0.482,5,100.0,0.0,0.0,0.583,0.09,0.247,0.247
M0118972,0.222,5,40.0,40.0,20.0,0.563,0.097,0.154,0.093
M0119008,0.189,5,40.0,60.0,0.0,0.408,0.123,0.013,0.078
M0119038,0.525,5,80.0,0.0,20.0,0.768,0.0,0.475,0.123
M0119051,0.446,5,80.0,20.0,0.0,0.771,0.307,0.337,0.217
M0119081,-0.039,5,60.0,0.0,40.0,0.619,0.1,0.004,0.0
M0119094,-0.021,5,20.0,60.0,20.0,0.568,0.1,0.026,0.0
M0119099,0.116,5,60.0,20.0,20.0,0.507,0.093,0.1,0.093
M0119114,0.253,5,60.0,40.0,0.0,0.49,0.091,0.093,0.0
M0119116,0.072,5,40.0,40.0,20.0,0.524,0.127,-0.074,0.093
M0119137,-0.146,5,20.0,60.0,20.0,0.472,0.064,-0.12,0.0
M0119141,0.072,5,20.0,80.0,0.0,0.489,0.041,0.004,0.0
M0119164,0.343,5,60.0,40.0,0.0,0.62,0.174,0.277,0.0
M0119167,0.181,5,60.0,20.0,20.0,0.706,0.127,0.152,0.123
M0119173,0.317,5,80.0,0.0,20.0,0.64,0.078,0.323,0.202
M0119174,0.382,5,60.0,20.0,20.0,0.628,0.013,0.361,0.348
M0119177,0.507,5,100.0,0.0,0.0,0.512,0.261,0.267,0.0
M0119215,-0.307,5,20.0,40.0,40.0,0.679,0.0,-0.213,0.0
M0119217,0.441,5,80.0,0.0,20.0,0.703,0.193,0.361,0.093
M0119223,-0.002,5,20.0,60.0,20.0,0.59,0.117,0.117,0.0
M0119229,0.104,5,40.0,40.0,20.0,0.43,0.076,0.0,0.0
M0119250,-0.131,5,20.0,60.0,20.0,0.431,0.027,-0.053,0.0
M0119256,0.001,5,0.0,100.0,0.0,0.378,0.04,0.04,0.0
M0119282,0.013,5,0.0,100.0,0.0,0.404,0.017,0.017,0.111
M0119303,-0.409,5,0.0,40.0,60.0,0.492,-0.173,-0.271,0.0
M0119314,-0.235,5,20.0,20.0,60.0,0.726,0.0,-0.095,0.0
M0119345,0.203,5,40.0,40.0,20.0,0.597,0.0,0.261,0.0
M0119349,0.155,5,40.0,60.0,0.0,0.44,0.0,0.1,0.0
M0119360,-0.037,5,20.0,60.0,20.0,0.5,0.144,0.144,0.0
M0119395,0.014,5,20.0,80.0,0.0,0.301,0.076,0.049,0.0
M0119396,0.129,5,40.0,40.0,20.0,0.59,0.107,0.163,0.093
M0119468,-0.107,5,20.0,60.0,20.0,0.573,0.0,-0.098,0.0
M0119472,0.403,5,80.0,20.0,0.0,0.519,0.17,0.138,0.217
M0119485,-0.057,5,20.0,60.0,20.0,0.577,0.097,-0.094,0.093
M0119488,0.416,5,80.0,20.0,0.0,0.625,0.231,0.101,0.288
M0119528,0.14,5,40.0,40.0,20.0,0.696,0.0,0.153,0.0
M0119558,0.025,5,60.0,0.0,40.0,0.668,0.193,0.002,0.093
M0119567,-0.204,5,20.0,40.0,40.0,0.424,0.058,-0.191,0.0
M0119643,0.083,5,40.0,40.0,20.0,0.651,0.097,0.007,0.194
M0119654,0.043,5,40.0,40.0,20.0,0.567,0.137,0.013,0.093
M0119664,-0.173,5,0.0,80.0,20.0,0.46,0.019,-0.128,0.0
M0119668,0.086,5,60.0,0.0,40.0,0.762,0.0,0.158,0.224
M0119675,0.411,5,60.0,40.0,0.0,0.597,0.207,0.263,0.093
M0119683,0.008,5,40.0,40.0,20.0,0.604,0.008,0.211,0.123
M0119695,0.006,5,0.0,100.0,0.0,0.397,0.0,0.0,0.0
M0119698,0.678,5,100.0,0.0,0.0,0.753,0.2,0.58,0.0
M0119707,-0.756,5,0.0,0.0,100.0,0.629,-0.076,-0.516,0.0
M0119715,0.061,5,40.0,40.0,20.0,0.534,0.013,0.017,0.0
M0119731,-0.022,5,20.0,60.0,20.0,0.442,0.0,0.0,0.0
M0119738,-0.019,5,20.0,60.0,20.0,0.62,0.104,0.104,0.0
M0119791,-0.001,5,40.0,20.0,40.0,0.632,0.193,0.1,0.093
M0119807,-0.096,5,20.0,40.0,40.0,0.407,0.049,-0.059,0.0
M0119822,0.29,5,80.0,20.0,0.0,0.415,0.092,0.067,0.0
M0119874,-0.407,5,0.0,40.0,60.0,0.535,0.0,-0.149,0.0
M0119896,-0.162,5,20.0,20.0,60.0,0.659,0.1,-0.047,0.0
M0119925,0.129,5,40.0,20.0,40.0,0.529,0.093,0.076,0.093
M0119978,0.079,5,20.0,60.0,20.0,0.481,0.027,0.15,0.123
M0120032,0.481,5,80.0,20.0,0.0,0.565,0.034,0.404,0.0
M0120053,0.176,5,60.0,40.0,0.0,0.569,0.093,0.1,0.093
M0120082,0.085,5,20.0,60.0,20.0,0.67,0.0,0.123,0.123
M0120094,0.397,5,80.0,20.0,0.0,0.679,0.227,0.427,0.0
M0120102,0.445,5,80.0,20.0,0.0,0.587,0.177,0.211,0.0
M0120148,-0.021,5,0.0,100.0,0.0,0.515,0.008,0.008,0.0
M0120157,-0.172,5,0.0,80.0,20.0,0.471,0.015,-0.132,0.0
M0120177,-0.29,5,0.0,60.0,40.0,0.5,0.0,0.0,0.0
M0120179,-0.508,5,0.0,20.0,80.0,0.567,0.0,-0.074,0.0
M0120184,-0.25,5,0.0,60.0,40.0,0.632,-0.1,-0.198,0.0
M0120188,0.287,5,60.0,40.0,0.0,0.584,0.104,0.294,0.123
M0120201,-0.049,5,20.0,60.0,20.0,0.496,0.112,-0.056,0.093
M0120255,0.178,5,60.0,20.0,20.0,0.543,0.06,0.123,0.123
M0120263,0.386,5,80.0,20.0,0.0,0.514,0.151,0.27,0.0
M0120265,0.328,5,80.0,0.0,20.0,0.693,0.093,0.243,0.093
M0120324,0.215,5,40.0,60.0,0.0,0.575,0.055,0.158,0.0
M0120338,0.256,5,80.0,0.0,20.0,0.529,0.06,0.101,0.101
M0120347,0.396,5,100.0,0.0,0.0,0.532,0.0,0.273,0.123
M0120363,0.241,5,60.0,20.0,20.0,0.668,0.004,0.257,0.025
M0120382,0.265,5,80.0,0.0,20.0,0.724,0.131,0.203,0.217
M0120399,-0.019,5,20.0,60.0,20.0,0.402,0.043,0.013,0.0
M0120434,-0.127,5,20.0,60.0,20.0,0.439,0.064,0.027,0.0
M0120458,0.123,5,40.0,40.0,20.0,0.65,0.0,0.23,0.0
M0120461,-0.431,5,0.0,40.0,60.0,0.534,0.004,-0.145,0.0
M0120483,0.064,5,20.0,80.0,0.0,0.551,0.117,0.117,0.0
M0120484,0.16,5,40.0,40.0,20.0,0.682,0.193,0.1,0.093
M0120524,-0.155,5,20.0,40.0,40.0,0.406,0.017,0.017,0.0
M0120586,0.508,5,100.0,0.0,0.0,0.605,0.313,0.26,0.187
M0120587,0.006,5,40.0,20.0,40.0,0.584,-0.062,0.023,0.061
M0120591,0.05,5,60.0,0.0,40.0,0.518,0.0,0.223,0.123
M0120601,0.472,5,80.0,20.0,0.0,0.615,0.093,0.324,0.318
M0120609,-0.258,5,0.0,60.0,40.0,0.442,-0.137,-0.137,0.0
M0120611,0.15,5,60.0,0.0,40.0,0.518,0.168,0.1,0.0
M0120616,0.16,5,20.0,80.0,0.0,0.437,0.019,0.169,0.0
M0120623,0.52,5,80.0,20.0,0.0,0.691,0.2,0.435,0.123
M0120630,0.368,5,60.0,20.0,20.0,0.682,0.22,0.25,0.217
M0120631,0.216,5,60.0,40.0,0.0,0.436,0.129,0.013,0.0
M0120632,-0.113,5,20.0,60.0,20.0,0.495,-0.096,-0.096,0.0
M0120633,-0.012,5,20.0,60.0,20.0,0.502,0.004,0.104,0.0
M0120646,0.323,5,60.0,40.0,0.0,0.534,0.101,0.224,0.093
M0120647,0.152,5,60.0,20.0,20.0,0.487,0.0,0.123,0.123
M0120655,0.288,5,80.0,0.0,20.0,0.663,0.223,0.103,0.093
M0120657,0.178,5,40.0,60.0,0.0,0.615,0.004,0.227,0.123
M0120660,0.435,5,100.0,0.0,0.0,0.742,0.193,0.36,0.093
M0120663,0.481,5,60.0,40.0,0.0,0.691,0.0,0.411,0.0
M0120667,-0.243,5,20.0,40.0,40.0,0.453,-0.072,-0.072,0.0
M0120669,0.536,5,80.0,20.0,0.0,0.764,0.307,0.314,0.194
M0120679,0.574,5,100.0,0.0,0.0,0.652,0.138,0.44,0.123
M0120681,0.045,5,40.0,40.0,20.0,0.575,0.051,-0.019,0.123
M0120684,0.32,5,60.0,40.0,0.0,0.603,0.047,0.223,0.123
M0120685,-0.176,5,40.0,0.0,60.0,0.574,-0.076,-0.08,0.0
M0120686,0.514,5,80.0,20.0,0.0,0.648,0.013,0.478,0.123
M0120689,0.617,5,100.0,0.0,0.0,0.714,0.127,0.546,0.0
M0120694,-0.161,5,20.0,40.0,40.0,0.633,-0.096,-0.071,0.123
M0120716,0.062,5,60.0,20.0,20.0,0.551,0.03,0.1,0.0
M0120731,0.4,5,80.0,20.0,0.0,0.53,0.151,0.325,0.0
M0120735,0.428,5,80.0,0.0,20.0,0.759,0.113,0.488,0.224
M0120737,0.566,5,100.0,0.0,0.0,0.644,0.131,0.473,0.123
M0120738,0.085,5,20.0,80.0,0.0,0.557,0.121,0.121,0.0
M0120744,0.151,5,40.0,40.0,20.0,0.598,0.113,0.14,0.101
M0120746,0.144,5,60.0,40.0,0.0,0.444,0.11,0.004,0.078
M0120749,0.156,5,40.0,40.0,20.0,0.594,0.015,0.214,0.123
M0120755,0.072,5,40.0,60.0,0.0,0.451,0.028,0.067,0.0
M0120762,0.21,5,60.0,40.0,0.0,0.587,0.13,0.195,0.064
M0120768,0.358,5,60.0,40.0,0.0,0.566,0.112,0.253,0.217
M0120769,-0.188,5,20.0,40.0,40.0,0.586,0.128,-0.018,0.0
M0120770,0.112,5,40.0,40.0,20.0,0.534,0.004,0.195,0.0
M0120780,0.349,5,60.0,40.0,0.0,0.577,0.214,0.15,0.31
M0120783,-0.0,5,40.0,40.0,20.0,0.678,0.03,-0.023,0.123
M0120784,0.18,5,40.0,60.0,0.0,0.492,0.157,0.115,0.0
M0120787,-0.042,5,20.0,60.0,20.0,0.552,0.086,0.008,0.078
M0120789,0.506,5,100.0,0.0,0.0,0.67,0.147,0.323,0.123
M0120791,-0.004,5,20.0,60.0,20.0,0.446,0.008,0.119,0.0
M0120794,0.409,5,60.0,40.0,0.0,0.617,0.101,0.308,0.093
M0120802,0.127,5,40.0,40.0,20.0,0.51,0.12,0.177,0.093
M0120804,-0.263,5,20.0,20.0,60.0,0.481,-0.124,-0.152,0.0
M0120812,0.114,5,20.0,80.0,0.0,0.478,0.115,0.115,0.0
M0120815,0.662,5,100.0,0.0,0.0,0.642,0.208,0.4,0.078
M0120824,0.185,5,40.0,60.0,0.0,0.558,0.008,0.208,0.101
M0120832,-0.01,5,40.0,40.0,20.0,0.598,0.004,-0.042,0.101
M0120844,-0.079,5,20.0,60.0,20.0,0.407,-0.048,-0.076,0.0
M0120855,0.493,5,80.0,20.0,0.0,0.686,0.164,0.4,0.174
M0120863,0.127,5,20.0,80.0,0.0,0.447,0.034,0.184,0.0
M0120873,0.367,5,80.0,20.0,0.0,0.547,0.028,0.291,0.224
M0120877,0.084,5,20.0,60.0,20.0,0.473,0.019,0.169,0.0
M0120879,-0.27,5,0.0,60.0,40.0,0.543,-0.096,-0.194,0.0
M0120885,0.031,5,40.0,40.0,20.0,0.644,0.013,0.067,0.0
M0120888,-0.125,5,0.0,80.0,20.0,0.482,-0.1,-0.1,0.0
M0120889,-0.018,5,40.0,40.0,20.0,0.643,0.131,-0.147,0.093
M0120890,-0.006,5,20.0,80.0,0.0,0.55,0.017,0.097,0.0
M0120891,-0.147,5,20.0,40.0,40.0,0.41,-0.076,-0.05,0.0
M0120902,0.344,5,80.0,20.0,0.0,0.564,0.093,0.2,0.093
M0120903,-0.108,5,20.0,40.0,40.0,0.59,0.108,0.015,0.093
M0120907,0.095,5,60.0,0.0,40.0,0.708,0.22,0.029,0.093
M0120910,0.259,5,40.0,60.0,0.0,0.628,0.144,0.267,0.137
M0120912,-0.17,5,20.0,40.0,40.0,0.572,0.0,0.078,0.0
M0120913,0.374,5,60.0,40.0,0.0,0.619,0.191,0.154,0.187
M0120915,0.125,5,20.0,80.0,0.0,0.564,0.0,0.123,0.123
M0120917,0.421,5,80.0,20.0,0.0,0.633,0.148,0.334,0.045
M0121164,-0.009,5,20.0,60.0,20.0,0.511,0.017,0.017,-0.044
M0121765,0.04,5,40.0,20.0,40.0,0.576,0.024,0.061,0.0
M0121766,0.285,5,80.0,0.0,20.0,0.636,0.142,0.203,0.0
M0122151,0.071,5,40.0,40.0,20.0,0.536,0.028,0.128,0.0
M0122690,0.05,5,60.0,20.0,20.0,0.34,0.055,0.067,0.0
M0122718,0.048,5,40.0,20.0,40.0,0.503,-0.048,-0.0,0.0
M0122933,-0.07,5,0.0,100.0,0.0,0.5,0.017,0.017,0.0
M0123755,-0.06,5,20.0,60.0,20.0,0.536,0.041,-0.094,0.0
M0123964,0.192,5,40.0,60.0,0.0,0.645,0.196,0.117,0.078
M0124298,0.085,5,40.0,40.0,20.0,0.526,0.097,0.004,0.093
M0124315,-0.104,5,0.0,80.0,20.0,0.422,0.021,0.021,0.0
M0124718,0.334,5,60.0,20.0,20.0,0.645,0.22,0.227,0.093
M0125439,0.252,5,60.0,20.0,20.0,0.779,0.0,0.201,0.348
M0125659,0.433,5,80.0,20.0,0.0,0.66,0.323,0.2,0.093
M0125664,0.435,5,100.0,0.0,0.0,0.626,0.075,0.273,0.123
M0126029,0.573,5,80.0,20.0,0.0,0.693,0.23,0.492,0.0
M0126886,0.071,5,60.0,20.0,20.0,0.55,0.08,-0.01,0.123
M0126916,-0.061,5,20.0,40.0,40.0,0.563,0.093,0.0,0.093
M0127536,0.476,5,80.0,0.0,20.0,0.718,0.193,0.347,0.34
M0127723,0.215,5,40.0,60.0,0.0,0.586,0.051,0.154,0.0
M0128278,0.224,5,80.0,0.0,20.0,0.649,0.0,0.311,0.247
M0128332,0.468,5,80.0,20.0,0.0,0.555,0.127,0.254,0.093
M0128442,0.143,5,20.0,60.0,20.0,0.36,0.013,0.125,0.0
M0128445,-0.016,5,20.0,60.0,20.0,0.429,0.0,-0.069,0.0
M0128853,0.241,5,60.0,20.0,20.0,0.654,-0.096,0.284,0.0
M0129167,0.359,5,80.0,20.0,0.0,0.674,0.141,0.307,0.161
M0129290,0.575,5,100.0,0.0,0.0,0.597,0.311,0.111,0.28
M0129332,0.262,5,60.0,0.0,40.0,0.783,0.127,0.329,0.0
M0129387,0.134,5,20.0,80.0,0.0,0.536,0.093,0.0,0.093
M0130018,0.173,5,60.0,20.0,20.0,0.536,0.097,0.171,0.194
M0130623,-0.199,5,20.0,40.0,40.0,0.539,0.0,0.002,-0.032
M0130827,0.308,5,80.0,20.0,0.0,0.531,0.228,0.104,0.093
M0131325,0.26,5,40.0,60.0,0.0,0.483,0.105,0.177,0.078
M0131369,0.103,5,20.0,80.0,0.0,0.524,0.111,0.017,0.093
M0131857,0.244,5,60.0,20.0,20.0,0.577,0.013,0.263,0.0
M0132245,-0.241,5,0.0,60.0,40.0,0.479,-0.072,-0.147,0.0
M0132347,-0.212,5,20.0,40.0,40.0,0.617,0.0,-0.069,0.0
M0132477,0.605,5,100.0,0.0,0.0,0.687,0.241,0.335,0.217
M0133093,0.191,5,40.0,60.0,0.0,0.48,0.217,0.03,0.187
M0133152,-0.116,5,20.0,40.0,40.0,0.521,0.015,0.018,0.0
M0133240,0.143,5,40.0,60.0,0.0,0.591,0.187,0.0,0.187
M0133751,0.12,5,40.0,20.0,40.0,0.615,0.1,0.2,0.0
M0133952,-0.343,5,20.0,20.0,60.0,0.431,0.049,0.015,0.0
M0134084,-0.375,5,0.0,40.0,60.0,0.55,0.013,0.013,0.0
M0134119,-0.223,5,20.0,40.0,40.0,0.503,0.034,-0.094,0.0
M0134273,0.373,5,80.0,20.0,0.0,0.477,0.061,0.223,0.123
M0134847,0.282,5,80.0,0.0,20.0,0.713,0.157,0.21,0.0
M0137363,0.2,5,40.0,60.0,0.0,0.517,0.065,0.167,0.0
M0137494,0.005,5,20.0,60.0,20.0,0.448,0.004,0.115,0.0
M0137523,0.618,5,100.0,0.0,0.0,0.73,0.2,0.573,0.123
M0138097,0.314,5,60.0,40.0,0.0,0.747,0.093,0.223,0.217
M0138304,-0.245,5,0.0,60.0,40.0,0.632,0.013,-0.085,0.0
M0138510,0.292,5,60.0,40.0,0.0,0.536,0.104,0.215,0.0
M0138524,-0.375,5,0.0,40.0,60.0,0.611,0.0,-0.245,0.0
M0138704,0.096,5,20.0,60.0,20.0,0.565,0.14,0.14,0.0
M0138749,0.698,5,100.0,0.0,0.0,0.752,0.1,0.63,0.0
M0139134,-0.184,5,20.0,40.0,40.0,0.613,0.04,-0.094,0.0
M0139239,0.181,5,40.0,60.0,0.0,0.643,0.078,0.1,0.078
M0139414,-0.081,5,40.0,20.0,40.0,0.562,0.0,0.049,0.123
M0139462,-0.303,5,20.0,20.0,60.0,0.716,0.093,-0.245,0.093
M0139654,0.336,5,60.0,40.0,0.0,0.597,0.044,0.281,0.123
M0139699,0.04,5,20.0,60.0,20.0,0.466,0.107,0.013,0.093
M0139809,-0.191,5,20.0,40.0,40.0,0.622,0.093,-0.098,0.093
M0140352,0.5,5,100.0,0.0,0.0,0.586,0.253,0.201,0.194
M0140888,0.284,5,60.0,40.0,0.0,0.654,0.03,0.223,0.123
M0141098,0.044,5,40.0,20.0,40.0,0.695,-0.007,0.05,0.093
M0141109,-0.138,5,40.0,20.0,40.0,0.634,0.093,-0.067,0.093
M0141926,-0.01,5,20.0,60.0,20.0,0.544,0.015,0.064,0.123
M0142342,0.319,5,60.0,40.0,0.0,0.762,0.231,0.331,0.0
M0142688,0.064,5,60.0,20.0,20.0,0.6,0.127,-0.063,0.093
M0143145,0.214,5,60.0,20.0,20.0,0.6,0.004,0.315,0.0
M0144084,0.215,5,40.0,60.0,0.0,0.576,0.104,0.204,0.0
M0144117,0.047,5,40.0,40.0,20.0,0.63,0.117,0.197,0.0
M0144120,-0.061,5,40.0,20.0,40.0,0.633,0.113,0.09,0.123
M0144201,0.238,5,60.0,40.0,0.0,0.573,0.153,0.0,0.093
M0144214,-0.252,5,0.0,60.0,40.0,0.552,-0.087,-0.185,0.0
M0145487,0.046,5,60.0,20.0,20.0,0.525,0.041,0.053,0.0
M0145531,0.244,5,60.0,0.0,40.0,0.613,0.078,0.273,0.202
M0145653,0.455,5,80.0,20.0,0.0,0.618,0.377,0.127,0.25
M0145660,0.108,5,20.0,60.0,20.0,0.427,0.03,0.153,0.123
M0145681,0.32,5,60.0,40.0,0.0,0.657,0.03,0.23,0.0
M0146309,0.165,5,40.0,40.0,20.0,0.656,0.004,0.228,0.224
M0146316,-0.138,5,20.0,40.0,40.0,0.546,0.112,-0.056,0.093
M0146336,-0.451,5,0.0,40.0,60.0,0.556,-0.096,-0.194,0.0
M0146675,-0.201,5,20.0,20.0,60.0,0.558,0.108,-0.132,0.093
M0146838,0.206,5,60.0,20.0,20.0,0.602,0.013,0.265,0.0
M0146882,0.291,5,80.0,0.0,20.0,0.718,0.113,0.437,0.123
M0146984,0.397,5,80.0,0.0,20.0,0.798,0.3,0.237,0.31
M0147612,0.486,5,80.0,20.0,0.0,0.609,0.093,0.341,0.093
M0147800,0.144,5,60.0,20.0,20.0,0.672,0.197,0.086,0.093
M0149261,0.043,5,20.0,80.0,0.0,0.465,0.019,0.099,0.0
M0150377,0.102,5,40.0,60.0,0.0,0.521,0.12,0.004,0.078
M0151137,0.008,5,40.0,0.0,60.0,0.657,0.027,0.15,0.123
M0151738,0.184,5,40.0,60.0,0.0,0.523,0.017,0.167,0.0
M0151804,0.251,5,60.0,40.0,0.0,0.508,0.157,0.127,0.0
M0152930,-0.031,5,40.0,40.0,20.0,0.427,0.087,-0.056,0.0
M0154420,0.414,5,80.0,20.0,0.0,0.497,0.108,0.211,0.078
M0154421,-0.011,5,40.0,20.0,40.0,0.732,-0.1,0.123,0.123
M0154506,0.541,5,80.0,20.0,0.0,0.705,0.178,0.355,0.224
M0155267,0.321,5,60.0,40.0,0.0,0.461,0.013,0.303,0.123
M0155711,0.261,5,40.0,60.0,0.0,0.609,0.013,0.287,0.123
M0155975,-0.207,5,20.0,40.0,40.0,0.602,0.013,-0.005,0.0
M0156794,0.461,5,80.0,20.0,0.0,0.699,0.041,0.401,0.247
M0156887,0.263,5,60.0,20.0,20.0,0.631,0.097,0.167,-0.005
M0157016,0.452,5,80.0,20.0,0.0,0.673,0.093,0.315,0.217
M0158371,0.281,5,60.0,40.0,0.0,0.609,0.097,0.205,0.194
M0158983,0.357,5,60.0,20.0,20.0,0.568,0.171,0.277,0.058
M0159097,0.403,5,80.0,20.0,0.0,0.606,0.197,0.205,0.194
M0159273,0.188,5,40.0,60.0,0.0,0.591,0.13,0.195,0.0
M0159365,0.39,5,80.0,20.0,0.0,0.588,0.24,0.34,0.0
M0159382,-0.104,5,0.0,80.0,20.0,0.422,0.021,0.021,0.0
M0160127,-0.455,5,0.0,40.0,60.0,0.552,-0.076,-0.223,0.0
M0160184,-0.406,5,20.0,20.0,60.0,0.574,0.03,-0.245,0.0
M0160797,0.461,5,80.0,20.0,0.0,0.594,0.013,0.413,0.0
M0160862,-0.261,5,20.0,20.0,60.0,0.697,0.0,-0.095,0.0
M0161081,0.022,5,40.0,40.0,20.0,0.602,0.113,0.193,0.0
M0162222,0.1,5,40.0,40.0,20.0,0.682,0.004,0.104,0.247
M0162346,-0.071,5,0.0,100.0,0.0,0.426,0.025,0.025,0.0
M0162650,-0.103,5,20.0,40.0,40.0,0.576,0.142,-0.007,0.0
M0162661,0.034,5,20.0,80.0,0.0,0.551,0.013,0.078,0.0
M0163025,0.018,5,20.0,60.0,20.0,0.5,0.015,0.165,0.0
M0163187,-0.239,5,20.0,20.0,60.0,0.605,-0.1,-0.097,0.0
M0163651,0.399,5,80.0,20.0,0.0,0.725,0.237,0.237,0.217
M0163978,0.269,5,60.0,20.0,20.0,0.605,-0.018,0.138,0.202
M0163988,-0.141,5,40.0,20.0,40.0,0.665,0.097,-0.161,0.093
M0164052,-0.267,5,20.0,20.0,60.0,0.579,-0.072,-0.069,0.0
M0164181,-0.02,5,20.0,60.0,20.0,0.62,0.13,-0.016,0.0
M0164184,-0.176,5,0.0,80.0,20.0,0.572,0.0,0.0,0.0
M0164334,0.015,5,20.0,60.0,20.0,0.496,0.0,0.0,0.0
M0164912,-0.062,5,40.0,20.0,40.0,0.542,0.037,-0.087,0.093
M0165078,0.632,5,80.0,20.0,0.0,0.772,0.127,0.527,0.101
M0165798,0.204,5,60.0,20.0,20.0,0.586,0.131,0.127,0.217
M0165854,0.125,5,40.0,20.0,40.0,0.592,0.14,0.14,0.0
M0165929,0.097,5,40.0,60.0,0.0,0.448,0.09,0.011,0.078
M0165982,-0.066,5,20.0,40.0,40.0,0.54,0.017,0.043,0.039
M0166813,0.106,5,60.0,20.0,20.0,0.594,0.043,0.078,-0.07
M0166896,0.303,5,80.0,0.0,20.0,0.632,0.116,0.211,0.078
M0166924,0.663,5,100.0,0.0,0.0,0.722,0.287,0.351,0.288
M0167190,0.055,5,40.0,40.0,20.0,0.611,0.108,-0.008,0.217
M0167260,0.803,5,100.0,0.0,0.0,0.768,0.0,0.674,0.224
M0167261,0.433,5,100.0,0.0,0.0,0.648,0.251,0.307,0.093
M0167404,0.624,5,100.0,0.0,0.0,0.67,0.257,0.477,0.0
M0168501,0.532,5,80.0,20.0,0.0,0.801,0.213,0.438,0.224
M0168629,0.225,5,60.0,20.0,20.0,0.684,0.193,0.113,0.093
M0168786,0.103,5,40.0,60.0,0.0,0.54,0.004,0.204,0.0
M0169102,0.28,5,60.0,40.0,0.0,0.578,0.187,0.1,0.187
M0169547,0.332,5,80.0,0.0,20.0,0.682,-0.007,0.273,0.217
M0169858,0.315,5,80.0,20.0,0.0,0.618,0.25,0.207,0.137
M0170016,0.085,5,20.0,80.0,0.0,0.524,0.008,0.085,0.0
M0171363,-0.232,5,40.0,0.0,60.0,0.612,-0.022,-0.196,0.078
M0171804,0.549,5,80.0,20.0,0.0,0.741,0.274,0.377,0.0
M0172156,-0.076,5,40.0,40.0,20.0,0.404,-0.041,-0.068,0.0
M0172396,0.173,5,60.0,20.0,20.0,0.734,0.151,0.117,0.0
M0172493,0.116,5,20.0,80.0,0.0,0.55,0.017,0.167,0.0
M0172495,0.729,5,100.0,0.0,0.0,0.729,0.0,0.602,0.224
M0173840,-0.197,5,0.0,60.0,40.0,0.462,0.017,0.017,0.048
M0174856,0.397,5,80.0,0.0,20.0,0.508,0.157,0.167,0.258
M0175142,-0.023,5,40.0,20.0,40.0,0.568,0.092,0.017,0.078
M0175880,0.193,5,60.0,0.0,40.0,0.527,0.172,0.1,0.172
M0177789,0.394,5,60.0,40.0,0.0,0.535,0.205,0.277,0.078
M0177971,-0.196,5,20.0,40.0,40.0,0.546,0.115,-0.032,0.0
M0178737,0.11,5,40.0,60.0,0.0,0.329,0.027,0.093,0.0
M0178868,0.349,5,60.0,40.0,0.0,0.569,0.113,0.343,0.0
M0179626,-0.016,5,60.0,20.0,20.0,0.444,0.004,0.004,0.0
M0180073,0.379,5,80.0,20.0,0.0,0.53,0.097,0.22,0.093
M0180093,0.158,5,60.0,40.0,0.0,0.594,0.089,0.084,0.0
M0181316,0.437,5,80.0,20.0,0.0,0.571,0.248,0.227,0.093
M0181536,0.251,5,80.0,0.0,20.0,0.478,0.16,0.2,0.0
M0181689,0.017,5,40.0,40.0,20.0,0.476,0.053,-0.068,0.093
M0181852,0.123,5,40.0,40.0,20.0,0.722,0.231,0.231,0.0
M0181865,0.32,5,60.0,20.0,20.0,0.642,0.193,0.223,0.217
M0181875,0.589,5,100.0,0.0,0.0,0.825,0.433,0.44,0.093
M0181984,0.29,5,60.0,20.0,20.0,0.542,0.157,0.228,0.101
M0182789,0.388,5,80.0,20.0,0.0,0.55,0.107,0.363,0.093
M0183505,0.482,5,80.0,20.0,0.0,0.72,0.193,0.324,0.318
M0183523,0.019,5,40.0,40.0,20.0,0.616,-0.1,0.023,0.123
M0183649,0.583,5,80.0,20.0,0.0,0.716,0.227,0.488,0.0
M0183790,0.06,5,20.0,80.0,0.0,0.479,0.112,0.019,0.093
M0184858,-0.137,5,20.0,20.0,60.0,0.585,0.0,-0.025,0.123
M0184894,0.207,5,40.0,40.0,20.0,0.502,0.197,0.104,0.093
M0185014,0.278,5,80.0,0.0,20.0,0.77,0.164,0.183,0.123
M0185125,0.187,5,60.0,20.0,20.0,0.695,-0.007,0.13,0.093
M0185183,-0.558,5,0.0,0.0,100.0,0.65,0.0,0.0,0.0
M0185371,-0.202,5,20.0,20.0,60.0,0.531,0.047,0.0,0.0
M0185431,0.022,5,40.0,20.0,40.0,0.708,0.0,0.175,0.123
M0185937,-0.074,5,20.0,60.0,20.0,0.544,-0.096,0.004,0.0
M0186151,0.36,5,100.0,0.0,0.0,0.583,0.299,0.1,0.093
M0186566,0.004,5,40.0,20.0,40.0,0.464,0.073,0.004,0.0
M0187078,-0.161,5,40.0,20.0,40.0,0.58,0.131,-0.217,0.093
M0187393,0.593,5,100.0,0.0,0.0,0.772,0.254,0.5,0.123
M0187738,0.181,5,40.0,60.0,0.0,0.515,0.034,0.123,0.123
M0188453,0.078,5,20.0,40.0,40.0,0.525,0.004,0.154,0.0
M0188674,0.132,5,40.0,60.0,0.0,0.388,0.047,0.084,0.0
M0189998,0.38,5,60.0,40.0,0.0,0.701,0.013,0.384,0.37
M0190138,-0.194,5,40.0,20.0,40.0,0.444,-0.087,-0.087,0.0
M0190332,0.239,5,80.0,0.0,20.0,0.597,0.121,0.103,0.093
M0190590,0.221,5,60.0,40.0,0.0,0.466,0.047,0.218,0.101
M0190641,0.281,5,80.0,0.0,20.0,0.498,0.108,0.1,0.173
M0190865,-0.094,5,40.0,40.0,20.0,0.437,0.0,0.0,0.0
M0191043,0.445,5,80.0,20.0,0.0,0.621,0.093,0.301,0.194
M0191397,0.109,5,40.0,40.0,20.0,0.594,-0.003,0.054,0.093
M0191754,0.02,5,20.0,60.0,20.0,0.59,0.117,0.117,0.0
M0195685,0.418,5,80.0,20.0,0.0,0.708,0.085,0.247,0.247
M0195714,0.25,5,40.0,60.0,0.0,0.544,0.051,0.154,0.0
M0195945,0.009,5,60.0,20.0,20.0,0.447,0.043,-0.085,0.0
M0196216,0.373,5,60.0,40.0,0.0,0.704,0.2,0.35,0.0
M0196229,0.116,5,40.0,20.0,40.0,0.592,-0.022,0.05,0.078
M0198781,0.617,5,100.0,0.0,0.0,0.64,0.093,0.5,0.093
M0199683,0.251,5,60.0,20.0,20.0,0.654,0.093,0.163,0.093
M0199725,0.436,5,60.0,40.0,0.0,0.648,0.013,0.437,0.123
M0199753,-0.3,5,20.0,20.0,60.0,0.459,-0.137,-0.111,0.0
M0200027,0.056,5,40.0,40.0,20.0,0.672,0.104,0.081,0.123
M0200071,0.236,5,60.0,0.0,40.0,0.696,0.207,0.214,0.194
M0200465,0.023,5,20.0,40.0,40.0,0.562,0.0,0.101,0.101
M0200550,-0.079,5,20.0,40.0,40.0,0.642,-0.087,0.037,0.123
M0202381,0.058,5,20.0,80.0,0.0,0.559,0.0,0.1,0.0
M0202470,-0.037,5,20.0,60.0,20.0,0.531,0.121,0.023,0.0
M0202677,-0.039,5,20.0,40.0,40.0,0.576,0.004,0.115,0.0
M0203009,0.413,5,80.0,0.0,20.0,0.667,0.093,0.373,0.217
M0203019,0.537,5,80.0,20.0,0.0,0.651,0.104,0.482,0.0
M0203119,0.164,5,40.0,60.0,0.0,0.517,0.035,0.115,0.0
M0203230,0.336,5,80.0,20.0,0.0,0.538,0.03,0.35,0.0
M0204946,0.067,5,20.0,80.0,0.0,0.46,0.031,0.108,0.0
M0205177,0.21,5,60.0,40.0,0.0,0.508,0.004,0.268,0.0
M0206013,-0.041,5,20.0,60.0,20.0,0.528,0.017,-0.006,0.168
M0206275,0.103,5,40.0,40.0,20.0,0.569,0.0,0.23,0.0
M0206314,-0.107,5,20.0,60.0,20.0,0.632,0.0,-0.067,0.0
M0206634,0.34,5,60.0,40.0,0.0,0.582,0.248,0.14,0.078
M0207201,0.281,5,40.0,60.0,0.0,0.59,0.004,0.265,0.0
M0208003,0.438,5,80.0,0.0,20.0,0.722,0.262,0.277,0.093
M0208092,0.439,5,80.0,20.0,0.0,0.626,0.238,0.154,0.187
M0208990,0.221,5,60.0,40.0,0.0,0.584,0.206,0.121,0.0
M0209144,0.469,5,80.0,20.0,0.0,0.605,0.127,0.304,0.093
M0209163,0.472,5,80.0,20.0,0.0,0.595,0.0,0.402,0.224
M0209463,0.377,5,80.0,0.0,20.0,0.502,0.131,0.311,0.0
M0209475,-0.016,5,40.0,20.0,40.0,0.643,0.027,0.15,0.123
M0209958,0.079,5,20.0,60.0,20.0,0.551,0.093,0.0,0.093
M0210070,0.269,5,80.0,0.0,20.0,0.631,0.243,0.291,0.0
M0210616,0.344,5,60.0,40.0,0.0,0.659,0.228,0.234,0.093
M0210945,0.341,5,60.0,40.0,0.0,0.601,0.104,0.315,0.0
M0211443,-0.508,5,0.0,0.0,100.0,0.537,-0.076,-0.15,0.0
M0211915,0.561,5,100.0,0.0,0.0,0.618,0.223,0.35,0.093
M0211933,0.205,5,40.0,60.0,0.0,0.521,0.207,0.113,0.093
M0211946,0.192,5,40.0,60.0,0.0,0.528,0.008,0.219,0.0
M0212338,-0.297,5,0.0,60.0,40.0,0.489,0.017,0.017,0.0
M0212346,0.029,5,40.0,20.0,40.0,0.556,0.093,0.076,0.093
M0212712,0.369,5,80.0,20.0,0.0,0.618,0.147,0.308,0.0
M0212720,0.587,5,100.0,0.0,0.0,0.712,0.407,0.227,0.28
M0212985,0.155,5,40.0,40.0,20.0,0.615,-0.096,0.151,0.247
M0213149,-0.132,5,20.0,40.0,40.0,0.562,0.015,-0.056,0.0
M0213847,0.167,5,60.0,20.0,20.0,0.642,0.004,0.351,0.247
M0215129,0.01,5,0.0,80.0,20.0,0.373,0.004,0.004,0.0
M0215750,0.225,5,40.0,60.0,0.0,0.466,0.078,0.181,0.0
M0216216,-0.091,5,20.0,60.0,20.0,0.451,0.031,0.004,0.0
M0217505,-0.186,5,40.0,20.0,40.0,0.508,0.05,-0.213,0.0
M0217630,-0.377,5,20.0,20.0,60.0,0.486,-0.087,-0.167,0.0
M0217869,0.225,5,60.0,20.0,20.0,0.561,0.193,0.1,0.093
M0218839,0.264,5,60.0,20.0,20.0,0.598,-0.1,0.235,0.123
M0218922,-0.026,5,20.0,60.0,20.0,0.461,0.096,-0.081,0.078
M0218967,0.163,5,40.0,40.0,20.0,0.431,0.107,0.113,0.093
M0219653,-0.058,5,20.0,60.0,20.0,0.577,0.008,0.108,0.0
M0219699,0.154,5,40.0,60.0,0.0,0.374,0.061,0.131,0.0
M0219965,0.395,5,80.0,20.0,0.0,0.553,0.1,0.317,0.0
M0220506,-0.578,5,0.0,20.0,80.0,0.561,-0.087,-0.331,0.0
M0221027,0.095,5,40.0,60.0,0.0,0.378,0.068,0.008,0.0
M0221073,-0.097,5,20.0,40.0,40.0,0.473,0.013,0.113,0.0
M0221218,0.11,5,60.0,40.0,0.0,0.533,0.0,0.0,0.0
M0223897,0.252,5,60.0,20.0,20.0,0.644,0.147,0.223,0.123
M0225071,-0.124,5,40.0,0.0,60.0,0.697,-0.107,-0.077,0.217
M0227445,0.139,5,80.0,0.0,20.0,0.449,0.154,0.067,0.093
M0227538,-0.049,5,40.0,20.0,40.0,0.491,0.0,-0.038,0.0
M0227984,-0.217,5,20.0,40.0,40.0,0.538,0.0,-0.121,0.0
M0228333,-0.141,5,40.0,20.0,40.0,0.414,-0.061,0.039,0.0
M0228786,0.152,5,40.0,60.0,0.0,0.525,0.017,0.241,0.123
M0229260,-0.336,5,20.0,20.0,60.0,0.615,-0.1,-0.282,0.0
M0230011,-0.177,5,0.0,60.0,40.0,0.528,-0.087,-0.087,-0.017
M0230030,-0.281,5,0.0,60.0,40.0,0.555,-0.087,-0.233,0.0
M0230600,0.421,5,80.0,20.0,0.0,0.652,0.03,0.358,0.247
M0230838,0.125,5,20.0,80.0,0.0,0.583,0.0,0.1,0.0
M0232500,0.238,5,60.0,40.0,0.0,0.431,0.043,0.115,0.0
M0233469,-0.324,5,20.0,0.0,80.0,0.694,0.0,0.003,0.0
M0234215,0.37,5,60.0,40.0,0.0,0.529,0.097,0.182,0.194
M0235198,-0.013,5,40.0,20.0,40.0,0.632,0.004,0.127,0.123
M0236493,-0.321,5,0.0,40.0,60.0,0.557,0.013,-0.183,0.0
M0236640,0.061,5,20.0,80.0,0.0,0.517,0.114,0.021,0.093
M0237534,0.155,5,40.0,60.0,0.0,0.53,0.139,0.004,0.093
M0237572,0.28,5,40.0,60.0,0.0,0.579,0.111,0.167,0.093
M0238112,-0.023,5,20.0,60.0,20.0,0.433,0.047,0.017,0.0
M0238380,0.684,5,100.0,0.0,0.0,0.746,0.3,0.551,0.101
M0238546,-0.404,5,0.0,40.0,60.0,0.563,0.013,-0.085,0.0
M0239948,-0.105,5,40.0,0.0,60.0,0.683,-0.1,0.075,0.123
M0240468,-0.249,5,40.0,0.0,60.0,0.65,0.0,-0.223,0.0
M0240515,-0.172,5,20.0,40.0,40.0,0.719,0.0,-0.143,0.0
M0240772,0.491,5,80.0,20.0,0.0,0.671,0.093,0.351,0.194
M0240890,-0.054,5,20.0,60.0,20.0,0.643,0.1,0.1,0.0
M0241303,0.321,5,80.0,20.0,0.0,0.516,0.03,0.29,0.123
M0241527,0.411,5,60.0,20.0,20.0,0.667,0.2,0.35,0.0
M0241760,0.299,5,40.0,60.0,0.0,0.642,0.113,0.263,0.0
M0242193,0.376,5,80.0,20.0,0.0,0.536,0.219,0.004,0.093
M0242423,-0.09,5,40.0,0.0,60.0,0.677,0.0,0.223,0.123
M0242527,-0.103,5,20.0,60.0,20.0,0.596,0.107,-0.133,0.093
M0242653,0.281,5,60.0,40.0,0.0,0.464,0.136,0.126,0.093
M0243017,0.265,5,60.0,20.0,20.0,0.612,0.0,0.25,-0.058
M0243133,0.233,5,60.0,40.0,0.0,0.638,0.141,0.204,0.0
M0243155,0.174,5,40.0,40.0,20.0,0.624,-0.087,0.16,0.247
M0243585,0.026,5,40.0,20.0,40.0,0.602,-0.1,0.037,-0.043
M0243655,0.036,5,60.0,20.0,20.0,0.584,0.004,0.148,0.0
M0244244,0.578,5,80.0,20.0,0.0,0.78,0.0,0.52,0.37
M0244316,0.439,5,100.0,0.0,0.0,0.578,0.208,0.223,0.123
M0245429,0.494,5,100.0,0.0,0.0,0.649,0.238,0.279,0.225
M0245562,0.104,5,40.0,40.0,20.0,0.47,-0.047,0.025,0.101
M0245574,0.069,5,40.0,40.0,20.0,0.482,-0.087,0.091,0.0
M0245674,-0.074,5,20.0,60.0,20.0,0.452,0.035,-0.143,0.0
M0245686,0.181,5,60.0,0.0,40.0,0.629,0.03,0.163,0.0
M0245712,0.485,5,80.0,20.0,0.0,0.574,0.185,0.25,0.0
M0245803,-0.481,5,0.0,40.0,60.0,0.545,0.019,-0.349,0.0
M0245844,0.206,5,40.0,60.0,0.0,0.501,0.031,0.154,0.0
M0246460,0.064,5,40.0,40.0,20.0,0.49,0.017,-0.009,0.093
M0246578,0.328,5,80.0,0.0,20.0,0.692,0.113,0.417,0.123
M0247199,-0.252,5,0.0,60.0,40.0,0.479,-0.1,-0.1,0.0
M0247425,0.582,5,80.0,20.0,0.0,0.72,0.224,0.43,0.093
M0247586,0.57,5,80.0,20.0,0.0,0.705,0.178,0.4,0.078
M0247613,0.522,5,100.0,0.0,0.0,0.686,0.244,0.437,0.123
M0247638,-0.296,5,20.0,40.0,40.0,0.596,0.051,-0.28,0.0
M0247745,0.395,5,60.0,40.0,0.0,0.624,0.207,0.237,0.217
M0248126,0.434,5,80.0,20.0,0.0,0.542,0.222,0.214,0.179
M0248667,0.13,5,40.0,60.0,0.0,0.445,0.131,0.131,0.0
M0248845,0.219,5,40.0,40.0,20.0,0.626,0.093,0.123,0.217
M0249241,0.216,5,40.0,40.0,20.0,0.619,0.134,0.258,0.123
M0249462,0.47,5,80.0,20.0,0.0,0.596,0.127,0.255,0.194
M0250224,0.007,5,20.0,80.0,0.0,0.539,0.017,0.097,0.0
M0250258,0.401,5,100.0,0.0,0.0,0.52,0.172,0.267,0.172
M0250494,-0.048,5,20.0,60.0,20.0,0.418,0.017,0.017,0.0
M0250687,0.027,5,40.0,40.0,20.0,0.641,0.0,0.123,0.123
M0250797,0.034,5,40.0,40.0,20.0,0.442,0.013,0.013,0.0
M0251075,0.006,5,40.0,40.0,20.0,0.59,0.004,0.168,0.0
M0251114,-0.062,5,40.0,20.0,40.0,0.586,-0.087,0.037,0.123
M0251127,-0.129,5,20.0,60.0,20.0,0.511,-0.087,-0.087,0.0
M0251160,0.36,5,80.0,20.0,0.0,0.647,0.147,0.323,0.123
M0251736,0.299,5,60.0,20.0,20.0,0.638,0.113,0.387,0.123
M0252076,0.062,5,20.0,60.0,20.0,0.521,0.061,0.013,0.0
M0252444,0.251,5,80.0,0.0,20.0,0.682,0.281,0.113,0.093
M0252503,0.13,5,20.0,80.0,0.0,0.455,0.112,0.019,0.093
M0252866,0.499,5,80.0,20.0,0.0,0.692,0.0,0.374,0.224
M0253474,0.299,5,80.0,20.0,0.0,0.532,0.061,0.2,0.0
M0253556,-0.007,5,40.0,40.0,20.0,0.381,0.074,-0.056,0.0
M0253754,-0.063,5,20.0,60.0,20.0,0.55,0.0,0.1,0.0
M0253867,-0.306,5,0.0,60.0,40.0,0.544,-0.096,-0.243,0.0
M0254455,0.093,5,40.0,40.0,20.0,0.469,0.148,0.017,0.093
M0254686,0.335,5,60.0,20.0,20.0,0.554,0.2,0.114,0.288
M0255094,0.243,5,60.0,20.0,20.0,0.709,0.217,0.341,0.123
M0256009,0.317,5,80.0,0.0,20.0,0.708,0.193,0.2,0.093
M0256380,0.078,5,20.0,60.0,20.0,0.445,0.127,0.127,0.0
M0256415,0.046,5,20.0,80.0,0.0,0.412,0.075,0.031,0.0
M0256524,0.104,5,20.0,80.0,0.0,0.632,0.113,0.113,0.0
M0257044,0.328,5,60.0,40.0,0.0,0.46,0.174,0.004,0.078
M0257076,0.289,5,40.0,60.0,0.0,0.564,0.015,0.288,0.123
M0257106,-0.328,5,0.0,60.0,40.0,0.577,-0.1,-0.1,0.0
M0257360,0.049,5,40.0,40.0,20.0,0.536,0.013,0.065,0.0
M0257516,-0.669,5,0.0,0.0,100.0,0.628,-0.3,-0.496,0.0
M0257756,0.033,5,20.0,60.0,20.0,0.536,0.004,0.154,0.0
M0258000,0.2,5,40.0,60.0,0.0,0.442,0.143,0.113,0.0
M0258068,0.202,5,40.0,40.0,20.0,0.574,-0.1,0.161,0.0
M0258153,-0.13,5,0.0,80.0,20.0,0.418,0.027,0.027,0.0
M0258463,0.049,5,20.0,60.0,20.0,0.494,-0.076,0.074,0.0
M0259072,0.317,5,60.0,20.0,20.0,0.588,0.187,0.123,0.31
M0259324,-0.358,5,20.0,0.0,80.0,0.569,0.1,-0.047,0.0
M0259446,-0.043,5,40.0,20.0,40.0,0.68,0.0,-0.042,0.101
M0259484,0.08,5,40.0,40.0,20.0,0.549,0.096,-0.076,0.172
M0259711,0.065,5,40.0,20.0,40.0,0.713,0.013,0.26,0.247
M0260866,0.021,5,20.0,60.0,20.0,0.588,0.104,0.104,0.0
M0260991,0.335,5,80.0,20.0,0.0,0.61,0.117,0.308,0.0
M0261392,0.172,5,20.0,80.0,0.0,0.614,0.004,0.154,0.0
M0261983,-0.288,5,0.0,60.0,40.0,0.517,-0.087,-0.233,0.0
M0263488,-0.327,5,0.0,60.0,40.0,0.577,0.013,-0.133,0.0
M0263757,0.069,5,20.0,60.0,20.0,0.543,-0.087,0.037,0.123
M0264395,0.216,5,40.0,60.0,0.0,0.517,0.034,0.15,0.0
M0264464,0.371,5,80.0,0.0,20.0,0.708,0.287,0.223,0.31
M0264472,0.352,5,60.0,40.0,0.0,0.663,0.041,0.277,0.123
M0264616,0.264,5,60.0,20.0,20.0,0.573,0.251,0.204,0.0
M0264935,-0.087,5,40.0,20.0,40.0,0.526,-0.087,-0.087,0.0
M0265029,-0.004,5,40.0,40.0,20.0,0.58,0.008,0.033,0.123
M0265086,0.097,5,60.0,20.0,20.0,0.497,0.057,-0.096,0.093
M0265087,-0.446,5,0.0,20.0,80.0,0.571,-0.096,-0.243,0.0
M0265208,-0.014,5,40.0,0.0,60.0,0.667,0.0,0.123,0.123
M0265349,-0.27,5,20.0,20.0,60.0,0.532,0.03,-0.098,0.0
M0265459,0.262,5,60.0,20.0,20.0,0.619,0.271,0.24,0.0
M0265666,0.314,5,60.0,20.0,20.0,0.653,0.113,0.315,0.0
M0266308,0.373,5,60.0,40.0,0.0,0.664,0.0,0.3,0.0
M0266465,-0.243,5,20.0,40.0,40.0,0.563,0.0,-0.147,0.0
M0266489,0.039,5,40.0,40.0,20.0,0.586,-0.06,0.004,0.0
M0266543,0.481,5,100.0,0.0,0.0,0.54,0.108,0.35,0.108
M0266697,0.591,5,100.0,0.0,0.0,0.607,0.128,0.44,0.123
M0266915,0.33,5,60.0,40.0,0.0,0.489,0.046,0.253,0.123
M0266987,0.552,5,80.0,20.0,0.0,0.642,0.142,0.542,0.0
M0267626,0.253,5,60.0,20.0,20.0,0.592,0.107,0.165,0.093
M0267804,0.046,5,40.0,60.0,0.0,0.436,0.029,0.0,0.0
M0267913,0.004,5,20.0,60.0,20.0,0.486,-0.073,0.038,0.0
M0268126,0.083,5,40.0,40.0,20.0,0.583,0.111,0.021,0.093
M0268380,0.336,5,60.0,40.0,0.0,0.557,0.241,0.1,0.172
M0268695,-0.286,5,20.0,0.0,80.0,0.575,0.1,0.1,0.0
M0268978,0.492,5,80.0,0.0,20.0,0.778,0.1,0.523,0.123
M0268995,0.384,5,60.0,20.0,20.0,0.73,0.13,0.43,0.0
M0269095,0.204,5,60.0,0.0,40.0,0.643,0.093,0.137,0.217
M0269347,-0.257,5,0.0,60.0,40.0,0.5,0.015,0.015,0.0
M0270288,0.131,5,40.0,40.0,20.0,0.627,0.117,0.241,0.123
M0271027,0.045,5,20.0,60.0,20.0,0.436,0.13,0.13,0.0
M0271367,-0.66,5,0.0,0.0,100.0,0.612,0.0,-0.221,0.0
M0271668,-0.231,5,0.0,60.0,40.0,0.456,0.019,-0.128,0.0
M0272020,0.391,5,80.0,20.0,0.0,0.511,0.263,0.208,0.093
M0272152,0.4,5,80.0,20.0,0.0,0.685,0.247,0.341,0.123
M0272207,-0.015,5,0.0,100.0,0.0,0.547,0.013,0.013,0.0
M0272338,0.269,5,60.0,40.0,0.0,0.559,0.068,0.123,0.123
M0273923,0.099,5,60.0,20.0,20.0,0.55,0.124,-0.047,0.093
M0274117,0.482,5,100.0,0.0,0.0,0.707,0.187,0.323,0.31
M0274166,-0.278,5,0.0,60.0,40.0,0.441,-0.053,-0.128,0.0
M0274309,0.193,5,60.0,20.0,20.0,0.613,0.234,0.057,0.0
M0274558,0.24,5,40.0,60.0,0.0,0.518,0.107,0.125,0.093
M0274812,0.023,5,20.0,80.0,0.0,0.484,0.027,0.027,0.0
M0275277,0.396,5,60.0,40.0,0.0,0.657,0.157,0.15,0.227
M0275491,0.116,5,40.0,60.0,0.0,0.513,0.111,0.017,0.093
M0275719,0.474,5,100.0,0.0,0.0,0.551,0.13,0.376,0.0
M0275847,0.274,5,60.0,40.0,0.0,0.574,0.193,0.1,0.224
M0276751,0.487,5,80.0,20.0,0.0,0.709,0.204,0.428,0.224
M0276816,-0.111,5,20.0,40.0,40.0,0.552,0.115,0.115,0.0
M0276919,0.504,5,100.0,0.0,0.0,0.645,0.272,0.15,0.187
M0277027,0.411,5,80.0,20.0,0.0,0.645,0.1,0.37,0.123
M0277296,-0.576,5,0.0,0.0,100.0,0.577,-0.152,-0.301,0.0
M0277371,-0.38,5,0.0,40.0,60.0,0.593,0.017,-0.129,0.0
M0277434,0.188,5,40.0,60.0,0.0,0.418,0.03,0.18,0.0
M0277941,0.086,5,40.0,40.0,20.0,0.507,0.019,0.169,0.0
M0278435,0.115,5,40.0,60.0,0.0,0.433,0.124,0.031,0.093
M0278488,0.393,5,80.0,20.0,0.0,0.645,0.13,0.323,0.123
M0278504,0.294,5,40.0,60.0,0.0,0.63,0.107,0.163,0.093
M0278731,0.088,5,60.0,20.0,20.0,0.661,0.193,-0.047,0.093
M0278823,-0.005,5,20.0,60.0,20.0,0.609,0.008,0.06,0.0
M0279113,-0.041,5,20.0,60.0,20.0,0.437,0.009,-0.069,0.078
M0279331,-0.0,5,20.0,80.0,0.0,0.553,0.004,0.004,0.0
M0279493,-0.293,5,0.0,60.0,40.0,0.527,0.004,-0.217,0.0
M0280486,-0.385,5,0.0,40.0,60.0,0.481,-0.061,-0.21,0.0
M0280491,0.228,5,60.0,20.0,20.0,0.683,0.1,0.252,0.0
M0280590,-0.244,5,20.0,40.0,40.0,0.526,0.013,-0.085,0.0
M0280609,-0.451,5,0.0,40.0,60.0,0.533,-0.076,-0.369,0.0
M0280707,0.293,5,80.0,20.0,0.0,0.473,0.04,0.171,0.101
M0281322,-0.05,5,20.0,60.0,20.0,0.374,-0.03,-0.057,0.0
M0281358,0.612,5,100.0,0.0,0.0,0.721,0.03,0.498,0.348
M0281686,0.098,5,20.0,80.0,0.0,0.566,0.097,0.004,0.093
M0283003,-0.148,5,20.0,40.0,40.0,0.479,0.034,0.004,0.0
M0283026,-0.429,5,0.0,40.0,60.0,0.504,0.013,-0.231,0.0
M0283111,-0.028,5,20.0,60.0,20.0,0.531,0.0,0.1,0.0
M0283509,0.36,5,80.0,20.0,0.0,0.496,0.139,0.1,0.078
M0283832,0.329,5,40.0,60.0,0.0,0.595,0.1,0.25,0.0
M0283900,0.394,5,60.0,40.0,0.0,0.577,0.017,0.353,0.224
M0284490,0.043,5,40.0,40.0,20.0,0.482,0.093,0.015,0.078
M0284837,0.103,5,40.0,20.0,40.0,0.552,-0.022,0.05,0.078
M0284978,-0.105,5,20.0,60.0,20.0,0.45,0.031,0.033,0.0
M0285492,-0.459,5,0.0,40.0,60.0,0.584,0.0,-0.147,0.0
M0285531,0.095,5,40.0,60.0,0.0,0.464,0.013,0.013,0.0
M0285742,0.111,5,60.0,20.0,20.0,0.643,0.0,0.125,0.123
M0285823,-0.107,5,20.0,60.0,20.0,0.596,0.093,-0.147,0.093
M0286106,0.015,5,20.0,40.0,40.0,0.535,0.153,0.153,0.0
M0286112,-0.143,5,40.0,0.0,60.0,0.653,0.142,-0.121,0.0
M0286244,0.178,5,20.0,80.0,0.0,0.542,0.0,0.111,0.119
M0286499,0.292,5,40.0,60.0,0.0,0.561,0.111,0.141,0.217
M0286716,-0.318,5,20.0,20.0,60.0,0.553,0.0,-0.149,0.0
M0286788,0.191,5,60.0,20.0,20.0,0.594,-0.018,0.127,0.202
M0287467,0.449,5,60.0,40.0,0.0,0.613,0.113,0.375,0.0
M0287978,-0.115,5,20.0,40.0,40.0,0.644,0.0,0.003,0.0
M0288477,-0.131,5,40.0,20.0,40.0,0.59,0.0,-0.032,0.0
M0289043,0.171,5,60.0,20.0,20.0,0.594,-0.096,0.205,0.101
M0289765,0.597,5,100.0,0.0,0.0,0.743,0.22,0.4,0.217
M0289848,-0.282,5,0.0,60.0,40.0,0.588,0.0,-0.098,0.0
M0289879,0.33,5,60.0,20.0,20.0,0.748,0.327,0.327,0.0
M0289992,0.274,5,60.0,20.0,20.0,0.68,0.113,0.289,0.123
M0290002,-0.019,5,40.0,40.0,20.0,0.578,0.041,0.006,0.0
M0290095,0.033,5,40.0,40.0,20.0,0.414,0.125,0.019,0.078
M0290334,0.072,5,60.0,0.0,40.0,0.751,0.187,-0.023,0.31
M0290673,0.265,5,80.0,20.0,0.0,0.519,0.07,0.127,0.123
M0291341,-0.185,5,20.0,40.0,40.0,0.531,0.004,-0.143,0.0
M0291350,0.63,5,100.0,0.0,0.0,0.808,0.22,0.48,0.217
M0292506,0.119,5,40.0,60.0,0.0,0.445,0.032,0.104,0.0
M0292644,-0.431,5,0.0,40.0,60.0,0.507,-0.192,-0.192,0.0
M0292963,0.385,5,80.0,20.0,0.0,0.57,0.306,0.104,0.172
M0293429,-0.38,5,20.0,20.0,60.0,0.476,-0.061,-0.282,0.0
M0293508,0.171,5,60.0,20.0,20.0,0.518,0.0,0.131,0.0
M0293564,-0.081,5,20.0,40.0,40.0,0.418,0.015,0.015,0.0
M0293662,-0.106,5,40.0,20.0,40.0,0.44,0.057,0.115,0.0
M0293715,0.557,5,100.0,0.0,0.0,0.729,0.315,0.363,0.123
M0293815,0.001,5,40.0,40.0,20.0,0.595,0.0,0.062,0.0
M0294870,-0.001,5,40.0,40.0,20.0,0.604,0.093,0.0,0.093
M0295178,0.411,5,60.0,40.0,0.0,0.548,0.0,0.4,0.0
M0295297,0.624,5,80.0,20.0,0.0,0.74,0.24,0.501,0.0
M0295700,0.078,5,40.0,40.0,20.0,0.651,0.0,0.123,0.123
M0295701,0.236,5,60.0,40.0,0.0,0.491,0.125,0.104,0.093
M0296042,0.241,5,60.0,20.0,20.0,0.554,0.042,0.235,0.123
M0296572,0.344,5,60.0,40.0,0.0,0.483,0.047,0.253,0.123
M0297284,-0.05,5,60.0,0.0,40.0,0.525,-0.1,0.001,0.101
M0297884,0.163,5,20.0,80.0,0.0,0.48,0.111,0.017,0.093
M0298130,0.326,5,60.0,40.0,0.0,0.598,0.134,0.127,0.217
M0298148,0.288,5,60.0,0.0,40.0,0.624,0.093,0.261,-0.007
M0298203,0.515,5,80.0,20.0,0.0,0.669,0.143,0.375,0.0
M0298228,-0.054,5,60.0,0.0,40.0,0.597,-0.07,-0.123,0.123
M0298814,-0.285,5,0.0,60.0,40.0,0.406,0.034,-0.041,0.0
M0298845,0.458,5,80.0,20.0,0.0,0.624,0.0,0.4,0.0
M0299658,0.248,5,40.0,60.0,0.0,0.579,0.111,0.167,0.093
M0299977,0.411,5,80.0,20.0,0.0,0.594,0.172,0.201,0.273
M0300051,0.007,5,20.0,60.0,20.0,0.619,0.004,0.007,0.0
M0300140,0.287,5,60.0,20.0,20.0,0.67,0.097,0.206,0.093
M0300471,0.054,5,20.0,60.0,20.0,0.394,0.039,0.039,0.0
M0300556,-0.27,5,0.0,60.0,40.0,0.461,-0.072,-0.147,0.0
M0301199,0.372,5,80.0,20.0,0.0,0.613,0.127,0.35,0.123
M0301357,0.245,5,60.0,40.0,0.0,0.589,0.004,0.334,0.0
M0301470,0.053,5,40.0,40.0,20.0,0.656,0.127,0.127,0.0
M0301976,0.239,5,60.0,40.0,0.0,0.505,0.127,0.191,0.0
M0302640,-0.136,5,20.0,60.0,20.0,0.422,0.021,0.021,0.0
M0302886,0.167,5,40.0,40.0,20.0,0.565,0.1,0.2,0.0
M0303816,-0.268,5,20.0,40.0,40.0,0.535,0.017,-0.127,0.0
M0304141,0.628,5,80.0,20.0,0.0,0.678,0.013,0.538,0.224
M0304415,0.006,5,0.0,100.0,0.0,0.402,0.017,0.017,0.0
M0304669,-0.131,5,40.0,20.0,40.0,0.621,-0.007,-0.198,0.093
M0305206,0.631,5,100.0,0.0,0.0,0.622,0.209,0.351,0.179
M0305224,0.106,5,40.0,40.0,20.0,0.624,0.213,0.213,0.0
M0305357,-0.637,5,0.0,0.0,100.0,0.531,-0.076,-0.225,0.0
M0305711,-0.463,5,0.0,40.0,60.0,0.615,0.004,-0.241,0.0
M0306047,-0.215,5,40.0,0.0,60.0,0.669,0.057,-0.218,0.0
M0307453,-0.029,5,40.0,20.0,40.0,0.673,0.057,0.027,-0.135
M0307479,-0.047,5,20.0,60.0,20.0,0.385,0.064,0.027,0.0
M0307901,0.184,5,60.0,20.0,20.0,0.712,0.211,0.099,0.093
M0307987,0.099,5,40.0,40.0,20.0,0.552,0.027,0.115,0.123
M0308055,0.006,5,20.0,80.0,0.0,0.402,0.017,0.017,0.0
M0308152,0.223,5,60.0,0.0,40.0,0.753,0.0,0.397,0.247
M0308379,0.355,5,60.0,40.0,0.0,0.434,0.044,0.263,0.0
M0308383,0.313,5,60.0,40.0,0.0,0.486,0.113,0.28,0.0
M0308644,0.683,5,100.0,0.0,0.0,0.664,0.127,0.566,0.0
M0309377,0.181,5,40.0,60.0,0.0,0.479,0.131,0.104,0.0
M0309593,-0.228,5,20.0,20.0,60.0,0.585,0.097,-0.192,0.093
M0309698,0.031,5,40.0,40.0,20.0,0.596,0.207,-0.033,0.093
M0309987,0.351,5,60.0,40.0,0.0,0.621,0.104,0.305,0.101
M0310281,0.249,5,60.0,40.0,0.0,0.546,0.158,0.117,0.093
M0310775,0.033,5,20.0,80.0,0.0,0.466,0.026,0.126,0.0
M0310793,0.297,5,80.0,0.0,20.0,0.634,0.217,0.123,0.31
M0311113,0.142,5,40.0,60.0,0.0,0.407,0.108,0.015,0.093
M0311289,-0.001,5,40.0,20.0,40.0,0.622,0.04,0.005,0.0
M0311429,0.104,5,60.0,0.0,40.0,0.543,-0.11,0.062,0.0
M0312004,0.199,5,60.0,40.0,0.0,0.526,0.06,0.15,0.06
M0312528,0.309,5,60.0,20.0,20.0,0.628,-0.022,0.2,0.078
M0312549,0.152,5,20.0,80.0,0.0,0.519,0.013,0.163,0.0
M0313443,-0.126,5,20.0,40.0,40.0,0.479,0.034,0.004,0.0
M0313542,0.33,5,60.0,40.0,0.0,0.615,0.25,0.127,0.093
M0313737,-0.286,5,0.0,40.0,60.0,0.491,0.004,-0.143,0.0
M0313792,-0.09,5,20.0,60.0,20.0,0.517,0.008,0.108,0.0
M0314331,0.465,5,80.0,20.0,0.0,0.741,0.141,0.247,0.34
M0314353,0.246,5,40.0,60.0,0.0,0.529,0.112,0.169,0.093
M0314498,-0.054,5,20.0,60.0,20.0,0.535,0.097,0.004,0.093
M0315327,0.027,5,20.0,80.0,0.0,0.497,0.008,0.008,0.0
M0315642,0.464,5,80.0,20.0,0.0,0.591,0.197,0.315,0.093
M0315733,0.719,5,100.0,0.0,0.0,0.728,0.093,0.535,0.217
M0315983,0.3,5,60.0,40.0,0.0,0.67,0.117,0.297,0.0
M0316356,0.454,5,80.0,20.0,0.0,0.698,0.0,0.37,0.37
M0316396,-0.061,5,20.0,40.0,40.0,0.523,0.013,0.113,0.0
M0316465,0.299,5,60.0,40.0,0.0,0.668,0.282,0.234,0.0
M0316654,0.136,5,40.0,20.0,40.0,0.567,0.015,0.214,0.123
M0317198,-0.016,5,60.0,0.0,40.0,0.613,0.0,0.003,0.0
M0317219,0.241,5,60.0,40.0,0.0,0.481,0.027,0.25,0.215
M0317248,0.685,5,100.0,0.0,0.0,0.688,0.234,0.3,0.187
M0317303,-0.064,5,20.0,60.0,20.0,0.487,0.057,0.027,0.0
M0317648,-0.219,5,20.0,40.0,40.0,0.473,0.061,-0.128,0.0
M0317705,0.496,5,100.0,0.0,0.0,0.607,0.26,0.3,0.06
M0317740,0.137,5,40.0,60.0,0.0,0.48,0.129,0.008,0.093
M0317910,0.577,5,100.0,0.0,0.0,0.72,0.131,0.348,0.441
M0317919,0.129,5,40.0,60.0,0.0,0.436,0.116,0.023,0.093
M0318034,0.416,5,100.0,0.0,0.0,0.576,0.261,0.2,0.093
M0318411,0.319,5,60.0,40.0,0.0,0.545,0.038,0.258,0.101
M0318462,0.118,5,40.0,40.0,20.0,0.632,0.007,0.037,0.217
M0318627,-0.02,5,20.0,60.0,20.0,0.392,0.015,0.015,0.0
M0318649,0.053,5,0.0,100.0,0.0,0.302,0.03,0.03,0.0
M0319061,0.454,5,80.0,20.0,0.0,0.623,0.228,0.227,0.217
M0319262,0.061,5,60.0,20.0,20.0,0.548,0.045,0.004,0.093
M0319343,0.075,5,20.0,80.0,0.0,0.569,0.111,0.017,0.093
M0319769,0.196,5,80.0,0.0,20.0,0.586,0.068,0.165,0.101
M0320193,0.182,5,40.0,60.0,0.0,0.5,0.017,0.228,0.0
M0320661,0.086,5,20.0,80.0,0.0,0.363,0.034,0.0,0.0
M0320691,0.28,5,60.0,40.0,0.0,0.534,0.104,0.227,0.123
M0322259,-0.301,5,0.0,60.0,40.0,0.522,0.023,-0.124,0.0
M0322330,0.375,5,60.0,20.0,20.0,0.65,0.004,0.415,0.0
M0322589,-0.032,5,20.0,60.0,20.0,0.58,0.008,0.06,0.0
M0322802,-0.411,5,0.0,40.0,60.0,0.432,0.004,0.004,0.0
M0324133,0.273,5,60.0,40.0,0.0,0.613,0.207,0.213,0.093
M0324216,0.195,5,60.0,40.0,0.0,0.45,0.141,0.017,0.093
M0324554,0.25,5,40.0,60.0,0.0,0.659,0.097,0.154,0.093
M0325055,-0.083,5,20.0,40.0,40.0,0.549,0.017,0.167,0.0
M0325655,0.132,5,60.0,20.0,20.0,0.54,0.031,0.003,0.0
M0325703,0.152,5,40.0,60.0,0.0,0.643,0.211,0.117,0.093
M0325710,0.409,5,60.0,40.0,0.0,0.632,0.32,0.227,0.093
M0325805,0.008,5,40.0,40.0,20.0,0.451,0.092,0.08,0.078
M0325980,0.529,5,100.0,0.0,0.0,0.592,0.199,0.223,0.295
M0327056,0.214,5,60.0,20.0,20.0,0.668,0.13,0.2,0.0
M0327084,0.462,5,80.0,20.0,0.0,0.613,0.082,0.277,0.266
M0327137,0.042,5,40.0,20.0,40.0,0.5,0.137,0.013,0.093
M0327162,-0.013,5,20.0,60.0,20.0,0.523,0.013,0.017,0.0
M0327247,-0.187,5,0.0,80.0,20.0,0.591,0.0,0.0,0.0
M0327437,-0.157,5,0.0,80.0,20.0,0.456,0.019,-0.056,0.0
M0327554,-0.311,5,20.0,20.0,60.0,0.508,-0.048,-0.076,0.0
M0327597,0.135,5,60.0,20.0,20.0,0.589,-0.1,0.15,-0.001
M0327679,0.302,5,40.0,60.0,0.0,0.584,0.153,0.277,0.123
M0327850,-0.333,5,0.0,60.0,40.0,0.533,0.004,-0.143,0.0
M0328107,0.082,5,40.0,40.0,20.0,0.431,0.158,0.056,0.0
M0328538,0.347,5,60.0,40.0,0.0,0.623,0.278,0.2,0.078
M0328589,-0.185,5,0.0,80.0,20.0,0.452,-0.079,-0.079,0.0
M0328828,-0.031,5,20.0,40.0,40.0,0.509,-0.087,0.063,0.0
M0328832,0.107,5,60.0,20.0,20.0,0.571,0.181,0.113,0.11
M0328880,0.078,5,20.0,80.0,0.0,0.527,0.021,0.121,0.048
M0329101,-0.429,5,0.0,40.0,60.0,0.496,-0.057,-0.278,0.0
M0329575,0.484,5,80.0,20.0,0.0,0.539,0.178,0.317,0.078
M0329774,-0.138,5,20.0,40.0,40.0,0.517,0.015,0.041,0.0
M0330373,0.454,5,100.0,0.0,0.0,0.53,0.0,0.361,0.0
M0330793,0.286,5,60.0,20.0,20.0,0.646,0.115,0.268,0.0
M0331811,0.314,5,60.0,40.0,0.0,0.561,0.193,0.2,0.093
M0332047,0.225,5,40.0,40.0,20.0,0.617,0.253,0.253,0.0
M0332136,-0.136,5,40.0,20.0,40.0,0.508,0.073,-0.133,0.0
M0332280,0.263,5,60.0,20.0,20.0,0.523,0.193,0.2,0.093
M0332379,0.381,5,60.0,40.0,0.0,0.577,0.214,0.15,0.31
M0332452,0.038,5,40.0,0.0,60.0,0.539,0.093,0.013,0.093
M0333766,0.347,5,60.0,40.0,0.0,0.623,0.041,0.277,0.123
M0333780,-0.47,5,0.0,40.0,60.0,0.652,-0.1,-0.345,0.0
M0335119,0.076,5,20.0,80.0,0.0,0.529,0.121,0.121,0.0
M0335245,-0.028,5,20.0,60.0,20.0,0.553,-0.007,-0.1,0.093
M0335266,0.134,5,40.0,40.0,20.0,0.525,0.113,0.213,0.0
M0335345,0.414,5,60.0,40.0,0.0,0.588,0.197,0.254,0.093
M0335438,-0.117,5,20.0,40.0,40.0,0.612,0.0,0.111,0.0
M0337563,0.212,5,60.0,20.0,20.0,0.645,-0.07,0.147,0.247
M0337692,-0.116,5,40.0,20.0,40.0,0.635,0.1,0.004,0.0
M0337741,0.136,5,40.0,20.0,40.0,0.626,0.0,0.202,0.0
M0337876,0.024,5,60.0,20.0,20.0,0.58,0.0,0.031,0.0
M0337909,0.228,5,60.0,40.0,0.0,0.531,0.078,0.167,0.078
M0337921,-0.058,5,0.0,100.0,0.0,0.35,0.049,0.049,0.0
M0337978,0.282,5,40.0,60.0,0.0,0.586,0.0,0.273,0.123
M0338013,0.52,5,100.0,0.0,0.0,0.673,0.03,0.437,0.37
M0338094,-0.415,5,0.0,40.0,60.0,0.637,-0.1,-0.345,0.0
M0338095,0.348,5,100.0,0.0,0.0,0.64,0.168,0.16,0.093
M0338135,0.226,5,60.0,20.0,20.0,0.531,0.03,0.201,0.101
M0338188,0.307,5,60.0,20.0,20.0,0.63,0.118,0.19,0.078
M0338337,-0.079,5,40.0,40.0,20.0,0.441,0.053,-0.128,0.0
M0338348,-0.082,5,20.0,60.0,20.0,0.556,0.03,-0.098,0.033
M0338459,-0.402,5,20.0,0.0,80.0,0.6,0.0,0.1,0.0
M0338466,-0.342,5,0.0,60.0,40.0,0.493,0.017,-0.129,0.0
M0338526,-0.216,5,40.0,0.0,60.0,0.603,0.129,-0.047,0.0
M0338564,0.222,5,60.0,0.0,40.0,0.613,0.1,0.335,0.123
M0338751,0.057,5,40.0,40.0,20.0,0.605,0.004,0.227,0.123
M0339291,0.407,5,60.0,40.0,0.0,0.527,0.17,0.241,0.101
M0340163,0.001,5,40.0,20.0,40.0,0.678,0.0,0.156,0.0
M0340377,0.089,5,20.0,80.0,0.0,0.512,0.127,0.127,0.0
M0340855,0.006,5,20.0,40.0,40.0,0.562,0.004,0.154,0.0
M0342172,0.521,5,80.0,20.0,0.0,0.738,0.313,0.463,0.0
M0342258,0.436,5,80.0,20.0,0.0,0.627,0.0,0.473,0.123
M0342735,0.233,5,80.0,0.0,20.0,0.533,0.247,0.0,0.187
M0343135,-0.12,5,40.0,20.0,40.0,0.548,0.043,-0.133,0.0
M0343660,0.255,5,40.0,60.0,0.0,0.63,0.097,0.154,0.093
M0343737,0.215,5,40.0,40.0,20.0,0.536,0.127,0.238,0.0
M0343818,0.396,5,80.0,20.0,0.0,0.591,0.143,0.338,0.123
M0344510,0.19,5,40.0,40.0,20.0,0.644,-0.096,0.204,0.0
M0345061,-0.107,5,20.0,40.0,40.0,0.607,-0.087,-0.035,0.0
M0345950,0.066,5,60.0,20.0,20.0,0.539,0.128,-0.043,0.124
M0346094,0.397,5,60.0,40.0,0.0,0.55,0.111,0.278,0.093
M0346156,-0.14,5,20.0,20.0,60.0,0.414,0.015,0.041,0.0
M0346336,0.568,5,100.0,0.0,0.0,0.782,0.1,0.57,0.37
M0346491,0.101,5,40.0,20.0,40.0,0.682,0.142,0.242,0.101
M0347048,0.195,5,60.0,20.0,20.0,0.69,0.104,0.284,0.0
M0347149,0.216,5,60.0,20.0,20.0,0.607,0.207,0.078,0.107
M0347246,0.396,5,80.0,20.0,0.0,0.582,0.127,0.227,0.247
M0347304,0.332,5,60.0,40.0,0.0,0.695,0.097,0.227,0.217
M0347618,-0.262,5,0.0,40.0,60.0,0.44,0.017,-0.129,0.013
M0348150,-0.141,5,20.0,40.0,40.0,0.546,-0.061,0.019,0.0
M0348333,-0.161,5,0.0,80.0,20.0,0.513,-0.096,-0.096,0.0
M0348568,0.305,5,40.0,60.0,0.0,0.651,0.004,0.277,0.123
M0348836,0.307,5,60.0,20.0,20.0,0.617,0.031,0.261,0.0
M0349205,-0.272,5,0.0,60.0,40.0,0.542,0.0,-0.245,0.0
M0349683,0.248,5,60.0,20.0,20.0,0.599,0.302,0.041,0.187
M0349710,0.361,5,40.0,60.0,0.0,0.517,0.142,0.292,0.0
M0349825,0.451,5,80.0,20.0,0.0,0.625,0.104,0.354,0.0
M0349903,-0.006,5,60.0,0.0,40.0,0.576,0.0,0.152,0.0
M0350028,-0.149,5,20.0,60.0,20.0,0.566,0.004,-0.094,0.0
M0350258,0.397,5,80.0,20.0,0.0,0.552,0.289,0.113,0.093
M0350261,0.088,5,20.0,80.0,0.0,0.605,0.008,0.131,0.123
M0351283,-0.146,5,0.0,80.0,20.0,0.419,0.027,-0.071,-0.04
M0351817,0.628,5,80.0,20.0,0.0,0.675,0.0,0.524,0.224
M0351977,-0.118,5,0.0,80.0,20.0,0.444,0.015,-0.059,0.0
M0352248,0.549,5,100.0,0.0,0.0,0.737,0.247,0.403,0.123
M0352343,0.053,5,40.0,60.0,0.0,0.458,0.017,0.017,0.0
M0353969,0.467,5,100.0,0.0,0.0,0.602,0.341,0.127,0.187
M0354899,0.256,5,40.0,60.0,0.0,0.578,0.027,0.251,0.224
M0355295,-0.186,5,0.0,60.0,40.0,0.426,-0.076,-0.076,0.0
M0355702,0.331,5,60.0,40.0,0.0,0.642,0.178,0.223,0.202
M0356150,-0.247,5,20.0,40.0,40.0,0.644,0.0,-0.067,0.0
M0356470,-0.007,5,20.0,60.0,20.0,0.539,0.047,0.0,0.0
M0356618,0.214,5,40.0,60.0,0.0,0.501,0.047,0.1,0.0
M0356634,-0.572,5,20.0,0.0,80.0,0.615,0.0,-0.391,-0.034
M0356680,-0.19,5,0.0,80.0,20.0,0.506,0.011,0.011,0.0
M0356721,0.456,5,80.0,20.0,0.0,0.62,0.093,0.25,0.093
M0356910,0.243,5,40.0,60.0,0.0,0.467,0.015,0.216,0.101
M0357277,-0.733,5,0.0,0.0,100.0,0.606,0.0,-0.368,0.0
M0357413,-0.52,5,0.0,20.0,80.0,0.571,-0.2,-0.396,0.0
M0358082,0.115,5,40.0,40.0,20.0,0.682,0.217,0.217,-0.1
M0358135,-0.208,5,20.0,40.0,40.0,0.509,-0.087,-0.087,0.0
M0358273,0.594,5,100.0,0.0,0.0,0.797,0.227,0.573,0.247
M0358456,0.532,5,100.0,0.0,0.0,0.605,0.254,0.25,0.093
M0359013,-0.059,5,40.0,20.0,40.0,0.558,0.042,0.0,0.0
M0359950,0.461,5,80.0,20.0,0.0,0.678,0.248,0.267,0.093
M0360201,-0.124,5,20.0,60.0,20.0,0.393,0.031,0.031,0.0
M0360486,0.281,5,60.0,20.0,20.0,0.554,0.138,0.254,0.0
M0360556,-0.318,5,0.0,60.0,40.0,0.584,0.013,-0.28,0.0
M0360717,0.586,5,80.0,20.0,0.0,0.654,0.242,0.503,0.0
M0361127,0.228,5,60.0,40.0,0.0,0.616,0.113,0.213,0.0
M0361596,0.094,5,60.0,20.0,20.0,0.515,-0.054,0.147,0.123
M0361748,0.554,5,100.0,0.0,0.0,0.698,0.251,0.327,0.093
M0361862,0.228,5,40.0,40.0,20.0,0.534,0.193,0.1,0.093
M0362120,-0.058,5,40.0,20.0,40.0,0.673,0.097,-0.043,0.093
M0362225,0.364,5,60.0,40.0,0.0,0.605,0.034,0.304,0.0
M0362227,-0.056,5,40.0,20.0,40.0,0.648,0.131,0.0,0.093
M0362270,0.662,5,100.0,0.0,0.0,0.82,0.213,0.587,0.123
M0362478,-0.174,5,20.0,40.0,40.0,0.639,0.013,-0.13,0.0
M0363163,0.373,5,80.0,0.0,20.0,0.67,0.28,0.15,0.28
M0363226,0.203,5,40.0,60.0,0.0,0.489,0.019,0.269,0.0
M0363547,0.199,5,40.0,40.0,20.0,0.584,-0.1,0.2,0.0
M0363589,0.086,5,40.0,40.0,20.0,0.559,-0.065,0.054,0.0
M0363771,0.372,5,80.0,20.0,0.0,0.641,0.197,0.227,0.217
M0363988,0.354,5,60.0,40.0,0.0,0.697,0.197,0.227,0.217
M0364045,-0.415,5,20.0,20.0,60.0,0.574,-0.096,-0.341,0.0
M0364343,-0.126,5,20.0,60.0,20.0,0.473,0.017,-0.129,0.0
M0364517,0.282,5,60.0,20.0,20.0,0.565,0.3,0.113,0.187
M0364569,0.547,5,100.0,0.0,0.0,0.675,0.287,0.29,0.31
M0364725,0.333,5,80.0,20.0,0.0,0.579,0.188,0.0,0.093
M0364751,-0.447,5,0.0,40.0,60.0,0.561,0.008,-0.188,0.0
M0364930,0.188,5,60.0,40.0,0.0,0.604,0.0,0.28,0.0
M0364961,-0.027,5,20.0,60.0,20.0,0.576,0.093,0.0,0.093
M0364970,-0.199,5,20.0,40.0,40.0,0.464,-0.061,-0.061,0.0
M0365376,0.311,5,80.0,0.0,20.0,0.627,-0.007,0.135,0.217
M0365485,0.377,5,60.0,40.0,0.0,0.576,0.191,0.154,0.187
M0365545,-0.015,5,20.0,80.0,0.0,0.484,0.017,0.017,0.0
M0365686,0.134,5,20.0,80.0,0.0,0.553,0.0,0.123,0.123
M0365737,0.313,5,60.0,40.0,0.0,0.619,0.097,0.254,0.093
M0365748,0.276,5,80.0,0.0,20.0,0.704,0.213,0.337,0.123
M0365830,0.162,5,20.0,80.0,0.0,0.416,0.031,0.181,0.0
M0365907,-0.254,5,20.0,20.0,60.0,0.54,-0.061,-0.058,0.0
M0365929,-0.147,5,40.0,20.0,40.0,0.46,-0.03,-0.147,0.0
M0366548,0.124,5,40.0,40.0,20.0,0.662,0.234,0.136,-0.098
M0366551,-0.16,5,0.0,60.0,40.0,0.524,-0.1,-0.1,0.0
M0366627,-0.003,5,20.0,40.0,40.0,0.511,0.004,0.056,0.0
M0367027,0.183,5,40.0,60.0,0.0,0.71,0.117,0.197,0.0
M0367085,-0.709,5,0.0,0.0,100.0,0.601,-0.1,-0.345,0.0
M0367089,-0.092,5,20.0,60.0,20.0,0.574,0.0,0.0,0.0
M0367110,0.217,5,60.0,40.0,0.0,0.477,0.137,0.113,0.093
M0367188,0.493,5,80.0,20.0,0.0,0.679,0.038,0.352,0.202
M0367479,-0.146,5,0.0,80.0,20.0,0.387,0.019,0.019,0.0
M0367594,0.076,5,20.0,80.0,0.0,0.523,0.127,0.127,0.0
M0367882,-0.142,5,0.0,60.0,40.0,0.446,-0.076,-0.076,0.0
M0367959,0.224,5,60.0,20.0,20.0,0.638,-0.007,0.101,0.217
M0368008,0.026,5,40.0,40.0,20.0,0.603,0.097,0.004,0.093
M0368226,-0.262,5,20.0,20.0,60.0,0.607,0.092,-0.183,0.078
M0368447,-0.276,5,20.0,40.0,40.0,0.571,0.013,-0.231,0.0
M0368709,0.123,5,40.0,60.0,0.0,0.568,0.03,0.1,0.0
M0368794,0.078,5,40.0,20.0,40.0,0.51,0.043,0.163,0.0
M0368891,0.103,5,40.0,40.0,20.0,0.592,0.019,0.266,0.247
M0368909,0.168,5,40.0,40.0,20.0,0.577,0.015,0.288,0.123
M0368933,0.087,5,20.0,40.0,40.0,0.443,0.013,0.114,0.101
M0369339,0.137,5,40.0,40.0,20.0,0.629,0.004,0.254,0.0
M0369436,-0.342,5,0.0,40.0,60.0,0.533,-0.087,-0.233,0.0
M0369441,0.421,5,60.0,40.0,0.0,0.67,0.13,0.38,0.0
M0369610,0.359,5,60.0,40.0,0.0,0.497,0.142,0.165,0.093
M0369702,0.252,5,80.0,0.0,20.0,0.568,0.093,0.137,0.093
M0370032,-0.314,5,20.0,0.0,80.0,0.538,-0.228,-0.078,0.0
M0370263,-0.004,5,40.0,20.0,40.0,0.604,0.002,-0.073,0.078
M0370986,0.08,5,40.0,20.0,40.0,0.526,0.113,0.214,0.101
M0371246,0.113,5,40.0,40.0,20.0,0.675,0.209,0.032,0.078
M0371257,0.332,5,60.0,40.0,0.0,0.477,0.148,0.228,0.0
M0371606,-0.017,5,20.0,60.0,20.0,0.579,0.111,0.017,0.042
M0371724,0.26,5,60.0,40.0,0.0,0.594,0.097,0.105,0.194
M0371746,0.397,5,80.0,0.0,20.0,0.634,0.0,0.392,0.0
M0372183,0.488,5,100.0,0.0,0.0,0.658,0.235,0.323,0.217
M0372237,-0.125,5,40.0,20.0,40.0,0.557,0.034,0.006,0.0
M0372532,-0.386,5,0.0,40.0,60.0,0.555,-0.083,-0.181,0.0
M0372588,0.325,5,60.0,40.0,0.0,0.478,0.121,0.1,0.093
M0372784,0.43,5,60.0,40.0,0.0,0.7,0.347,0.253,0.093
M0372824,0.608,5,100.0,0.0,0.0,0.59,0.138,0.317,0.194
M0373051,0.111,5,40.0,40.0,20.0,0.54,0.049,0.165,0.0
M0373074,0.677,5,100.0,0.0,0.0,0.658,0.233,0.377,0.179
M0373283,-0.095,5,20.0,40.0,40.0,0.52,0.017,-0.076,0.093
M0373469,0.191,5,40.0,60.0,0.0,0.485,0.113,0.113,0.0
M0373883,0.385,5,60.0,40.0,0.0,0.61,0.227,0.305,0.0
M0373889,0.196,5,60.0,20.0,20.0,0.519,0.221,0.004,0.187
M0373926,-0.135,5,20.0,40.0,40.0,0.544,0.004,0.006,0.0
M0374102,-0.121,5,0.0,80.0,20.0,0.659,0.004,0.004,0.0
M0374536,-0.241,5,0.0,60.0,40.0,0.566,0.011,0.011,0.0
M0374546,0.268,5,60.0,40.0,0.0,0.546,0.088,0.137,0.123
M0374569,0.201,5,40.0,60.0,0.0,0.524,0.143,0.113,0.0
M0374900,0.129,5,40.0,40.0,20.0,0.634,0.004,0.118,0.0
M0375063,0.241,5,80.0,0.0,20.0,0.71,0.075,0.149,0.247
M0375154,0.174,5,60.0,20.0,20.0,0.654,0.127,0.13,0.0
M0375173,-0.229,5,0.0,60.0,40.0,0.471,-0.083,-0.083,0.0
M0375568,-0.087,5,0.0,80.0,20.0,0.548,0.013,0.013,0.015
M0375611,0.299,5,80.0,0.0,20.0,0.643,0.207,0.325,0.093
M0375679,0.45,5,80.0,20.0,0.0,0.658,0.0,0.424,0.224
M0375912,0.46,5,60.0,40.0,0.0,0.627,0.015,0.438,0.123
M0376136,0.152,5,40.0,60.0,0.0,0.489,0.113,0.18,0.0
M0376479,0.147,5,20.0,80.0,0.0,0.495,0.017,0.128,0.0
M0376541,-0.23,5,0.0,60.0,40.0,0.426,0.031,-0.116,0.0
M0376968,0.466,5,100.0,0.0,0.0,0.674,0.244,0.213,0.093
M0376994,0.216,5,40.0,60.0,0.0,0.392,0.015,0.138,0.123
M0377062,0.084,5,20.0,80.0,0.0,0.288,0.079,0.045,0.0
M0377091,0.329,5,40.0,60.0,0.0,0.714,0.24,0.24,0.0
M0377092,0.158,5,40.0,40.0,20.0,0.494,0.105,0.138,0.078
M0377107,-0.135,5,0.0,80.0,20.0,0.607,0.008,0.008,0.0
M0377109,-0.114,5,20.0,60.0,20.0,0.472,0.004,-0.094,0.0
M0377471,-0.368,5,20.0,0.0,80.0,0.686,0.0,-0.095,0.0
M0377818,-0.39,5,20.0,20.0,60.0,0.567,-0.2,-0.298,0.0
M0377981,-0.272,5,20.0,20.0,60.0,0.598,0.004,-0.141,-0.098
M0378109,-0.204,5,20.0,40.0,40.0,0.568,0.093,-0.074,0.093
M0378194,0.16,5,60.0,0.0,40.0,0.734,0.151,0.154,0.0
M0378793,-0.134,5,20.0,40.0,40.0,0.422,0.017,0.117,0.0
M0378947,-0.015,5,20.0,60.0,20.0,0.598,0.013,0.137,0.123
M0379217,0.26,5,60.0,40.0,0.0,0.567,0.037,0.15,0.0
M0379557,0.224,5,60.0,20.0,20.0,0.525,-0.002,0.143,0.202
M0379725,0.262,5,60.0,40.0,0.0,0.572,0.075,0.15,0.0
M0379786,0.532,5,100.0,0.0,0.0,0.593,0.184,0.314,0.0
M0379889,0.016,5,40.0,40.0,20.0,0.499,0.004,0.07,0.0
M0380268,0.391,5,60.0,40.0,0.0,0.606,0.1,0.35,0.0
M0380389,0.118,5,20.0,80.0,0.0,0.569,0.14,0.14,0.0
M0380510,0.09,5,40.0,20.0,40.0,0.717,0.0,0.273,0.123
M0380599,0.282,5,80.0,20.0,0.0,0.49,0.127,0.104,0.093
M0380623,0.012,5,40.0,20.0,40.0,0.603,0.038,0.15,0.0
M0381061,0.359,5,60.0,20.0,20.0,0.587,-0.061,0.34,0.101
M0381681,0.477,5,80.0,20.0,0.0,0.618,0.216,0.25,0.078
M0381707,-0.112,5,20.0,60.0,20.0,0.404,0.021,0.088,0.0
M0381849,0.364,5,80.0,20.0,0.0,0.633,0.251,0.21,0.093
M0381966,-0.255,5,20.0,20.0,60.0,0.62,-0.096,-0.096,0.0
M0382077,-0.198,5,20.0,40.0,40.0,0.69,0.0,-0.143,0.0
M0382189,0.204,5,40.0,40.0,20.0,0.536,0.082,0.154,0.078
M0382625,-0.13,5,20.0,60.0,20.0,0.532,0.043,-0.133,0.0
M0382628,-0.121,5,0.0,80.0,20.0,0.536,0.013,0.013,0.0
M0382932,0.391,5,80.0,20.0,0.0,0.616,0.157,0.328,0.167
M0383010,-0.439,5,0.0,40.0,60.0,0.528,-0.087,-0.185,0.0
M0383028,0.249,5,60.0,40.0,0.0,0.493,0.171,0.0,0.093
M0383216,-0.073,5,20.0,60.0,20.0,0.583,0.017,-0.029,0.0
M0383574,0.351,5,60.0,40.0,0.0,0.596,0.112,0.243,0.318
M0383694,0.525,5,100.0,0.0,0.0,0.643,0.293,0.4,0.093
M0384537,-0.097,5,40.0,0.0,60.0,0.657,-0.2,0.073,0.123
M0384680,-0.002,5,20.0,60.0,20.0,0.578,-0.096,0.027,0.123
M0384793,0.031,5,40.0,40.0,20.0,0.499,0.027,0.03,0.0
M0384806,-0.179,5,0.0,80.0,20.0,0.397,0.034,0.034,0.0
M0385002,0.479,5,80.0,20.0,0.0,0.647,0.217,0.15,0.187
M0385004,0.487,5,80.0,20.0,0.0,0.593,0.28,0.165,0.265
M0385267,0.126,5,40.0,60.0,0.0,0.437,0.035,0.004,0.0
M0385307,-0.599,5,0.0,0.0,100.0,0.658,-0.076,-0.297,0.0
M0385700,0.442,5,80.0,20.0,0.0,0.669,0.097,0.335,0.194
M0385705,0.216,5,40.0,60.0,0.0,0.509,0.092,0.113,0.078
M0385726,0.029,5,20.0,80.0,0.0,0.511,0.013,0.113,0.0
M0385752,0.159,5,20.0,80.0,0.0,0.563,0.008,0.158,0.0
M0385880,-0.081,5,0.0,80.0,20.0,0.413,0.013,-0.085,0.02
M0385887,0.232,5,60.0,20.0,20.0,0.693,0.127,0.259,0.0
M0386032,0.605,5,100.0,0.0,0.0,0.77,0.227,0.55,0.123
M0386064,0.305,5,60.0,20.0,20.0,0.655,0.207,0.213,0.093
M0386117,0.474,5,100.0,0.0,0.0,0.601,0.123,0.25,0.093
M0386140,0.077,5,40.0,20.0,40.0,0.636,0.017,0.074,0.093
M0386588,0.086,5,40.0,40.0,20.0,0.574,0.0,0.052,0.0
M0387131,0.084,5,60.0,20.0,20.0,0.555,0.095,0.1,0.0
M0387564,-0.06,5,40.0,20.0,40.0,0.663,0.127,-0.02,0.0
M0387575,-0.268,5,40.0,0.0,60.0,0.669,0.043,-0.231,0.0
M0387808,0.201,5,60.0,20.0,20.0,0.505,0.0,0.167,0.101
M0387877,0.05,5,40.0,40.0,20.0,0.605,0.004,0.056,0.0
M0387898,0.005,5,20.0,60.0,20.0,0.593,0.153,0.055,0.0
M0387914,0.198,5,60.0,20.0,20.0,0.606,0.004,0.328,0.224
M0388125,0.174,5,20.0,80.0,0.0,0.443,0.008,0.158,0.0
M0388182,0.03,5,20.0,80.0,0.0,0.525,0.008,0.088,0.0
M0388419,-0.28,5,20.0,40.0,40.0,0.585,0.017,-0.147,0.0
M0388473,0.176,5,40.0,60.0,0.0,0.535,0.031,0.234,0.15
M0388482,0.077,5,40.0,40.0,20.0,0.488,-0.042,0.035,0.0
M0388795,0.24,5,40.0,60.0,0.0,0.604,0.078,0.111,0.078
M0388980,0.139,5,40.0,60.0,0.0,0.564,0.021,0.224,0.123
M0389557,0.323,5,60.0,40.0,0.0,0.559,0.127,0.315,0.123
M0389722,0.233,5,60.0,20.0,20.0,0.595,0.015,0.288,0.123
M0389790,-0.307,5,0.0,40.0,60.0,0.568,0.013,-0.133,-0.052
M0389860,-0.375,5,0.0,60.0,40.0,0.52,0.027,-0.266,0.0
M0390022,0.423,5,80.0,20.0,0.0,0.54,0.142,0.303,0.123
M0390221,0.32,5,80.0,0.0,20.0,0.72,0.213,0.437,0.123
M0390384,0.244,5,40.0,60.0,0.0,0.482,0.097,0.104,0.093
M0390521,-0.089,5,40.0,20.0,40.0,0.463,0.135,0.032,0.0
M0391198,-0.17,5,0.0,60.0,40.0,0.454,0.027,0.027,0.0
M0391304,0.039,5,60.0,0.0,40.0,0.662,0.03,0.054,0.101
M0393109,0.21,5,80.0,0.0,20.0,0.648,0.2,0.253,0.0
M0393162,0.245,5,60.0,40.0,0.0,0.471,0.068,0.1,0.0
M0395169,0.537,5,100.0,0.0,0.0,0.578,0.198,0.223,0.123
M0395251,0.047,5,20.0,80.0,0.0,0.539,0.017,0.117,0.0
M0395495,-0.42,5,20.0,0.0,80.0,0.734,0.027,-0.316,0.0
M0395584,0.537,5,80.0,20.0,0.0,0.758,0.113,0.487,0.123
M0395699,-0.213,5,0.0,60.0,40.0,0.49,0.004,-0.071,0.0
M0395972,0.48,5,80.0,20.0,0.0,0.627,0.107,0.387,0.217
M0396171,0.054,5,20.0,80.0,0.0,0.46,0.027,0.127,0.0
M0396184,0.274,5,80.0,20.0,0.0,0.467,0.189,0.1,0.0
M0396269,0.165,5,40.0,60.0,0.0,0.414,0.065,0.117,0.0
M0396555,0.037,5,20.0,80.0,0.0,0.414,0.061,0.031,0.093
M0396752,0.223,5,60.0,20.0,20.0,0.668,0.1,0.323,0.123
M0397065,0.023,5,40.0,40.0,20.0,0.592,0.013,0.115,0.0
M0397078,-0.289,5,0.0,60.0,40.0,0.488,0.004,-0.094,0.0
M0397101,0.011,5,20.0,80.0,0.0,0.414,0.051,0.021,0.0
M0397313,0.593,5,100.0,0.0,0.0,0.744,0.307,0.391,0.093
M0397535,0.248,5,60.0,40.0,0.0,0.515,0.202,0.117,0.0
M0397892,0.571,5,80.0,20.0,0.0,0.717,0.104,0.527,0.123
M0398017,0.205,5,40.0,40.0,20.0,0.667,0.0,0.247,0.247
M0398165,-0.018,5,60.0,0.0,40.0,0.626,-0.1,0.103,0.123
M0398286,0.41,5,100.0,0.0,0.0,0.682,0.178,0.203,0.302
M0398375,-0.499,5,0.0,40.0,60.0,0.655,-0.1,-0.393,0.0
M0398712,-0.107,5,0.0,80.0,20.0,0.46,-0.076,-0.076,0.0
M0398808,0.175,5,60.0,20.0,20.0,0.527,0.137,0.163,0.093
M0398883,0.249,5,40.0,60.0,0.0,0.632,0.244,0.244,0.0
M0398913,-0.461,5,0.0,20.0,80.0,0.638,0.0,-0.221,0.0
M0399095,0.195,5,60.0,40.0,0.0,0.485,0.117,0.217,0.0
M0399146,0.273,5,60.0,40.0,0.0,0.645,0.097,0.227,0.217
M0399201,0.145,5,20.0,80.0,0.0,0.419,0.0,0.111,0.0
M0399295,0.357,5,60.0,40.0,0.0,0.475,0.061,0.263,0.0
M0399327,-0.242,5,20.0,40.0,40.0,0.464,-0.076,-0.076,0.0
M0400717,-0.071,5,20.0,60.0,20.0,0.508,0.034,-0.143,0.096
M0401085,0.46,5,80.0,20.0,0.0,0.775,0.407,0.313,0.093
M0401383,0.412,5,80.0,0.0,20.0,0.776,0.127,0.351,0.224
M0401445,0.328,5,60.0,40.0,0.0,0.697,0.117,0.341,0.123
M0401711,0.594,5,80.0,20.0,0.0,0.692,0.233,0.44,0.093
M0401729,-0.143,5,0.0,80.0,20.0,0.425,0.004,0.004,0.0
M0401792,0.371,5,80.0,0.0,20.0,0.659,0.1,0.301,0.101
M0401855,0.035,5,20.0,40.0,40.0,0.512,0.004,0.127,0.123
M0401997,-0.031,5,40.0,20.0,40.0,0.695,0.0,0.149,0.247
M0402022,-0.41,5,0.0,20.0,80.0,0.465,-0.152,-0.152,0.0
M0402399,0.595,5,100.0,0.0,0.0,0.81,0.187,0.37,0.557
M0402894,0.069,5,40.0,40.0,20.0,0.523,0.057,0.15,0.123
M0402910,0.164,5,40.0,60.0,0.0,0.455,0.112,0.119,0.093
M0403508,0.404,5,80.0,20.0,0.0,0.649,0.241,0.2,0.093
M0403702,0.157,5,40.0,40.0,20.0,0.703,0.013,0.26,0.247
M0404030,-0.015,5,40.0,20.0,40.0,0.484,0.013,0.013,0.0
M0404032,-0.096,5,20.0,60.0,20.0,0.458,-0.057,-0.087,0.0
M0404203,0.448,5,80.0,20.0,0.0,0.557,0.104,0.42,0.0
M0404390,0.331,5,80.0,0.0,20.0,0.598,0.187,0.123,0.31
M0404978,-0.071,5,20.0,40.0,40.0,0.536,-0.087,0.037,0.123
M0405094,0.437,5,80.0,20.0,0.0,0.638,0.0,0.473,0.123
M0405159,0.459,5,80.0,20.0,0.0,0.739,0.1,0.453,0.123
M0405296,0.267,5,40.0,40.0,20.0,0.686,0.0,0.3,-0.023
M0405325,0.342,5,60.0,20.0,20.0,0.648,0.047,0.273,0.123
M0405422,0.221,5,40.0,60.0,0.0,0.636,0.013,0.26,0.247
M0405508,0.333,5,80.0,20.0,0.0,0.644,0.196,0.297,0.078
M0406375,0.074,5,20.0,80.0,0.0,0.379,0.142,0.049,0.093
M0406759,0.091,5,20.0,80.0,0.0,0.406,0.017,0.084,0.0
M0406816,0.119,5,60.0,20.0,20.0,0.565,0.154,0.047,0.0
M0407265,0.352,5,60.0,40.0,0.0,0.633,0.1,0.301,0.101
M0407304,0.056,5,40.0,20.0,40.0,0.679,-0.1,0.075,0.123
M0407887,0.58,5,100.0,0.0,0.0,0.728,0.1,0.553,0.123
M0408236,0.522,5,100.0,0.0,0.0,0.639,0.13,0.373,0.123
M0408306,-0.165,5,20.0,60.0,20.0,0.558,0.004,-0.143,0.0
M0408345,-0.036,5,20.0,60.0,20.0,0.395,0.021,0.021,0.0
M0408664,0.453,5,80.0,20.0,0.0,0.627,0.092,0.36,0.325
M0408777,0.738,5,100.0,0.0,0.0,0.796,0.34,0.601,0.0
M0408790,0.25,5,60.0,40.0,0.0,0.429,0.062,0.1,0.0
M0408839,-0.016,5,60.0,0.0,40.0,0.613,0.0,0.003,0.0
M0408985,-0.008,5,0.0,80.0,20.0,0.309,0.027,0.027,0.0
M0409182,-0.366,5,0.0,20.0,80.0,0.523,0.015,0.015,0.0
M0409379,-0.218,5,20.0,20.0,60.0,0.629,0.0,-0.046,0.0
M0409459,0.244,5,80.0,0.0,20.0,0.727,0.113,0.268,0.101
M0409847,-0.448,5,0.0,20.0,80.0,0.481,-0.061,-0.282,0.0
M0410097,0.24,5,60.0,20.0,20.0,0.604,0.0,0.281,0.101
M0410297,-0.18,5,20.0,60.0,20.0,0.495,0.011,-0.135,0.0
M0411061,-0.04,5,40.0,40.0,20.0,0.572,0.031,-0.098,0.0
M0411195,0.105,5,40.0,40.0,20.0,0.718,0.093,0.123,0.217
M0411272,0.429,5,80.0,20.0,0.0,0.594,0.278,0.267,0.078
M0411477,0.202,5,40.0,40.0,20.0,0.492,0.208,0.115,0.093
M0412019,-0.063,5,20.0,40.0,40.0,0.534,0.107,0.013,0.093
M0412080,0.344,5,60.0,40.0,0.0,0.586,0.14,0.29,0.0
M0412922,0.415,5,80.0,20.0,0.0,0.692,0.1,0.43,0.0
M0413099,-0.45,5,0.0,20.0,80.0,0.492,-0.196,-0.196,0.0
M0413267,0.104,5,40.0,40.0,20.0,0.497,-0.057,0.063,-0.014
M0413300,0.176,5,40.0,40.0,20.0,0.523,-0.046,0.227,0.123
M0413895,0.282,5,60.0,20.0,20.0,0.427,0.0,0.211,0.0
M0414055,-0.284,5,0.0,60.0,40.0,0.662,0.0,-0.098,0.0
M0414387,0.432,5,100.0,0.0,0.0,0.645,0.105,0.247,0.247
M0414852,0.407,5,80.0,20.0,0.0,0.608,0.323,0.217,0.078
M0414982,-0.248,5,20.0,20.0,60.0,0.573,-0.007,-0.247,0.093
M0414993,0.442,5,80.0,20.0,0.0,0.65,0.107,0.363,0.093
M0415306,0.1,5,40.0,40.0,20.0,0.561,0.092,0.137,0.202
M0416044,0.148,5,40.0,60.0,0.0,0.491,0.125,0.004,0.093
M0416212,0.434,5,60.0,40.0,0.0,0.562,0.096,0.317,0.078
M0416236,-0.224,5,20.0,40.0,40.0,0.477,-0.072,-0.119,0.0
M0416315,0.075,5,20.0,80.0,0.0,0.393,0.058,0.027,0.0
M0416320,0.215,5,60.0,20.0,20.0,0.46,0.093,0.067,0.093
M0416449,0.305,5,60.0,40.0,0.0,0.597,0.288,0.008,0.28
M0416508,0.209,5,60.0,40.0,0.0,0.545,0.127,0.104,0.093
M0416960,0.582,5,80.0,20.0,0.0,0.72,0.224,0.43,0.093
M0417148,-0.198,5,20.0,40.0,40.0,0.602,0.104,-0.117,0.0
M0417217,0.065,5,20.0,80.0,0.0,0.405,0.082,0.034,0.0
M0417741,0.35,5,60.0,40.0,0.0,0.641,0.313,0.127,0.187
M0418279,-0.066,5,40.0,20.0,40.0,0.557,0.028,0.003,0.0
M0418455,0.328,5,60.0,40.0,0.0,0.536,0.123,0.15,0.093
M0418689,0.059,5,40.0,60.0,0.0,0.53,0.034,0.004,0.0
M0418763,0.292,5,40.0,60.0,0.0,0.55,0.017,0.278,0.0
M0418819,-0.077,5,20.0,40.0,40.0,0.595,0.104,0.006,0.0
M0419198,0.07,5,20.0,80.0,0.0,0.518,0.138,0.138,0.0
M0419294,0.378,5,60.0,40.0,0.0,0.654,0.117,0.364,0.247
M0419677,0.293,5,80.0,20.0,0.0,0.574,0.097,0.127,0.217
M0419706,-0.225,5,0.0,80.0,20.0,0.51,0.011,-0.135,0.0
M0419749,0.372,5,60.0,40.0,0.0,0.689,0.1,0.373,0.123
M0419887,0.307,5,80.0,20.0,0.0,0.485,0.206,0.07,0.172
M0419946,-0.402,5,0.0,40.0,60.0,0.579,-0.072,-0.219,0.0
M0420223,0.324,5,60.0,40.0,0.0,0.619,0.04,0.277,0.123
M0420238,0.237,5,60.0,40.0,0.0,0.584,0.013,0.213,0.113
M0420251,0.432,5,80.0,20.0,0.0,0.556,0.03,0.291,0.224
M0420293,0.052,5,40.0,40.0,20.0,0.364,0.078,0.017,0.0
M0420294,-0.227,5,0.0,60.0,40.0,0.617,0.008,0.008,0.0
M0420332,0.522,5,80.0,20.0,0.0,0.618,0.157,0.377,0.0
M0420509,0.146,5,20.0,80.0,0.0,0.441,0.017,0.141,0.123
M0420609,0.394,5,80.0,20.0,0.0,0.689,0.135,0.251,0.34
M0421054,-0.345,5,0.0,40.0,60.0,0.487,-0.076,-0.223,0.0
M0421073,-0.043,5,20.0,60.0,20.0,0.489,0.028,0.0,0.0
M0421082,0.453,5,80.0,20.0,0.0,0.709,0.093,0.289,0.318
M0421206,0.203,5,40.0,60.0,0.0,0.603,0.104,0.205,0.101
M0421238,0.156,5,60.0,20.0,20.0,0.706,0.243,0.015,0.093
M0421239,-0.082,5,20.0,60.0,20.0,0.454,0.027,0.027,0.0
M0421715,0.371,5,80.0,0.0,20.0,0.773,0.092,0.26,0.325
M0421729,0.096,5,40.0,40.0,20.0,0.607,0.111,0.043,0.217
M0421994,-0.157,5,20.0,40.0,40.0,0.436,-0.057,-0.087,0.0
M0422401,0.108,5,40.0,40.0,20.0,0.458,0.143,0.041,0.0
M0422720,0.485,5,80.0,20.0,0.0,0.663,0.013,0.51,0.247
M0423294,-0.129,5,0.0,80.0,20.0,0.467,0.013,0.013,0.013
M0423866,0.198,5,40.0,60.0,0.0,0.668,0.104,0.227,0.123
M0423977,0.061,5,40.0,20.0,40.0,0.481,-0.1,0.05,0.0
M0424095,0.02,5,20.0,80.0,0.0,0.518,0.0,0.067,0.035
M0424136,0.025,5,20.0,40.0,40.0,0.5,0.078,0.0,0.078
M0424205,0.516,5,100.0,0.0,0.0,0.671,0.187,0.281,0.288
M0424227,0.193,5,60.0,20.0,20.0,0.502,-0.057,0.163,0.0
M0424345,0.111,5,40.0,60.0,0.0,0.588,0.008,0.208,0.0
M0424880,0.281,5,60.0,20.0,20.0,0.681,0.24,0.24,0.0
M0424993,-0.298,5,20.0,20.0,60.0,0.553,0.113,0.015,0.0
M0425061,0.109,5,20.0,80.0,0.0,0.452,0.023,0.146,0.123
M0425112,0.34,5,60.0,40.0,0.0,0.593,0.308,0.215,0.093
M0425123,0.267,5,80.0,20.0,0.0,0.565,0.117,0.317,0.0
M0425210,0.486,5,80.0,20.0,0.0,0.622,0.234,0.123,0.31
M0425379,0.269,5,80.0,0.0,20.0,0.618,0.223,0.2,0.093
M0425413,-0.181,5,20.0,20.0,60.0,0.515,0.004,0.017,0.0
M0425637,0.142,5,40.0,40.0,20.0,0.692,0.004,0.251,0.247
M0426459,-0.308,5,0.0,20.0,80.0,0.514,0.0,-0.074,0.0
M0426578,0.252,5,60.0,40.0,0.0,0.586,0.155,0.208,0.0
M0426592,-0.251,5,0.0,40.0,60.0,0.506,0.004,-0.071,0.0
M0426883,-0.007,5,40.0,40.0,20.0,0.587,-0.1,0.023,0.123
M0426931,0.179,5,60.0,20.0,20.0,0.649,0.17,0.117,0.123
M0427152,-0.276,5,0.0,40.0,60.0,0.646,0.0,0.0,0.0
M0427229,-0.349,5,0.0,40.0,60.0,0.604,-0.1,-0.198,0.0
M0427309,0.323,5,80.0,0.0,20.0,0.609,0.16,0.15,0.093
M0427312,0.493,5,100.0,0.0,0.0,0.671,0.218,0.303,0.217
M0427327,0.317,5,60.0,20.0,20.0,0.683,0.233,0.192,0.093
M0427392,0.16,5,40.0,60.0,0.0,0.489,0.131,0.008,0.093
M0427470,0.125,5,40.0,60.0,0.0,0.392,0.034,0.068,0.0
M0427944,0.232,5,60.0,40.0,0.0,0.536,0.135,0.104,0.093
M0427969,0.2,5,40.0,40.0,20.0,0.645,0.193,0.1,0.093
M0428803,0.54,5,100.0,0.0,0.0,0.619,0.123,0.34,0.217
M0428870,0.162,5,40.0,60.0,0.0,0.506,0.128,0.013,0.078
M0429493,0.11,5,40.0,60.0,0.0,0.481,0.115,0.115,0.0
M0429589,-0.193,5,0.0,80.0,20.0,0.541,0.017,-0.081,-0.05
M0429591,0.07,5,40.0,40.0,20.0,0.676,0.204,0.057,0.0
M0430105,0.125,5,60.0,20.0,20.0,0.556,0.052,0.152,0.0
M0430304,-0.215,5,0.0,60.0,40.0,0.667,0.0,-0.098,0.0
M0430308,-0.306,5,0.0,60.0,40.0,0.572,0.0,0.0,0.0
M0430357,-0.098,5,0.0,80.0,20.0,0.415,0.034,0.034,0.0
M0430634,-0.103,5,20.0,60.0,20.0,0.54,0.004,0.104,0.0
M0430922,-0.338,5,0.0,40.0,60.0,0.464,0.004,-0.143,0.0
M0431021,-0.067,5,40.0,20.0,40.0,0.6,0.172,-0.293,0.172
M0431197,0.28,5,60.0,40.0,0.0,0.529,0.197,0.204,0.093
M0431308,0.153,5,40.0,40.0,20.0,0.619,0.004,0.255,0.101
M0432021,0.082,5,20.0,80.0,0.0,0.5,0.104,0.104,0.0
M0432283,0.335,5,80.0,20.0,0.0,0.585,0.161,0.15,0.161
M0432291,-0.706,5,0.0,0.0,100.0,0.681,0.0,-0.391,0.0
M0432348,0.074,5,20.0,80.0,0.0,0.521,0.062,0.017,0.0
M0433035,0.466,5,80.0,20.0,0.0,0.567,0.057,0.388,0.123
M0433362,-0.047,5,20.0,60.0,20.0,0.398,0.03,0.11,0.0
M0433383,0.54,5,100.0,0.0,0.0,0.642,0.277,0.2,0.093
M0433386,-0.37,5,0.0,60.0,40.0,0.574,0.008,-0.237,0.0
M0433387,0.038,5,20.0,60.0,20.0,0.539,0.019,0.169,0.0
M0433400,-0.135,5,20.0,20.0,60.0,0.578,-0.1,0.05,0.0
M0433416,0.267,5,60.0,40.0,0.0,0.577,0.008,0.338,0.0
M0433442,-0.374,5,20.0,20.0,60.0,0.444,0.013,0.013,0.0
M0434124,-0.081,5,20.0,40.0,40.0,0.563,-0.1,0.05,0.0
M0434139,-0.135,5,20.0,60.0,20.0,0.487,0.045,-0.139,0.0
M0434409,0.352,5,80.0,0.0,20.0,0.691,0.362,0.152,0.093
M0435625,-0.033,5,20.0,60.0,20.0,0.458,0.013,0.113,0.0
M0435651,0.046,5,40.0,40.0,20.0,0.586,-0.065,0.027,0.123
M0435670,0.081,5,20.0,80.0,0.0,0.509,0.0,0.067,0.0
M0435679,0.344,5,60.0,40.0,0.0,0.536,0.243,0.213,0.0
M0435680,-0.053,5,20.0,60.0,20.0,0.513,0.034,0.004,0.0
M0435705,0.31,5,80.0,20.0,0.0,0.412,0.077,0.116,0.101
M0435761,0.011,5,40.0,40.0,20.0,0.599,0.131,-0.147,0.173
M0436331,-0.122,5,20.0,60.0,20.0,0.484,0.013,-0.069,0.0
M0436339,-0.225,5,20.0,40.0,40.0,0.613,-0.1,-0.118,-0.156
M0436374,0.318,5,60.0,40.0,0.0,0.539,0.104,0.305,0.101
M0436697,0.225,5,40.0,60.0,0.0,0.526,0.03,0.111,0.0
M0437086,0.374,5,60.0,20.0,20.0,0.653,0.015,0.385,0.37
M0437179,-0.063,5,20.0,40.0,40.0,0.494,-0.152,-0.029,0.123
M0437405,0.077,5,40.0,40.0,20.0,0.479,0.127,0.004,0.093
M0437800,0.273,5,60.0,40.0,0.0,0.564,0.191,0.104,0.187
M0437863,0.461,5,60.0,40.0,0.0,0.665,0.004,0.427,0.123
M0438097,0.026,5,20.0,80.0,0.0,0.528,0.008,0.108,0.035
M0438315,0.344,5,60.0,40.0,0.0,0.498,0.157,0.277,0.0
M0438488,0.101,5,20.0,80.0,0.0,0.519,0.011,0.135,0.123
M0439662,0.462,5,80.0,20.0,0.0,0.618,0.223,0.25,0.093
M0439815,0.093,5,40.0,40.0,20.0,0.49,0.013,0.163,0.0
M0440803,0.253,5,60.0,40.0,0.0,0.543,0.145,0.07,0.093
M0440963,0.599,5,100.0,0.0,0.0,0.659,0.308,0.123,0.404
M0441773,0.323,5,80.0,20.0,0.0,0.604,0.187,0.1,0.286
M0441774,0.076,5,20.0,80.0,0.0,0.571,0.086,0.008,0.078
M0441796,-0.18,5,0.0,80.0,20.0,0.489,0.017,-0.129,0.0
M0441881,0.29,5,60.0,40.0,0.0,0.55,0.082,0.204,0.078
M0441909,0.138,5,40.0,40.0,20.0,0.521,0.051,0.105,0.101
M0442933,0.072,5,40.0,40.0,20.0,0.52,0.027,0.257,0.027
M0443272,0.542,5,100.0,0.0,0.0,0.712,0.193,0.413,0.34
M0443274,-0.007,5,20.0,60.0,20.0,0.517,0.104,0.104,0.0
M0443453,0.379,5,40.0,60.0,0.0,0.513,0.013,0.313,0.0
M0443456,-0.047,5,0.0,100.0,0.0,0.431,0.04,0.04,0.0
M0443465,0.207,5,40.0,40.0,20.0,0.539,0.111,0.141,0.217
M0443473,-0.253,5,20.0,40.0,40.0,0.54,0.0,-0.154,0.0
M0443489,0.149,5,60.0,20.0,20.0,0.458,0.066,-0.087,0.078
M0443543,0.322,5,80.0,0.0,20.0,0.494,0.209,0.0,0.093
M0443632,0.121,5,40.0,60.0,0.0,0.408,0.057,0.015,0.0
M0443649,-0.218,5,0.0,60.0,40.0,0.483,0.019,-0.056,0.0
M0443676,0.127,5,40.0,60.0,0.0,0.343,0.015,0.115,0.0
M0443680,0.479,5,80.0,20.0,0.0,0.574,0.13,0.335,0.123
M0443701,-0.305,5,20.0,40.0,40.0,0.573,0.013,-0.28,0.0
M0443706,0.19,5,60.0,20.0,20.0,0.416,-0.038,0.011,0.0
M0444653,-0.047,5,0.0,100.0,0.0,0.369,0.044,0.044,0.0
M0444682,0.131,5,60.0,20.0,20.0,0.549,0.113,0.093,0.0
M0445336,0.594,5,80.0,20.0,0.0,0.692,0.233,0.44,0.093
M0445620,0.451,5,100.0,0.0,0.0,0.595,0.238,0.223,0.202
M0445922,0.414,5,80.0,20.0,0.0,0.53,0.219,0.078,0.172
M0445934,-0.17,5,20.0,40.0,40.0,0.554,0.013,0.016,0.101
M0445946,-0.203,5,20.0,20.0,60.0,0.548,-0.148,-0.073,0.0
M0445990,-0.13,5,20.0,20.0,60.0,0.543,0.0,-0.046,0.101
M0446013,0.013,5,0.0,100.0,0.0,0.375,0.015,0.015,0.0
M0446029,0.344,5,60.0,40.0,0.0,0.529,0.112,0.269,0.093
M0446059,0.392,5,80.0,0.0,20.0,0.683,0.093,0.34,0.217
M0446755,0.656,5,100.0,0.0,0.0,0.792,0.267,0.373,0.34
M0448011,0.023,5,40.0,40.0,20.0,0.54,0.015,0.105,0.0
M0448115,0.115,5,40.0,20.0,40.0,0.573,0.0,0.25,0.0
M0448134,0.402,5,100.0,0.0,0.0,0.47,0.183,0.1,0.093
M0448157,0.016,5,40.0,40.0,20.0,0.441,0.065,0.004,0.0
M0448694,-0.272,5,0.0,60.0,40.0,0.542,0.0,-0.245,-0.001
M0449010,-0.167,5,20.0,40.0,40.0,0.449,0.031,0.004,0.0
M0449059,0.402,5,80.0,20.0,0.0,0.646,0.075,0.251,0.101
M0449061,0.046,5,20.0,60.0,20.0,0.534,0.013,0.113,0.0
M0449088,0.111,5,60.0,40.0,0.0,0.419,0.031,0.104,0.0
M0449089,-0.132,5,40.0,20.0,40.0,0.596,0.045,-0.243,0.093
M0449467,0.289,5,60.0,20.0,20.0,0.655,-0.1,0.3,0.0
M0449487,0.074,5,40.0,40.0,20.0,0.646,0.087,-0.1,0.187
M0450188,0.209,5,40.0,60.0,0.0,0.517,0.137,0.013,0.093
M0450232,0.023,5,40.0,40.0,20.0,0.403,0.015,0.115,0.0
M0450259,0.495,5,80.0,0.0,20.0,0.808,0.22,0.4,0.217
M0450278,0.271,5,60.0,20.0,20.0,0.739,0.205,0.13,0.078
M0450314,0.113,5,40.0,60.0,0.0,0.333,0.049,0.015,0.0
M0450340,-0.399,5,0.0,40.0,60.0,0.539,0.0,-0.245,0.0
M0450345,-0.561,5,0.0,20.0,80.0,0.587,-0.096,-0.292,0.0
M0450385,-0.19,5,20.0,40.0,40.0,0.465,0.017,0.084,0.0
M0450405,0.462,5,60.0,40.0,0.0,0.647,0.093,0.247,0.34
M0451079,0.063,5,40.0,40.0,20.0,0.536,0.004,0.084,0.099
M0451094,0.465,5,60.0,40.0,0.0,0.56,0.017,0.428,0.0
M0451279,0.419,5,60.0,40.0,0.0,0.695,0.004,0.374,0.37
M0452594,-0.156,5,20.0,40.0,40.0,0.62,-0.096,0.027,0.123
M0452598,-0.393,5,20.0,20.0,60.0,0.632,0.0,-0.245,0.0
M0452608,-0.378,5,0.0,40.0,60.0,0.562,0.008,-0.141,0.0
M0452623,0.153,5,60.0,40.0,0.0,0.523,0.004,0.204,0.0
M0452625,-0.279,5,0.0,60.0,40.0,0.496,0.0,0.0,0.0
M0452637,-0.389,5,20.0,20.0,60.0,0.694,-0.1,-0.313,0.0
M0452694,-0.186,5,60.0,0.0,40.0,0.532,0.03,-0.245,0.0
M0452702,-0.155,5,0.0,60.0,40.0,0.591,0.0,-0.098,0.0
M0453451,-0.139,5,20.0,60.0,20.0,0.467,0.055,0.017,0.0
M0453467,0.062,5,40.0,40.0,20.0,0.342,0.071,0.015,0.0
M0453562,0.394,5,80.0,20.0,0.0,0.656,0.272,0.164,0.172
M0454824,0.12,5,20.0,80.0,0.0,0.452,0.13,0.13,0.0
M0454841,0.231,5,60.0,20.0,20.0,0.611,0.113,0.183,0.0
M0454848,-0.116,5,20.0,60.0,20.0,0.55,0.105,-0.135,0.093
M0454876,0.41,5,100.0,0.0,0.0,0.568,0.223,0.078,0.187
M0454921,0.589,5,100.0,0.0,0.0,0.707,0.187,0.373,0.31
M0454945,-0.172,5,20.0,40.0,40.0,0.703,0.0,-0.121,0.123
M0454970,0.083,5,40.0,40.0,20.0,0.672,-0.007,0.023,0.217
M0454987,-0.017,5,20.0,60.0,20.0,0.579,0.082,-0.094,0.078
M0455323,0.011,5,20.0,60.0,20.0,0.472,0.027,0.03,0.0
M0455407,-0.37,5,20.0,20.0,60.0,0.581,-0.1,-0.198,0.0
M0455538,0.104,5,20.0,80.0,0.0,0.671,0.13,0.13,0.0
M0455590,0.303,5,80.0,0.0,20.0,0.599,0.193,0.18,0.093
M0455760,-0.277,5,20.0,20.0,60.0,0.567,-0.087,-0.085,0.0
M0455824,0.009,5,20.0,80.0,0.0,0.433,0.031,0.031,0.0
M0455857,-0.249,5,20.0,20.0,60.0,0.768,0.127,-0.118,0.0
M0455944,0.114,5,60.0,20.0,20.0,0.479,0.052,0.024,0.0
M0455960,0.305,5,60.0,20.0,20.0,0.637,0.113,0.337,0.123
M0455967,-0.411,5,0.0,40.0,60.0,0.637,-0.1,-0.198,0.0
M0456554,0.166,5,60.0,20.0,20.0,0.688,0.172,-0.047,0.172
M0456912,0.068,5,40.0,40.0,20.0,0.528,-0.072,0.118,0.123
M0457400,-0.057,5,20.0,40.0,40.0,0.517,0.03,0.106,0.0
M0457419,-0.393,5,0.0,40.0,60.0,0.62,0.004,-0.241,0.0
M0457430,0.58,5,100.0,0.0,0.0,0.666,0.13,0.451,0.123
M0457433,-0.27,5,0.0,60.0,40.0,0.62,0.004,-0.094,0.0
M0457510,0.168,5,40.0,40.0,20.0,0.55,0.182,0.134,0.0
M0457513,0.177,5,20.0,80.0,0.0,0.503,0.1,0.1,0.0
M0457655,-0.034,5,20.0,60.0,20.0,0.504,0.011,-0.083,0.093
M0457939,-0.074,5,20.0,40.0,40.0,0.532,0.101,-0.09,0.093
M0458339,-0.101,5,20.0,40.0,40.0,0.538,0.015,-0.01,0.123
M0458352,0.067,5,20.0,60.0,20.0,0.406,0.043,0.013,0.0
M0458413,0.193,5,60.0,0.0,40.0,0.734,0.1,0.253,0.101
M0458481,-0.067,5,0.0,80.0,20.0,0.342,0.044,0.044,0.0
M0458525,-0.133,5,0.0,80.0,20.0,0.348,0.03,0.03,0.0
M0460740,0.192,5,80.0,0.0,20.0,0.5,0.098,0.15,0.0
M0460745,-0.1,5,40.0,20.0,40.0,0.628,0.135,-0.094,0.093
M0460780,-0.401,5,0.0,40.0,60.0,0.556,0.0,-0.295,0.0
M0460791,0.26,5,80.0,0.0,20.0,0.592,0.208,0.2,0.078
M0460829,-0.099,5,40.0,20.0,40.0,0.534,0.03,0.08,0.0
M0460890,-0.02,5,0.0,100.0,0.0,0.46,0.04,0.04,0.0
M0460989,0.412,5,60.0,40.0,0.0,0.758,0.1,0.373,0.123
M0461770,0.601,5,100.0,0.0,0.0,0.692,0.193,0.45,0.093
M0462200,-0.019,5,40.0,40.0,20.0,0.538,0.031,0.1,0.0
M0462322,0.486,5,80.0,0.0,20.0,0.683,0.029,0.423,0.123
M0462335,-0.143,5,20.0,40.0,40.0,0.716,0.0,-0.095,0.0
M0462465,-0.356,5,20.0,20.0,60.0,0.613,0.093,-0.221,0.093
M0462499,0.174,5,60.0,20.0,20.0,0.464,0.136,0.126,0.093
M0462504,0.194,5,60.0,20.0,20.0,0.65,0.23,0.23,0.0
M0462538,0.26,5,40.0,60.0,0.0,0.577,0.157,0.281,0.15
M0462590,0.058,5,40.0,20.0,40.0,0.696,0.14,0.143,0.0
M0463034,-0.191,5,0.0,80.0,20.0,0.426,0.025,0.025,0.0
M0463854,0.146,5,40.0,40.0,20.0,0.612,0.138,0.1,0.0
M0463985,-0.221,5,20.0,20.0,60.0,0.558,0.015,0.041,0.101
M0463998,-0.026,5,40.0,40.0,20.0,0.605,-0.003,-0.016,0.093
M0464041,0.007,5,40.0,40.0,20.0,0.558,0.043,-0.01,0.123
M0464049,0.372,5,60.0,40.0,0.0,0.598,0.013,0.387,0.123
M0464141,0.12,5,40.0,40.0,20.0,0.588,0.004,0.156,0.0
M0464154,0.151,5,60.0,20.0,20.0,0.492,0.0,0.25,0.0
M0464196,-0.149,5,20.0,40.0,40.0,0.433,-0.087,-0.087,0.0
M0465203,-0.066,5,20.0,60.0,20.0,0.425,0.047,-0.081,0.0
M0465234,0.183,5,40.0,60.0,0.0,0.525,0.004,0.227,0.123
M0465494,0.264,5,40.0,60.0,0.0,0.498,0.015,0.265,0.0
M0465538,0.312,5,60.0,40.0,0.0,0.586,0.2,0.2,0.0
M0465551,0.164,5,40.0,40.0,20.0,0.647,0.1,0.223,0.123
M0465580,-0.118,5,20.0,60.0,20.0,0.436,0.015,-0.059,0.0
M0465602,0.255,5,60.0,20.0,20.0,0.521,0.043,0.191,0.101
M0465624,-0.112,5,40.0,20.0,40.0,0.578,0.1,0.002,0.0
M0466893,0.111,5,20.0,80.0,0.0,0.429,0.127,0.127,0.0
M0466909,-0.165,5,20.0,40.0,40.0,0.635,0.078,-0.098,0.078
M0467197,-0.105,5,20.0,60.0,20.0,0.529,0.0,0.0,0.0
M0467200,0.11,5,60.0,20.0,20.0,0.67,0.187,-0.067,0.187
M0467406,0.472,5,80.0,20.0,0.0,0.568,0.137,0.264,0.194
M0468489,-0.001,5,40.0,40.0,20.0,0.584,0.108,0.025,0.0
M0468492,0.598,5,100.0,0.0,0.0,0.698,0.187,0.324,0.411
M0468565,0.462,5,60.0,40.0,0.0,0.611,0.218,0.29,0.078
M0468569,0.41,5,80.0,0.0,20.0,0.689,0.202,0.247,0.202
M0469021,0.194,5,60.0,0.0,40.0,0.615,0.192,0.164,0.0
M0469494,0.557,5,100.0,0.0,0.0,0.769,0.22,0.373,0.34
M0469623,0.425,5,60.0,40.0,0.0,0.586,0.017,0.402,0.123
M0469641,0.295,5,60.0,40.0,0.0,0.589,0.078,0.111,0.078
M0469903,0.658,5,100.0,0.0,0.0,0.632,0.302,0.25,0.172
M0470705,-0.056,5,40.0,20.0,40.0,0.575,-0.069,-0.097,0.0
M0470752,0.504,5,100.0,0.0,0.0,0.66,0.337,0.313,0.093
M0471042,-0.042,5,20.0,60.0,20.0,0.496,-0.076,0.024,0.0
M0472033,-0.147,5,20.0,40.0,40.0,0.606,0.14,-0.006,-0.073
M0472043,0.258,5,60.0,20.0,20.0,0.569,0.139,0.127,0.217
M0472062,-0.212,5,20.0,40.0,40.0,0.517,0.047,-0.081,0.0
M0472160,0.202,5,40.0,40.0,20.0,0.64,0.004,0.265,0.0
M0472181,0.214,5,40.0,40.0,20.0,0.532,0.0,0.211,0.066
M0472198,-0.061,5,20.0,60.0,20.0,0.647,0.03,0.0,0.0
M0472399,-0.399,5,0.0,40.0,60.0,0.506,0.015,-0.28,0.0
M0473075,0.159,5,40.0,40.0,20.0,0.546,0.112,0.094,0.093
M0473188,-0.07,5,20.0,60.0,20.0,0.474,0.043,0.015,0.0
M0473308,0.419,5,80.0,20.0,0.0,0.756,0.313,0.413,0.0
M0473360,-0.296,5,0.0,60.0,40.0,0.465,-0.069,-0.167,0.0
M0473444,0.2,5,60.0,0.0,40.0,0.542,0.0,0.3,0.0
M0473488,0.316,5,60.0,40.0,0.0,0.634,0.276,0.104,0.172
M0473705,0.015,5,40.0,40.0,20.0,0.481,0.147,0.017,0.093
M0473753,0.197,5,60.0,0.0,40.0,0.55,0.03,0.25,0.0
M0475276,0.261,5,60.0,20.0,20.0,0.748,-0.007,0.147,0.34
M0475290,-0.155,5,20.0,40.0,40.0,0.406,0.017,0.017,0.0
M0475394,0.113,5,40.0,60.0,0.0,0.443,0.0,0.08,0.0
M0475783,0.373,5,80.0,20.0,0.0,0.536,0.145,0.204,0.093
M0475944,-0.313,5,0.0,60.0,40.0,0.572,0.008,-0.139,0.0
M0476735,0.618,5,100.0,0.0,0.0,0.653,0.172,0.4,0.172
M0476964,-0.199,5,20.0,60.0,20.0,0.501,0.008,-0.139,0.0
M0477051,-0.518,5,20.0,0.0,80.0,0.631,-0.07,-0.393,0.0
M0477071,-0.262,5,0.0,60.0,40.0,0.516,-0.196,-0.196,0.0
M0477080,0.333,5,60.0,40.0,0.0,0.643,0.228,0.328,0.0
M0477095,-0.016,5,20.0,60.0,20.0,0.544,-0.083,0.018,0.101
M0477139,0.05,5,40.0,40.0,20.0,0.617,0.017,0.123,0.123
M0477302,0.569,5,100.0,0.0,0.0,0.695,0.298,0.307,0.172
M0477347,0.177,5,40.0,60.0,0.0,0.537,0.027,0.25,0.123
M0477348,0.403,5,80.0,20.0,0.0,0.67,0.243,0.193,0.093
M0478087,0.212,5,60.0,40.0,0.0,0.596,0.135,0.184,0.0
M0478134,0.06,5,40.0,40.0,20.0,0.45,0.043,0.113,0.0
M0478304,0.077,5,40.0,40.0,20.0,0.622,0.004,0.194,0.123
M0478311,-0.138,5,40.0,20.0,40.0,0.526,0.107,-0.085,0.093
M0478970,0.355,5,60.0,40.0,0.0,0.594,0.319,0.319,0.0
M0479143,0.254,5,60.0,40.0,0.0,0.542,0.141,0.141,0.217
M0479528,0.059,5,20.0,80.0,0.0,0.467,0.116,0.023,0.093
M0479884,0.364,5,60.0,40.0,0.0,0.682,0.097,0.251,0.34
M0479952,0.041,5,20.0,60.0,20.0,0.418,0.105,0.027,0.105
M0479968,-0.406,5,0.0,40.0,60.0,0.611,0.008,-0.188,0.0
M0479997,-0.222,5,20.0,40.0,40.0,0.54,0.034,-0.221,0.0
M0480025,0.246,5,60.0,20.0,20.0,0.637,0.013,0.387,0.123
M0480242,0.14,5,40.0,40.0,20.0,0.622,0.004,0.205,0.123
M0480249,0.216,5,40.0,40.0,20.0,0.685,0.22,0.127,0.093
M0480255,-0.144,5,20.0,40.0,40.0,0.551,-0.061,-0.012,0.123
M0480669,-0.089,5,20.0,60.0,20.0,0.538,0.043,0.013,0.0
M0480687,-0.552,5,0.0,0.0,100.0,0.665,-0.1,-0.1,0.0
M0481141,0.076,5,60.0,0.0,40.0,0.714,0.28,-0.147,0.28
M0481369,-0.08,5,40.0,40.0,20.0,0.418,0.017,0.017,0.0
M0481499,-0.072,5,20.0,60.0,20.0,0.595,0.082,-0.094,0.015
M0481536,-0.196,5,20.0,40.0,40.0,0.384,0.013,0.08,0.0
M0482088,0.259,5,40.0,60.0,0.0,0.667,0.113,0.213,0.0
M0482527,0.112,5,60.0,20.0,20.0,0.535,0.168,0.002,0.0
M0482546,0.145,5,60.0,20.0,20.0,0.52,-0.096,0.22,0.0
M0482571,0.259,5,60.0,40.0,0.0,0.597,0.038,0.25,0.0
M0482572,-0.038,5,40.0,40.0,20.0,0.548,0.004,0.004,0.0
M0482599,-0.454,5,0.0,40.0,60.0,0.586,0.013,-0.378,0.0
M0482606,-0.099,5,0.0,80.0,20.0,0.511,-0.1,-0.1,0.0
M0483607,0.073,5,40.0,40.0,20.0,0.546,0.008,0.158,0.0
M0483726,-0.115,5,40.0,20.0,40.0,0.565,-0.096,0.027,0.123
M0484740,0.021,5,20.0,60.0,20.0,0.573,0.004,0.127,0.123
M0485241,0.578,5,80.0,20.0,0.0,0.718,0.093,0.385,0.217
M0485601,-0.04,5,20.0,60.0,20.0,0.594,0.13,-0.016,0.031
M0485947,0.572,5,100.0,0.0,0.0,0.686,0.13,0.347,0.34
M0485985,-0.379,5,0.0,40.0,60.0,0.498,-0.148,-0.223,0.0
M0486051,-0.462,5,0.0,40.0,60.0,0.493,0.017,-0.129,0.0
M0486576,-0.408,5,0.0,40.0,60.0,0.495,-0.072,-0.293,0.0
M0486583,-0.208,5,0.0,80.0,20.0,0.596,0.013,-0.133,0.0
M0486655,0.313,5,60.0,40.0,0.0,0.629,0.004,0.334,0.0
M0486674,-0.35,5,0.0,60.0,40.0,0.535,0.004,-0.289,0.0
M0486822,0.244,5,40.0,60.0,0.0,0.513,0.034,0.154,0.0
M0486946,0.32,5,40.0,60.0,0.0,0.505,0.017,0.278,0.0
M0488085,0.13,5,40.0,60.0,0.0,0.486,0.096,0.017,0.078
M0488120,0.255,5,80.0,0.0,20.0,0.616,0.093,0.152,0.093
M0488604,0.088,5,60.0,20.0,20.0,0.521,0.013,0.237,0.123
M0489049,0.314,5,60.0,20.0,20.0,0.692,0.113,0.413,0.0
M0489099,0.039,5,40.0,40.0,20.0,0.48,0.161,0.119,0.0
M0489237,-0.029,5,20.0,60.0,20.0,0.592,0.113,0.113,0.0
M0489270,-0.244,5,0.0,60.0,40.0,0.51,0.027,0.027,0.0
M0490076,-0.082,5,20.0,60.0,20.0,0.556,0.004,0.07,0.0
M0490086,0.151,5,60.0,40.0,0.0,0.4,0.072,0.004,0.0
M0490204,0.488,5,60.0,40.0,0.0,0.727,0.113,0.413,0.0
M0490215,0.114,5,40.0,60.0,0.0,0.395,0.064,0.004,0.0
M0491152,0.04,5,20.0,80.0,0.0,0.374,0.068,0.031,0.0
M0491175,0.012,5,20.0,60.0,20.0,0.695,0.004,0.127,0.123
M0491203,-0.003,5,40.0,40.0,20.0,0.492,-0.057,0.013,0.0
M0491747,0.198,5,60.0,40.0,0.0,0.651,0.0,0.203,0.123
M0492044,-0.344,5,0.0,40.0,60.0,0.504,0.004,-0.094,0.0
M0492956,0.529,5,80.0,20.0,0.0,0.619,0.28,0.101,0.381
M0493076,-0.032,5,20.0,60.0,20.0,0.485,0.031,0.154,0.123
M0493405,-0.037,5,40.0,40.0,20.0,0.519,0.093,0.0,0.093
M0493430,0.147,5,20.0,80.0,0.0,0.509,0.117,0.117,0.0
M0493459,0.091,5,20.0,80.0,0.0,0.373,0.01,0.11,0.0
M0493464,0.164,5,60.0,0.0,40.0,0.591,-0.076,0.171,0.247
M0494222,0.291,5,60.0,40.0,0.0,0.638,0.013,0.26,0.247
M0494238,-0.175,5,40.0,20.0,40.0,0.515,0.034,0.084,0.0
M0494271,0.247,5,60.0,20.0,20.0,0.696,0.305,0.129,0.078
M0495596,-0.287,5,0.0,40.0,60.0,0.486,-0.1,-0.1,-0.034
M0496806,0.445,5,60.0,40.0,0.0,0.681,0.093,0.261,0.093
M0497116,0.215,5,60.0,40.0,0.0,0.458,0.126,0.17,0.0
M0497137,0.434,5,60.0,40.0,0.0,0.667,0.144,0.417,0.123
M0497465,0.333,5,40.0,60.0,0.0,0.502,0.013,0.287,0.123
M0498097,0.042,5,40.0,40.0,20.0,0.538,0.027,0.152,0.123
M0498353,-0.512,5,0.0,20.0,80.0,0.673,0.0,-0.196,0.0
M0498380,0.476,5,100.0,0.0,0.0,0.545,0.13,0.417,0.0
M0498381,-0.381,5,0.0,40.0,60.0,0.633,0.013,-0.183,0.0
M0498399,-0.274,5,0.0,60.0,40.0,0.528,0.017,-0.179,0.0
M0499097,0.061,5,20.0,80.0,0.0,0.343,0.015,0.015,0.0
M0499448,0.142,5,20.0,80.0,0.0,0.389,0.03,0.131,0.101
M0499549,0.39,5,80.0,0.0,20.0,0.679,0.187,0.127,0.388
M0499556,-0.22,5,20.0,40.0,40.0,0.573,0.108,-0.039,0.0
M0499603,0.18,5,60.0,20.0,20.0,0.603,0.038,0.2,0.0
M0756683,0.438,5,80.0,20.0,0.0,0.653,0.24,0.44,0.0
M0757361,-0.285,5,0.0,60.0,40.0,0.62,0.0,-0.147,0.0
M0758730,-0.467,5,0.0,20.0,80.0,0.492,-0.137,-0.137,0.0
M0758746,-0.245,5,20.0,20.0,60.0,0.628,0.013,0.039,0.123
M0758752,-0.012,5,20.0,60.0,20.0,0.683,-0.1,0.023,0.123
M0758758,0.195,5,60.0,20.0,20.0,0.567,0.03,0.223,0.123
M0758766,0.205,5,40.0,60.0,0.0,0.622,0.034,0.127,0.123
M0758774,-0.111,5,20.0,40.0,40.0,0.492,0.0,0.0,0.0
M0758794,0.355,5,60.0,40.0,0.0,0.659,0.191,0.154,0.187
M0762073,0.008,5,40.0,40.0,20.0,0.494,0.131,0.008,0.093
M0762107,-0.073,5,20.0,40.0,40.0,0.559,0.013,-0.032,0.101
M0762138,-0.066,5,20.0,60.0,20.0,0.46,0.027,0.127,0.0
M0763831,0.092,5,40.0,40.0,20.0,0.386,0.035,0.104,0.0
M0765010,0.265,5,60.0,20.0,20.0,0.658,-0.07,0.173,0.123
M0765120,-0.058,5,20.0,60.0,20.0,0.607,0.004,0.029,0.123
M0765429,0.299,5,60.0,20.0,20.0,0.642,0.107,0.215,0.093
M0765432,0.356,5,60.0,40.0,0.0,0.609,0.155,0.277,0.0
M0765443,0.196,5,60.0,20.0,20.0,0.688,0.116,0.123,0.202
M0765446,-0.297,5,0.0,40.0,60.0,0.526,0.0,-0.147,-0.069
M0770703,-0.058,5,20.0,60.0,20.0,0.529,0.111,0.017,0.093
M0770752,0.176,5,60.0,40.0,0.0,0.414,0.059,0.104,0.0
M0770802,0.646,5,100.0,0.0,0.0,0.692,0.236,0.464,0.101
M0770828,0.127,5,60.0,0.0,40.0,0.756,0.0,0.081,0.224
M0775440,-0.724,5,0.0,0.0,100.0,0.585,-0.076,-0.369,0.0
M0775489,0.531,5,100.0,0.0,0.0,0.644,0.217,0.201,0.34
M0775529,0.212,5,60.0,40.0,0.0,0.608,0.03,0.181,0.101
M0780504,0.381,5,80.0,20.0,0.0,0.594,0.134,0.327,0.123
M0780511,0.341,5,40.0,60.0,0.0,0.62,0.0,0.273,0.123
M0780516,-0.124,5,20.0,60.0,20.0,0.501,0.065,-0.129,0.0
M0780521,-0.132,5,0.0,80.0,20.0,0.393,0.008,0.008,0.062
M0780536,0.324,5,60.0,20.0,20.0,0.626,0.187,0.123,0.31
M0780548,-0.417,5,0.0,40.0,60.0,0.622,0.0,-0.098,0.0
M0780571,0.223,5,60.0,0.0,40.0,0.669,0.037,0.247,0.247
M0780622,-0.621,5,0.0,20.0,80.0,0.646,-0.1,-0.491,0.0
M0780653,-0.191,5,0.0,60.0,40.0,0.477,-0.083,-0.083,0.0
M0783233,0.297,5,60.0,40.0,0.0,0.667,0.107,0.217,0.217
M0783238,0.028,5,40.0,40.0,20.0,0.529,-0.087,0.103,0.123
M0783640,-0.012,5,20.0,60.0,20.0,0.338,0.04,0.04,0.0
M0787442,0.171,5,40.0,60.0,0.0,0.631,0.197,0.104,0.093
M0787474,-0.028,5,20.0,60.0,20.0,0.448,0.021,0.132,0.013
M0787475,0.278,5,60.0,40.0,0.0,0.54,0.127,0.127,0.217
M0787524,0.287,5,60.0,20.0,20.0,0.562,0.004,0.354,0.0
M0790604,-0.463,5,0.0,40.0,60.0,0.615,0.004,-0.241,0.0
M0790628,-0.281,5,40.0,0.0,60.0,0.637,0.0,-0.245,0.0
M0790636,0.136,5,40.0,40.0,20.0,0.565,0.017,0.167,0.0
M0790663,0.311,5,60.0,40.0,0.0,0.663,0.093,0.19,0.217
M0790686,-0.232,5,20.0,40.0,40.0,0.586,0.013,-0.131,0.0
M0790712,0.162,5,40.0,60.0,0.0,0.609,0.097,0.104,0.093
M0790724,0.328,5,60.0,20.0,20.0,0.634,0.0,0.254,0.101
M0790736,-0.209,5,20.0,40.0,40.0,0.63,0.0,-0.192,0.101
M0790770,-0.228,5,0.0,60.0,40.0,0.549,0.017,0.017,0.0
M0795351,0.039,5,40.0,40.0,20.0,0.512,0.008,0.158,0.0
M0795368,0.245,5,40.0,60.0,0.0,0.588,0.008,0.254,0.247
M0795421,0.233,5,40.0,60.0,0.0,0.634,0.182,0.104,0.078
M0795441,0.272,5,60.0,40.0,0.0,0.58,0.104,0.304,0.0
M0795461,-0.622,5,0.0,0.0,100.0,0.595,-0.3,-0.3,0.0
M0795493,-0.285,5,0.0,60.0,40.0,0.558,0.011,-0.087,0.0
M0796302,-0.3,5,0.0,60.0,40.0,0.546,-0.096,-0.243,0.0
M0796366,0.302,5,80.0,20.0,0.0,0.491,0.128,0.3,0.0
M0798817,-0.236,5,0.0,40.0,60.0,0.493,0.027,0.027,0.0
M0799934,-0.079,5,20.0,60.0,20.0,0.515,0.011,-0.083,0.093
M0800039,0.134,5,60.0,20.0,20.0,0.648,0.204,0.122,0.0
M0800069,-0.11,5,20.0,40.0,40.0,0.515,0.039,-0.035,0.0
M0800080,-0.034,5,20.0,60.0,20.0,0.536,0.0,0.123,0.123
M0800240,-0.207,5,0.0,60.0,40.0,0.424,0.017,-0.129,0.0
M0800241,0.123,5,60.0,0.0,40.0,0.574,0.093,0.123,0.217
M0800308,0.046,5,60.0,20.0,20.0,0.465,-0.039,-0.02,0.0
M0800320,-0.16,5,0.0,60.0,40.0,0.512,0.004,0.004,0.0
M0800325,0.453,5,60.0,40.0,0.0,0.589,0.111,0.317,0.093
M0800369,0.258,5,60.0,20.0,20.0,0.72,0.151,0.252,0.101
M0802948,0.431,5,80.0,20.0,0.0,0.563,0.043,0.387,0.123
M0803096,0.242,5,40.0,40.0,20.0,0.525,0.115,0.265,0.0
M0804461,-0.319,5,20.0,20.0,60.0,0.569,0.108,-0.28,0.093
M0804463,-0.055,5,20.0,20.0,60.0,0.485,0.004,0.154,0.0
M0804497,0.407,5,60.0,40.0,0.0,0.521,0.105,0.261,0.202
M0804516,-0.157,5,20.0,40.0,40.0,0.715,0.117,-0.029,0.0
M0804522,0.451,5,60.0,40.0,0.0,0.717,0.0,0.423,0.123
M0805564,-0.097,5,40.0,0.0,60.0,0.588,0.085,0.0,0.0
M0805570,0.017,5,40.0,40.0,20.0,0.52,0.0,0.1,0.0
M0805647,-0.282,5,0.0,40.0,60.0,0.553,0.0,0.0,0.0
M0806203,-0.252,5,0.0,40.0,60.0,0.521,0.0,0.0,0.0
M0808151,0.436,5,60.0,40.0,0.0,0.648,0.013,0.437,0.123
M0808185,0.253,5,40.0,40.0,20.0,0.727,0.127,0.277,0.0
M0808276,0.212,5,60.0,20.0,20.0,0.66,0.13,0.152,0.0
M0808279,0.354,5,60.0,40.0,0.0,0.678,0.168,0.28,0.0
M0808331,-0.099,5,20.0,60.0,20.0,0.475,-0.083,0.017,0.0
M0808399,-0.324,5,20.0,20.0,60.0,0.623,-0.07,-0.198,0.0
M0808417,0.366,5,80.0,20.0,0.0,0.644,0.123,0.188,0.282
M0808506,0.229,5,40.0,60.0,0.0,0.628,0.131,0.254,0.137
M0808510,-0.154,5,20.0,60.0,20.0,0.532,0.03,-0.147,0.0
M0810784,-0.156,5,0.0,80.0,20.0,0.624,-0.096,-0.096,0.0
M0810819,0.044,5,20.0,60.0,20.0,0.593,0.093,0.0,0.093
M0810827,0.321,5,80.0,20.0,0.0,0.53,0.216,0.117,0.0
M0810913,-0.576,5,0.0,20.0,80.0,0.553,0.0,-0.098,0.0
M0810922,-0.058,5,0.0,100.0,0.0,0.466,0.025,0.025,0.0
M0811080,-0.242,5,20.0,20.0,60.0,0.572,-0.076,-0.124,0.101
M0813547,0.435,5,80.0,20.0,0.0,0.659,0.238,0.263,0.093
M0814022,-0.394,5,0.0,40.0,60.0,0.656,0.0,-0.147,0.0
M0814255,-0.035,5,40.0,40.0,20.0,0.624,-0.062,-0.02,0.0
M0814314,0.436,5,60.0,40.0,0.0,0.58,0.0,0.373,0.123
M0814335,0.203,5,60.0,20.0,20.0,0.586,-0.087,0.187,0.123
M0815236,0.385,5,60.0,40.0,0.0,0.645,0.257,0.227,0.0
M0815241,0.41,5,60.0,40.0,0.0,0.555,0.103,0.283,0.217
M0815245,-0.079,5,0.0,80.0,20.0,0.666,0.0,0.0,0.0
M0816442,0.534,5,80.0,20.0,0.0,0.657,0.0,0.423,0.123
M0816462,-0.49,5,0.0,20.0,80.0,0.606,0.0,-0.295,0.0
M0816556,-0.043,5,20.0,20.0,60.0,0.457,0.013,0.163,0.0
M0816692,0.141,5,60.0,20.0,20.0,0.555,-0.018,0.0,0.0
M0816711,-0.112,5,0.0,80.0,20.0,0.515,0.004,0.004,0.0
M0817177,0.307,5,60.0,40.0,0.0,0.487,0.044,0.263,0.0
M0817225,0.327,5,60.0,40.0,0.0,0.527,0.137,0.163,0.093
M0817230,-0.293,5,20.0,20.0,60.0,0.553,-0.07,-0.1,0.0
M0817538,-0.259,5,0.0,60.0,40.0,0.457,0.027,-0.071,0.0
M0817545,-0.005,5,40.0,20.0,40.0,0.552,-0.072,0.103,0.0
M0819714,0.252,5,60.0,20.0,20.0,0.568,0.093,0.19,0.217
M0821442,0.423,5,80.0,20.0,0.0,0.513,0.22,0.26,0.093
M0821640,-0.242,5,0.0,60.0,40.0,0.59,0.013,0.013,0.0
M0821642,0.064,5,40.0,40.0,20.0,0.57,0.078,0.067,0.078
M0822832,0.447,5,80.0,20.0,0.0,0.691,0.117,0.391,0.123
M0822847,-0.228,5,20.0,20.0,60.0,0.563,-0.076,-0.009,0.0
M0822854,0.536,5,80.0,20.0,0.0,0.668,0.193,0.362,0.325
M0824747,0.521,5,80.0,20.0,0.0,0.652,0.127,0.527,0.0
M0824758,0.026,5,40.0,40.0,20.0,0.683,0.0,0.055,0.123
M0825232,0.266,5,80.0,0.0,20.0,0.653,0.0,0.447,0.247
M0825236,0.086,5,20.0,80.0,0.0,0.649,0.121,0.121,0.0
M0829150,-0.057,5,20.0,40.0,40.0,0.556,0.004,0.007,0.0
M0829176,-0.59,5,0.0,0.0,100.0,0.636,-0.152,-0.299,0.0
M0829459,-0.018,5,40.0,20.0,40.0,0.672,0.0,0.003,0.0
M0829482,0.307,5,80.0,0.0,20.0,0.612,0.187,0.127,0.0
M0830515,-0.11,5,40.0,20.0,40.0,0.547,0.126,-0.217,0.093
M0830558,-0.409,5,0.0,40.0,60.0,0.514,0.027,-0.12,0.0
M0831387,0.083,5,40.0,60.0,0.0,0.511,0.015,0.159,0.0
M0831884,0.209,5,40.0,60.0,0.0,0.55,0.017,0.228,0.0
M0831887,-0.213,5,20.0,20.0,60.0,0.563,-0.076,-0.0,0.0
M0832266,0.37,5,60.0,40.0,0.0,0.683,0.32,0.227,0.093
M0834001,-0.027,5,20.0,60.0,20.0,0.536,0.028,0.028,0.0
M0835418,-0.084,5,20.0,60.0,20.0,0.514,0.034,-0.094,0.0
M0837106,-0.008,5,20.0,40.0,40.0,0.54,0.104,0.104,0.0
M0837156,0.056,5,40.0,40.0,20.0,0.53,0.143,0.015,0.0
M0837562,-0.051,5,20.0,40.0,40.0,0.465,0.062,0.017,-0.042
M0837563,0.224,5,60.0,40.0,0.0,0.546,0.013,0.137,0.123
M0838221,0.396,5,60.0,40.0,0.0,0.659,0.214,0.271,0.093
M0838232,-0.243,5,20.0,40.0,40.0,0.511,0.032,-0.289,0.0
M0838247,-0.184,5,40.0,0.0,60.0,0.626,0.023,-0.247,0.093
M0838283,-0.047,5,20.0,60.0,20.0,0.422,0.109,0.031,0.078
M0839980,-0.441,5,0.0,40.0,60.0,0.608,-0.1,-0.345,0.0
M0840361,0.371,5,60.0,40.0,0.0,0.658,0.283,0.253,0.0
M0841044,0.339,5,40.0,60.0,0.0,0.54,0.013,0.287,0.123
M0841046,0.128,5,40.0,60.0,0.0,0.496,0.117,0.117,0.0
M0842926,-0.013,5,40.0,20.0,40.0,0.7,0.143,0.015,0.0
M0844286,0.242,5,60.0,20.0,20.0,0.652,0.0,0.347,0.247
M0844457,0.225,5,40.0,60.0,0.0,0.506,0.104,0.204,0.0
M0844471,0.193,5,60.0,20.0,20.0,0.689,0.1,0.323,0.123
M0844479,0.022,5,20.0,60.0,20.0,0.638,0.013,0.137,0.123
M0844708,-0.149,5,40.0,20.0,40.0,0.639,0.03,-0.121,0.123
M0845046,0.124,5,20.0,80.0,0.0,0.477,0.03,0.153,0.123
M0845439,0.61,5,100.0,0.0,0.0,0.733,0.387,0.35,0.187
M0848228,0.179,5,60.0,20.0,20.0,0.586,0.138,0.127,0.217
M0848537,-0.175,5,0.0,80.0,20.0,0.569,0.004,0.004,0.07
M0848557,-0.28,5,0.0,60.0,40.0,0.597,-0.087,-0.185,0.0
M0851578,0.374,5,80.0,0.0,20.0,0.66,0.0,0.34,0.023
M0852713,-0.333,5,0.0,40.0,60.0,0.539,0.013,-0.133,0.0
M0856288,0.19,5,60.0,20.0,20.0,0.602,0.051,0.085,0.0
M0857190,-0.1,5,20.0,40.0,40.0,0.575,0.021,-0.072,0.093
M0857191,0.503,5,100.0,0.0,0.0,0.653,0.193,0.323,0.217
M0859163,-0.314,5,20.0,20.0,60.0,0.596,0.0,-0.049,0.0
M0859635,0.008,5,20.0,60.0,20.0,0.535,0.031,0.154,0.123
M0860906,0.442,5,60.0,40.0,0.0,0.694,0.144,0.391,0.26
M0860907,-0.038,5,40.0,20.0,40.0,0.557,0.038,0.052,-0.029
M0861689,-0.203,5,0.0,60.0,40.0,0.56,0.027,0.027,0.0
M0861739,0.456,5,80.0,20.0,0.0,0.646,0.348,0.227,0.093
M0862467,-0.083,5,20.0,60.0,20.0,0.449,0.0,0.0,0.0
M0862846,-0.055,5,20.0,60.0,20.0,0.541,0.008,0.021,0.0
M0862856,0.058,5,40.0,20.0,40.0,0.732,0.113,0.117,0.0
M0864761,0.292,5,60.0,40.0,0.0,0.591,0.123,0.123,0.217
M0864835,0.017,5,20.0,80.0,0.0,0.397,0.034,0.134,0.027
M0865556,-0.049,5,0.0,100.0,0.0,0.439,0.019,0.019,0.0
M0866437,0.108,5,40.0,40.0,20.0,0.523,0.12,0.004,0.078
M0866439,0.253,5,60.0,40.0,0.0,0.543,0.154,0.217,0.0
M0869994,0.335,5,60.0,40.0,0.0,0.638,0.141,0.15,0.093
M0870111,0.33,5,100.0,0.0,0.0,0.611,0.068,0.303,0.123
M0870154,-0.33,5,0.0,40.0,60.0,0.468,0.008,-0.067,0.0
M0870984,-0.039,5,20.0,60.0,20.0,0.641,0.0,0.1,0.0
M0871426,0.21,5,40.0,60.0,0.0,0.499,0.013,0.214,0.101
M0871510,0.636,5,100.0,0.0,0.0,0.793,0.093,0.477,0.34
M0873886,-0.047,5,40.0,0.0,60.0,0.673,-0.076,0.197,0.123
M0875034,0.004,5,40.0,40.0,20.0,0.513,0.097,0.004,0.093
M0875113,0.162,5,60.0,20.0,20.0,0.681,0.1,0.225,0.123
M0875595,0.154,5,60.0,0.0,40.0,0.587,0.078,0.2,0.078
M0876563,0.327,5,60.0,40.0,0.0,0.609,0.151,0.137,0.31
M0878695,-0.241,5,20.0,40.0,40.0,0.593,-0.059,-0.194,0.0
M0878804,0.46,5,80.0,20.0,0.0,0.554,0.144,0.337,0.123
M0879843,0.333,5,60.0,40.0,0.0,0.683,0.193,0.178,0.093
M0879870,0.06,5,40.0,40.0,20.0,0.54,-0.083,0.141,0.123
M0880502,0.227,5,80.0,0.0,20.0,0.578,0.13,0.3,0.0
M0880578,-0.315,5,20.0,20.0,60.0,0.567,-0.1,-0.147,0.0
M0881320,0.161,5,20.0,80.0,0.0,0.596,0.004,0.127,0.123
M0881891,-0.252,5,20.0,20.0,60.0,0.581,-0.087,-0.122,0.0
M0882977,0.32,5,60.0,40.0,0.0,0.563,0.082,0.195,0.078
M0884328,0.126,5,40.0,40.0,20.0,0.751,0.0,0.127,0.123
M0884732,0.324,5,60.0,40.0,0.0,0.611,0.1,0.223,0.123
M0887883,0.322,5,40.0,60.0,0.0,0.629,0.0,0.251,0.101
M0887912,0.36,5,80.0,20.0,0.0,0.507,0.03,0.25,0.0
M0889573,-0.185,5,20.0,40.0,40.0,0.548,-0.092,-0.128,0.0
M0889583,-0.112,5,40.0,20.0,40.0,0.624,0.0,-0.047,0.0
M0890870,-0.149,5,20.0,40.0,40.0,0.694,0.1,0.002,0.0
M0891527,0.085,5,40.0,40.0,20.0,0.561,0.092,0.015,0.078
M0891592,-0.53,5,0.0,0.0,100.0,0.618,0.0,-0.147,0.0
M0892255,0.076,5,40.0,60.0,0.0,0.574,0.013,0.093,0.0
M0892318,0.349,5,60.0,40.0,0.0,0.552,0.227,0.104,0.093
M0892767,-0.068,5,20.0,40.0,40.0,0.555,0.104,0.006,0.0
M0892769,0.471,5,80.0,20.0,0.0,0.689,0.1,0.473,0.123
M0892782,0.343,5,60.0,40.0,0.0,0.619,0.058,0.237,0.216
M0892791,-0.349,5,0.0,60.0,40.0,0.549,0.027,-0.266,0.062
M0896529,0.201,5,60.0,40.0,0.0,0.536,0.043,0.201,0.123
M0896798,0.09,5,20.0,80.0,0.0,0.634,0.008,0.131,0.123
M0896872,0.166,5,40.0,60.0,0.0,0.49,0.093,0.095,0.078
M0898367,0.106,5,40.0,60.0,0.0,0.549,0.008,0.131,0.123
M0899106,-0.276,5,20.0,40.0,40.0,0.571,0.013,-0.231,0.0
M0900387,0.167,5,60.0,20.0,20.0,0.564,0.107,0.091,0.093
M0901476,-0.312,5,0.0,60.0,40.0,0.49,0.017,-0.081,0.0
M0901487,0.405,5,80.0,20.0,0.0,0.55,0.158,0.298,0.101
M0901507,0.057,5,40.0,20.0,40.0,0.588,0.0,0.228,0.0
M0903624,-0.184,5,40.0,20.0,40.0,0.625,0.004,-0.061,0.0
M0903657,-0.175,5,0.0,80.0,20.0,0.422,0.027,-0.12,0.0
M0905372,0.007,5,0.0,100.0,0.0,0.618,0.0,0.0,0.0
M0907657,0.306,5,60.0,40.0,0.0,0.568,0.17,0.24,0.0
M0910554,-0.126,5,20.0,60.0,20.0,0.445,0.059,0.021,0.0
M0910885,-0.41,5,0.0,40.0,60.0,0.636,0.013,-0.231,0.0
M0910905,0.243,5,40.0,60.0,0.0,0.588,0.0,0.25,0.0
M0910936,0.308,5,80.0,0.0,20.0,0.677,0.134,0.25,0.224
M0910970,0.545,5,100.0,0.0,0.0,0.661,0.219,0.23,0.219
M0913354,0.018,5,40.0,40.0,20.0,0.508,0.093,0.0,0.093
M0913425,0.105,5,60.0,20.0,20.0,0.565,-0.096,0.127,0.123
M0914797,-0.061,5,20.0,60.0,20.0,0.563,0.127,0.127,0.0
M0914798,0.163,5,40.0,40.0,20.0,0.615,0.004,0.179,0.123
M0914863,0.153,5,40.0,60.0,0.0,0.615,0.017,0.221,0.123
M0918927,0.263,5,40.0,60.0,0.0,0.719,0.213,0.213,0.0
M0918940,-0.014,5,40.0,40.0,20.0,0.408,0.028,0.0,0.0
M0920458,0.176,5,40.0,40.0,20.0,0.615,0.058,0.208,0.0
M0923752,0.539,5,100.0,0.0,0.0,0.677,0.316,0.323,0.217
M0923811,0.515,5,80.0,20.0,0.0,0.631,0.158,0.387,0.181
M0924129,-0.278,5,0.0,40.0,60.0,0.492,0.0,0.0,0.0
M0926084,0.247,5,40.0,60.0,0.0,0.613,0.027,0.274,0.247
M0926129,-0.56,5,0.0,0.0,100.0,0.692,0.0,-0.098,0.0
M0926759,0.375,5,60.0,20.0,20.0,0.657,0.347,0.253,0.093
M0926762,0.226,5,60.0,40.0,0.0,0.611,0.055,0.211,0.123
M0929425,0.209,5,40.0,60.0,0.0,0.512,0.231,0.231,0.0
M0929632,0.364,5,80.0,0.0,20.0,0.623,0.078,0.19,0.202
M0935075,0.49,5,100.0,0.0,0.0,0.567,0.123,0.35,0.093
M0936501,0.53,5,80.0,20.0,0.0,0.718,0.305,0.377,0.078
M0938283,-0.499,5,0.0,20.0,80.0,0.536,-0.137,-0.284,0.0
M0938330,-0.519,5,20.0,0.0,80.0,0.624,-0.162,-0.445,0.0
M0942385,0.316,5,80.0,0.0,20.0,0.77,0.227,0.43,0.123
M0944835,0.021,5,40.0,40.0,20.0,0.546,0.031,0.007,0.0
M0945513,-0.058,5,20.0,60.0,20.0,0.573,0.117,-0.029,0.0
M0947798,0.573,5,100.0,0.0,0.0,0.657,0.078,0.42,0.202
M0947802,0.148,5,40.0,40.0,20.0,0.549,0.107,0.065,0.093
M0947810,0.076,5,60.0,40.0,0.0,0.355,0.015,0.015,0.0
M0948470,0.03,5,40.0,40.0,20.0,0.526,0.093,-0.074,0.093
M0949731,-0.341,5,20.0,20.0,60.0,0.537,-0.1,-0.198,0.0
M0951216,0.101,5,40.0,40.0,20.0,0.58,0.237,0.144,0.093
M0951335,-0.419,5,0.0,40.0,60.0,0.623,0.004,-0.143,0.0
M0952682,-0.177,5,20.0,40.0,40.0,0.54,0.107,0.013,0.093
M0954947,0.091,5,40.0,60.0,0.0,0.502,0.101,0.008,0.093
M0955308,-0.057,5,20.0,40.0,40.0,0.409,0.047,-0.046,0.093
M0956038,-0.152,5,0.0,80.0,20.0,0.5,0.027,0.027,0.0
M0959329,-0.512,5,0.0,20.0,80.0,0.673,0.0,-0.196,0.0
M0959337,0.399,5,80.0,0.0,20.0,0.711,0.047,0.397,0.247
M0960144,-0.277,5,0.0,40.0,60.0,0.603,0.0,-0.147,0.0
M0960731,0.076,5,40.0,40.0,20.0,0.483,0.0,0.003,0.101
M0961066,0.593,5,80.0,20.0,0.0,0.81,0.227,0.5,0.123
M0961097,-0.186,5,20.0,40.0,40.0,0.515,-0.145,-0.192,-0.153
M0961722,-0.628,5,0.0,0.0,100.0,0.701,-0.1,-0.345,0.0
M0962736,0.576,5,80.0,20.0,0.0,0.638,0.107,0.398,0.217
M0963178,-0.135,5,0.0,60.0,40.0,0.41,0.019,0.019,0.0
M0963794,-0.286,5,0.0,60.0,40.0,0.582,0.013,-0.085,0.0
M0963966,0.026,5,20.0,60.0,20.0,0.494,0.1,0.026,0.0
M0964517,0.397,5,80.0,20.0,0.0,0.602,0.195,0.25,0.123
M0964539,-0.29,5,0.0,60.0,40.0,0.503,0.031,-0.116,0.0
M0968264,0.026,5,40.0,40.0,20.0,0.569,-0.092,0.131,0.123
M0970179,0.638,5,80.0,20.0,0.0,0.663,0.14,0.551,0.0
M0970411,-0.323,5,0.0,60.0,40.0,0.627,0.0,-0.293,0.0
M0970416,-0.26,5,0.0,60.0,40.0,0.5,0.031,-0.067,0.0
M0970452,-0.371,5,0.0,40.0,60.0,0.574,-0.076,-0.15,0.0
M0970468,0.34,5,60.0,40.0,0.0,0.672,0.297,0.204,0.093
M0970866,-0.535,5,0.0,20.0,80.0,0.691,-0.1,-0.345,0.0
M0971209,0.285,5,40.0,60.0,0.0,0.59,0.117,0.267,0.0
M0974014,-0.091,5,20.0,40.0,40.0,0.462,0.111,0.017,0.093
M0974015,-0.327,5,20.0,0.0,80.0,0.664,0.1,-0.193,0.0
M0974554,0.238,5,40.0,40.0,20.0,0.523,0.22,0.127,0.093
M0974661,0.049,5,40.0,40.0,20.0,0.599,0.038,-0.035,0.0
M0975645,0.127,5,20.0,80.0,0.0,0.522,0.097,0.004,0.093
M0976051,0.215,5,80.0,0.0,20.0,0.572,0.131,-0.1,0.187
M0976238,-0.484,5,0.0,20.0,80.0,0.683,0.0,-0.196,0.0
M0977855,-0.305,5,0.0,40.0,60.0,0.648,0.0,-0.147,0.0
M0978759,0.049,5,20.0,60.0,20.0,0.443,-0.073,0.077,0.0
M0978762,0.436,5,80.0,0.0,20.0,0.703,-0.1,0.401,0.023
M0978764,-0.056,5,40.0,40.0,20.0,0.441,0.043,0.041,0.0
M0980970,-0.1,5,60.0,0.0,40.0,0.526,-0.1,-0.098,0.0
M0981227,-0.169,5,20.0,40.0,40.0,0.687,0.0,-0.095,0.0
M0983193,0.25,5,40.0,60.0,0.0,0.598,0.013,0.287,0.137
M0983213,0.398,5,60.0,40.0,0.0,0.754,0.0,0.397,0.282
M0983946,-0.715,5,0.0,0.0,100.0,0.586,0.0,-0.245,0.0
M0985694,0.094,5,60.0,0.0,40.0,0.591,0.122,-0.023,0.217
M0985699,0.25,5,40.0,60.0,0.0,0.496,0.031,0.265,0.123
M0986233,0.49,5,80.0,20.0,0.0,0.717,0.213,0.46,0.247
M0986263,0.126,5,20.0,80.0,0.0,0.466,0.121,0.121,0.0
M0986264,0.516,5,100.0,0.0,0.0,0.562,0.093,0.422,0.093
M0988045,0.445,5,80.0,20.0,0.0,0.474,0.163,0.115,0.078
M0988047,-0.115,5,0.0,80.0,20.0,0.538,0.0,0.0,0.0
M0988595,0.014,5,20.0,80.0,0.0,0.425,0.061,0.031,0.0
M0989757,-0.307,5,20.0,0.0,80.0,0.57,-0.007,-0.198,0.093
M0990407,-0.008,5,20.0,40.0,40.0,0.496,-0.061,0.062,0.123
M0993840,0.057,5,40.0,60.0,0.0,0.397,0.044,0.015,0.0
M0993842,-0.192,5,0.0,60.0,40.0,0.444,0.015,-0.132,0.0
M0993846,0.487,5,80.0,20.0,0.0,0.611,0.172,0.23,0.172
M0995039,0.249,5,40.0,60.0,0.0,0.693,0.013,0.26,0.247
M0995851,-0.077,5,20.0,60.0,20.0,0.595,-0.003,-0.096,0.093
M0995868,0.223,5,40.0,60.0,0.0,0.474,0.031,0.15,0.0
M0997152,0.417,5,80.0,20.0,0.0,0.588,0.0,0.29,0.101
M0997246,0.234,5,60.0,40.0,0.0,0.607,0.134,0.184,0.0
M0999913,-0.085,5,20.0,60.0,20.0,0.424,0.044,-0.059,0.0
M10003008,-0.205,5,0.0,80.0,20.0,0.57,0.008,-0.09,0.0
M1000774,-0.264,5,0.0,60.0,40.0,0.581,0.004,-0.143,0.0
M10009796,0.184,5,80.0,0.0,20.0,0.561,0.123,0.053,0.093
M1001508,-0.001,5,40.0,20.0,40.0,0.494,-0.066,0.005,0.101
M1001526,0.348,5,60.0,40.0,0.0,0.465,0.017,0.334,0.013
M10016180,-0.001,5,40.0,40.0,20.0,0.478,0.038,0.008,0.0
M10039344,-0.59,5,0.0,20.0,80.0,0.59,-0.096,-0.341,0.0
M10054876,0.384,5,60.0,40.0,0.0,0.478,0.027,0.344,0.101
M10059518,-0.122,5,0.0,80.0,20.0,0.59,0.013,0.013,0.0
M10060094,-0.479,5,0.0,20.0,80.0,0.523,-0.1,-0.1,0.0
M10065694,-0.159,5,20.0,40.0,40.0,0.487,-0.07,-0.1,0.0
M1007028,-0.025,5,20.0,60.0,20.0,0.58,-0.083,0.041,0.123
M1007029,0.047,5,20.0,60.0,20.0,0.651,0.127,0.127,0.0
M10090796,0.215,5,60.0,20.0,20.0,0.636,0.1,0.177,0.123
M1010048,0.564,5,100.0,0.0,0.0,0.742,0.193,0.45,0.093
M10121392,-0.432,5,0.0,40.0,60.0,0.54,-0.076,-0.223,0.0
M1013743,-0.336,5,0.0,60.0,40.0,0.54,-0.072,-0.219,0.0
M1013752,0.259,5,60.0,40.0,0.0,0.569,0.093,0.15,0.093
M1013753,0.318,5,60.0,20.0,20.0,0.601,-0.1,0.251,0.101
M1013860,-0.272,5,0.0,60.0,40.0,0.471,0.008,-0.067,0.0
M10147546,0.419,5,60.0,40.0,0.0,0.569,0.147,0.381,0.123
M1014759,0.223,5,60.0,20.0,20.0,0.611,0.048,0.14,0.123
M1014762,0.516,5,80.0,20.0,0.0,0.581,0.123,0.4,0.0
M1014763,0.033,5,20.0,60.0,20.0,0.614,0.013,0.039,0.123
M10151260,0.252,5,60.0,40.0,0.0,0.557,0.127,0.1,0.093
M10161238,-0.136,5,0.0,80.0,20.0,0.428,0.013,-0.085,0.0
M1016268,0.345,5,60.0,40.0,0.0,0.541,0.126,0.254,0.0
M1016301,0.368,5,80.0,20.0,0.0,0.536,0.104,0.315,0.0
M1017451,0.219,5,60.0,20.0,20.0,0.648,0.047,0.23,0.0
M1017460,-0.281,5,20.0,40.0,40.0,0.492,-0.083,-0.229,0.0
M1017464,-0.185,5,20.0,40.0,40.0,0.555,0.034,0.004,0.0
M10183816,-0.272,5,0.0,40.0,60.0,0.507,-0.1,-0.1,0.0
M1018765,-0.133,5,0.0,80.0,20.0,0.63,0.0,0.0,0.0
M1019452,0.085,5,40.0,40.0,20.0,0.648,0.24,0.093,0.0
M10199590,0.58,5,100.0,0.0,0.0,0.718,0.193,0.473,0.217
M1020072,0.407,5,80.0,20.0,0.0,0.636,0.237,0.3,0.0
M1020530,-0.049,5,20.0,40.0,40.0,0.469,0.107,0.013,0.093
M1020558,-0.045,5,20.0,60.0,20.0,0.535,0.015,-0.031,0.101
M1020773,0.797,5,100.0,0.0,0.0,0.779,0.127,0.661,0.123
M10208198,-0.178,5,0.0,80.0,20.0,0.431,0.019,-0.128,0.0
M1022603,0.496,5,100.0,0.0,0.0,0.773,0.4,0.293,0.187
M10228134,-0.209,5,20.0,40.0,40.0,0.517,0.038,-0.217,0.0
M10230994,-0.332,5,0.0,60.0,40.0,0.539,0.008,-0.213,0.0
M1023111,0.078,5,40.0,40.0,20.0,0.473,0.004,0.079,0.0
M1023114,0.467,5,100.0,0.0,0.0,0.582,0.199,0.15,0.093
M1023481,0.234,5,60.0,20.0,20.0,0.644,0.134,0.227,0.123
M1023490,0.437,5,80.0,20.0,0.0,0.55,0.034,0.304,0.0
M1023500,-0.209,5,0.0,60.0,40.0,0.491,0.008,0.008,0.0
M1024255,0.168,5,40.0,60.0,0.0,0.591,0.2,0.013,0.187
M1024648,0.404,5,60.0,20.0,20.0,0.692,0.127,0.4,0.123
M1024715,-0.126,5,20.0,60.0,20.0,0.473,0.017,-0.129,0.0
M1025100,-0.389,5,20.0,0.0,80.0,0.649,0.051,-0.17,0.0
M10272386,0.514,5,100.0,0.0,0.0,0.722,0.207,0.414,0.194
M10276470,0.122,5,40.0,40.0,20.0,0.659,0.191,0.004,0.187
M1027718,-0.155,5,20.0,40.0,40.0,0.592,-0.1,-0.098,0.0
M1027873,-0.741,5,0.0,0.0,100.0,0.646,-0.1,-0.491,0.0
M1028528,0.608,5,100.0,0.0,0.0,0.629,0.306,0.35,0.078
M1028532,0.427,5,80.0,0.0,20.0,0.603,0.172,0.223,0.295
M1028576,0.118,5,60.0,20.0,20.0,0.479,0.004,0.25,0.0
M10288566,0.346,5,60.0,20.0,20.0,0.696,-0.1,0.301,0.101
M1029231,-0.095,5,20.0,40.0,40.0,0.557,0.108,-0.059,0.093
M1029234,0.37,5,60.0,40.0,0.0,0.567,0.174,0.294,0.0
M1029235,0.025,5,20.0,80.0,0.0,0.433,0.032,0.004,0.0
M1029360,-0.634,5,0.0,0.0,100.0,0.663,-0.2,-0.396,0.0
M1031280,-0.497,5,0.0,20.0,80.0,0.684,0.0,-0.147,0.0
M10314450,-0.201,5,0.0,80.0,20.0,0.47,0.008,-0.139,0.0
M10322274,0.399,5,60.0,40.0,0.0,0.565,0.01,0.383,0.123
M10324144,0.285,5,60.0,40.0,0.0,0.631,0.093,0.178,0.093
M10327252,-0.19,5,0.0,80.0,20.0,0.494,0.015,-0.132,0.0
M1032751,0.113,5,20.0,80.0,0.0,0.438,0.045,0.168,0.123
M1032755,0.458,5,80.0,20.0,0.0,0.708,0.207,0.337,0.217
M1032815,-0.147,5,20.0,40.0,40.0,0.53,-0.093,-0.187,0.093
M1032825,0.262,5,60.0,20.0,20.0,0.576,0.004,0.338,0.123
M1032846,0.281,5,60.0,20.0,20.0,0.725,0.117,0.271,0.0
M1032856,-0.071,5,40.0,20.0,40.0,0.573,0.035,0.029,0.123
M10332672,0.048,5,40.0,20.0,40.0,0.68,0.117,0.267,0.0
M10333426,-0.07,5,40.0,20.0,40.0,0.591,0.051,0.007,0.0
M1033575,0.29,5,60.0,40.0,0.0,0.5,0.034,0.227,0.123
M1033643,-0.349,5,0.0,60.0,40.0,0.549,0.027,-0.266,0.0
M1034032,-0.235,5,20.0,20.0,60.0,0.598,0.078,-0.149,0.078
M10342730,-0.433,5,0.0,40.0,60.0,0.549,-0.192,-0.29,0.0
M1034303,0.216,5,40.0,60.0,0.0,0.394,0.112,0.085,0.093
M1034314,-0.585,5,0.0,20.0,80.0,0.667,0.0,-0.368,0.0
M1034331,-0.158,5,20.0,40.0,40.0,0.585,0.017,-0.077,0.0
M1034385,0.01,5,20.0,60.0,20.0,0.601,0.144,0.144,0.0
M1034389,-0.007,5,20.0,60.0,20.0,0.561,0.0,0.15,0.0
M1034415,0.018,5,40.0,20.0,40.0,0.632,0.104,0.156,0.0
M10350626,0.051,5,60.0,20.0,20.0,0.507,0.041,0.182,0.0
M1035736,0.192,5,40.0,60.0,0.0,0.558,0.205,0.111,0.093
M10366460,0.653,5,100.0,0.0,0.0,0.825,0.313,0.373,0.434
M10367276,-0.142,5,40.0,20.0,40.0,0.501,0.036,-0.08,0.093
M1037705,0.237,5,60.0,20.0,20.0,0.651,0.104,0.318,0.0
M10384744,0.333,5,80.0,0.0,20.0,0.676,0.193,0.25,0.093
M1038686,0.069,5,20.0,40.0,40.0,0.568,0.127,0.127,0.0
M1038693,0.25,5,40.0,60.0,0.0,0.697,0.13,0.254,0.123
M1038919,0.281,5,60.0,20.0,20.0,0.522,0.028,0.261,0.0
M1038988,0.302,5,60.0,40.0,0.0,0.645,0.191,0.127,0.31
M1041829,0.247,5,80.0,0.0,20.0,0.595,0.167,0.054,0.101
M10418662,-0.533,5,0.0,20.0,80.0,0.619,-0.076,-0.297,0.0
M1042877,0.181,5,40.0,60.0,0.0,0.533,0.151,0.013,0.093
M10431500,0.644,5,100.0,0.0,0.0,0.73,0.03,0.547,0.247
M1043726,-0.388,5,20.0,0.0,80.0,0.621,0.002,-0.297,0.078
M10451914,-0.383,5,0.0,40.0,60.0,0.557,-0.076,-0.076,0.0
M1045658,0.164,5,40.0,60.0,0.0,0.566,0.034,0.154,0.0
M1045670,0.143,5,40.0,20.0,40.0,0.54,0.172,0.0,0.172
M10456740,-0.146,5,0.0,80.0,20.0,0.396,-0.046,-0.046,0.0
M1045772,-0.246,5,20.0,40.0,40.0,0.632,0.0,-0.018,0.0
M1045778,-0.558,5,0.0,20.0,80.0,0.666,0.004,-0.339,0.0
M1046163,-0.097,5,20.0,40.0,40.0,0.564,-0.1,-0.048,0.0
M1046173,-0.374,5,20.0,20.0,60.0,0.505,-0.152,-0.299,0.0
M1046947,-0.038,5,20.0,60.0,20.0,0.705,0.0,-0.046,0.101
M1047011,0.368,5,60.0,40.0,0.0,0.748,0.193,0.223,0.217
M10472102,-0.512,5,0.0,0.0,100.0,0.491,0.0,-0.147,0.0
M1047540,-0.192,5,0.0,80.0,20.0,0.42,0.031,0.031,0.0
M10481868,-0.435,5,20.0,0.0,80.0,0.696,-0.1,-0.341,0.0
M1049413,0.472,5,80.0,20.0,0.0,0.709,0.217,0.441,0.123
M10514222,0.229,5,60.0,40.0,0.0,0.597,0.041,0.127,0.123
M10515086,0.374,5,60.0,40.0,0.0,0.599,0.13,0.154,0.078
M10516984,0.53,5,100.0,0.0,0.0,0.713,0.1,0.521,0.0
M1051904,-0.449,5,0.0,40.0,60.0,0.676,0.0,-0.294,0.0
M1051906,0.369,5,60.0,40.0,0.0,0.561,0.095,0.15,0.0
M10521092,-0.12,5,0.0,80.0,20.0,0.523,0.008,0.008,0.0
M10525672,0.623,5,100.0,0.0,0.0,0.773,0.28,0.247,0.527
M10530176,0.371,5,60.0,40.0,0.0,0.543,0.0,0.261,0.0
M1053424,-0.065,5,40.0,20.0,40.0,0.679,0.104,-0.039,0.0
M1053810,-0.23,5,0.0,60.0,40.0,0.426,0.031,-0.116,0.0
M1053859,-0.474,5,0.0,20.0,80.0,0.604,-0.096,-0.096,0.0
M10539608,-0.152,5,20.0,20.0,60.0,0.569,-0.096,-0.044,0.0
M1054606,0.28,5,40.0,60.0,0.0,0.512,0.167,0.268,0.101
M1055292,0.116,5,40.0,40.0,20.0,0.552,0.02,0.05,0.217
M1055369,-0.079,5,20.0,60.0,20.0,0.575,0.132,-0.014,0.0
M1057500,0.349,5,80.0,20.0,0.0,0.572,0.117,0.285,0.101
M1058017,0.14,5,20.0,80.0,0.0,0.501,0.013,0.137,0.123
M1059786,0.371,5,60.0,40.0,0.0,0.575,0.0,0.373,0.123
M1059836,-0.277,5,0.0,60.0,40.0,0.427,0.015,-0.059,0.0
M1060277,0.001,5,40.0,20.0,40.0,0.553,0.017,-0.012,0.202
M10612922,-0.194,5,0.0,60.0,40.0,0.512,0.008,0.008,0.0
M10618286,0.285,5,60.0,40.0,0.0,0.519,0.107,0.137,0.217
M10620868,-0.043,5,20.0,20.0,60.0,0.513,0.093,0.0,0.093
M10627584,-0.323,5,0.0,60.0,40.0,0.548,-0.083,-0.229,0.0
M10633456,0.108,5,20.0,80.0,0.0,0.364,0.017,0.117,0.0
M1063669,-0.129,5,20.0,60.0,20.0,0.511,-0.087,-0.087,0.0
M10648440,0.283,5,60.0,20.0,20.0,0.666,-0.007,0.2,0.093
M10648714,-0.426,5,0.0,20.0,80.0,0.626,-0.2,-0.2,0.0
M1064932,-0.026,5,20.0,80.0,0.0,0.587,0.0,0.0,0.0
M1065073,0.385,5,80.0,0.0,20.0,0.572,0.038,0.301,0.101
M10665338,-0.07,5,20.0,60.0,20.0,0.543,0.0,0.0,0.0
M1067106,0.518,5,80.0,20.0,0.0,0.681,0.187,0.261,0.222
M1067583,0.176,5,60.0,20.0,20.0,0.568,0.123,0.111,0.093
M10676012,0.206,5,60.0,40.0,0.0,0.561,0.004,0.227,0.123
M1067765,-0.244,5,0.0,60.0,40.0,0.67,0.0,-0.147,0.0
M1067774,-0.195,5,0.0,60.0,40.0,0.505,0.013,-0.085,0.0
M1068242,-0.113,5,40.0,20.0,40.0,0.566,0.104,0.006,0.0
M1068641,0.313,5,60.0,20.0,20.0,0.605,0.23,0.33,0.0
M1068646,0.108,5,40.0,40.0,20.0,0.554,0.035,0.154,0.0
M1068649,0.456,5,80.0,20.0,0.0,0.652,0.207,0.343,0.093
M1068680,0.087,5,40.0,60.0,0.0,0.536,0.139,0.008,0.093
M1069238,0.628,5,100.0,0.0,0.0,0.757,0.03,0.52,0.37
M10696784,-0.004,5,40.0,40.0,20.0,0.526,0.117,0.019,0.0
M10696882,-0.168,5,0.0,80.0,20.0,0.595,-0.1,-0.1,0.0
M1070874,0.553,5,80.0,20.0,0.0,0.705,0.082,0.401,0.325
M1071875,-0.289,5,20.0,0.0,80.0,0.521,-0.152,-0.187,0.0
M1072748,-0.468,5,0.0,20.0,80.0,0.682,0.0,-0.098,0.0
M1073105,-0.616,5,0.0,20.0,80.0,0.672,0.004,-0.436,0.0
M1073241,0.156,5,40.0,40.0,20.0,0.6,0.107,0.163,0.093
M1073498,-0.317,5,20.0,20.0,60.0,0.517,-0.157,-0.187,0.0
M1074638,0.289,5,60.0,20.0,20.0,0.758,0.207,0.237,0.217
M10749998,-0.149,5,40.0,0.0,60.0,0.597,0.017,0.002,0.093
M10752004,0.089,5,40.0,40.0,20.0,0.621,0.013,0.243,0.0
M1075417,-0.015,5,20.0,60.0,20.0,0.561,-0.072,0.051,0.123
M1075747,-0.464,5,0.0,40.0,60.0,0.6,0.015,-0.278,0.0
M10763820,0.017,5,20.0,60.0,20.0,0.362,0.049,0.015,0.0
M1077258,0.35,5,60.0,20.0,20.0,0.629,0.097,0.277,0.217
M1077368,-0.316,5,0.0,60.0,40.0,0.521,0.021,-0.175,0.0
M1078188,0.479,5,80.0,20.0,0.0,0.663,0.1,0.447,0.247
M1078588,-0.12,5,20.0,40.0,40.0,0.547,0.108,-0.039,0.0
M1078912,-0.108,5,0.0,60.0,40.0,0.475,0.004,0.004,0.0
M1078940,-0.452,5,0.0,40.0,60.0,0.506,0.027,-0.218,0.0
M1080016,-0.035,5,20.0,60.0,20.0,0.406,0.017,0.017,0.078
M10810424,0.704,5,100.0,0.0,0.0,0.808,0.227,0.585,0.247
M1082601,-0.266,5,0.0,60.0,40.0,0.454,0.004,-0.071,0.0
M1082807,-0.4,5,0.0,40.0,60.0,0.601,0.0,0.0,0.0
M1082868,0.166,5,20.0,80.0,0.0,0.576,0.004,0.154,0.0
M1082886,0.369,5,60.0,40.0,0.0,0.522,0.137,0.163,0.093
M1083452,0.077,5,40.0,60.0,0.0,0.527,0.044,0.093,0.0
M1083456,-0.264,5,20.0,40.0,40.0,0.581,0.004,-0.174,0.0
M10847306,0.784,5,100.0,0.0,0.0,0.808,0.22,0.55,0.217
M1084950,0.076,5,60.0,0.0,40.0,0.576,0.0,0.125,0.123
M1085492,-0.594,5,0.0,20.0,80.0,0.585,-0.076,-0.369,0.0
M10856726,0.32,5,60.0,40.0,0.0,0.614,0.117,0.318,0.101
M1085779,-0.131,5,40.0,20.0,40.0,0.676,0.013,-0.076,0.123
M1086064,-0.037,5,20.0,60.0,20.0,0.446,0.111,0.017,0.093
M1086772,0.049,5,40.0,40.0,20.0,0.561,0.013,0.137,0.123
M1087578,0.572,5,100.0,0.0,0.0,0.682,0.207,0.463,0.093
M10886166,-0.674,5,0.0,0.0,100.0,0.636,0.0,-0.245,0.0
M10895576,0.326,5,80.0,20.0,0.0,0.573,0.141,0.205,0.101
M1091191,0.318,5,60.0,40.0,0.0,0.631,0.3,0.113,0.187
M10915286,0.526,5,100.0,0.0,0.0,0.743,0.093,0.427,0.34
M1091722,0.189,5,40.0,60.0,0.0,0.633,0.078,0.1,0.078
M10919380,0.123,5,40.0,40.0,20.0,0.624,-0.003,0.005,0.194
M1092026,0.275,5,40.0,60.0,0.0,0.615,0.017,0.291,0.123
M1092633,-0.52,5,0.0,20.0,80.0,0.637,-0.096,-0.292,0.0
M1093357,-0.185,5,40.0,20.0,40.0,0.458,0.028,-0.008,0.0
M10937434,-0.206,5,20.0,40.0,40.0,0.588,-0.063,-0.247,0.0
M1093908,-0.056,5,40.0,20.0,40.0,0.761,0.0,0.057,0.123
M10944760,0.279,5,60.0,20.0,20.0,0.714,0.23,0.233,0.101
M1095217,0.145,5,60.0,20.0,20.0,0.614,0.078,0.123,0.202
M10954652,-0.206,5,0.0,80.0,20.0,0.501,0.017,-0.081,0.0
M10962368,-0.381,5,0.0,40.0,60.0,0.594,-0.096,-0.096,0.0
M1098327,-0.63,5,0.0,0.0,100.0,0.644,0.0,-0.147,0.0
M1099212,-0.232,5,20.0,20.0,60.0,0.54,-0.187,-0.037,0.0
M1100089,0.492,5,100.0,0.0,0.0,0.56,0.147,0.317,0.0
M11003218,0.31,5,60.0,20.0,20.0,0.783,0.227,0.377,0.0
M11024272,0.107,5,20.0,80.0,0.0,0.458,0.017,0.118,0.101
M1103153,-0.377,5,20.0,0.0,80.0,0.573,-0.228,-0.274,0.101
M11032374,0.537,5,100.0,0.0,0.0,0.617,0.195,0.35,0.095
M1103275,0.271,5,80.0,0.0,20.0,0.599,0.193,0.18,0.093
M1103982,-0.454,5,0.0,20.0,80.0,0.532,-0.1,-0.345,0.0
M1104001,0.229,5,40.0,60.0,0.0,0.607,0.132,0.256,0.123
M11057594,-0.596,5,0.0,20.0,80.0,0.575,0.004,-0.241,0.0
M1106860,-0.165,5,0.0,80.0,20.0,0.65,0.004,-0.094,0.0
M1107319,0.243,5,60.0,40.0,0.0,0.501,0.013,0.191,0.0
M1107860,-0.3,5,0.0,60.0,40.0,0.606,0.013,-0.133,0.0
M11080108,0.096,5,40.0,20.0,40.0,0.613,0.0,0.25,0.0
M11083552,0.163,5,40.0,60.0,0.0,0.344,0.056,0.0,0.0
M1109624,0.016,5,40.0,20.0,40.0,0.564,0.104,0.204,0.0
M11107074,0.458,5,80.0,0.0,20.0,0.758,0.093,0.325,0.119
M1111422,-0.021,5,20.0,60.0,20.0,0.423,-0.061,0.039,0.0
M11125620,-0.406,5,0.0,40.0,60.0,0.45,-0.173,-0.173,-0.173
M11127690,-0.325,5,0.0,60.0,40.0,0.508,0.011,-0.087,0.0
M1112782,-0.016,5,20.0,60.0,20.0,0.523,0.0,0.08,0.0
M1113829,0.642,5,100.0,0.0,0.0,0.639,0.093,0.446,0.217
M1114740,-0.111,5,40.0,20.0,40.0,0.57,-0.048,0.024,0.0
M11161474,0.18,5,40.0,60.0,0.0,0.632,0.221,0.221,0.0
M1116184,0.069,5,20.0,60.0,20.0,0.423,0.103,0.01,0.093
M1117385,0.155,5,40.0,60.0,0.0,0.399,0.088,0.105,0.0
M1119646,0.316,5,60.0,40.0,0.0,0.571,0.145,0.127,0.217
M1120985,0.107,5,40.0,40.0,20.0,0.589,0.0,0.152,0.0
M1121096,-0.29,5,0.0,60.0,40.0,0.477,-0.072,-0.219,0.0
M1121794,0.456,5,80.0,20.0,0.0,0.678,0.344,0.127,0.253
M1121931,-0.175,5,40.0,0.0,60.0,0.605,0.052,-0.123,0.0
M1121977,0.119,5,40.0,40.0,20.0,0.567,0.03,0.123,0.123
M1124035,0.279,5,80.0,20.0,0.0,0.5,0.035,0.127,0.123
M1124037,0.271,5,60.0,20.0,20.0,0.468,0.187,0.067,0.187
M11248800,0.407,5,80.0,0.0,20.0,0.66,0.241,0.211,0.093
M1125849,0.486,5,80.0,20.0,0.0,0.567,0.257,0.327,0.0
M1126590,0.318,5,40.0,60.0,0.0,0.622,0.013,0.287,0.123
M1126591,0.098,5,40.0,40.0,20.0,0.537,0.043,0.163,0.0
M1126618,-0.064,5,20.0,40.0,40.0,0.683,0.0,0.123,0.123
M1127180,-0.023,5,40.0,40.0,20.0,0.564,0.151,-0.033,0.0
M1127715,0.084,5,60.0,20.0,20.0,0.519,0.053,-0.1,0.093
M11285908,0.311,5,60.0,40.0,0.0,0.569,0.176,0.104,0.172
M1129442,-0.346,5,20.0,20.0,60.0,0.531,0.0,-0.293,0.0
M1130080,-0.103,5,20.0,40.0,40.0,0.642,-0.087,0.037,0.123
M11307814,-0.236,5,0.0,60.0,40.0,0.577,0.0,-0.098,0.0
M1130884,0.53,5,80.0,20.0,0.0,0.69,0.213,0.487,0.123
M1130988,0.31,5,60.0,40.0,0.0,0.602,0.128,0.223,0.123
M1131724,0.131,5,20.0,80.0,0.0,0.619,0.004,0.154,0.0
M1131729,0.223,5,40.0,60.0,0.0,0.624,0.004,0.234,0.0
M1131734,-0.239,5,20.0,40.0,40.0,0.534,0.004,0.004,0.0
M1132285,-0.081,5,20.0,60.0,20.0,0.523,0.017,0.017,0.0
M1132449,-0.572,5,20.0,0.0,80.0,0.615,0.0,-0.391,0.0
M1132620,0.15,5,40.0,60.0,0.0,0.546,0.164,0.134,0.0
M1132626,-0.574,5,0.0,20.0,80.0,0.679,0.0,-0.44,0.0
M11337862,0.561,5,100.0,0.0,0.0,0.734,0.093,0.448,0.441
M1133985,-0.155,5,20.0,20.0,60.0,0.512,0.004,0.154,0.0
M1135084,0.07,5,20.0,60.0,20.0,0.502,0.097,0.004,0.093
M1135092,0.091,5,20.0,80.0,0.0,0.553,0.101,0.008,0.093
M1135487,-0.029,5,0.0,100.0,0.0,0.649,0.004,0.004,0.0
M1135503,0.24,5,60.0,40.0,0.0,0.509,0.1,0.3,0.0
M11358398,0.363,5,80.0,20.0,0.0,0.604,0.288,0.117,0.093
M1135985,-0.127,5,20.0,60.0,20.0,0.435,0.031,-0.067,0.0
M1136608,0.249,5,60.0,40.0,0.0,0.4,0.03,0.33,0.0
M1137450,-0.084,5,20.0,60.0,20.0,0.44,0.057,0.015,0.0
M1137470,-0.668,5,0.0,0.0,100.0,0.651,-0.1,-0.345,0.0
M11388406,-0.179,5,20.0,40.0,40.0,0.542,0.117,0.019,0.0
M11388580,0.394,5,80.0,20.0,0.0,0.692,0.356,0.24,0.093
M11390036,-0.369,5,0.0,40.0,60.0,0.565,-0.087,-0.087,0.0
M1139328,0.501,5,80.0,20.0,0.0,0.658,0.2,0.238,0.411
M1139592,-0.701,5,0.0,0.0,100.0,0.562,0.0,-0.221,0.0
M1139668,-0.323,5,20.0,20.0,60.0,0.669,0.0,-0.147,0.0
M1139797,0.442,5,80.0,20.0,0.0,0.55,0.107,0.363,0.093
M11416594,-0.047,5,20.0,60.0,20.0,0.582,0.082,-0.143,0.078
M1142977,0.088,5,20.0,80.0,0.0,0.5,0.131,0.131,0.062
M1142988,-0.157,5,20.0,40.0,40.0,0.459,0.013,-0.085,0.0
M1144539,0.538,5,80.0,20.0,0.0,0.606,0.1,0.451,0.101
M1144884,-0.073,5,20.0,40.0,40.0,0.588,0.13,0.13,0.0
M11464826,0.415,5,80.0,20.0,0.0,0.528,0.159,0.263,0.0
M1148204,0.269,5,40.0,40.0,20.0,0.64,0.0,0.273,0.123
M1149361,0.446,5,60.0,40.0,0.0,0.603,0.03,0.427,0.247
M1149362,0.382,5,60.0,40.0,0.0,0.615,0.004,0.377,0.123
M1151309,0.129,5,40.0,20.0,40.0,0.527,0.117,0.217,0.0
M1151359,-0.023,5,40.0,40.0,20.0,0.558,0.108,-0.039,0.0
M1152398,0.137,5,60.0,20.0,20.0,0.599,0.037,0.1,0.0
M11525644,0.262,5,60.0,20.0,20.0,0.619,0.0,0.273,0.123
M1152758,0.509,5,100.0,0.0,0.0,0.598,0.365,0.227,0.093
M1152836,0.34,5,60.0,40.0,0.0,0.535,0.097,0.215,0.093
M1152850,0.148,5,60.0,0.0,40.0,0.711,0.0,0.273,0.123
M1153053,0.165,5,40.0,40.0,20.0,0.41,0.047,0.128,0.0
M1155056,0.228,5,40.0,40.0,20.0,0.602,0.113,0.237,0.123
M1155076,0.268,5,60.0,40.0,0.0,0.587,0.211,0.184,0.093
M1155592,0.093,5,40.0,20.0,40.0,0.565,0.097,0.075,0.093
M11561866,-0.449,5,0.0,40.0,60.0,0.666,0.0,-0.245,-0.028
M1156398,0.393,5,80.0,20.0,0.0,0.708,0.187,0.188,0.31
M1156466,0.273,5,40.0,60.0,0.0,0.565,0.019,0.292,0.123
M1157605,0.178,5,60.0,20.0,20.0,0.555,0.093,0.19,0.217
M1160368,-0.368,5,0.0,40.0,60.0,0.429,-0.148,-0.148,0.0
M1160419,0.231,5,40.0,60.0,0.0,0.603,0.24,0.24,0.0
M1160996,-0.247,5,20.0,20.0,60.0,0.421,0.043,-0.134,0.0
M11615290,0.709,5,100.0,0.0,0.0,0.733,0.313,0.388,0.187
M1161864,0.067,5,40.0,60.0,0.0,0.509,0.013,0.013,0.0
M1164999,0.053,5,20.0,60.0,20.0,0.467,0.14,0.14,0.0
M11655202,0.248,5,60.0,40.0,0.0,0.655,0.097,0.207,0.217
M1166100,-0.063,5,40.0,20.0,40.0,0.54,0.032,0.007,0.0
M1167638,0.281,5,40.0,60.0,0.0,0.49,0.123,0.18,0.093
M1167675,0.207,5,40.0,40.0,20.0,0.584,0.107,0.137,0.217
M1170358,0.556,5,100.0,0.0,0.0,0.711,0.15,0.487,0.123
M1171222,0.109,5,40.0,40.0,20.0,0.686,0.0,0.104,0.101
M1172049,0.268,5,60.0,20.0,20.0,0.633,0.107,0.166,0.194
M1172233,-0.118,5,20.0,60.0,20.0,0.597,0.0,0.0,0.0
M1172570,0.103,5,20.0,80.0,0.0,0.488,0.023,0.173,0.0
M1172571,0.105,5,40.0,40.0,20.0,0.634,0.231,0.133,0.0
M1172991,0.214,5,40.0,60.0,0.0,0.549,0.043,0.137,0.123
M1172994,0.187,5,60.0,0.0,40.0,0.775,0.027,0.202,0.123
M1173687,-0.0,5,60.0,20.0,20.0,0.447,0.043,-0.085,0.0
M1173745,0.218,5,40.0,60.0,0.0,0.565,0.05,0.137,0.123
M1174730,0.222,5,60.0,40.0,0.0,0.544,0.178,0.14,0.0
M1174732,0.042,5,60.0,20.0,20.0,0.458,-0.066,0.035,0.0
M1175491,-0.149,5,0.0,80.0,20.0,0.484,-0.087,-0.087,0.0
M1175709,-0.123,5,0.0,60.0,40.0,0.406,0.017,0.017,0.0
M1176740,0.076,5,60.0,20.0,20.0,0.488,0.074,-0.032,0.101
M1178663,0.519,5,80.0,20.0,0.0,0.682,0.23,0.48,0.0
M1178665,-0.31,5,0.0,40.0,60.0,0.488,-0.087,-0.087,0.0
M1179025,-0.183,5,40.0,20.0,40.0,0.45,-0.076,-0.15,0.0
M1179031,0.144,5,40.0,40.0,20.0,0.655,0.004,0.277,0.123
M1179034,0.295,5,60.0,20.0,20.0,0.541,-0.044,0.228,0.0
M1179056,-0.384,5,0.0,40.0,60.0,0.551,-0.1,-0.247,0.0
M1179069,-0.151,5,20.0,40.0,40.0,0.66,0.097,-0.094,0.093
M1179258,-0.334,5,0.0,40.0,60.0,0.6,0.013,0.013,0.0
M1179891,-0.069,5,60.0,0.0,40.0,0.628,0.043,-0.033,0.0
M1179904,-0.099,5,40.0,20.0,40.0,0.684,-0.062,-0.123,0.123
M1179933,0.358,5,60.0,40.0,0.0,0.672,0.287,0.1,0.187
M11804152,-0.365,5,0.0,40.0,60.0,0.552,0.0,-0.245,0.0
M1181791,0.225,5,60.0,40.0,0.0,0.495,0.015,0.238,0.123
M1181795,0.294,5,80.0,0.0,20.0,0.63,0.187,0.2,0.187
M1182345,0.646,5,100.0,0.0,0.0,0.841,0.32,0.451,0.318
M1182350,-0.079,5,20.0,60.0,20.0,0.603,0.004,0.004,0.0
M11829142,0.024,5,20.0,60.0,20.0,0.612,0.0,0.123,0.123
M1182937,0.213,5,40.0,60.0,0.0,0.621,0.248,0.248,0.0
M11833648,0.425,5,60.0,40.0,0.0,0.702,0.093,0.273,0.217
M1183374,-0.617,5,0.0,20.0,80.0,0.712,0.0,-0.489,0.0
M1183665,0.202,5,40.0,40.0,20.0,0.615,-0.087,0.213,0.0
M1183911,0.117,5,20.0,80.0,0.0,0.567,0.008,0.158,0.0
M1183919,0.645,5,100.0,0.0,0.0,0.694,0.03,0.475,0.325
M1183923,-0.013,5,0.0,100.0,0.0,0.381,0.011,0.011,0.0
M1185416,-0.189,5,20.0,20.0,60.0,0.692,0.1,0.1,0.0
M1185616,0.466,5,80.0,20.0,0.0,0.596,0.161,0.337,0.184
M1185834,-0.14,5,20.0,20.0,60.0,0.565,0.107,-0.085,-0.091
M1185836,0.238,5,40.0,60.0,0.0,0.591,0.107,0.125,0.093
M1186367,-0.124,5,20.0,40.0,40.0,0.619,0.1,0.026,0.0
M1186370,-0.358,5,0.0,60.0,40.0,0.546,0.017,-0.227,0.0
M1186830,0.322,5,80.0,20.0,0.0,0.578,0.03,0.258,0.0
M1187043,0.68,5,100.0,0.0,0.0,0.822,0.193,0.47,0.464
M1187064,-0.055,5,20.0,60.0,20.0,0.495,0.058,-0.133,0.0
M1188729,0.213,5,40.0,60.0,0.0,0.48,0.217,0.03,0.187
M1188996,0.477,5,80.0,20.0,0.0,0.608,0.235,0.354,0.0
M1189073,0.429,5,80.0,0.0,20.0,0.644,0.03,0.348,0.348
M1189340,0.397,5,80.0,20.0,0.0,0.587,0.277,0.1,0.093
M1190080,-0.265,5,0.0,60.0,40.0,0.458,0.0,-0.221,0.0
M1190536,-0.073,5,40.0,40.0,20.0,0.408,0.035,0.008,0.0
M1190539,0.224,5,80.0,0.0,20.0,0.587,0.155,0.003,0.093
M11905462,0.413,5,80.0,0.0,20.0,0.678,0.093,0.385,0.217
M11905962,-0.023,5,20.0,60.0,20.0,0.441,0.03,0.0,0.0
M1191111,0.672,5,100.0,0.0,0.0,0.646,0.075,0.423,0.123
M1192628,0.467,5,100.0,0.0,0.0,0.622,0.209,0.123,0.397
M1193138,0.431,5,80.0,20.0,0.0,0.669,0.258,0.218,0.194
M1193631,0.297,5,60.0,40.0,0.0,0.669,0.0,0.324,0.224
M1194173,0.022,5,20.0,60.0,20.0,0.565,0.019,0.142,0.123
M1194238,0.095,5,20.0,80.0,0.0,0.406,0.124,0.031,0.093
M1194263,0.173,5,40.0,60.0,0.0,0.542,0.047,0.141,0.123
M1194417,-0.364,5,0.0,60.0,40.0,0.546,0.004,-0.289,0.0
M1195478,0.044,5,0.0,100.0,0.0,0.451,0.0,0.0,0.0
M11958344,-0.205,5,0.0,80.0,20.0,0.54,0.004,-0.143,0.042
M1196141,0.137,5,40.0,40.0,20.0,0.723,0.027,0.15,0.123
M1196204,0.139,5,40.0,20.0,40.0,0.567,0.211,0.117,0.093
M1196948,0.009,5,40.0,40.0,20.0,0.507,-0.039,-0.087,0.0
M1196956,-0.01,5,60.0,0.0,40.0,0.698,0.03,0.057,0.123
M1197624,0.378,5,100.0,0.0,0.0,0.461,0.155,0.1,0.093
M1197628,-0.238,5,20.0,40.0,40.0,0.55,0.004,0.084,0.0
M1198138,-0.179,5,20.0,40.0,40.0,0.46,0.12,0.027,0.093
M1198156,0.628,5,100.0,0.0,0.0,0.619,0.047,0.511,0.0
M1201167,-0.218,5,20.0,40.0,40.0,0.576,0.004,-0.014,0.0
M1201607,0.14,5,40.0,40.0,20.0,0.599,0.017,0.267,0.0
M1204340,0.425,5,60.0,40.0,0.0,0.733,0.227,0.377,0.0
M1204342,-0.091,5,0.0,80.0,20.0,0.399,0.025,0.025,0.0
M1204975,-0.146,5,0.0,80.0,20.0,0.515,-0.073,-0.073,0.0
M1204977,-0.381,5,0.0,20.0,80.0,0.561,0.0,-0.098,0.0
M1205489,0.459,5,80.0,0.0,20.0,0.683,0.27,0.39,0.0
M1205535,0.254,5,40.0,60.0,0.0,0.521,0.027,0.255,0.0
M1205537,-0.312,5,0.0,60.0,40.0,0.477,0.008,0.008,0.0
M1205558,-0.202,5,20.0,40.0,40.0,0.679,-0.007,-0.247,0.093
M1206543,-0.183,5,20.0,40.0,40.0,0.53,0.0,0.0,0.0
M1206885,0.201,5,40.0,40.0,20.0,0.585,-0.072,0.228,0.0
M1210042,-0.129,5,20.0,60.0,20.0,0.448,-0.083,-0.083,0.0
M1210166,0.172,5,60.0,20.0,20.0,0.524,0.072,-0.1,0.093
M1210819,-0.134,5,40.0,20.0,40.0,0.493,0.021,-0.072,0.093
M12117854,0.385,5,60.0,20.0,20.0,0.646,0.0,0.4,0.0
M1211837,0.161,5,40.0,40.0,20.0,0.49,0.123,0.18,0.093
M1211956,0.165,5,40.0,60.0,0.0,0.379,0.03,0.141,0.0
M1212419,0.022,5,40.0,40.0,20.0,0.619,0.0,0.003,0.0
M1212428,-0.182,5,0.0,80.0,20.0,0.439,0.034,-0.064,0.0
M1212436,-0.572,5,0.0,20.0,80.0,0.599,0.013,-0.28,0.0
M1212450,0.245,5,60.0,40.0,0.0,0.561,0.013,0.237,0.123
M12133722,-0.177,5,20.0,40.0,40.0,0.476,-0.066,0.034,0.0
M1213641,-0.117,5,20.0,40.0,40.0,0.671,0.013,-0.01,0.123
M1213644,-0.33,5,20.0,0.0,80.0,0.657,-0.1,-0.048,0.0
M1213648,-0.023,5,20.0,60.0,20.0,0.62,0.104,-0.043,0.0
M1213663,-0.181,5,0.0,60.0,40.0,0.473,0.019,0.019,0.0
M1214962,-0.157,5,20.0,40.0,40.0,0.596,0.015,-0.031,0.101
M1216475,-0.041,5,0.0,100.0,0.0,0.524,0.008,0.008,0.077
M1216487,0.173,5,60.0,20.0,20.0,0.6,0.004,0.227,0.123
M1216491,0.081,5,20.0,60.0,20.0,0.523,0.1,0.1,0.0
M1216492,0.043,5,20.0,80.0,0.0,0.362,0.021,0.088,0.0
M1216496,0.462,5,80.0,20.0,0.0,0.578,0.03,0.361,0.0
M1216520,0.074,5,20.0,60.0,20.0,0.54,0.013,0.137,0.123
M1217209,0.48,5,80.0,20.0,0.0,0.681,0.104,0.435,0.101
M1217213,0.79,5,100.0,0.0,0.0,0.818,0.113,0.687,0.123
M1217613,-0.003,5,20.0,60.0,20.0,0.486,0.043,0.043,0.0
M1217637,0.457,5,80.0,20.0,0.0,0.61,0.03,0.34,0.123
M1219289,0.059,5,20.0,80.0,0.0,0.332,0.061,0.031,0.0
M1219342,0.127,5,40.0,40.0,20.0,0.462,0.111,0.117,0.107
M1219827,0.145,5,60.0,20.0,20.0,0.513,0.015,0.118,0.0
M1220198,-0.309,5,20.0,20.0,60.0,0.596,-0.087,-0.11,0.123
M1220634,-0.306,5,0.0,60.0,40.0,0.436,0.015,-0.278,0.0
M1220719,0.676,5,100.0,0.0,0.0,0.81,0.32,0.5,0.217
M1221208,-0.059,5,40.0,20.0,40.0,0.63,-0.2,0.03,0.0
M1222817,-0.207,5,20.0,20.0,60.0,0.586,0.093,0.0,0.093
M1223236,0.125,5,20.0,80.0,0.0,0.432,0.02,0.143,0.123
M1225822,-0.44,5,0.0,40.0,60.0,0.649,-0.1,-0.296,0.0
M1226229,0.154,5,40.0,60.0,0.0,0.476,0.0,0.167,0.0
M1226236,0.112,5,40.0,60.0,0.0,0.444,0.104,0.027,0.0
M1226240,0.121,5,40.0,60.0,0.0,0.627,0.1,0.1,0.0
M1226271,0.288,5,60.0,40.0,0.0,0.638,0.047,0.201,0.101
M1226273,-0.063,5,20.0,20.0,60.0,0.468,0.038,0.0,0.0
M1226681,-0.119,5,40.0,20.0,40.0,0.605,-0.1,-0.097,0.0
M1226753,0.018,5,0.0,100.0,0.0,0.362,0.031,0.031,0.0
M1226774,-0.174,5,0.0,80.0,20.0,0.601,0.004,0.004,0.0
M1226837,0.382,5,80.0,20.0,0.0,0.568,0.131,0.3,0.0
M1227378,0.446,5,80.0,20.0,0.0,0.64,0.0,0.435,0.224
M1228705,0.108,5,60.0,20.0,20.0,0.526,0.12,-0.08,0.078
M1228987,0.669,5,100.0,0.0,0.0,0.734,0.293,0.451,0.194
M1229238,-0.179,5,40.0,20.0,40.0,0.46,-0.038,-0.147,0.0
M1229340,-0.132,5,0.0,80.0,20.0,0.393,0.008,0.008,0.0
M1229822,0.009,5,40.0,20.0,40.0,0.525,0.127,0.227,0.0
M1230213,0.354,5,60.0,40.0,0.0,0.612,0.0,0.302,0.0
M1230215,-0.47,5,0.0,20.0,80.0,0.617,-0.1,-0.247,0.0
M1230385,0.153,5,60.0,20.0,20.0,0.567,0.108,0.238,0.217
M1230414,0.237,5,40.0,60.0,0.0,0.619,0.097,0.154,0.093
M1231583,0.269,5,60.0,40.0,0.0,0.591,0.03,0.15,0.0
M1231586,-0.265,5,20.0,40.0,40.0,0.525,-0.066,-0.243,0.0
M1231587,-0.107,5,0.0,80.0,20.0,0.563,0.008,0.008,0.0
M1232200,0.087,5,40.0,20.0,40.0,0.693,0.14,0.192,0.0
M1232207,0.2,5,60.0,40.0,0.0,0.432,0.144,0.004,0.093
M1232776,0.072,5,40.0,40.0,20.0,0.608,0.082,0.007,0.078
M1232783,0.359,5,60.0,40.0,0.0,0.657,0.2,0.137,0.31
M1232829,0.459,5,80.0,20.0,0.0,0.629,0.082,0.377,0.202
M1233227,-0.004,5,20.0,60.0,20.0,0.657,0.0,0.123,0.123
M1233301,-0.178,5,20.0,40.0,40.0,0.507,0.108,-0.059,0.093
M1233381,0.536,5,100.0,0.0,0.0,0.647,0.147,0.435,0.123
M1234548,0.058,5,20.0,60.0,20.0,0.579,0.004,0.127,0.123
M1234654,-0.066,5,40.0,20.0,40.0,0.61,0.034,0.007,0.0
M1234719,-0.283,5,0.0,40.0,60.0,0.53,-0.076,-0.076,0.0
M1234721,-0.04,5,40.0,20.0,40.0,0.582,0.066,0.019,0.0
M1235124,-0.101,5,20.0,60.0,20.0,0.512,0.004,-0.094,0.0
M1235166,0.042,5,40.0,20.0,40.0,0.67,0.013,0.091,0.123
M1235189,-0.162,5,0.0,80.0,20.0,0.488,0.023,0.023,0.0
M1235522,0.001,5,20.0,60.0,20.0,0.534,0.013,-0.01,0.123
M1235796,-0.207,5,0.0,60.0,40.0,0.564,0.0,0.0,0.0
M1235830,0.136,5,20.0,60.0,20.0,0.481,0.153,0.153,0.069
M1235841,0.511,5,80.0,20.0,0.0,0.644,0.172,0.251,0.273
M12361974,0.456,5,80.0,20.0,0.0,0.732,0.127,0.407,0.101
M1236472,0.42,5,80.0,20.0,0.0,0.609,0.123,0.35,0.0
M12383460,-0.27,5,0.0,60.0,40.0,0.65,-0.2,-0.2,0.0
M1240982,-0.203,5,40.0,20.0,40.0,0.559,0.004,-0.141,0.0
M1241317,-0.263,5,20.0,20.0,60.0,0.621,-0.1,-0.135,0.0
M1242422,-0.109,5,20.0,40.0,40.0,0.627,0.0,0.123,0.123
M1242432,0.114,5,60.0,20.0,20.0,0.666,0.222,-0.033,0.078
M1242447,-0.314,5,40.0,0.0,60.0,0.559,-0.1,-0.047,0.0
M1242460,0.337,5,40.0,60.0,0.0,0.506,0.017,0.317,0.0
M1242545,0.251,5,40.0,60.0,0.0,0.536,0.004,0.254,0.0
M1243957,0.319,5,60.0,40.0,0.0,0.625,0.13,0.254,0.123
M1243974,-0.263,5,0.0,60.0,40.0,0.459,-0.083,-0.083,0.0
M1244658,-0.38,5,20.0,0.0,80.0,0.617,0.0,0.0,0.0
M1244668,0.044,5,40.0,40.0,20.0,0.533,0.183,0.007,0.0
M1244754,0.326,5,40.0,60.0,0.0,0.517,0.127,0.277,0.0
M1245112,-0.44,5,0.0,40.0,60.0,0.649,-0.1,-0.296,0.0
M1245492,0.242,5,60.0,20.0,20.0,0.693,0.253,0.353,0.0
M1245526,0.073,5,40.0,40.0,20.0,0.609,0.193,0.026,0.093
M1247640,0.07,5,20.0,80.0,0.0,0.479,0.112,0.019,0.093
M1247690,-0.334,5,0.0,40.0,60.0,0.616,-0.2,-0.2,0.0
M1247692,0.364,5,60.0,40.0,0.0,0.658,0.107,0.238,0.318
M1250777,0.364,5,80.0,0.0,20.0,0.618,0.028,0.31,0.123
M1251757,0.06,5,40.0,40.0,20.0,0.701,0.104,0.081,0.123
M12536294,0.314,5,60.0,40.0,0.0,0.716,0.138,0.223,0.123
M1253863,0.234,5,40.0,60.0,0.0,0.532,0.112,0.142,0.217
M1253864,-0.116,5,0.0,80.0,20.0,0.426,0.023,0.023,0.0
M1255919,-0.733,5,0.0,0.0,100.0,0.619,-0.2,-0.493,0.0
M1255953,0.584,5,100.0,0.0,0.0,0.701,0.438,0.313,0.093
M1258197,-0.086,5,20.0,40.0,40.0,0.548,0.0,0.15,0.0
M1258972,-0.21,5,0.0,60.0,40.0,0.461,-0.057,-0.057,0.0
M1259014,0.555,5,80.0,20.0,0.0,0.709,0.13,0.466,0.224
M1259521,-0.335,5,20.0,20.0,60.0,0.53,-0.066,-0.096,0.0
M1259528,0.022,5,40.0,40.0,20.0,0.429,0.028,0.0,0.0
M1259571,-0.38,5,20.0,20.0,60.0,0.543,-0.1,-0.345,0.0
M1261945,-0.253,5,20.0,20.0,60.0,0.673,0.013,-0.108,0.123
M1261954,0.144,5,20.0,80.0,0.0,0.659,0.004,0.154,0.0
M1262416,-0.019,5,40.0,40.0,20.0,0.483,0.051,-0.143,0.0
M1262981,-0.148,5,0.0,80.0,20.0,0.507,0.013,0.013,0.0
M1262990,0.081,5,40.0,20.0,40.0,0.608,0.1,0.211,0.0
M1263670,0.324,5,60.0,40.0,0.0,0.554,0.147,0.241,0.123
M1263750,0.368,5,60.0,40.0,0.0,0.621,0.097,0.216,0.194
M1265990,-0.377,5,0.0,40.0,60.0,0.47,0.027,0.027,0.0
M1266029,0.156,5,40.0,60.0,0.0,0.55,0.075,0.0,0.0
M1267297,-0.188,5,0.0,80.0,20.0,0.444,0.03,-0.117,0.0
M12676326,0.275,5,40.0,60.0,0.0,0.608,0.138,0.288,0.0
M1268799,0.045,5,40.0,0.0,60.0,0.59,0.0,0.123,0.123
M1270262,0.176,5,40.0,40.0,20.0,0.629,0.097,0.154,0.093
M1270761,-0.011,5,40.0,40.0,20.0,0.547,0.041,0.082,0.0
M1270797,-0.171,5,20.0,40.0,40.0,0.542,0.021,-0.147,0.093
M1270798,0.297,5,80.0,20.0,0.0,0.414,0.085,0.179,0.0
M1270835,-0.101,5,20.0,40.0,40.0,0.564,0.004,0.127,0.123
M1270842,-0.264,5,20.0,20.0,60.0,0.565,0.007,-0.087,0.093
M12724622,0.157,5,40.0,40.0,20.0,0.627,0.093,0.15,0.093
M1272878,0.066,5,20.0,80.0,0.0,0.351,0.061,0.034,0.0
M1272886,-0.076,5,20.0,60.0,20.0,0.57,0.017,-0.006,0.123
M12731980,0.348,5,60.0,40.0,0.0,0.495,0.036,0.269,0.0
M1273235,-0.368,5,20.0,20.0,60.0,0.559,-0.1,-0.147,0.0
M1274586,-0.57,5,0.0,20.0,80.0,0.679,0.0,-0.293,0.0
M12749596,0.054,5,20.0,80.0,0.0,0.659,0.004,0.084,0.0
M1276104,-0.061,5,20.0,60.0,20.0,0.5,0.015,0.115,0.0
M1276419,0.325,5,60.0,40.0,0.0,0.661,0.187,0.101,0.288
M1276962,0.153,5,40.0,60.0,0.0,0.534,0.026,0.127,0.123
M1277737,0.429,5,80.0,0.0,20.0,0.773,0.207,0.315,0.093
M1277936,0.021,5,40.0,20.0,40.0,0.465,0.093,-0.012,0.093
M1277953,0.09,5,40.0,40.0,20.0,0.591,0.093,-0.035,0.136
M1278340,-0.186,5,20.0,40.0,40.0,0.583,0.027,-0.094,0.123
M1279935,0.188,5,40.0,60.0,0.0,0.546,0.055,0.158,0.0
M12801262,0.344,5,80.0,20.0,0.0,0.57,0.147,0.3,0.047
M1280558,0.214,5,60.0,20.0,20.0,0.646,-0.007,0.101,0.194
M12808182,-0.403,5,0.0,40.0,60.0,0.523,-0.072,-0.293,0.0
M1282140,0.016,5,20.0,80.0,0.0,0.499,0.048,0.011,0.0
M12838766,0.064,5,20.0,60.0,20.0,0.437,0.093,0.015,0.078
M1284575,-0.29,5,0.0,40.0,60.0,0.657,0.0,0.0,0.0
M1285009,-0.084,5,20.0,40.0,40.0,0.6,0.013,0.113,0.0
M1285016,0.585,5,100.0,0.0,0.0,0.71,0.359,0.123,0.482
M1285309,0.008,5,20.0,80.0,0.0,0.364,0.04,0.04,0.0
M1286537,0.386,5,80.0,20.0,0.0,0.535,0.103,0.36,0.093
M1288558,0.045,5,40.0,40.0,20.0,0.69,0.097,-0.019,0.217
M12888462,0.629,5,100.0,0.0,0.0,0.662,0.249,0.488,0.0
M1289401,-0.012,5,40.0,20.0,40.0,0.638,0.242,0.095,0.0
M1289403,0.677,5,100.0,0.0,0.0,0.774,0.307,0.464,0.194
M1289406,0.408,5,60.0,40.0,0.0,0.647,0.347,0.268,0.078
M1291150,-0.264,5,20.0,20.0,60.0,0.618,0.004,-0.142,0.0
M1291547,-0.295,5,0.0,40.0,60.0,0.423,0.0,-0.078,0.0
M1291566,0.175,5,40.0,60.0,0.0,0.541,0.017,0.182,0.101
M1291570,0.385,5,80.0,20.0,0.0,0.551,0.134,0.254,0.0
M1291580,0.378,5,60.0,40.0,0.0,0.712,0.22,0.227,0.194
M1291584,0.444,5,80.0,20.0,0.0,0.609,0.038,0.361,0.0
M1291652,0.339,5,60.0,40.0,0.0,0.534,0.173,0.246,0.101
M1292566,-0.211,5,0.0,60.0,40.0,0.411,0.021,0.021,0.0
M1293847,-0.521,5,0.0,20.0,80.0,0.59,-0.076,-0.223,0.0
M1294226,-0.01,5,40.0,20.0,40.0,0.637,-0.1,0.123,0.123
M1294688,0.147,5,40.0,60.0,0.0,0.433,0.124,0.031,0.093
M1294970,-0.245,5,20.0,20.0,60.0,0.559,0.107,-0.231,0.093
M1296898,-0.108,5,40.0,20.0,40.0,0.631,-0.107,-0.12,0.093
M1297919,-0.012,5,20.0,60.0,20.0,0.494,0.03,0.033,0.0
M1298644,0.02,5,20.0,60.0,20.0,0.682,0.127,0.127,0.0
M1298649,-0.14,5,0.0,80.0,20.0,0.539,0.004,0.004,0.0
M1298650,-0.052,5,20.0,40.0,40.0,0.527,0.008,0.131,0.123
M1300854,0.386,5,80.0,20.0,0.0,0.574,0.097,0.227,0.217
M1301990,-0.42,5,0.0,40.0,60.0,0.462,0.027,-0.071,0.0
M1302006,0.247,5,60.0,40.0,0.0,0.479,0.071,0.115,0.0
M1302011,-0.057,5,0.0,100.0,0.0,0.489,0.017,0.017,0.048
M1302067,0.066,5,40.0,20.0,40.0,0.617,-0.087,0.115,-0.185
M13024674,0.186,5,40.0,60.0,0.0,0.491,0.004,0.194,0.123
M1303828,0.043,5,20.0,80.0,0.0,0.392,0.057,0.027,0.0
M13045890,-0.007,5,20.0,60.0,20.0,0.468,-0.096,-0.018,0.0
M1305591,0.36,5,80.0,0.0,20.0,0.803,0.207,0.24,0.217
M1305806,0.547,5,100.0,0.0,0.0,0.571,0.202,0.201,0.273
M1306980,0.309,5,60.0,40.0,0.0,0.583,0.107,0.203,0.217
M1307068,0.014,5,40.0,40.0,20.0,0.633,0.093,0.002,0.093
M1308728,-0.223,5,0.0,60.0,40.0,0.34,-0.122,-0.122,0.0
M1308729,-0.328,5,20.0,20.0,60.0,0.428,-0.137,-0.211,0.0
M13109952,-0.27,5,20.0,20.0,60.0,0.596,0.097,-0.071,0.093
M1311060,-0.546,5,0.0,0.0,100.0,0.68,-0.2,-0.2,0.0
M1311067,-0.129,5,40.0,0.0,60.0,0.682,-0.007,0.023,0.217
M1311071,-0.145,5,20.0,40.0,40.0,0.554,0.011,-0.083,0.093
M1313092,-0.179,5,0.0,80.0,20.0,0.53,0.017,-0.081,0.0
M1313104,0.676,5,100.0,0.0,0.0,0.711,0.357,0.377,0.093
M1313139,0.075,5,20.0,80.0,0.0,0.438,0.013,0.013,0.0
M1313244,-0.394,5,0.0,40.0,60.0,0.593,0.013,-0.183,0.0
M1314228,-0.473,5,0.0,20.0,80.0,0.573,-0.1,-0.247,0.0
M1314652,0.125,5,40.0,40.0,20.0,0.542,0.157,0.127,0.0
M1314655,-0.137,5,20.0,40.0,40.0,0.608,0.013,-0.085,0.0
M1315981,0.177,5,60.0,20.0,20.0,0.612,-0.062,0.15,0.0
M1316037,-0.745,5,0.0,0.0,100.0,0.647,-0.076,-0.59,0.0
M1316536,0.216,5,40.0,40.0,20.0,0.607,0.209,0.13,0.078
M1316540,0.38,5,100.0,0.0,0.0,0.459,0.184,0.1,0.093
M1316622,-0.162,5,0.0,60.0,40.0,0.553,0.0,-0.098,0.0
M1318514,0.128,5,60.0,20.0,20.0,0.503,0.038,0.097,0.101
M1318517,0.115,5,40.0,60.0,0.0,0.485,0.008,0.188,0.0
M1320082,0.528,5,80.0,20.0,0.0,0.613,0.192,0.348,0.202
M1320239,0.072,5,40.0,60.0,0.0,0.546,0.045,0.108,0.0
M1320244,-0.271,5,0.0,60.0,40.0,0.609,0.008,-0.09,0.0
M1320253,0.11,5,60.0,20.0,20.0,0.516,0.024,0.124,0.0
M1320261,-0.375,5,0.0,40.0,60.0,0.559,0.0,-0.245,0.0
M1320291,-0.405,5,0.0,40.0,60.0,0.674,0.0,-0.147,0.0
M1321509,-0.026,5,20.0,60.0,20.0,0.658,0.0,0.0,0.0
M1321510,0.194,5,60.0,20.0,20.0,0.691,0.038,0.123,0.123
M1321511,-0.213,5,20.0,20.0,60.0,0.412,0.034,0.0,0.0
M1321860,0.281,5,80.0,20.0,0.0,0.526,0.131,0.1,0.0
M1321870,-0.123,5,20.0,40.0,40.0,0.507,-0.133,-0.01,0.123
M1322269,0.181,5,40.0,60.0,0.0,0.469,0.017,0.118,0.101
M1322312,-0.054,5,20.0,60.0,20.0,0.574,0.017,-0.029,0.101
M1323045,0.206,5,60.0,20.0,20.0,0.633,-0.1,0.224,0.224
M1323594,0.207,5,40.0,60.0,0.0,0.521,0.108,0.0,0.228
M1323973,-0.18,5,0.0,80.0,20.0,0.519,0.021,-0.077,0.0
M1324999,-0.338,5,20.0,20.0,60.0,0.531,0.043,-0.133,0.0
M1325004,-0.185,5,20.0,20.0,60.0,0.569,-0.087,-0.11,0.123
M1326972,0.282,5,80.0,20.0,0.0,0.522,0.214,0.0,0.187
M1327194,-0.144,5,20.0,40.0,40.0,0.411,0.013,0.08,0.0
M1327628,0.143,5,20.0,80.0,0.0,0.467,0.137,0.137,0.0
M1327773,-0.003,5,40.0,40.0,20.0,0.591,0.004,0.029,0.123
M1329232,-0.463,5,0.0,40.0,60.0,0.533,0.004,-0.143,0.0
M1332134,0.233,5,60.0,40.0,0.0,0.577,0.0,0.28,0.0
M1333125,-0.576,5,0.0,20.0,80.0,0.641,-0.1,-0.345,0.0
M1334102,-0.376,5,20.0,0.0,80.0,0.668,0.0,0.025,0.123
M1334260,0.394,5,80.0,20.0,0.0,0.651,0.0,0.408,0.0
M1334512,-0.286,5,20.0,20.0,60.0,0.622,-0.1,-0.247,0.0
M1334553,-0.003,5,20.0,60.0,20.0,0.526,0.097,0.004,0.093
M1335975,0.14,5,40.0,40.0,20.0,0.522,-0.057,0.177,0.123
M1336608,-0.114,5,20.0,40.0,40.0,0.512,0.027,0.079,0.0
M1336617,-0.221,5,0.0,80.0,20.0,0.562,0.008,-0.139,0.0
M1337057,0.457,5,80.0,20.0,0.0,0.567,0.134,0.323,0.123
M1340107,0.676,5,100.0,0.0,0.0,0.705,0.272,0.4,0.172
M1340138,0.338,5,60.0,40.0,0.0,0.572,0.0,0.273,0.123
M1340800,0.433,5,80.0,20.0,0.0,0.597,0.117,0.434,0.0
M1341167,0.355,5,60.0,40.0,0.0,0.51,0.017,0.378,0.0
M1341188,-0.207,5,20.0,40.0,40.0,0.578,-0.096,-0.096,0.0
M1343092,0.199,5,60.0,20.0,20.0,0.617,0.061,0.243,0.0
M1343097,0.338,5,60.0,40.0,0.0,0.592,0.311,0.217,0.093
M1343703,0.263,5,60.0,40.0,0.0,0.667,0.104,0.307,0.123
M1343727,0.249,5,40.0,60.0,0.0,0.479,0.061,0.169,0.0
M1345836,0.656,5,100.0,0.0,0.0,0.783,0.32,0.477,0.093
M13472984,0.198,5,60.0,40.0,0.0,0.409,0.111,0.11,0.078
M1349451,-0.572,5,0.0,20.0,80.0,0.599,0.013,-0.28,0.0
M1351685,0.169,5,40.0,60.0,0.0,0.645,0.0,0.101,0.101
M1352824,-0.057,5,0.0,100.0,0.0,0.54,0.017,0.017,0.0
M1355630,-0.289,5,0.0,60.0,40.0,0.584,-0.096,-0.096,0.0
M1355631,0.164,5,40.0,60.0,0.0,0.477,0.027,0.191,0.0
M1355644,0.153,5,60.0,20.0,20.0,0.657,0.093,0.223,0.217
M1355683,0.166,5,40.0,60.0,0.0,0.47,0.031,0.154,0.123
M13567480,-0.279,5,0.0,60.0,40.0,0.475,-0.073,-0.073,0.0
M1356864,0.048,5,40.0,40.0,20.0,0.573,0.113,0.213,0.0
M1360860,0.389,5,60.0,40.0,0.0,0.523,0.22,0.238,0.093
M1361318,0.021,5,20.0,60.0,20.0,0.527,0.03,0.153,0.123
M1361336,0.111,5,40.0,40.0,20.0,0.699,0.104,0.129,0.06
M1361566,0.513,5,100.0,0.0,0.0,0.657,0.06,0.347,0.307
M1361835,-0.157,5,0.0,80.0,20.0,0.511,0.013,-0.085,0.0
M1362058,0.044,5,40.0,40.0,20.0,0.542,0.116,0.004,0.078
M1365050,0.592,5,80.0,20.0,0.0,0.623,0.178,0.4,0.078
M1365519,0.09,5,40.0,40.0,20.0,0.503,0.127,0.0,0.093
M13657102,0.031,5,40.0,20.0,40.0,0.589,0.0,0.052,0.0
M1366344,0.166,5,40.0,60.0,0.0,0.496,0.127,0.127,0.0
M1366365,-0.422,5,0.0,40.0,60.0,0.583,0.004,-0.143,0.0
M1368116,0.206,5,40.0,60.0,0.0,0.495,0.206,0.019,0.187
M1368440,-0.592,5,0.0,0.0,100.0,0.736,0.0,-0.245,0.0
M1369706,-0.037,5,0.0,100.0,0.0,0.378,0.031,0.031,0.0
M1371111,-0.195,5,20.0,20.0,60.0,0.624,-0.076,-0.0,0.0
M1371150,-0.047,5,20.0,60.0,20.0,0.634,0.004,0.007,0.0
M1371155,0.352,5,60.0,40.0,0.0,0.788,0.207,0.237,0.217
M1372686,-0.252,5,20.0,20.0,60.0,0.595,-0.096,-0.044,0.0
M1373120,0.168,5,60.0,40.0,0.0,0.463,0.063,0.207,0.0
M1374989,-0.036,5,0.0,100.0,0.0,0.389,0.034,0.034,0.0
M1374992,-0.12,5,0.0,80.0,20.0,0.511,0.011,0.011,0.0
M1375666,0.485,5,80.0,20.0,0.0,0.659,0.208,0.339,0.318
M1375670,-0.038,5,20.0,60.0,20.0,0.48,-0.039,-0.087,0.0
M1376213,0.125,5,40.0,40.0,20.0,0.75,0.1,0.125,0.123
M1379177,0.087,5,20.0,80.0,0.0,0.474,0.034,0.158,0.123
M1379182,0.256,5,60.0,20.0,20.0,0.649,0.074,0.15,0.123
M1381404,-0.162,5,0.0,80.0,20.0,0.462,0.027,-0.12,0.0
M1381418,-0.273,5,20.0,20.0,60.0,0.621,0.015,-0.008,0.123
M1382725,0.331,5,60.0,40.0,0.0,0.486,0.112,0.154,0.078
M1385826,0.263,5,60.0,40.0,0.0,0.663,0.154,0.217,0.0
M1385867,-0.582,5,0.0,20.0,80.0,0.544,0.0,-0.147,0.0
M1385956,0.308,5,60.0,20.0,20.0,0.596,0.193,0.211,0.093
M1386588,0.395,5,60.0,40.0,0.0,0.672,0.248,0.359,0.0
M1386691,-0.21,5,0.0,80.0,20.0,0.522,0.021,-0.126,0.0
M1386697,-0.128,5,20.0,40.0,40.0,0.536,0.093,0.0,0.093
M1386703,-0.348,5,20.0,20.0,60.0,0.432,-0.061,-0.135,0.0
M1386932,0.242,5,40.0,60.0,0.0,0.465,0.123,0.153,0.217
M1389072,-0.319,5,0.0,40.0,60.0,0.515,0.013,-0.085,0.0
M1389096,-0.185,5,40.0,20.0,40.0,0.531,0.043,-0.053,0.0
M1389127,0.287,5,40.0,60.0,0.0,0.605,0.134,0.235,0.101
M1389137,0.293,5,60.0,40.0,0.0,0.696,0.207,0.113,0.093
M1389139,-0.464,5,20.0,0.0,80.0,0.698,-0.1,-0.39,0.0
M1390411,0.281,5,40.0,60.0,0.0,0.584,0.132,0.256,0.123
M1392170,0.183,5,60.0,20.0,20.0,0.485,0.215,0.0,0.187
M1392190,0.127,5,40.0,40.0,20.0,0.546,0.112,0.094,0.093
M1392214,0.261,5,80.0,0.0,20.0,0.621,0.06,0.224,0.224
M1393746,0.555,5,100.0,0.0,0.0,0.672,0.272,0.123,0.31
M1396218,-0.234,5,0.0,60.0,40.0,0.538,-0.092,-0.092,0.0
M1396226,0.353,5,60.0,20.0,20.0,0.721,0.13,0.381,0.101
M1396484,0.071,5,60.0,20.0,20.0,0.62,0.177,-0.047,0.0
M1397280,-0.071,5,20.0,60.0,20.0,0.451,0.123,0.03,0.093
M1397514,-0.003,5,0.0,100.0,0.0,0.348,0.03,0.03,0.0
M1398426,0.125,5,60.0,20.0,20.0,0.49,0.092,0.18,0.078
M1399103,-0.274,5,0.0,60.0,40.0,0.517,-0.076,-0.223,0.0
M1399683,0.016,5,20.0,60.0,20.0,0.659,0.097,0.004,0.093
M1401143,0.11,5,60.0,20.0,20.0,0.593,0.03,0.052,0.0
M1401152,0.148,5,20.0,80.0,0.0,0.467,0.078,0.0,0.078
M1402488,-0.059,5,0.0,80.0,20.0,0.503,0.013,0.013,0.022
M1403177,0.262,5,60.0,20.0,20.0,0.615,0.004,0.377,0.123
M1403214,-0.225,5,20.0,40.0,40.0,0.594,0.013,-0.033,0.0
M1403241,-0.333,5,0.0,40.0,60.0,0.545,0.008,-0.139,0.0
M1403865,0.638,5,100.0,0.0,0.0,0.736,0.157,0.501,0.224
M1403981,0.173,5,40.0,60.0,0.0,0.473,0.108,0.013,0.0
M1405365,-0.022,5,40.0,20.0,40.0,0.602,-0.049,0.005,0.101
M1405500,0.337,5,60.0,40.0,0.0,0.587,0.052,0.232,0.224
M1407052,0.267,5,60.0,40.0,0.0,0.47,0.03,0.111,0.161
M1407061,0.038,5,40.0,20.0,40.0,0.693,0.1,0.152,0.0
M1408101,0.398,5,60.0,40.0,0.0,0.632,0.112,0.266,0.34
M1408253,-0.155,5,20.0,40.0,40.0,0.486,0.043,0.043,0.0
M1409024,0.128,5,40.0,60.0,0.0,0.529,0.123,0.203,0.0
M1410051,0.438,5,80.0,20.0,0.0,0.691,0.093,0.273,0.217
M1410063,0.287,5,40.0,40.0,20.0,0.554,0.093,0.15,0.093
M1411238,0.079,5,20.0,60.0,20.0,0.514,0.117,0.117,0.0
M1411250,-0.047,5,40.0,20.0,40.0,0.676,0.23,0.084,0.0
M1411697,0.184,5,40.0,60.0,0.0,0.652,0.113,0.113,0.0
M1411704,-0.163,5,20.0,40.0,40.0,0.579,0.013,-0.085,-0.185
M1412386,0.358,5,60.0,20.0,20.0,0.57,0.13,0.347,0.0
M1412528,0.19,5,40.0,40.0,20.0,0.623,0.045,0.123,0.123
M1413492,-0.001,5,20.0,60.0,20.0,0.313,0.079,0.045,0.0
M1413495,-0.173,5,20.0,40.0,40.0,0.544,0.013,0.013,0.0
M1414382,-0.14,5,0.0,80.0,20.0,0.446,0.031,-0.067,0.0
M14152756,0.511,5,80.0,20.0,0.0,0.543,0.033,0.411,0.101
M1415283,0.063,5,40.0,40.0,20.0,0.67,0.104,0.129,0.123
M1416801,0.076,5,40.0,40.0,20.0,0.67,0.093,-0.047,0.093
M1417075,0.289,5,40.0,60.0,0.0,0.525,0.101,0.158,0.093
M1418377,-0.34,5,20.0,20.0,60.0,0.625,0.1,-0.121,0.0
M1418754,0.091,5,20.0,80.0,0.0,0.645,0.004,0.127,0.123
M1421051,-0.065,5,0.0,80.0,20.0,0.422,0.031,0.031,0.0
M1422020,-0.049,5,20.0,40.0,40.0,0.486,0.013,0.027,0.0
M1422032,0.497,5,80.0,20.0,0.0,0.755,0.1,0.447,0.247
M1422136,-0.149,5,0.0,80.0,20.0,0.55,0.017,0.017,0.0
M1423894,0.216,5,60.0,40.0,0.0,0.593,0.13,0.1,0.0
M1423995,0.005,5,40.0,40.0,20.0,0.621,0.168,-0.026,0.0
M1424310,-0.137,5,20.0,60.0,20.0,0.447,-0.041,-0.068,0.0
M1424381,0.075,5,60.0,0.0,40.0,0.635,-0.076,0.096,0.247
M1424432,0.667,5,100.0,0.0,0.0,0.799,0.207,0.488,0.318
M1424797,0.433,5,80.0,20.0,0.0,0.578,0.041,0.305,0.202
M1425922,-0.301,5,0.0,60.0,40.0,0.45,0.031,-0.067,0.0
M1426329,-0.116,5,0.0,80.0,20.0,0.551,-0.087,-0.087,0.0
M1427298,-0.413,5,0.0,40.0,60.0,0.55,0.004,0.004,0.0
M1428538,-0.289,5,0.0,20.0,80.0,0.493,-0.076,-0.076,0.0
M1430132,0.127,5,60.0,20.0,20.0,0.554,0.191,-0.071,0.187
M1430607,0.017,5,20.0,80.0,0.0,0.397,0.034,0.134,0.027
M1430612,-0.185,5,20.0,40.0,40.0,0.573,0.004,-0.045,0.0
M1430615,-0.105,5,40.0,20.0,40.0,0.569,0.013,-0.082,0.101
M1430626,-0.122,5,20.0,40.0,40.0,0.403,-0.052,-0.083,-0.056
M1431045,0.365,5,80.0,20.0,0.0,0.633,0.255,0.313,0.0
M1431181,-0.415,5,20.0,20.0,60.0,0.607,0.03,-0.391,0.0
M1433108,-0.252,5,0.0,60.0,40.0,0.467,-0.068,-0.143,0.0
M1433207,0.219,5,40.0,60.0,0.0,0.592,0.207,0.113,0.093
M1433811,0.451,5,80.0,20.0,0.0,0.584,0.113,0.348,0.123
M1433813,0.322,5,60.0,20.0,20.0,0.584,0.149,0.277,0.0
M1433822,-0.642,5,0.0,0.0,100.0,0.592,0.0,-0.098,0.0
M1434435,-0.149,5,20.0,20.0,60.0,0.563,0.093,0.0,0.093
M1435513,0.06,5,40.0,60.0,0.0,0.401,0.068,0.031,0.0
M1436045,0.388,5,80.0,0.0,20.0,0.58,0.076,0.273,0.123
M1436562,0.024,5,20.0,40.0,40.0,0.501,0.008,0.131,0.123
M1436568,-0.125,5,40.0,20.0,40.0,0.544,0.015,0.068,0.0
M1437358,0.193,5,40.0,40.0,20.0,0.657,0.2,0.2,0.0
M1438173,0.004,5,60.0,0.0,40.0,0.553,0.034,-0.023,0.123
M1438176,0.035,5,40.0,20.0,40.0,0.53,0.076,-0.096,0.172
M1438216,0.014,5,20.0,80.0,0.0,0.425,0.061,0.031,0.0
M1438254,-0.153,5,40.0,20.0,40.0,0.487,-0.17,-0.2,0.0
M1439572,0.343,5,80.0,20.0,0.0,0.638,0.0,0.347,0.247
M1440129,-0.063,5,20.0,40.0,40.0,0.549,-0.061,0.062,0.123
M1440161,0.232,5,40.0,40.0,20.0,0.604,0.104,0.254,0.0
M1440232,0.331,5,60.0,40.0,0.0,0.556,0.138,0.163,0.093
M1440266,0.431,5,80.0,20.0,0.0,0.586,0.353,0.237,0.093
M1440292,0.103,5,40.0,40.0,20.0,0.638,0.107,0.137,0.217
M1440345,0.094,5,40.0,60.0,0.0,0.521,0.04,0.104,0.0
M1440728,0.104,5,40.0,40.0,20.0,0.638,-0.063,0.05,0.0
M1440732,-0.535,5,0.0,20.0,80.0,0.691,-0.1,-0.345,0.0
M1441326,-0.419,5,0.0,40.0,60.0,0.623,0.004,-0.143,0.0
M1441395,0.207,5,60.0,0.0,40.0,0.797,0.318,0.24,0.078
M1441912,0.293,5,60.0,40.0,0.0,0.632,0.217,0.317,0.0
M1441940,0.377,5,60.0,40.0,0.0,0.673,0.204,0.305,0.101
M1441951,0.385,5,80.0,20.0,0.0,0.615,0.182,0.227,0.202
M1441952,0.014,5,20.0,60.0,20.0,0.416,0.013,0.013,0.0
M1441953,0.474,5,80.0,20.0,0.0,0.561,0.107,0.375,0.093
M1442519,0.596,5,100.0,0.0,0.0,0.798,0.3,0.317,0.31
M1446192,0.353,5,80.0,20.0,0.0,0.612,0.113,0.393,0.013
M1446714,0.105,5,40.0,40.0,20.0,0.601,0.104,0.254,0.0
M1448755,-0.072,5,0.0,100.0,0.0,0.422,0.03,0.03,0.0
M1449283,0.193,5,60.0,20.0,20.0,0.639,-0.007,0.103,0.148
M1450321,0.056,5,20.0,60.0,20.0,0.553,0.107,0.013,0.093
M1452628,-0.276,5,20.0,20.0,60.0,0.676,0.0,-0.095,0.0
M1453405,0.234,5,60.0,40.0,0.0,0.484,0.214,0.027,0.278
M1454029,0.423,5,80.0,20.0,0.0,0.574,0.181,0.254,0.0
M14544192,0.621,5,100.0,0.0,0.0,0.672,0.216,0.4,0.078
M1454468,0.203,5,60.0,40.0,0.0,0.517,0.143,0.013,0.093
M1455151,0.212,5,60.0,20.0,20.0,0.684,-0.007,0.124,0.318
M1456060,0.277,5,60.0,40.0,0.0,0.568,0.0,0.25,0.0
M1456472,0.3,5,40.0,60.0,0.0,0.532,0.097,0.154,0.093
M1456635,-0.193,5,20.0,40.0,40.0,0.55,0.013,0.113,0.0
M1456941,0.187,5,60.0,20.0,20.0,0.651,0.202,-0.008,0.31
M1457765,0.212,5,60.0,40.0,0.0,0.589,0.03,0.123,0.123
M1457767,0.049,5,40.0,40.0,20.0,0.647,0.093,-0.035,0.093
M1458169,0.205,5,60.0,20.0,20.0,0.487,0.17,0.113,0.157
M1458175,0.044,5,40.0,0.0,60.0,0.497,0.0,0.25,0.0
M1462041,0.156,5,60.0,20.0,20.0,0.612,0.123,0.08,0.093
M1462667,0.223,5,40.0,60.0,0.0,0.539,0.004,0.254,0.0
M1462758,0.126,5,40.0,40.0,20.0,0.642,0.097,0.029,0.217
M1462769,0.261,5,40.0,60.0,0.0,0.571,0.1,0.25,0.0
M1462900,-0.191,5,0.0,60.0,40.0,0.453,0.015,0.015,0.0
M1462901,-0.665,5,0.0,0.0,100.0,0.731,0.0,-0.391,0.0
M1464174,-0.117,5,20.0,40.0,40.0,0.492,0.015,0.064,0.123
M1464540,0.036,5,40.0,40.0,20.0,0.474,0.097,0.004,0.093
M1464580,0.055,5,20.0,60.0,20.0,0.481,-0.073,0.077,0.0
M1464763,-0.467,5,0.0,20.0,80.0,0.56,0.013,0.013,0.0
M1465487,0.296,5,60.0,20.0,20.0,0.649,0.03,0.273,0.123
M1465522,0.443,5,80.0,20.0,0.0,0.715,0.004,0.437,0.123
M1465533,0.209,5,40.0,60.0,0.0,0.554,0.196,0.117,0.078
M1468846,-0.432,5,0.0,40.0,60.0,0.49,0.017,-0.081,0.0
M1469304,0.241,5,60.0,20.0,20.0,0.694,0.0,0.279,0.123
M1470023,-0.111,5,20.0,40.0,40.0,0.422,0.015,0.095,0.0
M1470827,-0.285,5,20.0,40.0,40.0,0.558,0.004,-0.143,0.0
M1472584,-0.469,5,0.0,20.0,80.0,0.548,-0.148,-0.223,0.0
M1473832,0.022,5,40.0,20.0,40.0,0.568,0.087,-0.1,0.187
M1474276,0.179,5,40.0,40.0,20.0,0.454,0.052,0.119,0.045
M1477076,-0.07,5,0.0,100.0,0.0,0.5,0.017,0.017,0.0
M1477715,0.329,5,60.0,40.0,0.0,0.537,0.114,0.292,0.101
M1477834,0.63,5,100.0,0.0,0.0,0.757,0.141,0.51,0.247
M1477837,-0.185,5,20.0,40.0,40.0,0.614,0.004,-0.042,0.101
M1477855,-0.412,5,0.0,40.0,60.0,0.556,0.027,-0.218,0.0
M1478338,0.029,5,40.0,40.0,20.0,0.468,0.084,0.017,0.0
M1478839,0.354,5,60.0,0.0,40.0,0.667,0.227,0.35,0.123
M1478964,0.066,5,20.0,60.0,20.0,0.387,0.108,0.03,0.078
M1480295,0.11,5,40.0,40.0,20.0,0.603,0.222,-0.018,0.093
M1480656,-0.712,5,0.0,0.0,100.0,0.643,-0.1,-0.443,0.0
M14810692,0.342,5,60.0,40.0,0.0,0.653,0.128,0.358,0.0
M1481572,-0.14,5,0.0,80.0,20.0,0.551,-0.1,-0.1,0.0
M1482459,-0.149,5,0.0,80.0,20.0,0.499,0.017,0.017,-0.087
M1483013,-0.037,5,40.0,0.0,60.0,0.618,0.0,0.103,0.0
M1483324,0.166,5,40.0,40.0,20.0,0.638,0.078,0.123,0.202
M1485749,-0.051,5,40.0,40.0,20.0,0.51,-0.023,-0.1,0.0
M1485796,0.261,5,60.0,20.0,20.0,0.562,0.113,0.363,0.0
M1486185,-0.235,5,0.0,60.0,40.0,0.578,0.004,-0.094,0.0
M1486192,0.013,5,20.0,60.0,20.0,0.614,0.097,0.004,0.093
M1486616,0.357,5,80.0,20.0,0.0,0.514,0.162,0.1,0.093
M1486834,-0.031,5,20.0,60.0,20.0,0.606,0.097,-0.094,0.093
M1487118,-0.253,5,20.0,20.0,60.0,0.609,0.061,-0.085,0.0
M1487931,-0.427,5,0.0,40.0,60.0,0.587,-0.092,-0.239,-0.2
M1488555,-0.083,5,20.0,60.0,20.0,0.629,0.004,0.084,0.0
M1488606,-0.026,5,0.0,100.0,0.0,0.359,0.03,0.03,0.0
M1489887,0.21,5,60.0,20.0,20.0,0.738,0.093,0.1,0.34
M1489889,-0.225,5,40.0,0.0,60.0,0.537,0.1,0.026,0.0
M1490017,0.056,5,60.0,0.0,40.0,0.758,0.3,-0.131,0.089
M1490785,0.035,5,40.0,20.0,40.0,0.675,0.117,0.094,0.123
M1491044,0.118,5,40.0,60.0,0.0,0.521,0.017,0.141,0.123
M1496025,0.306,5,60.0,40.0,0.0,0.547,0.115,0.238,0.123
M1496422,-0.319,5,20.0,0.0,80.0,0.709,-0.1,-0.097,0.0
M1498569,0.126,5,40.0,40.0,20.0,0.45,0.147,0.117,0.0
M1499658,0.28,5,60.0,40.0,0.0,0.58,0.093,0.2,0.093
M1499666,0.137,5,60.0,20.0,20.0,0.603,0.193,0.2,0.093
M1502397,0.126,5,60.0,20.0,20.0,0.594,0.104,0.058,0.101
M1502404,-0.676,5,0.0,0.0,100.0,0.607,0.0,-0.44,0.0
M1502407,0.259,5,40.0,60.0,0.0,0.576,0.107,0.114,0.194
M1502712,-0.565,5,0.0,20.0,80.0,0.606,0.0,-0.147,0.0
M1504320,0.458,5,80.0,20.0,0.0,0.756,0.1,0.411,0.247
M1506999,-0.132,5,0.0,80.0,20.0,0.442,0.004,-0.071,0.0
M1507563,-0.44,5,0.0,40.0,60.0,0.49,-0.061,-0.208,0.0
M1508675,-0.031,5,20.0,60.0,20.0,0.461,0.011,-0.083,0.093
M1509767,-0.087,5,20.0,60.0,20.0,0.454,0.0,0.067,0.0
M1512235,-0.073,5,0.0,100.0,0.0,0.438,0.023,0.023,0.0
M1512685,0.497,5,80.0,20.0,0.0,0.657,0.27,0.363,0.123
M1515091,0.096,5,80.0,0.0,20.0,0.417,-0.006,0.024,0.0
M1517260,0.258,5,60.0,40.0,0.0,0.599,0.008,0.254,0.247
M1517451,0.515,5,80.0,20.0,0.0,0.712,0.093,0.373,0.217
M1518812,-0.101,5,40.0,20.0,40.0,0.512,0.123,0.0,0.093
M1519461,-0.576,5,0.0,20.0,80.0,0.578,-0.296,-0.443,0.0
M1521197,0.24,5,40.0,60.0,0.0,0.621,0.131,0.231,0.101
M1523483,-0.413,5,0.0,40.0,60.0,0.557,-0.087,-0.185,0.0
M1524137,-0.036,5,0.0,100.0,0.0,0.389,0.034,0.034,0.0
M1524575,-0.329,5,20.0,20.0,60.0,0.673,0.0,-0.096,0.0
M1524930,-0.214,5,20.0,40.0,40.0,0.666,0.013,-0.156,0.123
M1525366,-0.009,5,20.0,60.0,20.0,0.616,0.0,0.025,0.123
M1525890,-0.228,5,20.0,40.0,40.0,0.645,-0.1,-0.167,0.0
M1527186,-0.108,5,40.0,0.0,60.0,0.708,-0.1,0.023,0.123
M1527788,0.358,5,80.0,20.0,0.0,0.504,0.17,0.2,0.0
M1528071,0.081,5,40.0,40.0,20.0,0.648,0.013,0.217,0.123
M1528100,-0.105,5,40.0,40.0,20.0,0.425,0.004,0.004,0.0
M1528734,0.332,5,80.0,20.0,0.0,0.625,0.034,0.334,0.0
M1528854,-0.203,5,0.0,60.0,40.0,0.506,-0.092,-0.092,0.0
M1529572,0.106,5,40.0,60.0,0.0,0.384,0.054,0.017,0.0
M1530983,0.074,5,40.0,20.0,40.0,0.605,-0.007,0.023,0.217
M1531663,-0.165,5,0.0,80.0,20.0,0.46,0.027,0.027,0.0
M1531901,-0.326,5,0.0,60.0,40.0,0.517,-0.096,-0.243,0.0
M1531924,0.158,5,40.0,60.0,0.0,0.587,0.14,0.14,0.0
M1532503,0.481,5,80.0,0.0,20.0,0.551,0.123,0.261,0.093
M1532958,-0.231,5,20.0,20.0,60.0,0.761,0.0,-0.023,0.123
M1534085,-0.316,5,0.0,60.0,40.0,0.555,-0.096,-0.096,0.0
M1535108,0.311,5,60.0,40.0,0.0,0.49,0.046,0.215,0.0
M1535109,0.561,5,100.0,0.0,0.0,0.697,0.28,0.223,0.404
M1535438,0.116,5,40.0,40.0,20.0,0.458,0.004,0.115,0.0
M1535612,-0.417,5,0.0,20.0,80.0,0.504,-0.076,-0.225,0.0
M1535616,-0.486,5,0.0,40.0,60.0,0.632,-0.096,-0.389,0.0
M1535970,-0.146,5,20.0,60.0,20.0,0.493,0.017,-0.029,0.0
M1536044,-0.506,5,0.0,20.0,80.0,0.688,-0.1,-0.296,0.0
M1536048,-0.071,5,0.0,80.0,20.0,0.532,0.004,0.004,0.0
M1536410,-0.119,5,20.0,40.0,40.0,0.594,-0.007,-0.198,0.093
M1536537,0.312,5,60.0,40.0,0.0,0.579,0.131,0.227,0.123
M1538403,0.208,5,60.0,20.0,20.0,0.624,0.127,0.003,0.093
M1540011,-0.587,5,0.0,20.0,80.0,0.669,0.004,-0.387,0.0
M1540128,-0.105,5,20.0,40.0,40.0,0.574,0.0,0.0,0.0
M1540133,0.303,5,60.0,20.0,20.0,0.537,0.043,0.287,0.123
M1540741,-0.172,5,0.0,80.0,20.0,0.486,-0.073,-0.073,0.0
M1540767,-0.59,5,0.0,0.0,100.0,0.694,0.0,-0.147,0.0
M1541160,0.091,5,60.0,20.0,20.0,0.473,0.143,0.113,0.0
M1541874,-0.254,5,0.0,60.0,40.0,0.619,0.004,0.004,0.0
M1542344,0.226,5,40.0,60.0,0.0,0.579,0.004,0.254,0.0
M1542768,-0.121,5,20.0,40.0,40.0,0.601,0.108,0.015,0.093
M1544608,-0.125,5,20.0,40.0,40.0,0.602,0.113,-0.033,0.0
M1545106,0.129,5,40.0,40.0,20.0,0.584,0.0,0.223,0.123
M1545304,0.068,5,20.0,80.0,0.0,0.459,0.034,0.004,0.0
M1545660,-0.505,5,0.0,20.0,80.0,0.481,-0.061,-0.21,0.0
M1545754,-0.472,5,0.0,20.0,80.0,0.682,0.0,-0.245,0.0
M1545759,0.142,5,40.0,60.0,0.0,0.447,0.137,0.015,0.093
M1547234,0.01,5,20.0,60.0,20.0,0.439,0.034,0.184,0.0
M1549572,0.351,5,60.0,40.0,0.0,0.584,0.113,0.337,0.123
M1549589,0.006,5,20.0,80.0,0.0,0.5,0.017,0.117,0.0
M1549920,-0.238,5,20.0,20.0,60.0,0.703,0.127,-0.094,0.0
M1550312,0.286,5,60.0,20.0,20.0,0.573,0.004,0.277,0.123
M1551630,-0.011,5,20.0,80.0,0.0,0.467,0.0,0.0,0.0
M1552211,-0.657,5,0.0,0.0,100.0,0.535,0.0,-0.149,0.0
M1552224,-0.148,5,20.0,20.0,60.0,0.668,0.127,0.127,0.0
M1554091,0.12,5,20.0,80.0,0.0,0.351,0.119,0.04,0.078
M1555064,0.004,5,40.0,40.0,20.0,0.565,0.092,-0.005,0.078
M1555093,-0.28,5,20.0,40.0,40.0,0.55,0.034,-0.143,0.0
M1555149,0.497,5,80.0,20.0,0.0,0.609,0.124,0.228,0.303
M1556243,-0.055,5,20.0,60.0,20.0,0.616,0.004,0.127,0.123
M1558877,0.264,5,60.0,20.0,20.0,0.611,0.141,0.1,0.093
M1559036,-0.242,5,20.0,40.0,40.0,0.545,-0.096,-0.094,-0.198
M1559547,-0.266,5,0.0,40.0,60.0,0.545,-0.1,-0.1,0.0
M1559549,0.409,5,60.0,40.0,0.0,0.658,0.237,0.36,0.123
M1560139,0.135,5,40.0,40.0,20.0,0.679,0.013,0.137,0.123
M1560220,0.201,5,40.0,60.0,0.0,0.488,0.03,0.218,0.123
M1560747,0.5,5,80.0,20.0,0.0,0.563,0.03,0.335,0.224
M1560970,0.422,5,60.0,40.0,0.0,0.682,0.22,0.277,0.093
M1560985,-0.712,5,0.0,0.0,100.0,0.643,-0.1,-0.443,0.0
M1562872,0.314,5,80.0,20.0,0.0,0.564,0.058,0.217,0.123
M1563738,0.383,5,80.0,20.0,0.0,0.629,0.273,0.127,0.078
M1563742,-0.385,5,20.0,0.0,80.0,0.769,0.127,-0.216,0.0
M1564349,0.546,5,80.0,20.0,0.0,0.745,0.13,0.488,0.247
M1564367,-0.055,5,20.0,60.0,20.0,0.541,0.008,0.021,0.0
M1564585,-0.227,5,0.0,60.0,40.0,0.455,-0.061,-0.061,0.0
M1564777,-0.166,5,20.0,40.0,40.0,0.532,0.001,-0.092,0.093
M1565958,0.255,5,60.0,40.0,0.0,0.54,0.112,0.104,0.078
M1567233,-0.184,5,20.0,40.0,40.0,0.525,-0.07,-0.117,0.0
M1567437,-0.282,5,0.0,60.0,40.0,0.51,0.017,0.017,0.0
M1567609,-0.082,5,20.0,40.0,40.0,0.513,0.093,0.0,0.093
M1568150,0.113,5,40.0,40.0,20.0,0.359,0.126,0.01,0.093
M1568338,-0.139,5,40.0,20.0,40.0,0.509,0.104,0.104,0.0
M1568343,0.132,5,20.0,80.0,0.0,0.46,0.0,0.1,0.0
M1568346,0.023,5,20.0,80.0,0.0,0.522,0.107,0.013,0.093
M1568911,0.087,5,20.0,80.0,0.0,0.473,0.105,0.027,0.078
M1568921,-0.093,5,20.0,60.0,20.0,0.439,0.027,-0.005,-0.071
M1570728,0.45,5,60.0,40.0,0.0,0.798,0.127,0.4,0.123
M1570989,-0.289,5,0.0,60.0,40.0,0.584,-0.096,-0.096,0.0
M1571222,0.261,5,60.0,40.0,0.0,0.572,0.107,0.137,0.217
M1571234,-0.074,5,20.0,40.0,40.0,0.55,0.004,0.005,0.0
M1571249,-0.11,5,20.0,60.0,20.0,0.63,0.0,0.08,0.0
M1572306,-0.037,5,40.0,20.0,40.0,0.657,0.004,0.129,0.123
M1572315,-0.604,5,0.0,0.0,100.0,0.683,0.0,-0.196,0.0
M1572491,-0.049,5,40.0,20.0,40.0,0.642,0.107,0.015,0.093
M1577052,-0.116,5,20.0,60.0,20.0,0.488,-0.083,-0.083,0.0
M1578275,-0.191,5,20.0,40.0,40.0,0.6,0.013,0.093,0.0
M1579361,0.451,5,80.0,20.0,0.0,0.575,0.287,0.2,0.187
M1581835,-0.201,5,20.0,40.0,40.0,0.687,-0.1,-0.123,0.123
M1582248,0.139,5,40.0,20.0,40.0,0.513,0.03,0.15,0.0
M1582271,0.111,5,60.0,20.0,20.0,0.643,0.193,0.02,0.093
M1582507,-0.178,5,20.0,40.0,40.0,0.534,-0.096,-0.096,0.0
M1583420,-0.136,5,20.0,20.0,60.0,0.566,0.013,0.016,0.101
M1583421,0.007,5,40.0,20.0,40.0,0.607,-0.076,0.135,0.0
M1584016,0.239,5,40.0,60.0,0.0,0.427,0.144,0.113,0.0
M1586265,-0.163,5,20.0,40.0,40.0,0.677,0.017,-0.081,0.0
M1586752,0.158,5,40.0,40.0,20.0,0.494,0.144,0.104,0.0
M1587310,0.153,5,20.0,80.0,0.0,0.4,0.045,0.195,0.0
M1587707,0.25,5,60.0,20.0,20.0,0.589,0.03,0.28,0.0
M1588170,0.424,5,80.0,20.0,0.0,0.69,0.093,0.33,0.093
M1588173,0.399,5,80.0,20.0,0.0,0.655,0.224,0.23,0.093
M1588334,-0.137,5,20.0,40.0,40.0,0.596,0.004,-0.043,0.0
M1588337,0.085,5,40.0,40.0,20.0,0.559,-0.087,0.117,0.123
M1588398,0.072,5,40.0,40.0,20.0,0.478,0.027,-0.096,0.093
M1588878,-0.178,5,20.0,40.0,40.0,0.544,-0.039,-0.087,0.0
M1588895,0.203,5,60.0,40.0,0.0,0.553,0.13,0.1,0.0
M1590089,0.538,5,80.0,20.0,0.0,0.678,0.207,0.387,0.217
M1590193,-0.021,5,0.0,100.0,0.0,0.388,0.03,0.03,0.0
M1590950,-0.128,5,40.0,20.0,40.0,0.45,-0.118,-0.152,0.0
M1591095,-0.206,5,20.0,40.0,40.0,0.597,0.038,-0.147,0.0
M1591479,0.012,5,20.0,80.0,0.0,0.374,0.058,0.03,0.0
M1592281,-0.148,5,20.0,40.0,40.0,0.638,-0.096,-0.093,0.0
M1592525,-0.225,5,0.0,80.0,20.0,0.51,0.011,-0.135,0.0
M1592873,-0.362,5,20.0,0.0,80.0,0.701,-0.1,-0.195,0.0
M1594562,-0.065,5,20.0,60.0,20.0,0.539,-0.096,0.004,0.0
M1594972,-0.502,5,20.0,0.0,80.0,0.662,0.0,-0.343,-0.232
M1595656,0.374,5,80.0,20.0,0.0,0.59,0.168,0.15,0.093
M1596343,0.544,5,80.0,20.0,0.0,0.695,0.191,0.277,0.31
M1596345,0.364,5,60.0,20.0,20.0,0.621,0.1,0.35,0.0
M1596346,0.286,5,60.0,20.0,20.0,0.656,0.004,0.378,0.224
M1596350,0.109,5,40.0,60.0,0.0,0.491,0.142,0.015,0.093
M1596363,0.583,5,100.0,0.0,0.0,0.662,0.304,0.223,0.28
M1596365,-0.368,5,0.0,20.0,80.0,0.473,-0.1,-0.1,0.0
M1596753,0.232,5,40.0,60.0,0.0,0.606,0.1,0.25,0.0
M1597522,-0.217,5,0.0,60.0,40.0,0.509,0.031,0.031,0.0
M1598642,-0.206,5,20.0,40.0,40.0,0.512,-0.2,-0.2,0.0
M1598778,0.147,5,20.0,80.0,0.0,0.502,0.0,0.123,0.123
M1598822,0.039,5,20.0,60.0,20.0,0.574,0.004,0.154,0.0
M1598828,-0.279,5,0.0,60.0,40.0,0.502,-0.072,-0.147,0.0
M1598873,0.322,5,60.0,40.0,0.0,0.514,0.122,0.101,0.194
M1599348,-0.036,5,40.0,40.0,20.0,0.439,0.031,-0.076,0.0
M1600195,-0.303,5,20.0,20.0,60.0,0.511,-0.042,-0.225,0.0
M1600196,0.414,5,80.0,20.0,0.0,0.648,0.193,0.223,0.217
M1600524,0.273,5,60.0,40.0,0.0,0.67,0.187,0.1,0.187
M1601913,-0.042,5,20.0,40.0,40.0,0.507,0.093,-0.074,0.093
M1602098,-0.364,5,0.0,40.0,60.0,0.58,-0.187,-0.187,0.0
M1602472,-0.313,5,0.0,60.0,40.0,0.566,0.013,-0.133,0.0
M1602613,0.32,5,80.0,20.0,0.0,0.612,0.185,0.18,0.0
M1602620,0.003,5,0.0,100.0,0.0,0.458,0.027,0.027,0.0
M1603257,-0.429,5,0.0,40.0,60.0,0.504,0.013,-0.231,0.0
M1605630,0.054,5,20.0,80.0,0.0,0.463,0.055,0.017,0.0
M1605717,0.118,5,20.0,80.0,0.0,0.536,0.117,0.117,0.0
M1605777,-0.37,5,0.0,40.0,60.0,0.537,0.0,-0.196,0.0
M1605783,0.564,5,80.0,20.0,0.0,0.704,0.013,0.511,0.348
M1606339,0.103,5,40.0,40.0,20.0,0.631,0.093,-0.035,0.093
M1606378,-0.173,5,20.0,20.0,60.0,0.524,0.0,-0.12,0.101
M1606384,0.382,5,80.0,20.0,0.0,0.619,0.139,0.234,0.093
M1606389,-0.016,5,20.0,60.0,20.0,0.42,0.031,0.142,0.0
M1606392,0.076,5,20.0,40.0,40.0,0.445,0.017,0.167,0.0
M1608290,-0.421,5,20.0,0.0,80.0,0.641,-0.1,-0.198,0.0
M1609479,0.409,5,60.0,40.0,0.0,0.722,0.22,0.277,0.093
M1610996,-0.193,5,20.0,40.0,40.0,0.547,0.0,0.067,0.0
M1611224,-0.27,5,0.0,60.0,40.0,0.539,0.004,0.004,0.0
M1612774,-0.246,5,40.0,0.0,60.0,0.646,-0.069,-0.27,0.123
M1613062,0.393,5,80.0,20.0,0.0,0.691,0.187,0.23,0.187
M1613092,0.381,5,80.0,20.0,0.0,0.544,0.148,0.301,0.0
M1613750,0.379,5,60.0,40.0,0.0,0.674,0.158,0.263,0.0
M1614989,0.377,5,100.0,0.0,0.0,0.505,0.229,0.067,0.187
M1615065,0.17,5,20.0,80.0,0.0,0.467,0.113,0.113,0.0
M1615147,0.043,5,40.0,40.0,20.0,0.498,0.043,0.163,0.0
M1615160,0.13,5,40.0,40.0,20.0,0.579,0.097,0.142,0.202
M1616195,-0.003,5,60.0,0.0,40.0,0.553,0.078,-0.035,0.078
M1617661,-0.163,5,40.0,0.0,60.0,0.648,0.002,-0.174,0.202
M1618434,0.021,5,40.0,20.0,40.0,0.619,0.1,0.176,0.0
M1618442,0.117,5,40.0,40.0,20.0,0.468,0.123,0.067,0.093
M1618448,0.337,5,60.0,20.0,20.0,0.677,0.033,0.333,0.0
M1619029,0.059,5,20.0,60.0,20.0,0.56,0.093,0.0,0.093
M1620604,0.242,5,40.0,60.0,0.0,0.53,0.045,0.158,0.0
M1620680,-0.606,5,0.0,0.0,100.0,0.533,-0.1,-0.247,0.0
M1620935,0.042,5,20.0,80.0,0.0,0.551,0.013,0.113,0.0
M1620981,-0.17,5,20.0,40.0,40.0,0.517,0.027,-0.107,-0.071
M1621039,-0.288,5,0.0,60.0,40.0,0.583,0.017,-0.129,-0.052
M1621045,-0.036,5,40.0,20.0,40.0,0.645,-0.196,0.027,0.123
M1621046,0.107,5,20.0,80.0,0.0,0.562,0.013,0.125,0.0
M1621444,0.482,5,80.0,20.0,0.0,0.644,0.151,0.377,0.0
M1622547,0.079,5,40.0,40.0,20.0,0.473,0.021,0.028,0.093
M1622979,-0.028,5,20.0,60.0,20.0,0.578,0.013,0.013,0.0
M1623205,-0.174,5,20.0,40.0,40.0,0.611,0.017,-0.104,0.123
M1623288,0.132,5,20.0,80.0,0.0,0.641,0.004,0.127,0.236
M1625346,-0.121,5,20.0,60.0,20.0,0.465,0.047,-0.129,0.0
M1626146,0.345,5,60.0,40.0,0.0,0.508,0.065,0.229,0.101
M1626175,0.186,5,60.0,20.0,20.0,0.602,0.013,0.143,0.217
M1628841,-0.248,5,0.0,60.0,40.0,0.442,-0.137,-0.137,0.0
M1629242,0.007,5,60.0,0.0,40.0,0.589,0.156,-0.098,0.078
M1629757,0.032,5,20.0,80.0,0.0,0.483,0.043,0.013,0.0
M1630036,0.077,5,20.0,80.0,0.0,0.594,0.008,0.131,0.123
M1631707,-0.291,5,20.0,20.0,60.0,0.558,-0.222,-0.3,0.078
M1631867,0.427,5,80.0,20.0,0.0,0.72,0.213,0.437,0.123
M1632547,0.363,5,60.0,40.0,0.0,0.479,0.062,0.15,0.0
M1632708,-0.013,5,20.0,60.0,20.0,0.511,0.013,0.125,0.0
M1633356,-0.511,5,0.0,20.0,80.0,0.552,0.013,-0.085,0.0
M1634003,0.177,5,40.0,60.0,0.0,0.637,0.16,0.13,0.1
M1634106,-0.161,5,0.0,40.0,60.0,0.473,0.0,0.0,0.0
M1634121,-0.231,5,20.0,40.0,40.0,0.492,-0.057,-0.087,0.0
M1634122,-0.381,5,0.0,40.0,60.0,0.633,0.004,-0.143,0.0
M1634136,-0.112,5,0.0,80.0,20.0,0.488,0.015,0.015,0.0
M1636826,-0.026,5,20.0,60.0,20.0,0.418,0.059,0.021,0.0
M1637688,0.22,5,60.0,0.0,40.0,0.812,0.127,0.299,0.247
M1637706,-0.073,5,20.0,60.0,20.0,0.593,0.107,-0.085,0.093
M1637725,0.324,5,60.0,40.0,0.0,0.62,0.257,0.227,0.0
M1638002,-0.038,5,20.0,60.0,20.0,0.508,0.013,0.113,0.0
M1638353,0.066,5,60.0,0.0,40.0,0.518,0.1,0.069,0.0
M1638355,0.319,5,60.0,20.0,20.0,0.733,0.32,0.227,0.093
M1638364,0.056,5,20.0,80.0,0.0,0.383,0.024,0.102,0.0
M1639084,0.323,5,60.0,40.0,0.0,0.672,0.314,0.127,0.187
M1639426,0.53,5,80.0,20.0,0.0,0.699,0.257,0.377,0.0
M1639826,-0.425,5,0.0,40.0,60.0,0.585,-0.096,-0.194,-0.163
M1640459,-0.319,5,20.0,20.0,60.0,0.626,-0.076,-0.268,0.101
M1640548,-0.514,5,0.0,40.0,60.0,0.553,0.027,-0.413,0.0
M1640711,-0.288,5,20.0,20.0,60.0,0.592,-0.1,0.023,0.123
M1640718,-0.14,5,40.0,0.0,60.0,0.703,0.127,0.047,-0.2
M1641841,0.062,5,60.0,0.0,40.0,0.671,0.113,0.088,0.123
M1645080,0.285,5,60.0,40.0,0.0,0.528,0.137,0.125,0.093
M1645089,0.466,5,100.0,0.0,0.0,0.5,0.141,0.25,0.093
M1645131,0.096,5,60.0,0.0,40.0,0.659,-0.1,0.094,0.101
M1645155,-0.015,5,20.0,80.0,0.0,0.479,0.0,0.0,0.0
M1645170,0.205,5,40.0,60.0,0.0,0.54,0.15,0.113,0.0
M1646959,0.278,5,40.0,60.0,0.0,0.707,0.0,0.273,0.123
M1646971,0.441,5,80.0,20.0,0.0,0.664,0.369,0.253,0.129
M1646980,-0.093,5,40.0,40.0,20.0,0.469,0.034,0.0,0.0
M1646987,-0.47,5,0.0,20.0,80.0,0.683,0.004,-0.143,0.0
M1647668,0.351,5,80.0,20.0,0.0,0.643,0.207,0.313,0.093
M1648179,0.104,5,60.0,20.0,20.0,0.533,0.115,-0.072,0.187
M1648186,-0.211,5,20.0,20.0,60.0,0.738,0.027,-0.071,0.0
M1648190,-0.118,5,20.0,40.0,40.0,0.49,-0.046,0.003,0.123
M1648216,-0.07,5,40.0,20.0,40.0,0.507,0.108,0.041,0.093
M1649419,0.403,5,60.0,40.0,0.0,0.571,0.051,0.228,0.224
M1649443,-0.564,5,0.0,20.0,80.0,0.53,0.004,-0.094,0.0
M1649444,-0.331,5,0.0,60.0,40.0,0.556,-0.096,-0.194,0.0
M1649780,0.206,5,40.0,60.0,0.0,0.606,0.008,0.232,0.224
M1650043,0.055,5,40.0,40.0,20.0,0.469,0.113,0.213,0.0
M1650048,0.513,5,80.0,20.0,0.0,0.697,0.409,0.33,0.078
M1650062,0.023,5,40.0,40.0,20.0,0.522,0.034,0.07,0.0
M1650393,0.014,5,40.0,20.0,40.0,0.708,0.093,0.025,0.217
M1650453,0.387,5,80.0,20.0,0.0,0.592,0.034,0.377,0.123
M1650554,0.3,5,40.0,60.0,0.0,0.528,0.115,0.265,0.0
M1653665,0.501,5,80.0,20.0,0.0,0.619,0.151,0.413,0.0
M1654523,-0.128,5,20.0,40.0,40.0,0.567,-0.187,-0.063,0.123
M1654829,-0.199,5,0.0,60.0,40.0,0.515,0.013,-0.085,0.0
M1655413,-0.322,5,0.0,60.0,40.0,0.559,-0.087,-0.233,-0.052
M1655416,-0.219,5,0.0,80.0,20.0,0.513,0.017,-0.081,0.0
M1655420,0.391,5,60.0,40.0,0.0,0.538,0.013,0.38,0.0
M1655441,0.179,5,60.0,20.0,20.0,0.581,-0.1,0.201,0.123
M1655442,0.303,5,60.0,40.0,0.0,0.641,0.143,0.263,0.0
M1655460,-0.05,5,40.0,40.0,20.0,0.534,0.071,0.004,0.0
M1656186,-0.245,5,20.0,40.0,40.0,0.514,-0.048,-0.223,0.0
M1656190,-0.066,5,0.0,80.0,20.0,0.362,0.034,0.034,0.0
M1656192,0.291,5,40.0,60.0,0.0,0.591,0.0,0.251,0.101
M1657507,-0.03,5,20.0,60.0,20.0,0.54,0.093,0.0,0.093
M1657510,0.515,5,80.0,20.0,0.0,0.733,0.213,0.463,0.0
M1658801,-0.088,5,20.0,60.0,20.0,0.444,-0.083,-0.083,0.0
M1658837,-0.106,5,20.0,60.0,20.0,0.379,-0.06,-0.06,0.0
M1659337,0.396,5,80.0,0.0,20.0,0.542,0.1,0.417,0.0
M1659338,-0.378,5,0.0,40.0,60.0,0.562,0.008,-0.141,0.0
M1659343,-0.499,5,0.0,20.0,80.0,0.536,-0.137,-0.284,0.0
M1660302,-0.183,5,20.0,40.0,40.0,0.595,-0.007,-0.1,0.093
M1661199,0.294,5,60.0,40.0,0.0,0.457,0.03,0.211,0.0
M1661275,0.004,5,20.0,60.0,20.0,0.547,-0.087,0.037,0.123
M1661382,0.091,5,40.0,40.0,20.0,0.581,0.035,0.127,0.123
M1661820,-0.129,5,20.0,40.0,40.0,0.582,-0.087,-0.087,0.0
M1662293,-0.191,5,20.0,40.0,40.0,0.533,0.111,-0.129,0.093
M1663143,-0.207,5,20.0,20.0,60.0,0.582,0.03,-0.098,0.0
M1663202,0.184,5,60.0,20.0,20.0,0.538,0.229,-0.132,0.172
M1663207,-0.164,5,0.0,80.0,20.0,0.529,0.017,0.017,0.0
M1663321,0.111,5,40.0,40.0,20.0,0.615,0.1,0.18,0.0
M1663662,0.457,5,100.0,0.0,0.0,0.682,0.212,0.303,0.202
M1664894,0.181,5,40.0,60.0,0.0,0.501,0.11,0.188,0.0
M1666185,0.159,5,40.0,40.0,20.0,0.563,0.004,0.154,0.0
M1666287,-0.073,5,40.0,0.0,60.0,0.736,0.127,0.13,0.0
M1666335,-0.132,5,40.0,20.0,40.0,0.633,0.107,-0.103,0.093
M1666801,-0.099,5,20.0,60.0,20.0,0.427,0.061,-0.067,0.0
M1667307,-0.272,5,0.0,60.0,40.0,0.498,0.0,0.0,0.0
M1667310,0.13,5,20.0,80.0,0.0,0.601,0.013,0.163,0.0
M1667321,-0.043,5,20.0,60.0,20.0,0.628,0.093,-0.098,0.093
M1667353,-0.228,5,0.0,60.0,40.0,0.616,0.004,-0.094,0.0
M1667355,0.01,5,20.0,60.0,20.0,0.48,0.04,0.14,0.0
M1667889,-0.152,5,20.0,60.0,20.0,0.47,0.048,-0.129,0.044
M1667905,0.225,5,40.0,60.0,0.0,0.528,0.11,0.233,0.123
M1668200,0.582,5,100.0,0.0,0.0,0.631,0.323,0.311,0.093
M1670345,0.642,5,100.0,0.0,0.0,0.768,0.2,0.558,0.247
M1673434,0.25,5,60.0,20.0,20.0,0.655,0.097,0.277,0.217
M1673697,0.206,5,60.0,20.0,20.0,0.67,0.207,0.139,0.217
M1673702,0.009,5,20.0,60.0,20.0,0.547,0.027,0.15,0.05
M1673734,0.092,5,40.0,40.0,20.0,0.399,0.044,0.113,0.0
M1674771,0.204,5,40.0,60.0,0.0,0.631,0.047,0.123,0.123
M1674773,-0.037,5,20.0,60.0,20.0,0.532,0.021,0.024,0.0
M1674784,-0.279,5,20.0,20.0,60.0,0.555,0.004,0.004,0.0
M1675192,0.107,5,60.0,40.0,0.0,0.523,0.071,0.084,0.0
M1675434,0.25,5,40.0,60.0,0.0,0.554,0.114,0.144,0.217
M1677561,0.453,5,80.0,20.0,0.0,0.669,0.204,0.427,0.123
M1677720,0.426,5,80.0,20.0,0.0,0.552,0.062,0.25,0.0
M1679335,0.003,5,20.0,60.0,20.0,0.394,0.058,0.027,-0.011
M1680045,-0.313,5,0.0,60.0,40.0,0.439,-0.06,-0.206,0.0
M1680114,-0.044,5,20.0,60.0,20.0,0.587,0.093,-0.147,0.093
M1682180,0.032,5,40.0,40.0,20.0,0.492,0.047,0.017,0.0
M1682181,0.394,5,60.0,40.0,0.0,0.566,0.103,0.245,0.217
M1683048,0.444,5,60.0,40.0,0.0,0.67,0.0,0.423,0.123
M1683526,0.463,5,80.0,20.0,0.0,0.634,0.257,0.277,0.093
M1683876,0.613,5,80.0,20.0,0.0,0.708,0.327,0.477,0.0
M1684233,-0.183,5,20.0,40.0,40.0,0.501,0.004,-0.071,0.0
M1684925,-0.061,5,0.0,80.0,20.0,0.423,0.027,0.027,0.0
M1686821,0.171,5,60.0,0.0,40.0,0.586,0.0,0.199,0.123
M1687247,0.185,5,40.0,60.0,0.0,0.352,0.043,0.131,0.0
M1687901,0.02,5,40.0,40.0,20.0,0.454,0.104,0.027,0.0
M1690953,0.455,5,80.0,20.0,0.0,0.615,0.22,0.227,0.29
M1691154,-0.523,5,20.0,0.0,80.0,0.638,-0.1,-0.393,0.0
M1691916,0.104,5,20.0,80.0,0.0,0.532,0.017,0.141,0.123
M1691917,-0.137,5,20.0,40.0,40.0,0.608,0.013,-0.085,-0.15
M1692190,0.369,5,80.0,20.0,0.0,0.569,0.028,0.273,0.123
M1692486,-0.02,5,60.0,0.0,40.0,0.513,-0.022,0.0,0.078
M1694020,-0.158,5,0.0,60.0,40.0,0.492,0.0,0.0,0.0
M1694021,-0.408,5,20.0,20.0,60.0,0.585,-0.076,-0.269,0.0
M1697064,-0.268,5,0.0,60.0,40.0,0.501,-0.096,-0.096,0.0
M1698010,0.748,5,100.0,0.0,0.0,0.758,0.0,0.625,0.325
M1698641,0.061,5,60.0,20.0,20.0,0.566,0.104,0.106,0.0
M1698648,-0.104,5,40.0,0.0,60.0,0.688,-0.007,-0.146,0.093
M1698652,0.395,5,80.0,20.0,0.0,0.6,0.231,0.178,0.093
M1699231,0.083,5,40.0,20.0,40.0,0.662,0.093,0.123,0.217
M1699518,0.136,5,40.0,60.0,0.0,0.377,0.03,0.0,0.0
M1699755,0.476,5,80.0,20.0,0.0,0.682,0.287,0.25,0.187
M1700808,-0.126,5,40.0,0.0,60.0,0.65,-0.1,0.004,0.101
M1700841,0.265,5,60.0,20.0,20.0,0.533,0.187,0.0,0.293
M1700844,-0.064,5,20.0,60.0,20.0,0.605,0.1,-0.047,0.0
M1700845,-0.199,5,0.0,60.0,40.0,0.542,0.004,-0.143,0.0
M1701990,0.029,5,40.0,40.0,20.0,0.591,0.0,0.0,0.0
M1702014,0.292,5,80.0,20.0,0.0,0.539,0.13,0.167,0.093
M1702425,-0.092,5,20.0,60.0,20.0,0.446,0.021,-0.01,0.0
M1702439,0.063,5,40.0,40.0,20.0,0.559,0.082,0.07,0.078
M1702443,-0.368,5,20.0,0.0,80.0,0.628,0.1,-0.057,0.0
M1703148,-0.1,5,0.0,80.0,20.0,0.453,0.013,0.013,0.0
M1703199,-0.254,5,0.0,60.0,40.0,0.619,0.004,0.004,0.0
M1703957,-0.164,5,0.0,80.0,20.0,0.529,0.017,0.017,0.0
M1704573,0.056,5,40.0,40.0,20.0,0.531,-0.096,0.12,0.0
M1705786,0.239,5,60.0,40.0,0.0,0.507,0.107,0.18,0.093
M1705952,-0.529,5,20.0,0.0,80.0,0.601,-0.2,-0.445,-0.234
M1706593,-0.302,5,20.0,40.0,40.0,0.542,0.013,-0.231,0.0
M1706598,-0.115,5,40.0,20.0,40.0,0.578,0.127,0.029,0.0
M1706620,-0.044,5,20.0,60.0,20.0,0.508,0.119,0.044,0.0
M1707380,-0.28,5,20.0,20.0,60.0,0.473,-0.1,-0.1,0.0
M1707386,0.489,5,80.0,20.0,0.0,0.632,0.038,0.335,0.224
M1707392,0.093,5,40.0,40.0,20.0,0.643,0.004,0.127,0.123
M1708135,0.168,5,60.0,40.0,0.0,0.596,0.0,0.2,0.0
M1709143,-0.36,5,0.0,40.0,60.0,0.546,0.004,-0.143,0.0
M1710396,-0.375,5,0.0,40.0,60.0,0.641,0.004,-0.094,0.0
M1710417,-0.216,5,0.0,60.0,40.0,0.52,0.027,0.027,0.0
M1711018,0.055,5,60.0,0.0,40.0,0.689,0.031,0.023,0.217
M1711425,-0.381,5,20.0,20.0,60.0,0.488,-0.096,-0.096,0.0
M1711525,-0.245,5,20.0,40.0,40.0,0.648,0.0,-0.196,0.0
M1712170,-0.132,5,20.0,40.0,40.0,0.484,-0.061,0.003,0.0
M1712192,0.062,5,40.0,40.0,20.0,0.601,0.0,0.25,0.0
M1712261,-0.067,5,20.0,40.0,40.0,0.68,0.0,0.15,0.0
M1713440,0.1,5,40.0,40.0,20.0,0.538,0.104,0.104,0.0
M1713476,0.11,5,40.0,40.0,20.0,0.607,0.051,0.154,0.0
M1714203,-0.4,5,20.0,0.0,80.0,0.686,-0.1,-0.123,0.123
M1714206,-0.017,5,40.0,20.0,40.0,0.583,-0.162,-0.05,0.0
M1714208,-0.347,5,20.0,20.0,60.0,0.66,0.045,-0.343,0.0
M1714209,0.501,5,80.0,20.0,0.0,0.682,0.193,0.35,0.093
M1714210,0.066,5,40.0,20.0,40.0,0.575,0.104,0.182,0.0
M1714833,0.147,5,40.0,40.0,20.0,0.586,0.0,0.15,0.0
M1714866,0.098,5,60.0,40.0,0.0,0.457,0.03,0.0,0.0
M1714915,0.212,5,40.0,60.0,0.0,0.562,0.107,0.125,0.093
M1714917,0.324,5,60.0,40.0,0.0,0.599,0.282,0.204,0.078
M1715336,-0.066,5,40.0,40.0,20.0,0.569,0.0,-0.047,0.0
M1715873,0.071,5,40.0,40.0,20.0,0.705,0.224,-0.016,0.093
M1716772,0.315,5,80.0,0.0,20.0,0.711,0.0,0.353,0.123
M1716777,0.253,5,60.0,40.0,0.0,0.603,0.043,0.237,0.123
M1717715,-0.48,5,0.0,20.0,80.0,0.64,-0.076,-0.223,0.0
M1718199,0.402,5,60.0,40.0,0.0,0.682,0.127,0.327,0.101
M1718924,-0.002,5,20.0,60.0,20.0,0.361,0.078,0.04,0.0
M1720616,-0.232,5,20.0,20.0,60.0,0.441,0.061,0.013,0.0
M1723121,0.225,5,60.0,20.0,20.0,0.584,0.231,0.1,0.093
M1723811,0.1,5,40.0,40.0,20.0,0.658,0.14,0.14,0.0
M1724962,-0.023,5,20.0,40.0,40.0,0.462,0.019,0.169,0.0
M1724970,-0.37,5,0.0,20.0,80.0,0.517,0.0,-0.074,0.0
M1725969,0.501,5,80.0,20.0,0.0,0.64,0.104,0.504,0.0
M1725986,-0.144,5,0.0,60.0,40.0,0.483,0.027,0.027,0.0
M1726592,-0.078,5,0.0,80.0,20.0,0.451,0.021,0.021,0.0
M1726669,-0.052,5,20.0,60.0,20.0,0.49,0.013,0.013,0.0
M1727388,0.254,5,60.0,20.0,20.0,0.631,0.035,0.277,0.123
M1727770,-0.023,5,20.0,60.0,20.0,0.565,-0.096,0.054,0.0
M1727776,0.214,5,60.0,20.0,20.0,0.739,0.128,0.229,0.247
M1727824,0.328,5,80.0,0.0,20.0,0.677,0.0,0.453,0.123
M1728196,0.343,5,80.0,20.0,0.0,0.608,0.223,0.2,0.093
M1730687,-0.311,5,0.0,60.0,40.0,0.437,0.021,0.021,0.0
M1730768,0.057,5,40.0,40.0,20.0,0.457,0.007,-0.087,0.093
M1731141,0.192,5,60.0,20.0,20.0,0.503,0.127,0.165,0.078
M1731697,-0.451,5,20.0,0.0,80.0,0.659,-0.053,-0.345,0.0
M1731701,-0.239,5,0.0,60.0,40.0,0.429,-0.057,-0.132,0.0
M1733105,0.127,5,60.0,20.0,20.0,0.692,0.1,0.28,0.0
M1734433,-0.046,5,0.0,80.0,20.0,0.509,0.0,0.0,0.0
M1734493,-0.03,5,20.0,40.0,40.0,0.509,0.0,0.123,0.123
M1735898,-0.394,5,0.0,40.0,60.0,0.56,0.004,-0.143,0.0
M1736633,0.354,5,80.0,0.0,20.0,0.682,-0.007,0.273,0.217
M1740047,0.228,5,60.0,0.0,40.0,0.692,-0.1,0.323,0.123
M1740707,0.072,5,40.0,40.0,20.0,0.58,0.03,0.08,0.0
M1741225,0.457,5,80.0,20.0,0.0,0.525,0.241,0.221,0.093
M1741243,-0.486,5,0.0,20.0,80.0,0.585,0.0,-0.149,0.0
M1741273,0.197,5,40.0,40.0,20.0,0.676,0.078,0.123,0.202
M1741542,0.061,5,20.0,80.0,0.0,0.371,0.031,0.097,0.0
M1742044,0.049,5,40.0,40.0,20.0,0.599,0.12,0.004,0.078
M1742334,-0.032,5,20.0,40.0,40.0,0.574,0.093,0.0,0.093
M1742336,0.231,5,40.0,40.0,20.0,0.589,0.004,0.277,0.123
M1742650,-0.12,5,0.0,80.0,20.0,0.517,0.013,0.013,0.0
M1743720,0.325,5,60.0,40.0,0.0,0.575,0.182,0.133,0.295
M1743993,-0.423,5,0.0,40.0,60.0,0.623,0.004,-0.289,0.0
M1745787,-0.056,5,40.0,20.0,40.0,0.629,0.168,0.032,0.0
M1747958,-0.28,5,0.0,60.0,40.0,0.474,-0.061,-0.135,0.0
M1748122,0.134,5,40.0,40.0,20.0,0.427,0.113,0.113,0.0
M1748179,0.275,5,40.0,60.0,0.0,0.693,0.1,0.25,0.0
M1748207,0.131,5,40.0,40.0,20.0,0.615,0.004,0.277,0.123
M1748227,-0.256,5,0.0,60.0,40.0,0.506,0.019,-0.056,0.0
M1753383,0.186,5,40.0,60.0,0.0,0.603,0.004,0.154,0.0
M1753496,-0.015,5,20.0,60.0,20.0,0.539,0.004,0.154,0.0
M1753813,0.223,5,40.0,60.0,0.0,0.63,0.097,0.154,0.093
M1754656,0.149,5,60.0,0.0,40.0,0.655,-0.022,0.173,0.102
M1756750,0.211,5,40.0,60.0,0.0,0.515,0.047,0.167,0.0
M1756799,-0.421,5,20.0,0.0,80.0,0.513,-0.076,-0.009,0.0
M1756851,-0.247,5,20.0,20.0,60.0,0.684,0.0,-0.047,0.0
M1757742,-0.132,5,20.0,20.0,60.0,0.658,0.0,0.003,0.0
M1757746,-0.03,5,20.0,60.0,20.0,0.607,0.101,0.008,0.093
M1757800,0.238,5,40.0,60.0,0.0,0.559,0.127,0.227,0.0
M1758595,-0.598,5,0.0,20.0,80.0,0.616,0.004,-0.339,0.0
M1758610,0.274,5,60.0,40.0,0.0,0.564,0.137,0.137,0.217
M1758692,0.3,5,60.0,40.0,0.0,0.607,0.03,0.25,0.0
M1758795,-0.348,5,0.0,60.0,40.0,0.599,-0.096,-0.243,0.0
M1758810,-0.484,5,0.0,40.0,60.0,0.551,0.027,-0.364,0.0
M1758830,-0.041,5,0.0,100.0,0.0,0.62,0.0,0.0,0.0
M1760967,0.239,5,40.0,60.0,0.0,0.608,0.093,0.15,0.093
M1762399,-0.204,5,20.0,20.0,60.0,0.517,0.013,-0.083,-0.183
M1763264,-0.341,5,0.0,60.0,40.0,0.556,0.013,-0.133,0.0
M1763303,-0.3,5,20.0,20.0,60.0,0.652,-0.107,-0.298,0.093
M1764183,0.102,5,20.0,80.0,0.0,0.598,0.138,0.138,0.0
M1764234,-0.134,5,20.0,40.0,40.0,0.515,0.034,-0.094,0.0
M1764275,-0.126,5,20.0,60.0,20.0,0.489,0.0,-0.147,0.0
M1764651,-0.007,5,40.0,40.0,20.0,0.497,0.146,-0.028,0.0
M1766094,-0.375,5,0.0,40.0,60.0,0.535,0.004,-0.217,0.0
M1767354,0.287,5,40.0,60.0,0.0,0.573,0.153,0.303,0.0
M1767372,-0.29,5,0.0,60.0,40.0,0.471,0.013,-0.085,0.0
M1767382,-0.309,5,0.0,60.0,40.0,0.511,0.013,0.013,0.0
M1769363,0.075,5,40.0,40.0,20.0,0.567,0.113,0.078,0.0
M1770672,-0.376,5,20.0,0.0,80.0,0.743,0.027,-0.218,0.0
M1770734,-0.465,5,0.0,20.0,80.0,0.579,0.0,-0.147,0.0
M1772240,-0.368,5,0.0,40.0,60.0,0.538,0.004,-0.094,0.0
M1772250,0.32,5,80.0,20.0,0.0,0.502,0.238,0.113,0.093
M1772264,0.174,5,40.0,60.0,0.0,0.668,0.131,0.0,0.093
M1772288,0.244,5,40.0,60.0,0.0,0.606,0.017,0.241,0.224
M1772341,0.329,5,60.0,40.0,0.0,0.637,0.078,0.188,0.279
M1772424,0.745,5,100.0,0.0,0.0,0.743,0.22,0.538,0.093
M1772925,0.186,5,60.0,20.0,20.0,0.473,0.135,0.19,0.0
M1773753,-0.514,5,0.0,20.0,80.0,0.609,-0.1,-0.345,0.0
M1777034,0.349,5,60.0,0.0,40.0,0.742,0.127,0.4,0.123
M1777551,0.019,5,20.0,80.0,0.0,0.328,0.036,0.014,0.0
M1778304,-0.084,5,0.0,80.0,20.0,0.426,0.04,0.04,0.0
M1778338,0.573,5,100.0,0.0,0.0,0.683,0.32,0.427,0.093
M1779076,-0.069,5,20.0,60.0,20.0,0.548,0.093,-0.147,0.093
M1780762,0.021,5,40.0,20.0,40.0,0.609,-0.048,0.075,0.123
M1780798,-0.291,5,20.0,20.0,60.0,0.731,0.127,-0.167,0.0
M1781058,-0.382,5,0.0,40.0,60.0,0.482,0.027,-0.266,0.0
M1781769,-0.235,5,0.0,80.0,20.0,0.51,0.011,-0.135,0.0
M1781827,0.097,5,40.0,60.0,0.0,0.436,0.116,0.023,0.093
M1781922,-0.246,5,0.0,60.0,40.0,0.394,0.03,-0.044,0.0
M1783232,0.141,5,40.0,40.0,20.0,0.59,0.104,0.254,0.0
M1783732,-0.063,5,40.0,20.0,40.0,0.431,-0.038,-0.1,0.0
M1784538,0.201,5,60.0,20.0,20.0,0.648,0.22,0.08,0.093
M1785612,0.368,5,60.0,20.0,20.0,0.628,0.3,0.3,0.0
M1785635,-0.15,5,0.0,80.0,20.0,0.41,-0.079,-0.079,0.0
M1786751,0.055,5,40.0,40.0,20.0,0.624,0.091,-0.096,0.187
M1787660,0.183,5,40.0,60.0,0.0,0.598,0.004,0.207,0.123
M1787988,-0.082,5,20.0,20.0,60.0,0.611,-0.1,0.023,0.123
M1788391,0.567,5,80.0,20.0,0.0,0.769,0.004,0.524,0.37
M1790809,0.138,5,40.0,40.0,20.0,0.557,0.108,0.091,0.093
M1790834,-0.415,5,0.0,40.0,60.0,0.558,-0.083,-0.229,0.0
M1790864,-0.205,5,20.0,40.0,40.0,0.469,0.0,-0.047,0.0
M1790869,-0.552,5,0.0,20.0,80.0,0.583,0.004,-0.143,0.0
M1790885,0.465,5,60.0,40.0,0.0,0.56,0.12,0.327,0.093
M1790886,-0.331,5,0.0,60.0,40.0,0.613,0.004,-0.289,0.0
M1791528,0.091,5,40.0,40.0,20.0,0.624,-0.003,0.005,0.194
M1791614,-0.171,5,20.0,40.0,40.0,0.594,-0.096,-0.143,0.0
M1791682,0.025,5,20.0,60.0,20.0,0.67,0.13,0.13,0.0
M1792647,0.025,5,20.0,60.0,20.0,0.574,0.004,0.104,0.0
M1795702,0.309,5,60.0,40.0,0.0,0.593,0.224,0.1,0.093
M1797504,0.055,5,40.0,40.0,20.0,0.624,0.091,-0.096,0.187
M1798188,0.25,5,40.0,60.0,0.0,0.679,0.213,0.213,0.077
M1798243,0.051,5,20.0,80.0,0.0,0.559,0.013,0.137,0.123
M1798603,-0.151,5,20.0,40.0,40.0,0.591,0.004,0.056,0.0
M1798684,0.416,5,80.0,20.0,0.0,0.613,0.145,0.227,0.217
M1798709,0.192,5,60.0,20.0,20.0,0.567,0.244,0.213,0.0
M1800241,0.204,5,40.0,60.0,0.0,0.566,0.191,0.004,0.187
M1800246,0.017,5,20.0,60.0,20.0,0.634,-0.096,0.054,0.0
M1800302,0.028,5,40.0,40.0,20.0,0.5,0.107,0.113,0.093
M1800338,0.138,5,60.0,20.0,20.0,0.511,0.045,0.167,0.101
M1800741,0.441,5,80.0,0.0,20.0,0.583,0.293,0.267,0.093
M1801061,-0.121,5,0.0,80.0,20.0,0.659,0.004,0.004,0.0
M1801552,-0.57,5,0.0,20.0,80.0,0.679,0.0,-0.293,0.0
M1802197,0.245,5,40.0,60.0,0.0,0.605,0.192,0.113,0.078
M1807944,-0.249,5,20.0,20.0,60.0,0.675,0.004,-0.091,0.0
M1808454,0.386,5,60.0,40.0,0.0,0.573,0.004,0.377,0.155
M1809231,-0.108,5,20.0,60.0,20.0,0.353,-0.042,-0.042,0.0
M1809398,0.362,5,60.0,40.0,0.0,0.635,0.101,0.232,0.318
M1810683,0.036,5,20.0,80.0,0.0,0.514,0.051,0.013,0.0
M1810697,-0.218,5,0.0,60.0,40.0,0.398,0.04,-0.106,0.0
M1814621,-0.321,5,20.0,20.0,60.0,0.625,-0.096,-0.119,0.123
M1814836,0.333,5,80.0,20.0,0.0,0.455,0.142,0.115,0.093
M1815708,-0.317,5,20.0,20.0,60.0,0.525,0.093,-0.206,0.078
M1815852,0.027,5,20.0,80.0,0.0,0.521,0.008,0.108,0.0
M1815862,-0.349,5,0.0,40.0,60.0,0.589,0.004,0.004,0.0
M1816518,0.318,5,60.0,40.0,0.0,0.561,0.013,0.325,0.048
M1817081,-0.179,5,20.0,40.0,40.0,0.582,-0.07,-0.1,0.0
M1817273,0.265,5,60.0,20.0,20.0,0.634,0.176,0.056,0.172
M1817771,-0.17,5,20.0,20.0,60.0,0.62,-0.2,-0.077,0.123
M1820488,0.02,5,20.0,60.0,20.0,0.524,0.013,0.013,0.0
M1821426,0.133,5,40.0,40.0,20.0,0.472,0.092,0.114,0.179
M1821427,-0.255,5,0.0,60.0,40.0,0.55,0.013,0.013,0.0
M1821480,0.403,5,80.0,20.0,0.0,0.571,0.145,0.154,0.093
M1821549,0.62,5,100.0,0.0,0.0,0.794,0.24,0.513,0.123
M1821593,0.258,5,60.0,40.0,0.0,0.515,0.03,0.201,0.101
M1821641,0.023,5,40.0,40.0,20.0,0.565,0.104,0.104,0.099
M1821658,-0.204,5,20.0,20.0,60.0,0.729,0.0,0.025,-0.175
M1821694,0.056,5,60.0,20.0,20.0,0.469,0.042,0.064,0.0
M1821700,-0.072,5,40.0,0.0,60.0,0.723,-0.076,0.127,0.123
M1823664,-0.473,5,0.0,20.0,80.0,0.573,-0.1,-0.247,0.0
M1823672,-0.182,5,20.0,40.0,40.0,0.496,-0.076,0.024,0.0
M1824254,-0.245,5,0.0,60.0,40.0,0.51,0.004,0.004,0.0
M1825157,0.156,5,60.0,20.0,20.0,0.537,0.097,0.072,0.093
M1825683,0.151,5,40.0,60.0,0.0,0.401,0.05,0.134,0.0
M1826590,-0.078,5,20.0,60.0,20.0,0.56,0.0,0.0,0.0
M1827487,0.423,5,80.0,0.0,20.0,0.561,0.172,0.15,0.172
M1827512,0.311,5,60.0,20.0,20.0,0.563,0.13,0.25,0.0
M1827579,-0.236,5,0.0,80.0,20.0,0.493,0.021,-0.126,0.0
M1828959,-0.44,5,0.0,20.0,80.0,0.692,0.0,-0.098,0.0
M1828970,-0.187,5,20.0,40.0,40.0,0.475,0.047,0.017,0.0
M1828995,0.146,5,40.0,40.0,20.0,0.461,0.043,0.125,0.0
M1829012,-0.057,5,40.0,40.0,20.0,0.415,0.004,0.004,0.0
M1830713,-0.117,5,20.0,40.0,40.0,0.634,-0.076,0.047,0.123
M1832382,0.505,5,100.0,0.0,0.0,0.617,0.261,0.201,0.194
M1833116,0.074,5,40.0,60.0,0.0,0.375,0.017,0.017,0.0
M1833673,-0.249,5,20.0,20.0,60.0,0.594,0.0,0.049,0.123
M1833844,0.067,5,20.0,60.0,20.0,0.634,0.117,0.117,0.0
M1836808,-0.361,5,0.0,60.0,40.0,0.577,0.017,-0.276,0.0
M1836944,-0.082,5,40.0,20.0,40.0,0.607,-0.034,-0.099,0.123
M1837562,0.18,5,60.0,20.0,20.0,0.567,0.23,0.013,0.187
M1837613,-0.037,5,40.0,40.0,20.0,0.433,0.017,0.117,0.0
M1837636,0.037,5,20.0,60.0,20.0,0.652,0.0,0.123,0.123
M1837703,-0.572,5,0.0,20.0,80.0,0.599,0.013,-0.28,0.0
M1837709,-0.046,5,40.0,20.0,40.0,0.631,0.013,0.09,0.123
M1838520,-0.367,5,20.0,0.0,80.0,0.549,0.0,-0.098,0.0
M1838544,-0.305,5,0.0,60.0,40.0,0.536,-0.076,-0.15,0.0
M1838556,-0.153,5,0.0,80.0,20.0,0.46,0.011,-0.063,0.0
M1838571,-0.014,5,20.0,60.0,20.0,0.504,0.015,0.018,0.0
M1838603,0.349,5,60.0,40.0,0.0,0.583,0.107,0.215,0.217
M1838722,-0.193,5,20.0,40.0,40.0,0.661,0.0,-0.023,0.123
M1839492,-0.033,5,40.0,40.0,20.0,0.59,0.151,-0.026,0.0
M1839494,-0.086,5,40.0,20.0,40.0,0.636,0.204,0.057,0.0
M1839522,0.342,5,80.0,20.0,0.0,0.563,0.068,0.25,0.0
M1839596,0.44,5,80.0,20.0,0.0,0.66,0.161,0.363,0.0
M1839642,-0.188,5,0.0,80.0,20.0,0.439,0.021,-0.126,0.0
M1839654,0.405,5,60.0,20.0,20.0,0.655,0.193,0.25,0.093
M1840309,0.22,5,60.0,20.0,20.0,0.59,-0.047,0.197,0.123
M1840417,0.134,5,40.0,40.0,20.0,0.589,0.207,0.015,0.093
M1841642,-0.342,5,0.0,40.0,60.0,0.564,-0.083,-0.083,0.0
M1843287,0.269,5,60.0,20.0,20.0,0.63,0.197,0.254,0.093
M1843866,0.597,5,80.0,20.0,0.0,0.741,0.127,0.511,0.123
M1844203,-0.377,5,0.0,40.0,60.0,0.5,0.015,0.015,0.0
M1845838,-0.17,5,20.0,40.0,40.0,0.635,-0.007,-0.1,0.093
M1846487,-0.427,5,0.0,20.0,80.0,0.549,-0.1,-0.1,0.0
M1846589,0.161,5,60.0,20.0,20.0,0.526,0.168,0.026,0.0
M1847731,0.177,5,40.0,60.0,0.0,0.544,0.038,0.158,0.0
M1847746,-0.226,5,0.0,60.0,40.0,0.475,0.017,-0.081,0.0
M1850397,-0.18,5,20.0,40.0,40.0,0.626,0.004,-0.13,0.0
M1850419,0.104,5,20.0,80.0,0.0,0.578,0.008,0.158,0.0
M1850457,-0.286,5,20.0,20.0,60.0,0.66,0.004,-0.019,0.123
M1852770,-0.366,5,20.0,0.0,80.0,0.622,-0.2,-0.148,0.0
M1853563,0.334,5,80.0,20.0,0.0,0.616,0.227,0.204,0.093
M1853614,0.093,5,60.0,40.0,0.0,0.528,0.038,0.0,0.201
M1853643,-0.364,5,20.0,20.0,60.0,0.596,-0.2,-0.298,0.0
M1853728,0.559,5,100.0,0.0,0.0,0.686,0.147,0.473,0.123
M1853739,-0.113,5,20.0,60.0,20.0,0.567,0.0,-0.069,0.0
M1854236,0.135,5,40.0,60.0,0.0,0.461,0.011,0.123,0.0
M1854513,0.407,5,80.0,20.0,0.0,0.651,0.0,0.414,0.0
M1854564,-0.011,5,20.0,60.0,20.0,0.632,-0.087,0.037,0.123
M1855199,0.054,5,40.0,40.0,20.0,0.621,0.0,0.077,0.123
M1855236,-0.219,5,20.0,40.0,40.0,0.601,-0.1,-0.1,0.0
M1855325,-0.329,5,20.0,20.0,60.0,0.558,-0.072,-0.215,0.0
M1856101,0.404,5,60.0,40.0,0.0,0.613,0.24,0.39,0.0
M1858481,-0.41,5,0.0,40.0,60.0,0.474,-0.061,-0.135,0.0
M1859446,-0.176,5,0.0,80.0,20.0,0.411,0.031,-0.116,0.0
M1859650,-0.271,5,20.0,20.0,60.0,0.716,0.093,-0.245,0.093
M1860213,0.249,5,60.0,40.0,0.0,0.579,0.097,0.204,0.093
M1860238,-0.277,5,20.0,20.0,60.0,0.624,0.004,-0.042,0.101
M1860242,0.305,5,80.0,20.0,0.0,0.505,0.193,0.127,0.0
M1860353,-0.178,5,20.0,40.0,40.0,0.631,0.097,-0.094,-0.105
M1860355,0.547,5,100.0,0.0,0.0,0.715,0.3,0.303,0.31
M1860357,0.561,5,100.0,0.0,0.0,0.606,0.0,0.485,0.123
M1862079,-0.16,5,20.0,60.0,20.0,0.473,0.008,0.008,0.0
M1863201,-0.471,5,0.0,40.0,60.0,0.578,-0.092,-0.337,0.0
M1865425,0.291,5,60.0,20.0,20.0,0.519,0.103,0.224,0.093
M1865505,0.406,5,80.0,20.0,0.0,0.561,0.051,0.353,0.174
M1865567,-0.226,5,20.0,40.0,40.0,0.519,0.0,-0.129,0.0
M1866249,-0.075,5,20.0,40.0,40.0,0.597,-0.087,0.037,0.123
M1867093,-0.232,5,0.0,60.0,40.0,0.536,0.004,0.004,0.0
M1869347,-0.175,5,20.0,40.0,40.0,0.584,0.004,0.084,0.0
M1869716,0.117,5,40.0,40.0,20.0,0.685,-0.007,0.0,0.093
M1870419,-0.338,5,0.0,20.0,80.0,0.612,0.004,0.004,0.0
M1870529,0.154,5,40.0,60.0,0.0,0.498,0.021,0.144,0.123
M1872181,0.083,5,40.0,60.0,0.0,0.397,0.061,0.019,0.0
M1872194,0.412,5,80.0,20.0,0.0,0.563,0.175,0.154,0.093
M1872818,0.418,5,60.0,40.0,0.0,0.664,0.204,0.327,0.123
M1876277,-0.031,5,20.0,60.0,20.0,0.38,0.019,0.019,0.0
M1877832,0.499,5,100.0,0.0,0.0,0.526,0.134,0.235,0.202
M1878841,-0.57,5,0.0,20.0,80.0,0.534,-0.187,-0.333,0.0
M1878870,0.107,5,40.0,60.0,0.0,0.525,0.104,0.104,0.0
M1878942,0.075,5,40.0,40.0,20.0,0.542,-0.065,0.027,0.123
M1879032,-0.334,5,0.0,60.0,40.0,0.588,-0.096,-0.243,0.0
M1880399,0.255,5,60.0,40.0,0.0,0.497,0.13,0.2,0.0
M1881002,-0.139,5,20.0,40.0,40.0,0.662,0.13,0.032,0.0
M1883180,0.039,5,40.0,40.0,20.0,0.588,0.117,0.197,0.0
M1884457,-0.401,5,20.0,0.0,80.0,0.546,-0.076,0.024,0.0
M1885300,-0.074,5,40.0,20.0,40.0,0.629,-0.003,-0.142,0.194
M1886493,-0.438,5,0.0,20.0,80.0,0.639,0.004,0.004,0.0
M1891884,-0.551,5,0.0,20.0,80.0,0.558,-0.076,-0.297,0.0
M1893256,0.051,5,20.0,60.0,20.0,0.463,0.108,0.015,0.093
M1893273,-0.248,5,0.0,60.0,40.0,0.472,0.04,-0.058,0.0
M1894476,0.001,5,20.0,60.0,20.0,0.458,0.117,0.117,0.0
M1895315,-0.008,5,20.0,60.0,20.0,0.555,0.008,0.01,0.101
M1895587,0.491,5,100.0,0.0,0.0,0.63,0.06,0.353,0.123
M1899353,0.112,5,20.0,60.0,20.0,0.363,0.03,0.131,0.101
M1901024,-0.394,5,0.0,40.0,60.0,0.516,-0.087,-0.283,0.0
M1901040,0.338,5,60.0,40.0,0.0,0.672,0.193,0.2,0.093
M1904996,0.233,5,60.0,20.0,20.0,0.539,-0.076,0.197,0.123
M1905040,-0.082,5,20.0,60.0,20.0,0.448,0.017,0.019,0.0
M1905041,0.3,5,80.0,0.0,20.0,0.646,0.128,0.188,0.123
M1906329,-0.214,5,20.0,40.0,40.0,0.49,0.017,0.019,0.0
M1907668,0.391,5,60.0,40.0,0.0,0.735,0.353,0.353,0.0
M1907779,-0.236,5,0.0,60.0,40.0,0.435,-0.042,-0.042,0.0
M1911553,-0.152,5,20.0,40.0,40.0,0.452,0.043,-0.085,0.0
M1911644,0.211,5,40.0,60.0,0.0,0.488,0.114,0.132,0.093
M1911658,0.096,5,20.0,60.0,20.0,0.472,0.017,0.167,0.013
M1911662,-0.389,5,0.0,40.0,60.0,0.54,-0.061,-0.208,0.0
M1912398,0.17,5,40.0,60.0,0.0,0.557,0.113,0.193,0.0
M1913166,-0.232,5,20.0,20.0,60.0,0.684,0.0,0.003,0.0
M1915581,0.045,5,40.0,20.0,40.0,0.655,0.004,0.154,0.0
M1920849,-0.115,5,20.0,20.0,60.0,0.637,0.0,0.025,0.123
M1920945,0.202,5,40.0,40.0,20.0,0.5,0.043,0.163,0.0
M1921064,-0.337,5,20.0,20.0,60.0,0.683,0.0,-0.244,0.123
M1921070,-0.5,5,0.0,20.0,80.0,0.726,0.0,-0.245,0.0
M1921149,0.45,5,80.0,0.0,20.0,0.721,0.187,0.251,0.288
M1922685,-0.238,5,20.0,20.0,60.0,0.584,-0.296,-0.146,0.0
M1922777,-0.118,5,20.0,40.0,40.0,0.669,0.0,-0.023,0.123
M1924245,-0.2,5,40.0,20.0,40.0,0.551,0.0,-0.098,0.0
M1924394,-0.035,5,20.0,40.0,40.0,0.499,-0.022,-0.1,0.078
M1924396,0.514,5,80.0,0.0,20.0,0.658,0.038,0.423,0.123
M1924429,0.111,5,20.0,60.0,20.0,0.592,0.004,0.154,0.0
M1924435,-0.291,5,20.0,20.0,60.0,0.518,0.061,0.013,0.0
M1925421,0.206,5,80.0,0.0,20.0,0.693,0.093,0.173,0.093
M1925431,-0.208,5,20.0,20.0,60.0,0.612,0.0,-0.143,0.0
M1925435,-0.159,5,20.0,40.0,40.0,0.608,0.013,-0.085,0.0
M1925479,-0.286,5,20.0,20.0,60.0,0.637,-0.196,-0.171,0.123
M1928330,-0.068,5,40.0,20.0,40.0,0.506,0.066,0.066,0.0
M1928337,-0.163,5,20.0,40.0,40.0,0.61,-0.096,-0.096,0.0
M1928340,0.047,5,60.0,20.0,20.0,0.614,0.131,-0.098,0.093
M1929263,0.218,5,40.0,60.0,0.0,0.485,0.031,0.254,0.123
M1929308,-0.275,5,0.0,40.0,60.0,0.523,0.013,0.013,0.0
M1930294,-0.436,5,20.0,0.0,80.0,0.746,0.013,-0.28,0.0
M1930546,-0.584,5,0.0,20.0,80.0,0.605,-0.196,-0.441,0.0
M1931388,0.07,5,20.0,60.0,20.0,0.452,0.114,0.114,0.0
M1931435,-0.325,5,20.0,20.0,60.0,0.589,0.013,-0.133,0.0
M1931533,-0.153,5,20.0,40.0,40.0,0.646,0.113,-0.033,0.0
M1931602,-0.382,5,0.0,40.0,60.0,0.525,-0.087,-0.087,0.0
M1932718,-0.27,5,0.0,60.0,40.0,0.543,-0.096,-0.194,0.0
M1932767,0.258,5,60.0,20.0,20.0,0.517,0.1,0.2,0.0
M1934205,0.517,5,100.0,0.0,0.0,0.701,0.131,0.347,0.34
M1935065,-0.21,5,20.0,20.0,60.0,0.555,0.104,0.006,0.0
M1935089,0.155,5,40.0,60.0,0.0,0.594,0.004,0.105,0.101
M1935156,0.559,5,80.0,20.0,0.0,0.657,0.293,0.35,0.093
M1935179,0.262,5,60.0,20.0,20.0,0.479,0.127,0.104,0.093
M1935194,-0.449,5,0.0,40.0,60.0,0.5,0.019,-0.202,0.0
M1935302,-0.649,5,0.0,0.0,100.0,0.571,-0.152,-0.447,0.0
M1935859,-0.015,5,20.0,60.0,20.0,0.608,0.004,-0.019,0.123
M1935896,-0.416,5,0.0,40.0,60.0,0.591,0.004,-0.094,0.0
M1935897,-0.533,5,0.0,20.0,80.0,0.649,-0.1,-0.247,0.0
M1935902,0.06,5,40.0,40.0,20.0,0.556,0.107,-0.022,0.093
M1935914,0.127,5,20.0,80.0,0.0,0.447,0.034,0.184,0.0
M1935940,0.047,5,20.0,80.0,0.0,0.46,0.124,0.031,0.093
M1937118,-0.078,5,0.0,80.0,20.0,0.451,0.021,0.021,0.0
M1937149,0.242,5,40.0,60.0,0.0,0.803,0.227,0.227,0.0
M1937264,0.157,5,60.0,0.0,40.0,0.608,0.123,0.025,0.217
M1937390,0.257,5,60.0,20.0,20.0,0.653,0.193,0.25,0.093
M1937449,0.008,5,20.0,40.0,40.0,0.518,-0.1,0.023,0.123
M1939659,-0.029,5,20.0,60.0,20.0,0.619,0.097,0.004,0.093
M1942884,0.262,5,60.0,40.0,0.0,0.592,0.204,0.304,0.0
M1942989,-0.128,5,40.0,20.0,40.0,0.576,0.004,0.047,0.123
M1945044,-0.453,5,0.0,40.0,60.0,0.628,0.013,-0.329,0.0
M1945062,-0.383,5,0.0,40.0,60.0,0.448,-0.187,-0.187,0.0
M1945084,-0.386,5,0.0,60.0,40.0,0.539,0.019,-0.274,0.0
M1950186,0.397,5,100.0,0.0,0.0,0.476,0.063,0.214,0.0
M1950235,-0.13,5,20.0,40.0,40.0,0.644,0.1,-0.047,0.0
M1951166,-0.054,5,20.0,60.0,20.0,0.475,0.02,-0.073,0.093
M1951181,0.253,5,60.0,40.0,0.0,0.59,0.108,0.231,0.123
M1951216,-0.266,5,20.0,40.0,40.0,0.626,0.0,-0.145,0.0
M1951261,-0.305,5,0.0,40.0,60.0,0.679,0.004,0.004,0.0
M1951264,0.242,5,60.0,20.0,20.0,0.54,0.046,0.265,0.0
M1951265,-0.07,5,40.0,20.0,40.0,0.608,0.093,-0.067,0.093
M1951266,-0.174,5,20.0,40.0,40.0,0.546,0.115,-0.032,0.0
M1954315,0.298,5,80.0,0.0,20.0,0.8,0.22,0.232,0.217
M1954470,0.461,5,80.0,20.0,0.0,0.649,0.284,0.105,0.381
M1954701,0.248,5,40.0,40.0,20.0,0.469,0.037,0.15,0.0
M1956620,-0.573,5,0.0,20.0,80.0,0.599,-0.1,-0.247,0.0
M1959332,-0.218,5,20.0,0.0,80.0,0.629,-0.1,0.001,0.101
M1959438,0.022,5,20.0,80.0,0.0,0.455,0.017,0.084,0.0
M1959490,-0.108,5,40.0,20.0,40.0,0.585,0.0,0.051,0.0
M1959563,0.32,5,60.0,40.0,0.0,0.603,0.197,0.215,0.093
M1961175,-0.157,5,0.0,80.0,20.0,0.43,0.004,-0.143,0.0
M1961675,0.354,5,60.0,40.0,0.0,0.632,0.337,0.244,0.093
M1964418,-0.047,5,20.0,60.0,20.0,0.546,0.108,0.033,0.0
M1964624,0.266,5,60.0,40.0,0.0,0.675,0.243,0.113,0.093
M1965065,-0.129,5,40.0,0.0,60.0,0.589,0.093,-0.098,0.093
M1965162,-0.241,5,20.0,20.0,60.0,0.688,-0.1,-0.146,0.0
M1966359,-0.355,5,0.0,60.0,40.0,0.504,0.017,-0.129,0.0
M1966566,-0.142,5,20.0,40.0,40.0,0.523,-0.061,0.062,0.123
M1966604,0.434,5,80.0,20.0,0.0,0.706,0.266,0.367,0.123
M1967545,-0.154,5,0.0,80.0,20.0,0.475,0.008,0.008,0.0
M1969062,0.182,5,60.0,20.0,20.0,0.584,0.068,0.15,0.0
M1971325,-0.159,5,0.0,80.0,20.0,0.506,0.004,-0.071,0.0
M1971352,-0.008,5,40.0,40.0,20.0,0.476,0.051,0.004,0.0
M1972571,0.128,5,40.0,60.0,0.0,0.484,0.12,0.027,0.093
M1972591,-0.147,5,20.0,60.0,20.0,0.506,0.015,-0.032,0.0
M1972663,0.134,5,60.0,20.0,20.0,0.552,0.028,0.182,0.0
M1972779,0.326,5,60.0,40.0,0.0,0.71,0.224,0.23,0.093
M1974419,0.16,5,40.0,60.0,0.0,0.681,0.0,0.123,0.123
M1974420,-0.305,5,20.0,40.0,40.0,0.573,0.013,-0.28,0.0
M1975159,-0.24,5,20.0,20.0,60.0,0.667,0.0,0.123,0.123
M1976000,-0.034,5,0.0,80.0,20.0,0.469,0.013,0.013,0.0
M1976009,-0.372,5,0.0,20.0,80.0,0.534,-0.1,-0.1,0.0
M1976989,-0.284,5,0.0,40.0,60.0,0.596,0.004,0.004,0.0
M1977895,-0.106,5,40.0,20.0,40.0,0.736,0.113,0.047,0.0
M1978532,0.026,5,40.0,40.0,20.0,0.543,0.038,0.1,0.0
M1979319,0.481,5,80.0,20.0,0.0,0.651,0.1,0.435,0.123
M1979320,0.766,5,100.0,0.0,0.0,0.704,0.1,0.612,0.101
M1979376,0.332,5,80.0,0.0,20.0,0.598,-0.1,0.246,0.088
M1979388,0.172,5,40.0,60.0,0.0,0.486,0.143,0.113,0.11
M1980209,-0.354,5,0.0,60.0,40.0,0.522,0.008,-0.139,0.0
M1980929,0.504,5,80.0,0.0,20.0,0.625,0.1,0.5,0.0
M1981107,0.041,5,40.0,40.0,20.0,0.354,0.043,0.015,0.0
M1981115,-0.056,5,20.0,20.0,60.0,0.525,0.0,0.076,0.0
M1981128,0.224,5,40.0,40.0,20.0,0.533,-0.072,0.228,0.0
M1981140,-0.06,5,20.0,60.0,20.0,0.446,0.008,0.008,0.0
M1981677,-0.034,5,20.0,60.0,20.0,0.658,0.004,0.029,0.123
M1984153,-0.343,5,0.0,40.0,60.0,0.642,0.0,-0.147,0.0
M1985019,-0.008,5,40.0,20.0,40.0,0.766,0.22,-0.02,0.093
M1985949,-0.185,5,20.0,40.0,40.0,0.615,-0.087,-0.007,-0.152
M1985966,-0.074,5,20.0,60.0,20.0,0.495,-0.087,-0.087,0.055
M1986953,-0.471,5,20.0,0.0,80.0,0.698,0.113,-0.254,0.0
M1986994,-0.464,5,20.0,0.0,80.0,0.586,0.0,-0.145,0.0
M1987680,0.112,5,20.0,80.0,0.0,0.58,0.117,0.117,0.0
M1988621,-0.51,5,0.0,20.0,80.0,0.644,0.0,-0.147,0.0
M1989475,-0.161,5,0.0,80.0,20.0,0.45,-0.092,-0.092,0.0
M1990181,-0.289,5,40.0,0.0,60.0,0.664,0.1,-0.243,0.0
M1990314,0.03,5,20.0,80.0,0.0,0.599,0.047,0.0,0.0
M1991245,-0.435,5,0.0,40.0,60.0,0.566,-0.1,-0.1,0.0
M1992258,0.109,5,20.0,80.0,0.0,0.489,0.031,0.131,0.101
M1995341,-0.093,5,20.0,60.0,20.0,0.578,0.051,-0.094,0.0
M1995390,-0.16,5,20.0,40.0,40.0,0.584,0.013,0.013,0.0
M1996264,0.195,5,40.0,60.0,0.0,0.592,0.208,0.208,0.0
M1996310,0.226,5,60.0,20.0,20.0,0.666,0.127,0.277,0.0
M1999890,-0.193,5,20.0,40.0,40.0,0.482,-0.087,-0.167,0.0
M1999987,-0.157,5,0.0,80.0,20.0,0.459,0.013,-0.085,0.0
M1999995,-0.263,5,0.0,60.0,40.0,0.378,0.027,0.027,0.0
M2002718,-0.137,5,20.0,40.0,40.0,0.542,0.004,0.127,0.123
M2004420,0.103,5,20.0,80.0,0.0,0.51,0.017,0.167,0.0
M2004432,-0.151,5,20.0,40.0,40.0,0.448,0.004,-0.071,0.0
M2005151,0.194,5,40.0,60.0,0.0,0.418,0.12,0.127,0.093
M2005374,0.008,5,20.0,60.0,20.0,0.66,0.004,0.056,0.0
M2006040,-0.395,5,20.0,20.0,60.0,0.671,0.0,-0.291,0.0
M2006295,0.138,5,60.0,20.0,20.0,0.639,0.255,0.217,0.0
M2007360,-0.058,5,0.0,100.0,0.0,0.477,0.021,0.021,0.0
M2011159,-0.313,5,0.0,40.0,60.0,0.512,0.0,-0.221,0.0
M2011276,-0.311,5,0.0,60.0,40.0,0.559,0.008,-0.09,0.0
M2011311,-0.166,5,0.0,80.0,20.0,0.57,0.017,-0.081,0.0
M2011953,0.283,5,60.0,40.0,0.0,0.613,0.051,0.227,0.123
M2011971,0.244,5,60.0,40.0,0.0,0.515,0.038,0.219,0.0
M2012011,-0.109,5,20.0,40.0,40.0,0.527,0.03,-0.098,0.0
M2013293,0.085,5,40.0,40.0,20.0,0.543,0.001,0.019,-0.007
M2014338,0.162,5,60.0,20.0,20.0,0.482,0.055,0.15,0.0
M2015381,0.425,5,80.0,20.0,0.0,0.55,0.128,0.301,0.123
M2016940,-0.111,5,20.0,60.0,20.0,0.486,0.0,-0.074,0.0
M2017020,-0.247,5,0.0,60.0,40.0,0.552,0.027,-0.071,-0.136
M2017038,0.149,5,40.0,40.0,20.0,0.659,0.0,0.127,0.123
M2017561,0.032,5,20.0,80.0,0.0,0.355,0.047,0.019,0.0
M2018086,0.274,5,80.0,20.0,0.0,0.541,0.123,0.1,0.093
M2023453,0.142,5,40.0,40.0,20.0,0.63,0.237,0.144,0.093
M2023587,-0.162,5,20.0,60.0,20.0,0.532,0.043,-0.133,0.0
M2023690,-0.036,5,40.0,40.0,20.0,0.458,0.043,-0.085,0.0
M2024432,-0.249,5,20.0,20.0,60.0,0.561,-0.003,-0.243,0.093
M2024469,0.04,5,40.0,20.0,40.0,0.508,0.057,0.018,0.0
M2024506,-0.511,5,0.0,20.0,80.0,0.633,0.004,-0.143,0.0
M2024519,0.293,5,60.0,40.0,0.0,0.554,0.008,0.331,0.123
M2024544,0.45,5,80.0,0.0,20.0,0.64,0.093,0.373,0.217
M2025667,-0.319,5,20.0,20.0,60.0,0.581,-0.022,-0.198,0.078
M2025690,-0.092,5,0.0,80.0,20.0,0.451,0.008,0.008,0.0
M2027064,-0.289,5,0.0,60.0,40.0,0.584,-0.096,-0.096,0.0
M2027136,-0.463,5,0.0,40.0,60.0,0.615,0.004,-0.241,0.0
M2027140,0.213,5,60.0,0.0,40.0,0.607,0.093,0.114,0.194
M2027231,-0.215,5,20.0,40.0,40.0,0.453,-0.166,-0.196,0.0
M2032557,0.331,5,60.0,40.0,0.0,0.498,0.044,0.237,0.123
M2032572,-0.283,5,40.0,0.0,60.0,0.587,0.093,-0.295,0.093
M2034031,-0.076,5,40.0,20.0,40.0,0.488,-0.022,-0.198,0.0
M2034139,-0.321,5,0.0,60.0,40.0,0.466,0.04,-0.204,0.0
M2034800,-0.003,5,20.0,80.0,0.0,0.416,0.004,0.004,0.0
M2035630,-0.075,5,40.0,40.0,20.0,0.432,-0.083,-0.083,0.0
M2035670,-0.257,5,20.0,20.0,60.0,0.619,-0.1,-0.198,0.0
M2039338,-0.115,5,40.0,20.0,40.0,0.565,-0.096,0.027,0.123
M2039345,-0.322,5,20.0,0.0,80.0,0.655,-0.007,-0.1,0.093
M2039393,-0.134,5,0.0,80.0,20.0,0.496,0.013,0.013,0.0
M2040560,-0.331,5,20.0,20.0,60.0,0.528,0.043,-0.085,0.0
M2042568,0.621,5,80.0,20.0,0.0,0.779,0.127,0.55,0.123
M2042583,0.255,5,60.0,40.0,0.0,0.553,0.137,0.137,0.217
M2043933,-0.591,5,0.0,20.0,80.0,0.537,0.0,-0.293,0.0
M2044729,-0.301,5,20.0,20.0,60.0,0.612,-0.069,-0.198,0.0
M2044801,-0.289,5,20.0,20.0,60.0,0.602,0.108,-0.206,0.093
M2046090,-0.254,5,0.0,60.0,40.0,0.619,0.004,0.004,0.0
M2048770,-0.384,5,0.0,40.0,60.0,0.635,-0.096,-0.194,0.0
M2049543,-0.396,5,20.0,0.0,80.0,0.652,-0.287,-0.287,0.0
M2050633,-0.68,5,0.0,0.0,100.0,0.598,-0.1,-0.296,0.0
M2051879,0.101,5,20.0,80.0,0.0,0.537,0.027,0.15,0.123
M2051894,-0.196,5,20.0,40.0,40.0,0.651,-0.007,-0.247,0.093
M2053425,0.327,5,60.0,20.0,20.0,0.641,0.0,0.401,0.101
M2053463,-0.027,5,60.0,20.0,20.0,0.493,0.0,-0.147,0.0
M2054790,-0.072,5,0.0,80.0,20.0,0.531,0.0,-0.098,0.0
M2055709,-0.541,5,0.0,20.0,80.0,0.613,-0.196,-0.343,0.0
M2055765,-0.519,5,0.0,20.0,80.0,0.648,-0.1,-0.296,0.0
M2056771,0.283,5,40.0,60.0,0.0,0.678,0.22,0.127,0.093
M2057392,0.238,5,40.0,60.0,0.0,0.587,0.207,0.113,0.093
M2058107,0.333,5,40.0,60.0,0.0,0.596,0.0,0.3,0.0
M2058673,-0.362,5,20.0,0.0,80.0,0.531,-0.076,-0.197,0.0
M2059171,0.144,5,40.0,60.0,0.0,0.55,0.017,0.141,0.123
M2059255,0.176,5,40.0,40.0,20.0,0.534,0.092,0.137,0.202
M2061702,0.195,5,60.0,20.0,20.0,0.546,0.0,0.223,0.188
M2061712,0.049,5,40.0,40.0,20.0,0.522,0.0,0.049,0.123
M2062700,-0.227,5,20.0,40.0,40.0,0.644,-0.062,-0.198,0.0
M2062969,-0.223,5,20.0,40.0,40.0,0.525,0.004,-0.143,0.0
M2063781,-0.267,5,20.0,20.0,60.0,0.649,-0.1,-0.097,0.0
M2064713,0.078,5,20.0,80.0,0.0,0.456,0.014,0.125,0.0
M2064968,-0.45,5,0.0,40.0,60.0,0.464,0.027,-0.12,0.0
M2066051,0.241,5,60.0,40.0,0.0,0.578,0.03,0.25,0.0
M2066176,0.209,5,40.0,60.0,0.0,0.638,0.048,0.127,0.123
M2070649,0.592,5,100.0,0.0,0.0,0.747,0.123,0.37,0.464
M2070776,0.039,5,20.0,80.0,0.0,0.428,0.044,0.008,0.0
M2070862,-0.067,5,40.0,20.0,40.0,0.641,0.082,-0.139,0.078
M2071550,-0.327,5,0.0,60.0,40.0,0.623,0.004,-0.192,0.0
M2072230,-0.24,5,0.0,60.0,40.0,0.519,0.0,-0.147,0.0
M2072233,-0.135,5,20.0,40.0,40.0,0.482,-0.033,-0.033,0.0
M2072933,-0.039,5,20.0,60.0,20.0,0.53,0.013,0.013,0.0
M2073016,-0.002,5,20.0,60.0,20.0,0.361,0.078,0.04,0.0
M2073029,0.2,5,60.0,40.0,0.0,0.5,0.159,0.113,0.0
M2073086,0.372,5,80.0,20.0,0.0,0.601,0.145,0.247,0.0
M2073121,-0.286,5,0.0,60.0,40.0,0.582,0.013,-0.085,0.0
M2076220,0.147,5,60.0,40.0,0.0,0.461,0.061,0.08,0.0
M2076298,0.082,5,20.0,60.0,20.0,0.498,0.015,0.165,0.0
M2076822,-0.036,5,20.0,40.0,40.0,0.494,0.013,0.163,0.0
M2076897,0.368,5,60.0,40.0,0.0,0.709,0.204,0.327,0.123
M2077747,0.516,5,80.0,20.0,0.0,0.588,0.275,0.16,0.265
M2077851,0.066,5,0.0,100.0,0.0,0.407,0.027,0.027,0.0
M2077886,0.724,5,100.0,0.0,0.0,0.832,0.1,0.62,0.37
M2078552,-0.059,5,20.0,60.0,20.0,0.502,0.027,0.029,0.0
M2080374,0.321,5,80.0,20.0,0.0,0.609,0.12,0.204,0.078
M2081437,-0.217,5,0.0,60.0,40.0,0.509,0.031,0.031,0.0
M2082180,0.129,5,40.0,60.0,0.0,0.516,0.011,0.211,0.0
M2082197,0.619,5,100.0,0.0,0.0,0.69,0.078,0.473,0.202
M2082221,0.232,5,40.0,60.0,0.0,0.582,0.097,0.127,0.217
M2083231,-0.118,5,20.0,40.0,40.0,0.453,0.028,-0.074,0.0
M2083355,-0.193,5,20.0,40.0,40.0,0.647,0.127,-0.02,0.0
M2083379,-0.025,5,20.0,40.0,40.0,0.525,0.015,0.116,0.101
M2083383,-0.133,5,20.0,40.0,40.0,0.543,-0.003,-0.194,0.093
M2084953,0.418,5,60.0,40.0,0.0,0.612,0.114,0.387,0.123
M2084970,0.688,5,100.0,0.0,0.0,0.848,0.24,0.598,0.247
M2084977,0.193,5,60.0,20.0,20.0,0.641,0.0,0.15,0.0
M2084989,0.226,5,40.0,40.0,20.0,0.548,0.097,0.104,0.093
M2085910,-0.159,5,20.0,40.0,40.0,0.43,0.01,0.032,0.0
M2087850,-0.498,5,0.0,20.0,80.0,0.662,-0.2,-0.298,0.0
M2088003,-0.213,5,20.0,20.0,60.0,0.59,-0.061,-0.058,0.0
M2088735,0.44,5,80.0,20.0,0.0,0.589,0.216,0.223,0.217
M2088745,0.227,5,60.0,40.0,0.0,0.483,0.026,0.194,0.123
M2088950,-0.271,5,0.0,60.0,40.0,0.603,0.013,-0.085,0.0
M2090465,-0.056,5,20.0,40.0,40.0,0.516,0.017,0.021,0.0
M2091256,0.077,5,20.0,80.0,0.0,0.419,0.034,0.004,0.103
M2091473,-0.12,5,0.0,80.0,20.0,0.364,0.017,0.017,0.0
M2091478,0.035,5,40.0,20.0,40.0,0.708,0.0,0.224,0.224
M2091935,-0.426,5,20.0,0.0,80.0,0.617,-0.076,-0.099,0.123
M2092011,-0.149,5,40.0,0.0,60.0,0.611,-0.1,-0.035,0.101
M2093270,-0.406,5,0.0,40.0,60.0,0.643,0.0,-0.245,0.0
M2093977,-0.103,5,40.0,20.0,40.0,0.666,0.038,-0.121,0.123
M2093990,-0.016,5,60.0,0.0,40.0,0.613,0.0,0.003,0.0
M2093991,-0.326,5,20.0,20.0,60.0,0.589,-0.1,-0.1,0.0
M2094018,-0.175,5,20.0,20.0,60.0,0.477,-0.055,-0.1,0.0
M2094064,0.173,5,40.0,60.0,0.0,0.542,0.044,0.137,0.123
M2094766,-0.425,5,0.0,40.0,60.0,0.602,-0.076,-0.223,0.0
M2094877,-0.009,5,20.0,60.0,20.0,0.469,0.004,0.07,0.0
M2095649,-0.233,5,20.0,20.0,60.0,0.687,-0.007,-0.198,0.093
M2096672,-0.186,5,20.0,20.0,60.0,0.461,-0.2,-0.1,0.0
M2096673,0.435,5,80.0,0.0,20.0,0.711,0.047,0.37,0.418
M2097298,0.328,5,60.0,40.0,0.0,0.678,0.0,0.247,0.247
M2097307,-0.162,5,0.0,80.0,20.0,0.343,0.045,-0.102,0.0
M2097331,0.35,5,60.0,40.0,0.0,0.708,0.22,0.25,0.217
M2099556,0.14,5,40.0,40.0,20.0,0.602,0.113,0.214,0.101
M2101341,0.21,5,40.0,40.0,20.0,0.505,0.015,0.202,0.0
M2101383,-0.26,5,20.0,20.0,60.0,0.607,0.013,-0.12,0.0
M2101441,0.007,5,40.0,20.0,40.0,0.605,-0.003,0.015,0.093
M2101473,0.465,5,80.0,20.0,0.0,0.655,0.082,0.351,0.325
M2101569,0.232,5,40.0,40.0,20.0,0.604,0.104,0.254,0.0
M2101570,-0.135,5,40.0,20.0,40.0,0.603,0.093,-0.147,0.093
M2102496,-0.468,5,20.0,0.0,80.0,0.591,0.047,-0.196,0.0
M2103217,0.151,5,60.0,20.0,20.0,0.716,0.287,-0.047,0.187
M2103254,-0.037,5,20.0,60.0,20.0,0.626,0.051,0.004,0.0
M2103264,-0.458,5,0.0,40.0,60.0,0.617,0.0,-0.147,0.0
M2103267,-0.244,5,20.0,40.0,40.0,0.607,0.004,-0.143,0.0
M2103281,0.326,5,60.0,20.0,20.0,0.578,0.272,0.1,0.172
M2105044,-0.304,5,0.0,60.0,40.0,0.542,0.0,-0.147,0.0
M2106361,-0.182,5,0.0,80.0,20.0,0.528,0.0,-0.074,0.0
M2106476,0.204,5,60.0,0.0,40.0,0.585,0.116,0.101,0.179
M2106550,-0.431,5,0.0,40.0,60.0,0.57,0.004,-0.094,0.0
M2106651,0.009,5,40.0,20.0,40.0,0.642,0.1,0.201,0.101
M2107861,-0.317,5,0.0,40.0,60.0,0.595,0.0,-0.098,0.0
M2109184,-0.42,5,20.0,0.0,80.0,0.657,-0.1,-0.118,0.0
M2109248,-0.167,5,20.0,40.0,40.0,0.53,0.028,-0.074,0.0
M2111392,-0.401,5,20.0,0.0,80.0,0.781,0.113,-0.18,0.0
M2111478,0.232,5,60.0,20.0,20.0,0.612,-0.08,0.293,0.123
M2112096,-0.27,5,0.0,60.0,40.0,0.62,0.004,-0.094,0.0
M2112124,-0.455,5,0.0,20.0,80.0,0.567,0.015,-0.059,0.0
M2112210,-0.162,5,20.0,40.0,40.0,0.607,0.03,0.0,0.0
M2113075,0.163,5,80.0,0.0,20.0,0.546,0.0,0.17,0.0
M2113681,0.251,5,40.0,60.0,0.0,0.666,0.004,0.277,0.123
M2113809,-0.029,5,40.0,20.0,40.0,0.643,0.03,0.123,0.123
M2115295,-0.088,5,40.0,20.0,40.0,0.59,0.031,0.0,0.0
M2118624,-0.016,5,0.0,100.0,0.0,0.473,0.021,0.021,0.0
M2118775,-0.222,5,20.0,20.0,60.0,0.492,-0.061,-0.099,0.0
M2119532,0.62,5,100.0,0.0,0.0,0.655,0.272,0.35,0.172
M2119543,-0.075,5,20.0,60.0,20.0,0.494,0.038,0.008,0.0
M2120120,-0.127,5,0.0,80.0,20.0,0.459,0.015,0.015,0.0
M2120152,0.459,5,80.0,20.0,0.0,0.613,0.203,0.333,0.217
M2121382,0.336,5,60.0,40.0,0.0,0.67,0.117,0.367,0.0
M2124787,0.204,5,40.0,60.0,0.0,0.5,0.017,0.228,0.0
M2124908,0.416,5,80.0,20.0,0.0,0.648,0.231,0.223,0.217
M2125423,0.504,5,80.0,20.0,0.0,0.646,0.127,0.454,0.0
M2125435,0.044,5,20.0,60.0,20.0,0.474,0.117,0.117,0.0
M2125501,0.491,5,80.0,20.0,0.0,0.594,0.093,0.361,0.093
M2125608,0.603,5,100.0,0.0,0.0,0.77,0.213,0.587,0.123
M2125653,0.441,5,80.0,20.0,0.0,0.609,0.334,0.204,0.093
M2125666,0.234,5,40.0,60.0,0.0,0.508,0.114,0.225,0.0
M2126235,0.045,5,60.0,20.0,20.0,0.431,-0.076,0.004,0.0
M2126355,-0.285,5,0.0,60.0,40.0,0.406,0.034,-0.041,0.0
M2126357,-0.147,5,0.0,60.0,40.0,0.564,-0.1,-0.1,0.0
M2126362,0.041,5,40.0,20.0,40.0,0.72,0.127,0.152,0.123
M2126403,0.13,5,60.0,20.0,20.0,0.469,0.073,-0.036,0.101
M2129928,0.388,5,60.0,40.0,0.0,0.527,0.093,0.25,0.093
M2130270,-0.202,5,40.0,0.0,60.0,0.611,0.0,-0.047,0.0
M2130321,0.482,5,60.0,40.0,0.0,0.612,0.104,0.404,0.0
M2131532,0.144,5,40.0,40.0,20.0,0.431,0.004,0.182,0.0
M2132285,-0.442,5,0.0,40.0,60.0,0.559,-0.087,-0.233,0.0
M2133196,0.187,5,60.0,0.0,40.0,0.568,0.131,0.223,0.123
M2139555,-0.206,5,20.0,40.0,40.0,0.512,-0.2,-0.2,0.0
M2139881,0.053,5,40.0,20.0,40.0,0.622,0.0,0.273,0.123
M2140037,-0.331,5,0.0,60.0,40.0,0.483,0.019,-0.128,0.0
M2140203,0.476,5,80.0,20.0,0.0,0.697,0.398,0.227,0.172
M2140373,0.417,5,80.0,20.0,0.0,0.725,0.127,0.397,0.123
M2140379,-0.133,5,20.0,40.0,40.0,0.543,0.0,0.003,0.0
M2140465,0.224,5,40.0,40.0,20.0,0.551,0.224,0.13,0.093
M2140479,0.369,5,60.0,40.0,0.0,0.672,0.331,0.331,0.0
M2140507,0.292,5,60.0,40.0,0.0,0.556,0.15,0.214,0.101
M2140619,-0.021,5,20.0,60.0,20.0,0.571,0.148,0.05,0.0
M2141751,-0.132,5,40.0,20.0,40.0,0.574,-0.055,-0.198,0.0
M2141773,-0.224,5,20.0,0.0,80.0,0.668,0.0,0.003,-0.2
M2145829,-0.33,5,20.0,20.0,60.0,0.552,-0.076,-0.145,0.0
M2147365,-0.421,5,20.0,0.0,80.0,0.641,-0.1,-0.198,0.0
M2147459,-0.241,5,20.0,20.0,60.0,0.741,0.027,-0.12,0.0
M2150332,0.242,5,40.0,40.0,20.0,0.642,0.14,0.263,0.123
M2152198,0.429,5,60.0,40.0,0.0,0.696,0.127,0.351,0.224
M2156807,0.25,5,60.0,40.0,0.0,0.522,0.198,0.13,0.0
M2160105,-0.342,5,0.0,60.0,40.0,0.493,0.017,-0.129,0.0
M2165735,-0.068,5,20.0,60.0,20.0,0.596,0.1,-0.047,0.0
M2165859,-0.178,5,20.0,40.0,40.0,0.488,0.057,-0.071,0.0
M2166616,-0.196,5,20.0,20.0,60.0,0.575,-0.087,0.063,0.0
M2167202,-0.574,5,0.0,20.0,80.0,0.569,-0.076,-0.297,0.0
M2167266,0.563,5,80.0,20.0,0.0,0.692,0.22,0.427,0.093
M2170299,0.2,5,40.0,60.0,0.0,0.577,0.008,0.238,0.0
M2170439,0.25,5,60.0,40.0,0.0,0.517,0.23,0.013,0.187
M2170593,0.015,5,20.0,60.0,20.0,0.518,0.03,0.0,0.0
M2171867,-0.046,5,40.0,20.0,40.0,0.633,0.1,0.102,0.0
M2172584,-0.162,5,40.0,0.0,60.0,0.534,0.123,-0.147,0.093
M2172934,-0.033,5,20.0,60.0,20.0,0.43,0.004,0.004,0.0
M2172935,0.109,5,60.0,20.0,20.0,0.611,0.151,0.115,0.0
M2172985,0.035,5,60.0,0.0,40.0,0.675,0.0,0.181,0.101
M2176013,-0.12,5,20.0,40.0,40.0,0.691,0.093,0.0,0.093
M2177511,0.46,5,80.0,20.0,0.0,0.617,0.243,0.337,0.123
M2177771,-0.153,5,20.0,20.0,60.0,0.533,0.013,0.113,0.0
M2177843,0.339,5,80.0,20.0,0.0,0.546,0.123,0.29,0.123
M2178256,0.743,5,100.0,0.0,0.0,0.758,0.093,0.524,0.318
M2178470,0.319,5,60.0,40.0,0.0,0.623,0.2,0.2,0.0
M2178941,0.237,5,40.0,60.0,0.0,0.488,0.0,0.15,0.0
M2179116,0.445,5,80.0,20.0,0.0,0.685,0.389,0.217,0.172
M2179121,0.167,5,60.0,40.0,0.0,0.49,0.034,0.104,0.0
M2179136,0.1,5,40.0,40.0,20.0,0.579,0.015,0.239,0.224
M2180411,-0.153,5,40.0,0.0,60.0,0.754,-0.1,-0.098,0.247
M2180571,-0.346,5,20.0,20.0,60.0,0.622,0.0,-0.147,0.0
M2180994,-0.097,5,0.0,80.0,20.0,0.503,0.004,0.004,0.0
M2181831,0.05,5,60.0,0.0,40.0,0.458,0.092,0.0,0.0
M2181931,0.231,5,60.0,40.0,0.0,0.498,0.174,0.013,0.093
M2182001,0.181,5,60.0,20.0,20.0,0.604,0.182,0.204,0.078
M2182256,-0.273,5,0.0,60.0,40.0,0.523,0.027,-0.071,0.0
M2182972,-0.102,5,20.0,40.0,40.0,0.722,-0.1,0.023,0.123
M2183034,-0.181,5,0.0,80.0,20.0,0.513,0.027,-0.071,0.0
M2184339,-0.275,5,20.0,0.0,80.0,0.48,-0.07,-0.198,0.0
M2186812,-0.342,5,0.0,60.0,40.0,0.677,0.0,-0.245,0.0
M2187115,0.114,5,40.0,40.0,20.0,0.595,0.1,0.054,0.101
M2187884,-0.474,5,0.0,20.0,80.0,0.604,-0.096,-0.096,0.0
M2190367,0.259,5,40.0,60.0,0.0,0.634,0.138,0.261,0.123
M2190838,-0.417,5,0.0,40.0,60.0,0.557,-0.087,-0.331,0.0
M2191701,-0.249,5,20.0,20.0,60.0,0.56,0.013,0.113,0.0
M2191765,0.049,5,20.0,60.0,20.0,0.443,-0.073,0.077,0.0
M2193215,-0.197,5,40.0,20.0,40.0,0.486,-0.087,-0.185,0.0
M2193265,-0.5,5,0.0,20.0,80.0,0.644,0.0,-0.147,0.0
M2193418,-0.745,5,0.0,0.0,100.0,0.647,-0.076,-0.59,0.0
M2194499,0.082,5,60.0,20.0,20.0,0.568,0.13,0.2,0.0
M2195548,-0.196,5,0.0,80.0,20.0,0.543,-0.092,-0.092,0.0
M2198956,-0.566,5,0.0,20.0,80.0,0.627,0.0,-0.441,0.0
M2199571,-0.089,5,20.0,60.0,20.0,0.468,0.031,-0.071,0.0
M2201548,-0.698,5,0.0,0.0,100.0,0.654,-0.1,-0.393,0.0
M2203308,0.37,5,80.0,0.0,20.0,0.733,0.193,0.252,0.093
M2203939,-0.165,5,40.0,20.0,40.0,0.522,-0.096,-0.096,0.0
M2204080,0.1,5,40.0,60.0,0.0,0.506,0.035,0.104,0.0
M2204371,0.126,5,40.0,60.0,0.0,0.516,0.026,0.127,0.123
M2205401,-0.505,5,0.0,20.0,80.0,0.567,-0.087,-0.185,0.0
M2205697,0.151,5,20.0,80.0,0.0,0.508,0.101,0.008,0.093
M2205904,-0.066,5,20.0,40.0,40.0,0.552,0.004,0.049,0.123
M2209418,0.453,5,80.0,20.0,0.0,0.697,0.28,0.123,0.404
M2209764,-0.089,5,20.0,60.0,20.0,0.45,0.061,-0.128,0.0
M2210479,0.562,5,100.0,0.0,0.0,0.613,0.13,0.4,0.094
M2212008,-0.47,5,0.0,20.0,80.0,0.617,-0.1,-0.247,0.0
M2213054,0.185,5,60.0,40.0,0.0,0.495,0.004,0.27,0.0
M2215151,0.528,5,60.0,40.0,0.0,0.603,0.0,0.423,0.123
M2215477,0.088,5,60.0,20.0,20.0,0.488,-0.1,0.078,0.0
M2215719,0.109,5,40.0,40.0,20.0,0.441,0.036,0.137,0.123
M2216240,0.493,5,80.0,20.0,0.0,0.717,0.0,0.453,0.123
M2217859,0.062,5,40.0,40.0,20.0,0.631,0.041,0.007,0.0
M2218003,-0.288,5,0.0,60.0,40.0,0.583,0.017,-0.129,0.0
M2219514,0.169,5,40.0,20.0,40.0,0.497,0.092,0.137,0.202
M2222042,0.35,5,60.0,40.0,0.0,0.657,0.197,0.227,0.217
M2222394,0.22,5,60.0,40.0,0.0,0.484,0.088,0.104,0.0
M2223990,0.175,5,60.0,20.0,20.0,0.619,0.191,0.104,0.187
M2224004,-0.168,5,20.0,40.0,40.0,0.571,0.108,0.01,0.0
M2224026,-0.329,5,0.0,60.0,40.0,0.533,0.017,-0.129,0.048
M2224317,0.205,5,40.0,60.0,0.0,0.622,0.034,0.127,0.123
M2226285,-0.178,5,0.0,60.0,40.0,0.421,0.017,-0.081,0.0
M2226417,0.243,5,60.0,20.0,20.0,0.704,0.061,0.163,0.0
M2226495,-0.158,5,0.0,80.0,20.0,0.622,0.0,-0.147,0.0
M2226519,-0.141,5,20.0,40.0,40.0,0.542,0.051,0.004,0.0
M2226597,0.097,5,40.0,20.0,40.0,0.524,0.002,0.025,0.179
M2229499,0.193,5,60.0,20.0,20.0,0.543,0.034,0.115,0.0
M2229511,0.185,5,40.0,40.0,20.0,0.691,0.13,0.28,0.0
M2229842,0.601,5,100.0,0.0,0.0,0.678,0.293,0.35,0.093
M2230358,0.069,5,40.0,20.0,40.0,0.612,0.0,0.15,0.0
M2231253,-0.054,5,40.0,40.0,20.0,0.518,0.034,0.026,0.0
M2231461,-0.206,5,0.0,40.0,60.0,0.414,0.015,-0.059,0.0
M2231554,-0.051,5,20.0,60.0,20.0,0.573,0.0,0.111,0.0
M2234003,0.529,5,100.0,0.0,0.0,0.658,0.047,0.48,0.0
M2234025,-0.002,5,40.0,0.0,60.0,0.523,0.0,0.052,0.0
M2234155,0.036,5,40.0,40.0,20.0,0.552,0.0,0.053,0.0
M2234261,-0.278,5,20.0,20.0,60.0,0.596,0.013,-0.081,0.0
M2235108,0.137,5,40.0,60.0,0.0,0.643,0.113,0.213,0.0
M2235779,-0.011,5,40.0,20.0,40.0,0.726,0.113,0.117,0.0
M2235902,-0.253,5,0.0,60.0,40.0,0.558,0.004,-0.143,0.0
M2236054,-0.016,5,20.0,60.0,20.0,0.528,0.0,0.0,0.0
M2238032,-0.167,5,20.0,40.0,40.0,0.525,0.086,-0.141,0.078
M2238050,-0.299,5,0.0,60.0,40.0,0.53,0.017,-0.081,0.0
M2239822,-0.202,5,20.0,20.0,60.0,0.404,0.043,-0.132,0.0
M2239832,0.043,5,40.0,20.0,40.0,0.606,0.007,0.014,0.194
M2241351,0.26,5,80.0,0.0,20.0,0.579,0.172,0.101,0.273
M2241605,-0.206,5,20.0,40.0,40.0,0.476,0.03,-0.098,0.0
M2243389,0.086,5,40.0,40.0,20.0,0.574,0.0,0.052,0.0
M2243537,-0.288,5,20.0,20.0,60.0,0.568,0.092,-0.133,0.078
M2244901,-0.07,5,0.0,80.0,20.0,0.543,0.0,0.0,0.0
M2245003,0.292,5,60.0,20.0,20.0,0.641,0.193,0.152,0.093
M2245084,0.396,5,60.0,40.0,0.0,0.65,0.228,0.235,0.194
M2246565,0.192,5,40.0,60.0,0.0,0.493,0.03,0.123,0.123
M2247476,0.069,5,20.0,80.0,0.0,0.467,0.027,0.093,0.0
M2249221,-0.033,5,60.0,0.0,40.0,0.646,0.093,-0.023,0.217
M2250912,0.01,5,40.0,40.0,20.0,0.534,0.035,0.011,0.0
M2251281,-0.222,5,0.0,80.0,20.0,0.544,0.017,-0.129,0.0
M2258281,0.027,5,20.0,80.0,0.0,0.474,0.03,0.0,0.0
M2258345,-0.343,5,0.0,60.0,40.0,0.482,0.021,-0.126,0.0
M2258858,0.298,5,60.0,20.0,20.0,0.563,0.13,0.25,0.0
M2261287,0.216,5,40.0,40.0,20.0,0.627,0.013,0.26,0.295
M2261331,0.075,5,20.0,80.0,0.0,0.5,0.013,0.113,0.0
M2261505,0.167,5,60.0,0.0,40.0,0.758,0.127,0.227,0.0
M2261749,0.216,5,40.0,40.0,20.0,0.559,0.0,0.25,0.0
M2262227,0.243,5,60.0,20.0,20.0,0.559,-0.087,0.213,-0.022
M2262315,-0.132,5,20.0,60.0,20.0,0.435,0.017,-0.129,0.0
M2263944,0.046,5,40.0,40.0,20.0,0.539,0.111,0.117,0.007
M2265171,0.498,5,100.0,0.0,0.0,0.625,0.222,0.323,0.217
M2265398,0.02,5,60.0,0.0,40.0,0.552,0.1,0.3,0.0
M2265534,-0.381,5,20.0,20.0,60.0,0.488,-0.096,-0.096,0.0
M2267968,0.03,5,20.0,60.0,20.0,0.531,0.101,0.008,0.128
M2267998,0.409,5,60.0,20.0,20.0,0.652,0.127,0.4,0.123
M2268016,0.047,5,20.0,60.0,20.0,0.588,0.0,0.15,0.0
M2268458,0.178,5,40.0,40.0,20.0,0.399,0.061,0.113,0.0
M2268573,-0.475,5,20.0,0.0,80.0,0.639,0.0,-0.193,0.0
M2271563,-0.247,5,20.0,20.0,60.0,0.507,-0.076,0.035,0.0
M2272350,0.092,5,40.0,40.0,20.0,0.645,0.145,0.1,0.0
M2272918,-0.318,5,0.0,60.0,40.0,0.566,-0.1,-0.247,0.0
M2273657,0.287,5,40.0,60.0,0.0,0.762,0.113,0.263,0.0
M2274570,-0.224,5,20.0,20.0,60.0,0.668,-0.1,-0.048,0.0
M2274648,-0.489,5,0.0,20.0,80.0,0.546,-0.076,-0.076,0.0
M2275794,-0.251,5,0.0,60.0,40.0,0.485,-0.073,-0.073,0.0
M2275802,0.289,5,40.0,60.0,0.0,0.667,0.013,0.287,0.123
M2275946,0.151,5,60.0,40.0,0.0,0.457,0.019,0.199,0.0
M2277860,0.139,5,20.0,80.0,0.0,0.548,0.004,0.154,0.066
M2278388,0.478,5,80.0,20.0,0.0,0.792,0.397,0.367,0.0
M2278871,0.668,5,100.0,0.0,0.0,0.668,0.223,0.4,0.093
M2279339,-0.378,5,0.0,40.0,60.0,0.673,0.004,-0.143,0.0
M2279373,-0.395,5,0.0,40.0,60.0,0.542,-0.092,-0.092,-0.2
M2281159,0.121,5,40.0,60.0,0.0,0.505,0.141,0.017,0.093
M2281587,0.116,5,40.0,40.0,20.0,0.615,0.111,0.141,0.217
M2282016,-0.208,5,20.0,40.0,40.0,0.664,0.093,-0.147,0.093
M2283336,-0.301,5,20.0,20.0,60.0,0.529,0.017,-0.223,0.093
M2283362,-0.105,5,20.0,60.0,20.0,0.434,0.004,0.004,0.0
M2283748,0.527,5,80.0,20.0,0.0,0.717,0.0,0.523,0.123
M2286990,0.051,5,20.0,80.0,0.0,0.565,0.008,0.131,0.123
M2290553,-0.38,5,20.0,20.0,60.0,0.478,0.0,-0.221,0.0
M2290840,0.562,5,80.0,0.0,20.0,0.705,0.22,0.427,0.093
M2291540,-0.137,5,20.0,40.0,40.0,0.582,-0.083,-0.057,0.123
M2292959,-0.17,5,40.0,0.0,60.0,0.676,-0.007,-0.123,0.217
M2293640,-0.052,5,20.0,40.0,40.0,0.615,0.117,0.117,-0.1
M2294449,0.091,5,40.0,40.0,20.0,0.666,0.097,0.127,0.217
M2294473,0.125,5,40.0,40.0,20.0,0.587,0.193,0.002,0.093
M2294629,0.15,5,60.0,20.0,20.0,0.574,-0.033,0.05,0.002
M2294677,0.158,5,40.0,60.0,0.0,0.601,0.013,0.137,0.123
M2295722,-0.206,5,20.0,20.0,60.0,0.502,0.046,0.004,0.0
M2296777,-0.081,5,20.0,60.0,20.0,0.523,0.017,0.017,0.013
M2299842,0.24,5,60.0,20.0,20.0,0.56,0.191,0.113,0.0
M2300975,-0.319,5,0.0,40.0,60.0,0.596,0.004,-0.143,0.0
M2301592,0.473,5,80.0,20.0,0.0,0.737,0.0,0.437,0.37
M2302755,0.476,5,80.0,20.0,0.0,0.619,0.225,0.227,0.217
M2304426,0.229,5,60.0,0.0,40.0,0.65,0.0,0.373,0.123
M2304771,0.137,5,40.0,40.0,20.0,0.483,0.017,0.208,0.0
M2304933,-0.398,5,0.0,40.0,60.0,0.519,-0.072,-0.221,0.0
M2304953,-0.05,5,20.0,60.0,20.0,0.57,0.0,0.0,0.0
M2305051,-0.168,5,0.0,80.0,20.0,0.418,0.017,0.017,0.0
M2306745,0.26,5,60.0,40.0,0.0,0.654,0.22,0.227,0.093
M2309021,-0.181,5,0.0,80.0,20.0,0.513,0.027,-0.071,0.0
M2309224,-0.024,5,40.0,20.0,40.0,0.701,0.004,0.033,0.123
M2309260,0.093,5,40.0,40.0,20.0,0.643,0.004,0.127,0.123
M2309764,-0.121,5,20.0,40.0,40.0,0.492,0.0,0.0,0.0
M2309788,0.291,5,60.0,40.0,0.0,0.676,0.3,0.113,0.187
M2309961,-0.363,5,0.0,40.0,60.0,0.588,0.004,-0.241,0.0
M2310332,0.481,5,80.0,20.0,0.0,0.651,0.147,0.312,0.101
M2312718,0.2,5,60.0,20.0,20.0,0.579,0.242,0.167,0.0
M2312890,-0.314,5,20.0,20.0,60.0,0.578,-0.169,-0.298,0.0
M2314824,-0.109,5,40.0,20.0,40.0,0.643,0.0,0.025,0.123
M2314886,-0.275,5,20.0,20.0,60.0,0.644,0.015,-0.032,0.0
M2315152,0.073,5,20.0,80.0,0.0,0.498,0.108,0.108,0.0
M2315582,-0.12,5,20.0,20.0,60.0,0.66,0.013,0.163,0.0
M2315596,-0.297,5,0.0,60.0,40.0,0.456,0.019,-0.056,0.0
M2316204,-0.323,5,0.0,60.0,40.0,0.593,0.0,-0.098,0.0
M2316411,0.11,5,40.0,40.0,20.0,0.692,0.127,0.227,0.0
M2316801,0.11,5,40.0,60.0,0.0,0.442,0.013,0.113,0.0
M2317225,-0.34,5,0.0,60.0,40.0,0.476,0.019,-0.274,0.0
M2318092,-0.356,5,20.0,20.0,60.0,0.579,0.03,-0.098,0.0
M2318527,-0.549,5,0.0,20.0,80.0,0.64,-0.096,-0.341,0.0
M2318625,0.056,5,40.0,20.0,40.0,0.64,0.0,0.223,0.123
M2319580,-0.25,5,0.0,60.0,40.0,0.632,-0.1,-0.198,0.0
M2321405,0.362,5,80.0,0.0,20.0,0.788,0.078,0.224,0.449
M2321549,0.202,5,60.0,20.0,20.0,0.587,0.097,0.122,0.093
M2322441,-0.341,5,0.0,40.0,60.0,0.644,-0.096,-0.096,0.0
M2325002,-0.157,5,40.0,0.0,60.0,0.505,-0.076,-0.05,0.0
M2325518,-0.404,5,20.0,0.0,80.0,0.676,0.093,-0.245,0.093
M2325977,-0.194,5,20.0,40.0,40.0,0.606,0.0,-0.047,0.0
M2326554,-0.009,5,0.0,100.0,0.0,0.486,0.017,0.017,0.0
M2326612,-0.294,5,0.0,60.0,40.0,0.538,0.008,0.008,0.0
M2327430,0.581,5,100.0,0.0,0.0,0.641,0.31,0.25,0.172
M2328549,-0.426,5,0.0,40.0,60.0,0.598,-0.096,-0.243,0.0
M2328900,0.201,5,40.0,60.0,0.0,0.543,0.154,0.013,0.093
M2330322,0.133,5,60.0,0.0,40.0,0.658,0.0,0.152,0.0
M2330866,0.35,5,80.0,20.0,0.0,0.549,0.197,0.204,0.093
M2331047,-0.306,5,0.0,40.0,60.0,0.556,0.013,0.013,0.0
M2331143,0.324,5,60.0,40.0,0.0,0.694,0.227,0.327,0.0
M2332522,0.18,5,40.0,40.0,20.0,0.48,0.092,-0.08,0.172
M2332579,-0.537,5,0.0,20.0,80.0,0.611,-0.087,-0.331,0.0
M2333598,-0.056,5,20.0,60.0,20.0,0.525,-0.073,0.027,0.0
M2333784,-0.469,5,0.0,20.0,80.0,0.548,-0.148,-0.223,0.0
M2333804,-0.056,5,20.0,60.0,20.0,0.473,0.035,0.004,0.0
M2334649,0.573,5,100.0,0.0,0.0,0.681,0.257,0.438,0.0
M2334871,-0.282,5,40.0,0.0,60.0,0.486,0.0,0.026,0.0
M2334873,0.201,5,40.0,60.0,0.0,0.503,0.155,0.117,0.0
M2334879,-0.005,5,20.0,40.0,40.0,0.513,0.127,0.127,0.0
M2334896,-0.078,5,20.0,60.0,20.0,0.514,0.043,-0.085,0.0
M2336960,-0.077,5,60.0,0.0,40.0,0.547,0.031,-0.1,0.093
M2338151,0.348,5,80.0,0.0,20.0,0.708,0.287,0.223,0.31
M2338454,-0.343,5,0.0,60.0,40.0,0.482,0.021,-0.126,0.0
M2339741,-0.367,5,0.0,40.0,60.0,0.549,-0.2,-0.2,0.0
M2341664,-0.505,5,20.0,0.0,80.0,0.574,-0.2,-0.247,0.0
M2343793,0.065,5,40.0,40.0,20.0,0.557,-0.066,0.027,0.123
M2345112,-0.062,5,20.0,40.0,40.0,0.579,0.004,0.127,0.123
M2345567,-0.419,5,20.0,0.0,80.0,0.598,-0.17,-0.298,0.0
M2345613,-0.677,5,0.0,0.0,100.0,0.655,-0.2,-0.494,0.0
M2345737,-0.199,5,20.0,60.0,20.0,0.501,0.008,-0.139,0.0
M2345759,-0.525,5,0.0,20.0,80.0,0.598,-0.152,-0.299,0.0
M2347144,-0.023,5,20.0,60.0,20.0,0.588,0.0,0.1,0.0
M2347497,-0.295,5,20.0,20.0,60.0,0.744,0.0,-0.219,0.123
M2347569,0.263,5,40.0,60.0,0.0,0.59,0.117,0.267,0.0
M2349144,-0.21,5,20.0,40.0,40.0,0.561,-0.069,-0.247,0.0
M2350496,0.444,5,60.0,40.0,0.0,0.68,0.227,0.327,0.101
M2350892,-0.045,5,20.0,60.0,20.0,0.565,0.004,0.127,0.123
M2351310,-0.058,5,0.0,100.0,0.0,0.454,0.011,0.011,0.0
M2352802,-0.209,5,0.0,80.0,20.0,0.533,0.017,-0.129,0.0
M2353767,0.208,5,40.0,60.0,0.0,0.538,0.043,0.163,0.0
M2354205,0.296,5,80.0,20.0,0.0,0.525,0.061,0.188,0.123
M2355495,0.182,5,60.0,40.0,0.0,0.515,0.098,0.113,0.0
M2355540,0.363,5,60.0,40.0,0.0,0.639,0.1,0.323,0.123
M2356180,0.542,5,80.0,20.0,0.0,0.72,0.307,0.314,0.194
M2357129,-0.231,5,20.0,0.0,80.0,0.655,0.093,-0.098,0.093
M2357291,0.083,5,60.0,20.0,20.0,0.529,0.107,-0.033,0.171
M2357377,-0.14,5,20.0,60.0,20.0,0.512,0.05,-0.139,0.0
M2357461,0.105,5,20.0,80.0,0.0,0.697,0.0,0.123,0.123
M2357788,0.45,5,100.0,0.0,0.0,0.55,0.202,0.178,0.172
M2358891,0.358,5,60.0,40.0,0.0,0.641,0.272,0.1,0.172
M2358911,0.574,5,100.0,0.0,0.0,0.544,0.154,0.261,0.154
M2358913,0.616,5,100.0,0.0,0.0,0.697,0.28,0.223,0.404
M2358925,-0.167,5,40.0,20.0,40.0,0.558,-0.07,-0.198,0.0
M2359002,0.221,5,40.0,40.0,20.0,0.677,0.013,0.287,0.123
M2359024,0.245,5,60.0,20.0,20.0,0.592,0.238,0.1,0.093
M2359810,0.378,5,60.0,40.0,0.0,0.697,0.205,0.227,0.179
M2360446,-0.706,5,0.0,0.0,100.0,0.681,0.0,-0.391,0.0
M2361317,-0.357,5,20.0,0.0,80.0,0.619,-0.076,-0.186,0.0
M2361509,0.195,5,40.0,20.0,40.0,0.615,0.1,0.223,0.123
M2363219,-0.346,5,20.0,20.0,60.0,0.708,0.093,-0.343,0.093
M2363471,0.123,5,20.0,80.0,0.0,0.39,0.117,0.024,0.093
M2364841,-0.448,5,20.0,0.0,80.0,0.681,-0.1,-0.27,0.123
M2364897,-0.244,5,20.0,40.0,40.0,0.526,0.013,-0.085,0.0
M2364975,0.238,5,60.0,0.0,40.0,0.658,0.093,0.153,0.093
M2365580,-0.065,5,40.0,20.0,40.0,0.51,-0.1,-0.087,0.0
M2366450,0.168,5,60.0,20.0,20.0,0.657,0.0,0.252,0.0
M2366608,-0.025,5,40.0,20.0,40.0,0.645,0.047,0.123,0.123
M2368254,0.019,5,40.0,20.0,40.0,0.69,0.0,0.103,0.0
M2368553,-0.147,5,20.0,40.0,40.0,0.502,-0.061,-0.096,0.0
M2368619,-0.343,5,0.0,60.0,40.0,0.506,0.015,-0.132,0.0
M2368672,0.213,5,60.0,20.0,20.0,0.703,0.127,0.25,0.088
M2368749,0.314,5,60.0,20.0,20.0,0.759,0.23,0.354,0.123
M2369135,-0.085,5,40.0,20.0,40.0,0.619,0.093,0.0,0.093
M2369205,-0.105,5,20.0,60.0,20.0,0.523,0.004,0.004,0.0
M2369317,-0.087,5,20.0,40.0,40.0,0.539,0.048,0.004,0.0
M2369396,-0.428,5,0.0,40.0,60.0,0.44,-0.046,-0.193,0.0
M2370248,0.557,5,100.0,0.0,0.0,0.725,0.343,0.25,0.31
M2370718,0.569,5,100.0,0.0,0.0,0.634,0.023,0.523,0.123
M2371486,0.289,5,80.0,0.0,20.0,0.443,0.055,0.123,0.123
M2372222,-0.351,5,0.0,40.0,60.0,0.535,0.0,-0.221,0.0
M2372251,-0.549,5,0.0,20.0,80.0,0.64,-0.096,-0.341,0.0
M2372678,-0.037,5,20.0,60.0,20.0,0.539,0.017,0.117,0.0
M2374902,0.293,5,60.0,40.0,0.0,0.518,0.054,0.241,0.123
M2375379,0.243,5,80.0,0.0,20.0,0.592,0.156,0.003,0.156
M2375574,0.029,5,20.0,60.0,20.0,0.605,-0.087,0.063,0.0
M2375605,0.376,5,80.0,20.0,0.0,0.552,0.234,0.09,0.187
M2375779,-0.38,5,20.0,20.0,60.0,0.609,0.004,-0.241,0.0
M2376218,-0.217,5,0.0,60.0,40.0,0.509,0.031,0.031,0.0
M2377322,-0.223,5,0.0,60.0,40.0,0.549,0.013,-0.085,0.0
M2377938,0.112,5,60.0,20.0,20.0,0.636,0.127,0.207,0.0
M2378281,0.287,5,80.0,0.0,20.0,0.737,0.2,0.113,0.187
M2378507,0.352,5,80.0,0.0,20.0,0.618,0.223,0.25,0.093
M2378830,0.367,5,60.0,40.0,0.0,0.66,0.131,0.123,0.217
M2378936,-0.335,5,20.0,0.0,80.0,0.672,0.037,-0.111,0.0
M2379713,0.15,5,40.0,60.0,0.0,0.554,0.008,0.231,0.123
M2380207,0.179,5,40.0,40.0,20.0,0.683,0.14,0.192,0.0
M2380247,0.242,5,40.0,60.0,0.0,0.534,0.086,0.158,0.078
M2380307,0.016,5,20.0,80.0,0.0,0.505,0.047,0.017,0.113
M2380331,0.042,5,20.0,80.0,0.0,0.418,0.013,0.113,0.0
M2381111,0.013,5,40.0,20.0,40.0,0.718,0.1,0.223,0.123
M2381249,-0.017,5,20.0,60.0,20.0,0.336,0.058,0.03,0.0
M2381335,0.384,5,80.0,20.0,0.0,0.668,0.117,0.405,0.123
M2381941,0.055,5,20.0,80.0,0.0,0.548,0.061,0.013,0.0
M2381991,-0.075,5,40.0,20.0,40.0,0.476,0.074,-0.061,0.093
M2382009,0.021,5,20.0,80.0,0.0,0.572,0.013,0.113,0.0
M2382298,0.388,5,80.0,20.0,0.0,0.607,0.209,0.123,0.31
M2382320,0.044,5,40.0,40.0,20.0,0.503,0.146,0.119,0.0
M2382396,-0.152,5,0.0,80.0,20.0,0.468,0.027,-0.071,0.0
M2383068,0.252,5,60.0,40.0,0.0,0.626,0.078,0.123,0.202
M2385104,0.028,5,40.0,40.0,20.0,0.598,0.0,0.077,0.123
M2386237,-0.573,5,0.0,20.0,80.0,0.599,-0.1,-0.247,0.0
M2386278,-0.182,5,0.0,80.0,20.0,0.499,0.004,-0.094,0.0
M2386404,0.341,5,80.0,20.0,0.0,0.551,0.03,0.25,0.0
M2386490,0.242,5,40.0,40.0,20.0,0.642,0.14,0.263,0.172
M2387408,-0.587,5,0.0,0.0,100.0,0.63,-0.2,-0.2,0.0
M2387433,-0.274,5,0.0,60.0,40.0,0.634,0.013,-0.133,0.0
M2387499,-0.22,5,20.0,40.0,40.0,0.621,0.004,-0.019,0.123
M2387513,0.26,5,60.0,40.0,0.0,0.568,0.0,0.317,0.0
M2387559,-0.162,5,20.0,40.0,40.0,0.501,-0.003,-0.096,0.093
M2388637,0.083,5,40.0,60.0,0.0,0.493,0.004,0.004,0.0
M2388715,0.171,5,40.0,60.0,0.0,0.471,0.043,0.137,0.123
M2388725,0.319,5,80.0,0.0,20.0,0.661,0.068,0.273,0.091
M2388771,0.117,5,20.0,80.0,0.0,0.46,0.031,0.142,0.0
M2388819,0.119,5,20.0,80.0,0.0,0.547,0.113,0.113,0.0
M2389182,0.536,5,100.0,0.0,0.0,0.626,0.261,0.25,0.093
M2390237,-0.001,5,0.0,100.0,0.0,0.604,0.004,0.004,0.0
M2390361,0.225,5,40.0,40.0,20.0,0.679,0.004,0.304,0.0
M2390962,0.119,5,20.0,80.0,0.0,0.411,0.014,0.115,0.101
M2392326,0.115,5,20.0,80.0,0.0,0.487,0.021,0.171,0.0
M2392830,0.28,5,60.0,40.0,0.0,0.554,0.209,0.231,0.078
M2393827,-0.18,5,0.0,60.0,40.0,0.577,0.0,0.0,0.0
M2393845,-0.465,5,0.0,40.0,60.0,0.616,0.008,-0.286,0.0
M2395199,-0.651,5,0.0,0.0,100.0,0.706,0.0,-0.368,0.0
M2395385,-0.072,5,20.0,60.0,20.0,0.607,0.008,0.033,0.123
M2395417,0.425,5,80.0,20.0,0.0,0.631,0.097,0.228,0.318
M2395427,0.234,5,60.0,40.0,0.0,0.542,0.034,0.165,0.101
M2395469,0.396,5,80.0,0.0,20.0,0.775,0.447,0.353,0.093
M2396224,0.378,5,100.0,0.0,0.0,0.542,0.292,0.1,0.192
M2396566,0.062,5,20.0,60.0,20.0,0.489,0.097,0.004,0.093
M2396589,0.297,5,60.0,40.0,0.0,0.637,0.217,0.0,0.187
M2397535,0.426,5,80.0,20.0,0.0,0.666,0.193,0.25,0.093
M2397619,0.412,5,60.0,40.0,0.0,0.55,0.203,0.26,0.093
M2398149,0.264,5,60.0,20.0,20.0,0.57,0.217,0.0,0.187
M2398231,-0.082,5,0.0,100.0,0.0,0.528,0.008,0.008,0.0
M2398241,-0.406,5,20.0,20.0,60.0,0.489,0.013,-0.133,0.078
M2398249,-0.642,5,0.0,0.0,100.0,0.592,0.0,-0.098,0.0
M2400275,-0.368,5,20.0,0.0,80.0,0.663,-0.2,-0.246,0.0
M2400291,0.123,5,40.0,20.0,40.0,0.52,0.093,0.072,0.093
M2400463,0.176,5,60.0,40.0,0.0,0.531,0.004,0.184,0.0
M2401097,-0.091,5,40.0,20.0,40.0,0.574,0.0,-0.035,0.0
M2401223,0.408,5,80.0,20.0,0.0,0.635,0.116,0.223,0.217
M2401621,0.504,5,80.0,20.0,0.0,0.684,0.131,0.373,0.123
M2401807,-0.089,5,20.0,60.0,20.0,0.423,0.019,0.011,0.0
M2401878,-0.009,5,40.0,40.0,20.0,0.534,0.108,-0.147,0.108
M2402085,-0.128,5,0.0,80.0,20.0,0.498,0.013,0.013,0.0
M2402091,0.282,5,60.0,40.0,0.0,0.524,0.221,0.144,0.0
M2402101,0.244,5,40.0,60.0,0.0,0.578,0.115,0.238,0.123
M2402105,0.094,5,40.0,20.0,40.0,0.592,0.127,0.127,0.0
M2402157,-0.257,5,0.0,60.0,40.0,0.439,-0.068,-0.143,0.0
M2402603,0.173,5,60.0,0.0,40.0,0.59,0.0,0.153,0.101
M2402927,0.473,5,80.0,20.0,0.0,0.772,0.22,0.357,0.093
M2403021,-0.539,5,0.0,20.0,80.0,0.612,-0.2,-0.298,0.0
M2403029,-0.593,5,0.0,0.0,100.0,0.615,-0.1,-0.1,0.0
M2403961,-0.261,5,20.0,20.0,60.0,0.561,0.0,-0.098,0.0
M2404181,0.412,5,80.0,20.0,0.0,0.569,0.123,0.201,0.194
M2404233,-0.193,5,0.0,60.0,40.0,0.48,-0.076,-0.076,0.0
M2404311,0.212,5,40.0,40.0,20.0,0.551,0.013,0.238,0.224
M2404425,0.425,5,60.0,40.0,0.0,0.644,0.101,0.281,0.217
M2404435,0.343,5,80.0,20.0,0.0,0.426,0.15,0.067,0.093
M2404461,0.572,5,100.0,0.0,0.0,0.694,0.127,0.519,0.101
M2404463,0.086,5,20.0,80.0,0.0,0.504,0.023,0.146,0.123
M2404465,0.278,5,60.0,40.0,0.0,0.63,0.191,0.104,0.187
M2404738,0.103,5,20.0,80.0,0.0,0.516,0.011,0.161,0.0
M2406252,0.182,5,60.0,20.0,20.0,0.594,0.107,0.117,0.093
M2406566,0.099,5,40.0,40.0,20.0,0.66,0.004,0.131,0.123
M2409300,0.025,5,40.0,20.0,40.0,0.581,-0.061,0.089,0.224
M2409818,-0.383,5,0.0,40.0,60.0,0.514,-0.083,-0.083,0.0
M2414766,-0.023,5,20.0,60.0,20.0,0.553,-0.092,0.058,0.0
M2415458,0.049,5,40.0,40.0,20.0,0.5,0.128,0.025,0.0
M2417712,0.022,5,20.0,60.0,20.0,0.599,0.1,0.1,0.0
M2425486,-0.01,5,20.0,40.0,40.0,0.534,0.004,0.127,0.123
M2427502,0.243,5,40.0,60.0,0.0,0.531,0.104,0.204,0.0
M2427892,0.05,5,40.0,20.0,40.0,0.692,0.1,0.103,0.0
M2428170,-0.022,5,40.0,20.0,40.0,0.69,0.0,-0.032,0.0
M2429074,-0.382,5,20.0,0.0,80.0,0.728,0.127,-0.118,0.0
M2431286,0.36,5,80.0,20.0,0.0,0.597,0.047,0.28,0.0
M2436386,-0.071,5,0.0,100.0,0.0,0.488,0.021,0.021,0.0
M2436516,0.011,5,40.0,20.0,40.0,0.628,-0.076,0.012,0.123
M2436682,-0.118,5,20.0,60.0,20.0,0.408,-0.069,-0.069,0.0
M2438644,0.036,5,20.0,80.0,0.0,0.507,0.013,0.08,0.0
M2446042,0.15,5,80.0,20.0,0.0,0.405,0.0,0.1,0.0
M2446600,0.47,5,80.0,20.0,0.0,0.599,0.241,0.233,0.217
M2446980,0.095,5,40.0,40.0,20.0,0.444,0.13,0.1,0.0
M2450186,0.01,5,40.0,40.0,20.0,0.627,0.031,-0.023,0.123
M2452042,0.011,5,20.0,60.0,20.0,0.694,0.0,0.025,0.138
M2452200,0.063,5,20.0,60.0,20.0,0.412,0.086,0.008,0.078
M2452244,-0.156,5,0.0,60.0,40.0,0.512,0.017,0.017,0.0
M2452254,0.353,5,60.0,40.0,0.0,0.529,0.013,0.287,0.123
M2452386,0.278,5,40.0,60.0,0.0,0.649,0.013,0.26,0.247
M2458106,-0.298,5,0.0,60.0,40.0,0.45,0.015,0.015,0.0
M2458776,0.039,5,40.0,40.0,20.0,0.431,0.026,0.104,0.0
M2459156,0.317,5,80.0,20.0,0.0,0.506,0.013,0.237,0.123
M2461132,0.218,5,40.0,60.0,0.0,0.477,0.112,0.119,0.093
M2461150,-0.022,5,0.0,100.0,0.0,0.404,0.023,0.023,0.0
M2461520,0.294,5,40.0,60.0,0.0,0.637,0.1,0.25,0.0
M2463288,0.037,5,20.0,60.0,20.0,0.616,0.004,0.056,0.0
M2463512,-0.445,5,0.0,40.0,60.0,0.601,-0.087,-0.331,0.0
M2465140,-0.174,5,40.0,20.0,40.0,0.581,-0.1,-0.098,0.0
M2465146,-0.124,5,40.0,40.0,20.0,0.491,0.008,-0.139,0.0
M2465578,0.212,5,40.0,60.0,0.0,0.704,0.0,0.247,0.247
M2467046,-0.57,5,0.0,20.0,80.0,0.568,0.004,-0.292,0.0
M2468774,0.271,5,40.0,60.0,0.0,0.615,0.004,0.277,0.123
M2472432,0.346,5,60.0,40.0,0.0,0.605,0.218,0.24,0.078
M2473510,-0.195,5,20.0,40.0,40.0,0.498,-0.052,-0.243,0.0
M2473602,0.031,5,20.0,80.0,0.0,0.351,0.031,0.031,0.0
M2473682,-0.572,5,0.0,20.0,80.0,0.599,0.013,-0.28,0.0
M2473794,0.343,5,60.0,20.0,20.0,0.68,0.13,0.43,0.0
M2474024,-0.362,5,20.0,0.0,80.0,0.701,-0.1,-0.195,0.0
M2474438,0.194,5,40.0,40.0,20.0,0.479,0.065,0.167,0.0
M2474958,-0.006,5,20.0,80.0,0.0,0.431,0.008,0.008,0.0
M2474976,-0.269,5,20.0,20.0,60.0,0.527,0.013,0.08,0.0
M2479478,-0.508,5,0.0,20.0,80.0,0.647,0.0,-0.293,0.0
M2479800,-0.016,5,20.0,60.0,20.0,0.553,0.013,0.027,0.0
M2481198,-0.037,5,20.0,60.0,20.0,0.595,0.034,0.034,0.0
M2481480,-0.287,5,0.0,60.0,40.0,0.502,0.027,-0.071,0.0
M2481498,-0.211,5,0.0,60.0,40.0,0.532,0.008,-0.09,0.0
M2483260,-0.272,5,20.0,20.0,60.0,0.58,-0.066,-0.096,-0.27
M2486678,0.062,5,20.0,80.0,0.0,0.529,0.111,0.017,0.093
M2486682,0.415,5,80.0,20.0,0.0,0.639,0.1,0.423,0.123
M2488496,0.348,5,80.0,0.0,20.0,0.615,0.141,0.375,0.0
M2490326,-0.38,5,0.0,40.0,60.0,0.535,-0.072,-0.072,0.0
M2492916,0.327,5,80.0,20.0,0.0,0.479,0.172,0.17,0.0
M2493486,-0.058,5,40.0,40.0,20.0,0.493,0.041,-0.147,0.0
M2494280,0.007,5,40.0,20.0,40.0,0.638,0.211,-0.029,0.093
M2494362,-0.041,5,40.0,20.0,40.0,0.525,-0.087,0.163,0.0
M2494384,-0.372,5,0.0,40.0,60.0,0.607,-0.087,-0.185,0.0
M2495118,0.118,5,40.0,40.0,20.0,0.626,0.004,0.277,0.123
M2499076,0.451,5,80.0,20.0,0.0,0.639,0.151,0.341,0.0
M2499472,0.151,5,40.0,40.0,20.0,0.522,0.0,0.15,0.0
M2503154,0.05,5,20.0,60.0,20.0,0.589,0.017,0.167,0.0
M2503944,0.109,5,20.0,60.0,20.0,0.512,0.017,0.167,0.0
M2505294,0.008,5,20.0,60.0,20.0,0.66,0.004,0.056,0.0
M2509850,-0.277,5,20.0,20.0,60.0,0.655,-0.1,0.0,0.0
M2510434,-0.541,5,0.0,20.0,80.0,0.613,-0.196,-0.343,0.0
M2510894,-0.174,5,0.0,80.0,20.0,0.412,-0.066,-0.066,-0.073
M2511428,-0.035,5,20.0,60.0,20.0,0.526,0.097,0.004,0.093
M2513074,-0.112,5,0.0,80.0,20.0,0.488,0.015,0.015,0.0
M2513616,0.444,5,80.0,20.0,0.0,0.652,0.2,0.423,0.123
M2515030,-0.052,5,40.0,40.0,20.0,0.452,0.034,-0.143,0.0
M2515034,-0.135,5,20.0,40.0,40.0,0.391,-0.121,-0.148,0.0
M2515086,-0.181,5,40.0,0.0,60.0,0.615,0.1,0.122,0.0
M2517658,-0.416,5,0.0,40.0,60.0,0.598,-0.087,-0.283,0.0
M2518788,0.256,5,60.0,40.0,0.0,0.524,0.138,0.2,0.0
M2523600,-0.125,5,20.0,60.0,20.0,0.442,0.004,0.004,0.0
M2524674,0.095,5,40.0,40.0,20.0,0.653,0.1,0.2,0.0
M2527186,0.068,5,40.0,40.0,20.0,0.539,0.111,0.117,0.093
M2527336,0.441,5,80.0,20.0,0.0,0.672,0.38,0.1,0.28
M2527338,0.104,5,40.0,40.0,20.0,0.528,0.13,0.253,0.123
M2528814,0.289,5,60.0,20.0,20.0,0.632,0.187,0.003,0.187
M2531318,0.373,5,60.0,40.0,0.0,0.668,0.01,0.38,0.37
M2531344,0.006,5,20.0,40.0,40.0,0.624,0.0,0.15,0.0
M2532528,0.42,5,60.0,40.0,0.0,0.585,0.103,0.31,0.093
M2535470,-0.038,5,20.0,40.0,40.0,0.567,0.108,0.015,0.093
M2537176,-0.015,5,20.0,60.0,20.0,0.592,0.082,0.004,0.078
M2539482,0.114,5,80.0,0.0,20.0,0.557,0.13,0.053,0.0
M2542368,0.243,5,40.0,60.0,0.0,0.49,0.0,0.15,0.0
M2543164,0.417,5,80.0,0.0,20.0,0.722,0.1,0.337,0.224
M2543336,0.106,5,40.0,60.0,0.0,0.568,0.038,0.0,0.0
M2543472,0.577,5,80.0,20.0,0.0,0.665,0.205,0.427,0.078
M2544766,0.2,5,40.0,40.0,20.0,0.442,0.157,0.115,0.0
M2545118,0.536,5,80.0,20.0,0.0,0.71,0.078,0.397,0.325
M2545428,0.01,5,20.0,80.0,0.0,0.427,0.014,0.114,0.0
M2547584,0.425,5,60.0,40.0,0.0,0.588,0.047,0.273,0.123
M2548208,-0.038,5,20.0,60.0,20.0,0.344,0.058,0.027,0.0
M2548396,-0.313,5,0.0,60.0,40.0,0.612,0.004,-0.192,0.0
M2552296,0.439,5,60.0,40.0,0.0,0.638,0.013,0.398,0.123
M2552394,-0.069,5,0.0,100.0,0.0,0.568,0.008,0.008,0.0
M2554270,0.344,5,60.0,40.0,0.0,0.594,0.05,0.281,0.123
M2554274,0.139,5,20.0,80.0,0.0,0.456,0.027,0.128,0.101
M2555736,-0.31,5,20.0,20.0,60.0,0.582,0.104,0.006,0.0
M2556308,0.163,5,40.0,40.0,20.0,0.634,-0.076,0.197,0.123
M2556874,0.049,5,60.0,0.0,40.0,0.68,0.002,0.001,0.202
M2557276,0.22,5,60.0,20.0,20.0,0.701,0.197,0.081,0.217
M2557478,-0.147,5,0.0,60.0,40.0,0.433,0.015,0.015,0.0
M2557490,0.209,5,40.0,60.0,0.0,0.446,0.183,0.153,0.0
M2560102,0.583,5,80.0,20.0,0.0,0.722,0.0,0.523,0.123
M2561546,-0.136,5,40.0,0.0,60.0,0.738,0.107,-0.085,0.093
M2561572,-0.199,5,0.0,60.0,40.0,0.515,0.013,-0.085,0.0
M2562232,0.481,5,80.0,20.0,0.0,0.694,0.293,0.311,0.093
M2567026,0.299,5,60.0,20.0,20.0,0.629,-0.022,0.161,0.078
M2567712,0.174,5,40.0,40.0,20.0,0.564,0.03,0.142,0.0
M2568862,-0.022,5,40.0,20.0,40.0,0.498,0.0,0.1,0.0
M2570858,0.301,5,80.0,0.0,20.0,0.707,0.305,0.307,0.078
M2572632,-0.09,5,20.0,60.0,20.0,0.451,0.046,0.019,0.0
M2573858,-0.133,5,0.0,80.0,20.0,0.459,0.027,-0.071,0.0
M2574698,0.142,5,40.0,40.0,20.0,0.555,0.097,0.154,0.093
M2576852,0.32,5,80.0,20.0,0.0,0.452,0.081,0.181,0.182
M2577172,-0.608,5,0.0,20.0,80.0,0.597,0.0,-0.245,0.0
M2580382,0.065,5,40.0,40.0,20.0,0.556,0.22,-0.02,0.093
M2581244,0.027,5,20.0,60.0,20.0,0.549,0.14,-0.007,0.0
M2582496,0.433,5,100.0,0.0,0.0,0.586,0.13,0.347,0.101
M2582498,0.164,5,40.0,40.0,20.0,0.641,-0.007,0.05,0.093
M2582500,-0.174,5,20.0,40.0,40.0,0.656,-0.1,-0.075,0.123
M2582502,0.552,5,80.0,20.0,0.0,0.721,0.078,0.374,0.303
M2582576,-0.513,5,20.0,0.0,80.0,0.563,0.03,-0.245,0.0
M2582782,0.433,5,100.0,0.0,0.0,0.494,0.104,0.179,0.101
M2582784,0.131,5,40.0,40.0,20.0,0.674,0.013,0.26,0.247
M2582802,0.374,5,60.0,40.0,0.0,0.684,0.227,0.328,0.101
M2582846,0.376,5,60.0,40.0,0.0,0.611,0.107,0.26,0.34
M2584384,0.43,5,80.0,20.0,0.0,0.613,0.327,0.104,0.187
M2591814,0.681,5,100.0,0.0,0.0,0.721,0.172,0.374,0.396
M2592614,-0.355,5,0.0,60.0,40.0,0.556,0.0,-0.147,0.0
M2593392,0.524,5,80.0,0.0,20.0,0.665,0.193,0.4,0.093
M2597242,-0.683,5,0.0,0.0,100.0,0.64,-0.1,-0.394,0.0
M2597768,-0.158,5,0.0,80.0,20.0,0.469,0.013,-0.133,0.0
M2597892,0.165,5,40.0,60.0,0.0,0.472,0.147,0.117,0.0
M2599716,-0.122,5,20.0,60.0,20.0,0.389,0.03,-0.117,0.0
M2608224,-0.039,5,60.0,0.0,40.0,0.548,0.131,0.1,0.093
M2608732,0.241,5,60.0,20.0,20.0,0.612,0.01,0.278,0.247
M2609912,-0.352,5,0.0,40.0,60.0,0.414,-0.15,-0.228,0.0
M2610768,-0.436,5,20.0,0.0,80.0,0.676,0.093,-0.245,0.093
M2611626,-0.64,5,0.0,0.0,100.0,0.608,-0.076,-0.297,0.0
M2611652,0.249,5,40.0,60.0,0.0,0.539,0.121,0.271,0.0
M2614684,-0.052,5,0.0,100.0,0.0,0.477,0.008,0.008,0.0
M2616810,-0.172,5,40.0,20.0,40.0,0.584,0.13,-0.047,0.0
M2616880,0.569,5,100.0,0.0,0.0,0.623,0.231,0.25,0.231
M2617828,0.162,5,80.0,0.0,20.0,0.599,0.16,0.033,0.0
M2620590,-0.135,5,20.0,40.0,40.0,0.55,0.117,0.117,0.0
M2621000,0.38,5,60.0,40.0,0.0,0.562,0.22,0.277,0.093
M2623502,-0.094,5,20.0,60.0,20.0,0.49,0.017,0.019,0.0
M2624412,-0.333,5,0.0,40.0,60.0,0.648,0.0,-0.098,0.0
M2625030,0.734,5,100.0,0.0,0.0,0.739,0.1,0.635,0.123
M2625598,0.323,5,80.0,20.0,0.0,0.583,0.0,0.379,0.0
M2625810,-0.075,5,20.0,40.0,40.0,0.644,-0.096,0.054,0.0
M2626350,-0.014,5,20.0,60.0,20.0,0.5,0.017,0.128,0.0
M2628316,-0.56,5,0.0,20.0,80.0,0.49,-0.061,-0.208,0.0
M2631186,0.103,5,40.0,40.0,20.0,0.544,0.008,0.224,0.0
M2636522,0.202,5,60.0,0.0,40.0,0.682,-0.002,0.193,0.202
M2637276,-0.007,5,20.0,40.0,40.0,0.573,0.004,0.154,0.0
M2637294,-0.581,5,0.0,20.0,80.0,0.603,-0.087,-0.429,0.0
M2638144,-0.192,5,20.0,40.0,40.0,0.497,-0.045,-0.072,0.0
M2639254,0.086,5,20.0,60.0,20.0,0.574,0.0,0.15,0.0
M2639336,-0.056,5,20.0,40.0,40.0,0.594,-0.096,0.027,0.123
M2639344,0.132,5,20.0,80.0,0.0,0.418,0.131,0.131,0.0
M2640474,0.678,5,100.0,0.0,0.0,0.699,0.0,0.599,0.123
M2646378,-0.401,5,0.0,40.0,60.0,0.609,-0.087,-0.233,0.0
M2649128,0.177,5,60.0,0.0,40.0,0.736,0.193,0.149,0.217
M2649554,-0.126,5,20.0,40.0,40.0,0.578,0.0,0.076,0.0
M2650978,0.263,5,80.0,0.0,20.0,0.682,0.113,0.195,0.0
M2652092,0.239,5,40.0,60.0,0.0,0.421,0.048,0.128,0.0
M2652118,-0.024,5,20.0,40.0,40.0,0.48,0.024,0.024,0.0
M2659414,0.678,5,100.0,0.0,0.0,0.832,0.1,0.62,0.37
M2660888,0.263,5,80.0,20.0,0.0,0.579,0.207,0.113,0.093
M2667380,-0.288,5,0.0,40.0,60.0,0.467,-0.152,-0.152,0.0
M2667918,0.063,5,20.0,80.0,0.0,0.536,0.017,0.141,0.123
M2668134,-0.064,5,0.0,80.0,20.0,0.57,0.004,0.004,0.019
M2669336,0.019,5,20.0,40.0,40.0,0.479,0.013,0.163,0.0
M2671706,0.279,5,60.0,40.0,0.0,0.462,0.058,0.25,0.123
M2674358,-0.024,5,40.0,20.0,40.0,0.514,-0.152,-0.029,0.123
M2674426,0.278,5,60.0,20.0,20.0,0.608,0.047,0.223,0.123
M2674430,-0.141,5,20.0,40.0,40.0,0.702,-0.087,-0.087,0.0
M2674454,-0.206,5,40.0,0.0,60.0,0.465,0.031,-0.098,0.0
M2675914,0.21,5,60.0,40.0,0.0,0.352,0.091,0.0,0.0
M2677722,0.132,5,40.0,60.0,0.0,0.491,0.107,0.013,0.093
M2679042,-0.356,5,20.0,20.0,60.0,0.511,0.029,-0.368,0.0
M2679552,0.152,5,20.0,60.0,20.0,0.519,0.013,0.163,0.0
M2691498,0.09,5,40.0,60.0,0.0,0.379,0.044,0.013,0.0
M2691722,0.167,5,20.0,80.0,0.0,0.532,0.027,0.15,0.123
M2692250,-0.061,5,40.0,20.0,40.0,0.567,0.03,0.15,0.0
M2692904,0.67,5,100.0,0.0,0.0,0.745,0.157,0.55,0.123
M2693664,0.227,5,60.0,20.0,20.0,0.498,0.06,0.089,0.093
M2702724,-0.512,5,0.0,20.0,80.0,0.61,-0.196,-0.294,0.0
M2704998,0.325,5,60.0,40.0,0.0,0.634,0.194,0.131,0.31
M2707848,-0.058,5,0.0,100.0,0.0,0.471,0.027,0.027,0.0
M2707858,-0.331,5,0.0,60.0,40.0,0.575,0.017,-0.227,0.0
M2708254,0.143,5,20.0,80.0,0.0,0.589,0.008,0.131,0.123
M2708946,0.018,5,20.0,60.0,20.0,0.511,0.0,0.072,0.0
M2709692,-0.194,5,0.0,80.0,20.0,0.653,0.004,-0.143,0.105
M2709768,-0.042,5,20.0,60.0,20.0,0.589,0.104,0.006,-0.056
M2713180,0.435,5,80.0,20.0,0.0,0.591,0.143,0.318,0.123
M2714380,-0.383,5,20.0,20.0,60.0,0.603,0.03,-0.391,0.0
M2714900,0.7,5,100.0,0.0,0.0,0.81,0.32,0.5,0.217
M2716382,-0.127,5,0.0,80.0,20.0,0.402,-0.087,-0.087,0.0
M2717558,0.021,5,40.0,40.0,20.0,0.546,0.031,0.007,0.0
M2717822,-0.406,5,0.0,40.0,60.0,0.473,0.019,-0.13,0.0
M2717860,0.156,5,40.0,60.0,0.0,0.534,0.1,0.1,0.0
M2718440,-0.179,5,20.0,40.0,40.0,0.451,-0.072,-0.072,0.0
M2718492,0.138,5,40.0,40.0,20.0,0.616,0.013,0.167,0.0
M2719848,0.109,5,40.0,60.0,0.0,0.509,0.004,0.105,0.101
M2720680,0.056,5,60.0,20.0,20.0,0.514,0.143,0.015,0.0
M2720826,-0.246,5,20.0,0.0,80.0,0.738,0.051,0.051,0.0
M2724532,-0.201,5,20.0,40.0,40.0,0.521,0.097,-0.143,0.093
M2725962,-0.13,5,40.0,20.0,40.0,0.551,0.03,0.0,0.0
M2726560,-0.01,5,60.0,0.0,40.0,0.697,0.113,0.09,0.123
M2737050,0.001,5,40.0,40.0,20.0,0.393,0.095,0.027,0.0
M2737304,0.116,5,40.0,40.0,20.0,0.541,0.086,0.158,0.078
M2737310,0.168,5,40.0,60.0,0.0,0.492,0.023,0.123,0.123
M2751310,-0.632,5,0.0,20.0,80.0,0.615,-0.1,-0.393,0.0
M2752200,0.095,5,20.0,60.0,20.0,0.454,0.027,0.177,0.0
M2752688,-0.229,5,20.0,40.0,40.0,0.488,-0.096,-0.194,0.0
M2752758,-0.106,5,20.0,40.0,40.0,0.526,-0.093,-0.187,0.093
M2752772,-0.278,5,40.0,0.0,60.0,0.641,-0.1,-0.118,0.0
M2753778,0.314,5,80.0,20.0,0.0,0.498,0.124,0.123,0.202
M2756032,0.065,5,40.0,40.0,20.0,0.505,0.047,0.0,0.0
M2758880,0.698,5,100.0,0.0,0.0,0.752,0.1,0.63,0.0
M2758904,-0.252,5,40.0,0.0,60.0,0.494,-0.07,-0.247,0.0
M2762506,0.139,5,60.0,20.0,20.0,0.474,0.028,0.211,0.0
M2763304,0.269,5,80.0,0.0,20.0,0.672,0.172,0.125,0.295
M2764784,0.244,5,60.0,40.0,0.0,0.615,0.004,0.327,0.123
M2771200,0.107,5,20.0,80.0,0.0,0.562,0.013,0.125,0.0
M2771372,-0.035,5,40.0,40.0,20.0,0.655,0.138,-0.047,0.0
M2776344,-0.032,5,20.0,60.0,20.0,0.485,0.031,0.154,0.123
M2776878,0.107,5,40.0,40.0,20.0,0.53,0.0,0.2,0.0
M2781516,-0.214,5,20.0,40.0,40.0,0.562,0.0,-0.098,0.0
M2781832,-0.227,5,20.0,20.0,60.0,0.699,-0.1,-0.097,0.0
M2782692,0.235,5,60.0,20.0,20.0,0.67,0.23,0.2,0.0
M2784512,-0.389,5,20.0,0.0,80.0,0.606,0.0,-0.035,0.0
M2784678,-0.236,5,20.0,20.0,60.0,0.699,0.004,-0.069,0.123
M2784936,0.081,5,20.0,60.0,20.0,0.567,0.008,0.131,0.123
M2785032,0.245,5,40.0,60.0,0.0,0.61,0.134,0.235,0.101
M2785288,0.056,5,40.0,40.0,20.0,0.386,0.043,0.115,0.0
M2788710,0.085,5,60.0,20.0,20.0,0.489,0.035,0.104,0.0
M2788716,-0.292,5,20.0,20.0,60.0,0.64,-0.196,-0.219,0.123
M2788732,0.349,5,60.0,40.0,0.0,0.541,0.015,0.366,0.101
M2793490,-0.083,5,20.0,60.0,20.0,0.58,0.097,0.004,0.093
M2797106,0.366,5,60.0,40.0,0.0,0.704,0.0,0.347,0.247
M2797242,-0.001,5,40.0,40.0,20.0,0.526,0.082,0.004,0.078
M2798920,0.281,5,60.0,20.0,20.0,0.708,0.013,0.264,0.247
M2799166,-0.559,5,0.0,20.0,80.0,0.579,0.0,-0.295,0.0
M2800240,0.145,5,60.0,40.0,0.0,0.511,0.043,0.093,0.0
M2802136,-0.533,5,0.0,20.0,80.0,0.649,-0.1,-0.247,0.0
M2802144,0.56,5,100.0,0.0,0.0,0.689,0.028,0.503,0.123
M2802154,0.337,5,60.0,40.0,0.0,0.593,0.157,0.227,0.0
M2806788,0.385,5,60.0,20.0,20.0,0.742,0.127,0.427,0.0
M2820852,0.349,5,60.0,0.0,40.0,0.675,0.1,0.4,0.0
M2821088,-0.157,5,20.0,40.0,40.0,0.567,0.013,0.013,0.0
M2823054,-0.433,5,20.0,20.0,60.0,0.582,0.0,-0.245,0.0
M2828996,-0.668,5,0.0,0.0,100.0,0.651,-0.1,-0.345,0.0
M2832470,0.416,5,80.0,0.0,20.0,0.677,0.0,0.523,0.123
M2837336,-0.627,5,0.0,20.0,80.0,0.631,0.0,-0.391,0.0
M2837574,0.184,5,40.0,60.0,0.0,0.466,0.017,0.195,0.0
M2844798,0.459,5,80.0,20.0,0.0,0.65,0.092,0.367,0.202
M2848292,0.099,5,20.0,60.0,20.0,0.506,0.013,0.137,0.123
M2850386,0.291,5,40.0,60.0,0.0,0.64,0.004,0.304,0.035
M2852376,0.065,5,40.0,40.0,20.0,0.478,0.126,0.017,0.078
M2852400,0.262,5,40.0,60.0,0.0,0.54,0.082,0.154,0.078
M2852406,0.163,5,60.0,20.0,20.0,0.59,0.043,0.26,0.247
M2852458,0.443,5,80.0,20.0,0.0,0.683,0.123,0.273,0.217
M2854926,-0.14,5,20.0,60.0,20.0,0.569,0.013,-0.133,0.0
M2855648,0.536,5,80.0,20.0,0.0,0.643,0.308,0.365,0.093
M2861532,0.512,5,100.0,0.0,0.0,0.689,0.267,0.307,0.093
M2865120,-0.344,5,20.0,20.0,60.0,0.736,0.013,-0.28,-0.065
M2866346,-0.162,5,20.0,20.0,60.0,0.732,0.0,0.052,0.0
M2866360,0.123,5,20.0,80.0,0.0,0.454,0.027,0.15,0.123
M2869728,-0.582,5,0.0,20.0,80.0,0.632,0.0,-0.44,0.0
M2870612,-0.078,5,40.0,40.0,20.0,0.516,0.065,-0.143,0.0
M2870648,0.427,5,100.0,0.0,0.0,0.444,0.194,0.133,0.172
M2870708,-0.011,5,40.0,40.0,20.0,0.603,0.013,0.055,0.123
M2870756,-0.108,5,0.0,80.0,20.0,0.494,0.017,0.017,0.0
M2870808,-0.251,5,20.0,40.0,40.0,0.544,-0.045,-0.239,0.0
M2872462,0.068,5,40.0,40.0,20.0,0.607,0.03,0.003,0.0
M2872518,-0.147,5,20.0,40.0,40.0,0.633,-0.087,-0.061,0.123
M2872718,0.371,5,80.0,20.0,0.0,0.581,0.03,0.29,0.123
M2872724,-0.438,5,0.0,20.0,80.0,0.608,0.0,-0.147,0.0
M2872732,-0.192,5,20.0,40.0,40.0,0.546,0.008,0.008,0.0
M2872750,0.24,5,60.0,20.0,20.0,0.716,0.047,0.175,0.108
M2873282,-0.065,5,40.0,20.0,40.0,0.534,-0.061,0.127,0.123
M2876428,0.463,5,80.0,20.0,0.0,0.68,0.307,0.337,0.217
M2882328,0.102,5,20.0,60.0,20.0,0.501,0.004,0.105,0.101
M2883434,-0.027,5,20.0,60.0,20.0,0.518,0.074,0.027,0.0
M2883512,0.376,5,60.0,40.0,0.0,0.611,0.107,0.26,0.34
M2884018,0.306,5,40.0,60.0,0.0,0.601,0.013,0.275,0.0
M2884206,0.419,5,80.0,20.0,0.0,0.604,0.25,0.227,0.093
M2885364,-0.32,5,0.0,60.0,40.0,0.523,-0.089,-0.187,0.0
M2888046,0.198,5,40.0,40.0,20.0,0.546,0.167,0.127,0.0
M2891174,0.101,5,40.0,40.0,20.0,0.585,-0.1,0.05,0.0
M2893490,0.107,5,20.0,80.0,0.0,0.458,0.017,0.118,0.101
M2900624,-0.589,5,0.0,20.0,80.0,0.601,-0.1,-0.345,0.0
M2901736,0.207,5,40.0,60.0,0.0,0.577,0.008,0.258,0.0
M2905838,-0.004,5,20.0,60.0,20.0,0.531,0.004,0.007,0.0
M2908446,-0.021,5,20.0,60.0,20.0,0.497,0.032,-0.061,0.093
M2908856,-0.052,5,20.0,60.0,20.0,0.617,0.008,0.088,0.0
M2910274,-0.038,5,40.0,40.0,20.0,0.527,-0.092,0.008,0.0
M2910814,-0.252,5,20.0,20.0,60.0,0.595,-0.096,-0.044,0.0
M2910904,-0.057,5,20.0,60.0,20.0,0.536,0.017,0.141,0.123
M2911666,0.181,5,60.0,40.0,0.0,0.348,0.043,0.082,0.0
M2911668,-0.247,5,20.0,40.0,40.0,0.568,0.013,-0.183,0.0
M2917388,-0.223,5,0.0,60.0,40.0,0.439,0.011,0.011,0.0
M2918436,-0.529,5,20.0,0.0,80.0,0.623,0.0,-0.293,0.0
M2918606,-0.325,5,0.0,60.0,40.0,0.594,0.004,-0.143,0.0
M2920540,0.425,5,60.0,20.0,20.0,0.604,0.0,0.385,0.123
M2920808,-0.139,5,20.0,40.0,40.0,0.576,0.034,0.004,0.0
M2923316,-0.553,5,0.0,20.0,80.0,0.635,-0.076,-0.369,0.0
M2926810,-0.226,5,20.0,40.0,40.0,0.571,0.038,-0.147,0.0
M2932536,-0.11,5,40.0,20.0,40.0,0.544,0.013,0.113,0.0
M2933474,-0.063,5,40.0,20.0,40.0,0.685,0.03,0.025,0.123
M2933544,-0.082,5,0.0,80.0,20.0,0.506,0.027,0.027,0.0
M2935476,0.39,5,60.0,40.0,0.0,0.709,0.257,0.381,0.123
M2935510,0.243,5,60.0,40.0,0.0,0.521,0.017,0.218,0.123
M2935564,0.494,5,80.0,20.0,0.0,0.526,0.041,0.3,0.0
M2936180,0.209,5,40.0,60.0,0.0,0.559,0.116,0.0,0.078
M2937366,-0.425,5,0.0,20.0,80.0,0.529,-0.1,-0.296,0.0
M2937696,0.413,5,80.0,20.0,0.0,0.565,0.185,0.179,0.273
M2937898,0.288,5,40.0,60.0,0.0,0.574,0.037,0.15,0.0
M2938416,0.41,5,60.0,40.0,0.0,0.718,0.13,0.404,0.123
M2938956,-0.021,5,40.0,40.0,20.0,0.453,-0.068,0.009,0.0
M2942522,-0.135,5,0.0,80.0,20.0,0.601,0.013,0.013,0.0
M2944198,-0.254,5,0.0,40.0,60.0,0.521,-0.1,-0.198,0.0
M2947832,0.284,5,60.0,20.0,20.0,0.682,0.1,0.204,0.101
M2948356,0.486,5,80.0,20.0,0.0,0.624,0.078,0.4,0.078
M2948372,0.254,5,60.0,20.0,20.0,0.722,0.0,0.253,0.038
M2948790,-0.486,5,0.0,20.0,80.0,0.626,-0.1,-0.1,0.0
M2948840,0.012,5,20.0,60.0,20.0,0.548,0.097,0.004,0.093
M2949296,-0.004,5,20.0,60.0,20.0,0.487,0.123,0.045,0.0
M2952602,-0.046,5,20.0,60.0,20.0,0.529,0.038,0.004,0.0
M2954474,-0.253,5,20.0,40.0,40.0,0.513,0.004,0.004,0.0
M2955096,-0.219,5,0.0,40.0,60.0,0.416,0.0,0.0,0.0
M2955316,-0.083,5,0.0,100.0,0.0,0.511,0.017,0.017,0.0
M2957760,0.084,5,40.0,60.0,0.0,0.455,0.019,0.165,0.0
M2960930,-0.397,5,20.0,20.0,60.0,0.618,-0.07,-0.345,0.0
M2962726,-0.211,5,40.0,0.0,60.0,0.562,0.0,0.049,0.123
M2962876,0.213,5,40.0,60.0,0.0,0.58,0.163,0.127,0.0
M2965412,-0.415,5,0.0,40.0,60.0,0.477,-0.073,-0.171,0.0
M2965466,-0.51,5,0.0,20.0,80.0,0.567,-0.2,-0.298,0.0
M2966760,-0.23,5,0.0,80.0,20.0,0.494,0.01,-0.137,0.0
M2967006,-0.022,5,20.0,60.0,20.0,0.446,0.017,0.017,0.0
M2967008,-0.736,5,0.0,0.0,100.0,0.661,-0.2,-0.591,0.0
M2967224,-0.422,5,0.0,40.0,60.0,0.583,0.004,-0.143,0.0
M2968804,-0.452,5,0.0,40.0,60.0,0.578,0.019,-0.274,0.0
M2969522,0.352,5,80.0,20.0,0.0,0.561,0.071,0.238,0.123
M2969656,0.294,5,60.0,20.0,20.0,0.688,0.242,0.245,0.0
M2973408,0.308,5,60.0,40.0,0.0,0.395,0.057,0.133,0.123
M2974918,-0.539,5,0.0,20.0,80.0,0.57,-0.2,-0.347,-0.158
M2975578,0.388,5,60.0,20.0,20.0,0.611,0.015,0.426,0.0
M2975590,0.218,5,60.0,40.0,0.0,0.46,0.157,0.115,0.0
M2978102,-0.371,5,20.0,20.0,60.0,0.594,-0.1,-0.247,0.0
M2978462,-0.059,5,40.0,20.0,40.0,0.585,-0.007,-0.1,0.093
M2980210,-0.153,5,0.0,80.0,20.0,0.58,0.013,-0.133,0.0
M2980472,-0.344,5,0.0,20.0,80.0,0.543,-0.1,-0.198,0.0
M2980516,0.468,5,80.0,20.0,0.0,0.643,0.193,0.311,0.093
M2980554,-0.125,5,40.0,20.0,40.0,0.659,0.093,-0.147,0.093
M2980592,0.115,5,20.0,80.0,0.0,0.528,0.093,0.0,0.093
M2980626,0.222,5,60.0,0.0,40.0,0.458,0.101,0.101,0.179
M2980648,0.569,5,100.0,0.0,0.0,0.677,0.33,0.301,0.194
M2980706,0.07,5,20.0,80.0,0.0,0.52,0.055,0.008,0.125
M2980708,-0.044,5,20.0,60.0,20.0,0.58,0.107,0.013,0.093
M2980794,0.487,5,80.0,0.0,20.0,0.705,0.078,0.352,0.078
M2981768,0.286,5,60.0,40.0,0.0,0.653,0.113,0.237,0.188
M2987732,0.184,5,60.0,20.0,20.0,0.582,0.034,0.154,0.0
M2988272,-0.552,5,0.0,20.0,80.0,0.572,-0.2,-0.298,0.0
M2990140,-0.18,5,40.0,20.0,40.0,0.546,-0.057,-0.153,0.0
M2990738,0.306,5,40.0,60.0,0.0,0.489,0.119,0.269,0.0
M2991224,0.428,5,80.0,0.0,20.0,0.746,0.1,0.448,0.348
M2994190,-0.234,5,0.0,80.0,20.0,0.567,0.013,-0.133,0.0
M2996684,0.125,5,40.0,40.0,20.0,0.518,0.208,0.115,0.093
M3001638,0.28,5,80.0,20.0,0.0,0.508,0.043,0.218,0.123
M3005242,-0.33,5,20.0,20.0,60.0,0.606,-0.059,-0.243,0.0
M3007512,0.214,5,40.0,60.0,0.0,0.611,0.1,0.2,0.0
M3011894,0.419,5,60.0,40.0,0.0,0.588,0.117,0.352,0.123
M3011960,-0.254,5,20.0,20.0,60.0,0.546,0.097,-0.143,0.093
M3013528,-0.432,5,20.0,0.0,80.0,0.635,0.1,-0.096,0.0
M3013610,0.323,5,80.0,0.0,20.0,0.697,0.302,0.113,0.093
M3014284,0.018,5,60.0,20.0,20.0,0.444,-0.019,-0.087,0.045
M3014666,-0.092,5,20.0,40.0,40.0,0.584,0.097,-0.094,0.093
M3014866,-0.198,5,20.0,20.0,60.0,0.453,-0.076,-0.084,0.0
M3021360,-0.264,5,0.0,60.0,40.0,0.499,0.013,-0.085,0.0
M3026488,0.144,5,40.0,60.0,0.0,0.55,0.017,0.141,0.123
M3029476,-0.525,5,0.0,20.0,80.0,0.551,0.004,-0.289,0.0
M3029556,0.372,5,60.0,40.0,0.0,0.512,0.043,0.315,0.0
M3029558,0.386,5,80.0,20.0,0.0,0.57,0.244,0.095,0.187
M3040964,0.267,5,60.0,40.0,0.0,0.552,0.107,0.214,0.194
M3042408,0.378,5,80.0,0.0,20.0,0.717,0.113,0.364,0.101
M3045616,-0.266,5,20.0,20.0,60.0,0.598,0.037,-0.184,0.0
M3053228,-0.461,5,20.0,0.0,80.0,0.6,0.0,-0.182,0.0
M3060492,0.293,5,80.0,20.0,0.0,0.483,0.165,0.204,0.0
M3062096,0.298,5,60.0,20.0,20.0,0.699,0.22,0.202,0.093
M3062880,0.547,5,100.0,0.0,0.0,0.608,0.123,0.351,0.194
M3062976,0.169,5,40.0,60.0,0.0,0.532,0.127,0.127,0.0
M3063516,-0.18,5,20.0,20.0,60.0,0.62,0.013,0.013,0.0
M3064298,0.275,5,40.0,60.0,0.0,0.574,0.107,0.137,0.217
M3065132,0.186,5,60.0,20.0,20.0,0.546,0.116,0.123,0.217
M3065204,-0.011,5,40.0,20.0,40.0,0.646,0.0,0.15,0.0
M3066270,0.004,5,20.0,80.0,0.0,0.42,0.031,0.131,0.0
M3068194,-0.151,5,20.0,60.0,20.0,0.609,0.0,-0.147,0.0
M3072482,-0.134,5,20.0,60.0,20.0,0.494,0.019,-0.063,0.0
M3074780,0.208,5,60.0,40.0,0.0,0.522,0.097,0.184,0.093
M3076658,0.344,5,60.0,20.0,20.0,0.703,0.24,0.39,0.0
M3077214,0.389,5,80.0,20.0,0.0,0.572,0.219,0.1,0.172
M3078242,0.202,5,60.0,20.0,20.0,0.624,0.093,0.223,0.217
M3079016,-0.706,5,0.0,0.0,100.0,0.658,-0.2,-0.543,0.0
M3079380,0.166,5,40.0,60.0,0.0,0.477,0.03,0.253,0.123
M3082854,-0.092,5,20.0,40.0,40.0,0.483,0.013,0.113,0.0
M3082898,-0.415,5,20.0,0.0,80.0,0.674,0.0,-0.292,0.0
M3083008,-0.144,5,0.0,80.0,20.0,0.366,0.031,0.031,0.0
M3086442,0.082,5,40.0,20.0,40.0,0.611,0.141,0.0,0.093
M3089388,0.606,5,100.0,0.0,0.0,0.638,0.209,0.3,0.187
M3089630,-0.158,5,20.0,40.0,40.0,0.596,0.013,-0.081,0.0
M3089778,0.306,5,60.0,40.0,0.0,0.574,0.213,0.313,0.0
M3090252,0.062,5,40.0,60.0,0.0,0.336,0.073,0.02,0.0
M3090634,0.044,5,40.0,40.0,20.0,0.517,0.161,0.131,0.0
M3093546,-0.527,5,0.0,20.0,80.0,0.664,-0.2,-0.347,0.0
M3095734,-0.37,5,0.0,20.0,80.0,0.517,0.0,-0.074,0.0
M3097204,-0.128,5,0.0,80.0,20.0,0.498,0.013,0.013,0.0
M3099498,-0.118,5,20.0,40.0,40.0,0.669,0.0,-0.023,0.123
M3100274,-0.043,5,20.0,60.0,20.0,0.486,0.017,0.019,0.0
M3104988,0.286,5,60.0,40.0,0.0,0.568,0.223,0.1,0.093
M3106120,0.146,5,60.0,20.0,20.0,0.597,0.123,0.101,0.194
M3110958,0.266,5,60.0,40.0,0.0,0.528,0.202,0.095,0.187
M3110960,-0.0,5,20.0,60.0,20.0,0.364,0.017,0.017,0.0
M3111426,-0.323,5,0.0,60.0,40.0,0.46,0.017,0.017,0.0
M3118452,-0.146,5,40.0,20.0,40.0,0.702,0.113,-0.131,0.0
M3118874,-0.233,5,20.0,20.0,60.0,0.475,-0.07,-0.116,0.0
M3120280,-0.163,5,0.0,80.0,20.0,0.433,-0.083,-0.083,0.0
M3125324,0.309,5,40.0,60.0,0.0,0.59,0.27,0.27,0.0
M3125472,0.053,5,20.0,60.0,20.0,0.395,0.109,0.031,0.078
M3127022,-0.005,5,0.0,100.0,0.0,0.376,0.04,0.04,0.0
M3128900,-0.553,5,0.0,20.0,80.0,0.582,0.0,-0.245,0.0
M3136112,0.008,5,20.0,80.0,0.0,0.482,0.004,0.004,0.0
M3137630,-0.104,5,20.0,60.0,20.0,0.549,0.0,-0.018,0.0
M3137764,-0.137,5,0.0,80.0,20.0,0.521,0.027,0.027,0.0
M3138104,-0.593,5,0.0,20.0,80.0,0.631,-0.096,-0.439,0.0
M3138376,-0.065,5,20.0,40.0,40.0,0.56,0.017,0.128,0.0
M3138558,-0.45,5,0.0,40.0,60.0,0.534,-0.187,-0.333,0.0
M3138782,0.215,5,60.0,40.0,0.0,0.471,0.068,0.108,0.101
M3140100,0.184,5,60.0,40.0,0.0,0.555,0.127,0.084,0.093
M3142688,-0.285,5,0.0,60.0,40.0,0.53,-0.187,-0.187,0.0
M3146360,0.217,5,40.0,60.0,0.0,0.711,0.0,0.201,0.101
M3147312,0.034,5,20.0,80.0,0.0,0.63,0.013,0.093,0.0
M3148502,0.173,5,40.0,60.0,0.0,0.616,0.004,0.227,0.123
M3149038,0.246,5,40.0,60.0,0.0,0.657,0.107,0.137,0.217
M3152592,-0.078,5,0.0,80.0,20.0,0.494,0.004,0.004,-0.003
M3152624,0.451,5,60.0,40.0,0.0,0.666,0.004,0.388,0.123
M3153634,0.359,5,80.0,0.0,20.0,0.604,0.1,0.412,0.101
M3154310,-0.428,5,20.0,0.0,80.0,0.612,-0.022,-0.296,0.078
M3155328,-0.044,5,0.0,100.0,0.0,0.529,0.017,0.017,0.0
M3155604,0.235,5,60.0,40.0,0.0,0.491,0.055,0.167,0.0
M3157224,-0.266,5,0.0,60.0,40.0,0.463,-0.061,-0.135,0.0
M3162938,0.533,5,100.0,0.0,0.0,0.633,0.193,0.401,0.194
M3164256,-0.586,5,0.0,0.0,100.0,0.557,0.0,-0.196,0.0
M3165608,-0.235,5,20.0,20.0,60.0,0.685,0.104,-0.043,0.0
M3165612,-0.17,5,0.0,60.0,40.0,0.461,0.021,0.021,0.0
M3168230,-0.035,5,20.0,60.0,20.0,0.606,0.013,0.017,0.0
M3169706,0.396,5,60.0,20.0,20.0,0.698,0.227,0.327,0.101
M3169770,0.106,5,40.0,40.0,20.0,0.678,0.104,0.227,0.123
M3170832,0.35,5,60.0,40.0,0.0,0.564,0.25,0.0,0.25
M3170902,-0.058,5,40.0,40.0,20.0,0.573,0.124,-0.147,0.093
M3171832,0.27,5,60.0,20.0,20.0,0.701,0.024,0.271,0.247
M3172520,-0.025,5,40.0,20.0,40.0,0.435,-0.002,-0.013,0.078
M3172532,0.246,5,40.0,60.0,0.0,0.628,0.113,0.237,0.123
M3173594,0.218,5,60.0,0.0,40.0,0.758,0.127,0.277,0.0
M3173910,0.015,5,80.0,0.0,20.0,0.594,0.075,-0.067,0.0
M3174376,-0.219,5,40.0,0.0,60.0,0.472,-0.2,-0.2,0.0
M3175038,0.369,5,80.0,20.0,0.0,0.53,0.152,0.127,0.217
M3177316,-0.207,5,20.0,40.0,40.0,0.455,-0.087,-0.087,0.0
M3179568,-0.342,5,20.0,20.0,60.0,0.589,0.107,-0.28,0.093
M3181776,-0.421,5,0.0,40.0,60.0,0.546,0.0,-0.149,0.0
M3181822,-0.566,5,0.0,0.0,100.0,0.583,-0.1,-0.247,0.0
M3183630,0.325,5,80.0,0.0,20.0,0.802,0.227,0.352,0.025
M3183660,0.081,5,20.0,60.0,20.0,0.502,0.148,0.148,0.0
M3184934,0.464,5,100.0,0.0,0.0,0.591,0.06,0.247,0.247
M3186318,-0.177,5,20.0,20.0,60.0,0.443,0.041,0.004,0.0
M3194532,-0.113,5,20.0,60.0,20.0,0.486,0.027,-0.071,0.0
M3195644,-0.18,5,0.0,60.0,40.0,0.558,0.013,0.013,0.0
M3197766,0.13,5,40.0,60.0,0.0,0.401,0.046,0.119,0.0
M3201640,-0.272,5,0.0,60.0,40.0,0.469,-0.144,-0.144,0.0
M3202202,0.056,5,40.0,40.0,20.0,0.542,0.214,-0.071,0.187
M3202890,-0.299,5,20.0,20.0,60.0,0.682,0.0,-0.023,0.123
M3203290,0.54,5,80.0,20.0,0.0,0.732,0.097,0.401,0.34
M3203528,0.006,5,40.0,20.0,40.0,0.697,0.097,0.029,0.217
M3203606,0.302,5,80.0,0.0,20.0,0.453,0.0,0.211,0.0
M3203616,-0.192,5,20.0,40.0,40.0,0.496,0.051,-0.094,0.0
M3203620,-0.633,5,0.0,0.0,100.0,0.686,0.0,-0.245,0.0
M3204392,0.3,5,60.0,40.0,0.0,0.504,0.205,0.104,0.078
M3205376,0.227,5,40.0,40.0,20.0,0.521,0.207,0.113,0.093
M3208026,0.327,5,60.0,20.0,20.0,0.526,0.208,0.226,0.093
M3210686,0.019,5,20.0,40.0,40.0,0.479,0.013,0.163,0.0
M3212232,-0.432,5,0.0,40.0,60.0,0.583,0.004,-0.143,0.0
M3212904,-0.187,5,20.0,40.0,40.0,0.578,-0.052,-0.194,0.0
M3214002,-0.133,5,20.0,40.0,40.0,0.554,0.0,-0.143,0.0
M3215824,0.077,5,20.0,40.0,40.0,0.435,0.019,0.169,0.0
M3216348,-0.564,5,0.0,20.0,80.0,0.629,-0.096,-0.39,0.0
M3219604,0.253,5,40.0,60.0,0.0,0.48,0.004,0.227,0.123
M3224458,0.288,5,80.0,20.0,0.0,0.657,0.147,0.297,0.0
M3228774,0.252,5,60.0,20.0,20.0,0.565,0.007,0.163,0.093
M3231054,-0.051,5,20.0,60.0,20.0,0.561,0.104,-0.043,0.0
M3233418,0.029,5,40.0,20.0,40.0,0.655,0.127,0.207,0.0
M3235888,0.279,5,60.0,40.0,0.0,0.622,0.127,0.127,0.217
M3236120,0.066,5,20.0,60.0,20.0,0.508,0.004,0.127,0.123
M3247714,-0.107,5,40.0,20.0,40.0,0.569,0.104,-0.051,0.0
M3253624,0.334,5,60.0,20.0,20.0,0.642,0.1,0.324,0.224
M3253650,0.566,5,100.0,0.0,0.0,0.788,0.357,0.45,0.123
M3253930,-0.009,5,40.0,40.0,20.0,0.531,0.041,0.004,0.0
M3255590,0.103,5,40.0,60.0,0.0,0.473,0.111,0.017,0.093
M3256226,-0.173,5,0.0,60.0,40.0,0.46,0.004,0.004,0.0
M3262342,0.511,5,80.0,20.0,0.0,0.601,0.123,0.273,0.278
M3263614,0.079,5,20.0,80.0,0.0,0.413,0.017,0.084,0.0
M3263904,0.367,5,80.0,20.0,0.0,0.644,0.134,0.307,0.123
M3263946,0.175,5,60.0,20.0,20.0,0.641,-0.096,0.151,0.247
M3264102,0.305,5,60.0,20.0,20.0,0.548,0.182,0.133,0.295
M3265262,0.149,5,40.0,40.0,20.0,0.619,0.097,0.127,0.217
M3266284,-0.282,5,20.0,0.0,80.0,0.648,0.0,-0.144,0.0
M3268458,0.382,5,60.0,40.0,0.0,0.543,0.004,0.365,0.0
M3268668,-0.341,5,20.0,20.0,60.0,0.524,0.004,-0.071,0.0
M3270538,0.427,5,80.0,0.0,20.0,0.603,0.331,0.2,0.093
M3272570,0.271,5,40.0,40.0,20.0,0.532,0.1,0.25,0.0
M3276924,-0.035,5,20.0,60.0,20.0,0.525,0.004,0.127,0.123
M3278330,-0.168,5,20.0,40.0,40.0,0.571,-0.196,-0.095,0.101
M3279124,0.142,5,60.0,20.0,20.0,0.468,0.146,0.0,0.093
M3280262,-0.336,5,0.0,60.0,40.0,0.571,-0.087,-0.233,0.0
M3280916,0.057,5,60.0,20.0,20.0,0.592,0.047,0.08,0.0
M3281548,0.641,5,100.0,0.0,0.0,0.747,0.257,0.5,0.123
M3282858,0.353,5,60.0,40.0,0.0,0.671,0.101,0.254,0.34
M3286052,-0.361,5,20.0,20.0,60.0,0.653,0.03,-0.245,0.0
M3286560,-0.067,5,20.0,60.0,20.0,0.574,0.013,0.013,0.0
M3289712,0.101,5,40.0,20.0,40.0,0.582,0.187,0.14,0.0
M3289724,0.325,5,40.0,60.0,0.0,0.477,0.092,0.163,0.078
M3289728,-0.011,5,40.0,40.0,20.0,0.533,-0.007,-0.033,0.093
M3289956,-0.009,5,20.0,40.0,40.0,0.6,0.013,0.137,0.123
M3294200,-0.307,5,20.0,20.0,60.0,0.601,-0.096,-0.23,0.0
M3296658,0.457,5,60.0,40.0,0.0,0.592,0.051,0.304,0.0
M3296908,0.352,5,60.0,40.0,0.0,0.618,0.143,0.347,0.123
M3297330,0.213,5,40.0,60.0,0.0,0.589,0.1,0.2,0.0
M3300542,0.236,5,40.0,40.0,20.0,0.657,0.13,0.28,0.0
M3300980,0.511,5,80.0,20.0,0.0,0.69,0.078,0.373,0.202
M3302706,-0.184,5,40.0,0.0,60.0,0.554,0.1,-0.047,0.0
M3302820,0.131,5,60.0,40.0,0.0,0.41,0.056,0.07,0.0
M3305308,-0.195,5,20.0,40.0,40.0,0.382,0.0,-0.074,0.0
M3305316,-0.022,5,20.0,60.0,20.0,0.6,0.127,0.029,0.0
M3305844,-0.543,5,0.0,20.0,80.0,0.596,0.013,-0.231,0.0
M3311384,0.514,5,100.0,0.0,0.0,0.703,0.0,0.547,0.247
M3312830,0.134,5,40.0,40.0,20.0,0.617,0.004,0.131,0.123
M3312868,0.136,5,20.0,80.0,0.0,0.45,0.0,0.1,0.0
M3315342,0.669,5,100.0,0.0,0.0,0.668,0.0,0.574,0.224
M3316948,0.004,5,40.0,40.0,20.0,0.486,0.08,-0.071,0.0
M3316960,0.232,5,60.0,20.0,20.0,0.717,0.093,0.223,0.217
M3317208,0.578,5,80.0,20.0,0.0,0.643,0.082,0.405,0.179
M3317234,-0.121,5,20.0,60.0,20.0,0.486,0.0,-0.074,0.0
M3317522,-0.565,5,0.0,20.0,80.0,0.481,-0.07,-0.217,0.0
M3318750,-0.399,5,20.0,0.0,80.0,0.594,0.0,-0.245,0.0
M3319730,-0.012,5,20.0,80.0,0.0,0.524,0.0,0.0,0.0
M3319920,-0.359,5,20.0,0.0,80.0,0.606,-0.1,0.001,0.101
M3321300,-0.342,5,0.0,60.0,40.0,0.539,0.008,-0.213,0.0
M3322364,0.382,5,80.0,20.0,0.0,0.626,0.172,0.123,0.295
M3322420,0.415,5,80.0,20.0,0.0,0.656,0.337,0.213,0.093
M3322892,-0.305,5,20.0,40.0,40.0,0.573,0.013,-0.28,0.0
M3322940,-0.333,5,0.0,60.0,40.0,0.539,-0.087,-0.185,0.0
M3327624,-0.322,5,20.0,20.0,60.0,0.638,-0.007,-0.296,0.093
M3327994,0.584,5,100.0,0.0,0.0,0.773,0.347,0.453,0.093
M3330764,-0.008,5,40.0,40.0,20.0,0.512,0.008,0.108,0.0
M3331028,0.279,5,40.0,60.0,0.0,0.506,0.127,0.25,0.123
M3331846,0.269,5,40.0,60.0,0.0,0.615,0.104,0.227,0.19
M3332064,0.058,5,20.0,80.0,0.0,0.486,0.101,0.008,0.093
M3335606,0.037,5,20.0,60.0,20.0,0.471,-0.083,0.067,0.0
M3339674,-0.01,5,20.0,60.0,20.0,0.605,-0.096,0.054,0.0
M3344680,0.01,5,40.0,20.0,40.0,0.655,0.0,0.199,0.123
M3344694,0.116,5,40.0,40.0,20.0,0.592,0.244,0.244,0.0
M3344922,0.127,5,40.0,60.0,0.0,0.333,0.1,0.04,0.0
M3346224,0.101,5,40.0,40.0,20.0,0.456,0.0,0.1,0.0
M3348730,0.129,5,20.0,80.0,0.0,0.539,0.017,0.167,0.0
M3352390,-0.24,5,20.0,40.0,40.0,0.461,-0.073,-0.171,0.0
M3361792,0.265,5,40.0,60.0,0.0,0.664,0.13,0.254,0.123
M3365778,0.248,5,60.0,40.0,0.0,0.616,0.093,0.101,0.194
M3369806,0.131,5,40.0,40.0,20.0,0.561,0.013,0.137,0.123
M3371366,-0.475,5,0.0,40.0,60.0,0.573,-0.072,-0.365,0.0
M3374966,0.017,5,40.0,20.0,40.0,0.651,-0.07,0.031,0.101
M3381008,0.19,5,40.0,60.0,0.0,0.423,0.115,0.115,0.0
M3385516,0.342,5,60.0,40.0,0.0,0.572,0.283,0.255,0.0
M3385524,0.418,5,60.0,40.0,0.0,0.627,0.117,0.391,0.123
M3387266,0.215,5,40.0,40.0,20.0,0.481,0.123,0.0,0.093
M3387520,-0.313,5,0.0,60.0,40.0,0.439,-0.06,-0.206,0.0
M3387542,-0.151,5,0.0,60.0,40.0,0.513,0.013,0.013,0.0
M3387648,-0.079,5,20.0,60.0,20.0,0.482,-0.087,0.013,0.0
M3390572,0.475,5,100.0,0.0,0.0,0.734,0.32,0.391,0.093
M3393786,-0.148,5,0.0,80.0,20.0,0.446,-0.061,-0.061,0.0
M3395184,0.064,5,20.0,40.0,40.0,0.505,0.1,0.1,0.0
M3397884,0.494,5,80.0,20.0,0.0,0.678,0.1,0.473,0.123
M3398268,0.162,5,60.0,0.0,40.0,0.59,0.127,0.227,0.165
M3399024,0.202,5,60.0,20.0,20.0,0.598,0.093,0.119,0.093
M3401882,-0.28,5,20.0,20.0,60.0,0.675,-0.096,-0.119,0.123
M3402236,0.147,5,60.0,40.0,0.0,0.489,0.101,0.004,0.0
M3404140,0.588,5,100.0,0.0,0.0,0.66,0.231,0.311,0.093
M3404158,0.286,5,60.0,40.0,0.0,0.439,0.0,0.189,0.0
M3405236,0.049,5,40.0,40.0,20.0,0.44,0.021,-0.006,0.093
M3409392,0.151,5,40.0,60.0,0.0,0.619,0.004,0.185,0.101
M3409440,-0.211,5,0.0,60.0,40.0,0.532,0.008,-0.09,0.0
M3409848,0.18,5,40.0,60.0,0.0,0.557,0.135,0.104,0.0
M3410834,-0.29,5,20.0,0.0,80.0,0.655,0.037,-0.109,0.0
M3411444,-0.226,5,20.0,40.0,40.0,0.694,0.004,-0.166,0.158
M3416532,0.339,5,60.0,40.0,0.0,0.671,0.28,0.0,0.315
M3416536,-0.327,5,0.0,60.0,40.0,0.467,0.027,-0.266,0.0
M3416742,0.164,5,20.0,80.0,0.0,0.496,0.017,0.167,0.0
M3416744,0.245,5,40.0,60.0,0.0,0.595,0.034,0.154,0.0
M3416828,-0.259,5,0.0,60.0,40.0,0.538,0.0,0.0,0.101
M3417756,0.049,5,20.0,60.0,20.0,0.443,-0.073,0.077,0.0
M3420504,0.288,5,40.0,60.0,0.0,0.59,0.144,0.294,0.0
M3425034,-0.172,5,20.0,40.0,40.0,0.524,0.03,0.0,0.0
M3433074,-0.549,5,0.0,20.0,80.0,0.64,-0.096,-0.341,0.0
M3438354,0.328,5,60.0,40.0,0.0,0.533,0.065,0.241,0.123
M3438640,0.212,5,40.0,60.0,0.0,0.483,0.172,0.0,0.172
M3442006,-0.009,5,40.0,40.0,20.0,0.609,0.104,-0.043,0.0
M3442990,0.188,5,40.0,60.0,0.0,0.637,0.0,0.123,0.123
M3444312,0.082,5,40.0,40.0,20.0,0.517,0.023,0.003,0.0
M3447364,0.497,5,80.0,20.0,0.0,0.605,0.135,0.273,0.217
M3448226,-0.019,5,20.0,60.0,20.0,0.417,0.057,0.015,0.0
M3450650,-0.197,5,40.0,0.0,60.0,0.635,0.0,0.051,0.0
M3450900,0.181,5,40.0,60.0,0.0,0.447,0.047,0.0,0.0
M3450958,-0.054,5,40.0,40.0,20.0,0.462,0.031,-0.076,0.0
M3451230,0.19,5,40.0,40.0,20.0,0.634,0.0,0.123,0.123
M3455224,0.682,5,100.0,0.0,0.0,0.732,0.272,0.373,0.295
M3455822,0.519,5,100.0,0.0,0.0,0.628,0.266,0.314,0.101
M3458510,-0.574,5,0.0,0.0,100.0,0.587,-0.2,-0.396,0.0
M3460252,0.468,5,80.0,0.0,20.0,0.718,0.193,0.347,0.34
M3461252,0.274,5,60.0,40.0,0.0,0.632,0.051,0.26,0.247
M3462710,-0.354,5,0.0,40.0,60.0,0.589,0.0,-0.098,0.0
M3463106,-0.344,5,20.0,20.0,60.0,0.578,-0.1,-0.296,0.0
M3464902,0.097,5,40.0,40.0,20.0,0.631,0.193,0.002,0.093
M3465916,0.32,5,80.0,0.0,20.0,0.558,0.0,0.35,0.0
M3467412,-0.087,5,20.0,60.0,20.0,0.549,-0.065,-0.096,0.0
M3469046,-0.162,5,0.0,80.0,20.0,0.462,0.027,-0.12,0.093
M3469910,0.322,5,80.0,0.0,20.0,0.723,0.187,0.123,0.31
M3470600,0.611,5,80.0,20.0,0.0,0.674,0.0,0.485,0.266
M3471098,-0.25,5,40.0,0.0,60.0,0.56,0.031,-0.047,0.0
M3472226,0.251,5,60.0,40.0,0.0,0.53,0.123,0.323,0.0
M3477064,-0.389,5,0.0,40.0,60.0,0.499,0.017,0.017,0.0
M3477480,0.498,5,80.0,0.0,20.0,0.727,0.0,0.477,0.247
M3478962,0.206,5,40.0,60.0,0.0,0.513,0.199,0.027,0.172
M3479316,-0.36,5,20.0,20.0,60.0,0.54,0.015,-0.216,0.0
M3480796,-0.457,5,0.0,20.0,80.0,0.644,0.015,-0.132,0.0
M3480822,-0.06,5,40.0,20.0,40.0,0.613,0.093,-0.11,0.093
M3481634,0.049,5,20.0,60.0,20.0,0.587,0.013,0.065,0.0
M3487994,-0.164,5,40.0,20.0,40.0,0.586,0.1,-0.193,0.0
M3488328,-0.283,5,0.0,40.0,60.0,0.435,-0.072,-0.072,0.0
M3488710,0.505,5,80.0,20.0,0.0,0.671,0.051,0.41,0.247
M3495000,-0.035,5,20.0,60.0,20.0,0.54,0.042,0.0,0.0
M3495026,0.095,5,60.0,20.0,20.0,0.548,0.187,0.0,0.187
M3495030,0.258,5,40.0,60.0,0.0,0.553,0.051,0.154,0.0
M3498820,0.322,5,80.0,0.0,20.0,0.591,0.128,0.323,0.123
M3499048,0.203,5,40.0,60.0,0.0,0.59,0.117,0.217,0.0
M3499096,0.09,5,40.0,40.0,20.0,0.45,0.044,0.013,0.0
M3501112,-0.195,5,20.0,40.0,40.0,0.49,0.049,0.015,0.0
M3501416,-0.039,5,40.0,20.0,40.0,0.553,0.144,-0.032,0.0
M3501632,0.647,5,100.0,0.0,0.0,0.609,0.222,0.361,0.093
M3503406,-0.047,5,20.0,40.0,40.0,0.6,0.004,0.127,0.123
M3504048,-0.259,5,0.0,60.0,40.0,0.58,0.017,-0.081,0.0
M3508840,0.318,5,60.0,40.0,0.0,0.568,0.194,0.119,0.187
M3511596,-0.529,5,0.0,20.0,80.0,0.513,-0.076,-0.15,0.0
M3513498,0.307,5,40.0,60.0,0.0,0.671,0.127,0.25,0.208
M3513548,0.539,5,80.0,20.0,0.0,0.654,0.213,0.464,0.101
M3518012,0.47,5,80.0,20.0,0.0,0.647,0.11,0.44,0.0
M3520418,-0.158,5,20.0,40.0,40.0,0.531,0.017,0.02,0.101
M3521126,0.667,5,100.0,0.0,0.0,0.701,0.227,0.544,0.101
M3521134,0.672,5,100.0,0.0,0.0,0.756,0.265,0.5,0.123
M3521164,0.041,5,40.0,40.0,20.0,0.588,0.013,0.057,0.172
M3522806,-0.057,5,40.0,40.0,20.0,0.453,-0.072,0.028,0.0
M3530002,-0.139,5,0.0,80.0,20.0,0.447,0.034,0.034,0.0
M3530978,0.172,5,60.0,20.0,20.0,0.614,0.093,0.15,0.093
M3531824,-0.255,5,20.0,40.0,40.0,0.481,-0.072,-0.147,0.0
M3532216,0.209,5,40.0,60.0,0.0,0.454,0.212,0.134,0.078
M3532608,0.004,5,40.0,20.0,40.0,0.656,-0.08,0.047,0.123
M3533916,-0.433,5,0.0,40.0,60.0,0.506,-0.096,-0.243,0.0
M3534282,-0.494,5,0.0,20.0,80.0,0.619,-0.087,-0.233,0.0
M3534602,-0.254,5,20.0,20.0,60.0,0.603,0.078,0.0,0.078
M3538766,0.518,5,100.0,0.0,0.0,0.63,0.161,0.224,0.318
M3541262,0.303,5,60.0,20.0,20.0,0.634,0.108,0.168,0.093
M3541524,-0.397,5,0.0,40.0,60.0,0.452,-0.057,-0.132,0.0
M3544082,-0.022,5,20.0,60.0,20.0,0.475,0.02,-0.073,0.093
M3544112,0.124,5,60.0,20.0,20.0,0.62,0.196,0.019,0.078
M3547740,0.192,5,40.0,60.0,0.0,0.597,0.03,0.101,0.101
M3549508,0.104,5,60.0,20.0,20.0,0.437,0.045,0.111,0.0
M3553442,0.084,5,60.0,20.0,20.0,0.589,0.013,0.097,0.0
M3553976,0.608,5,80.0,20.0,0.0,0.729,0.1,0.485,0.123
M3554046,-0.134,5,0.0,80.0,20.0,0.681,0.0,0.0,0.005
M3554418,0.219,5,40.0,40.0,20.0,0.626,0.093,0.123,0.217
M3560686,0.535,5,100.0,0.0,0.0,0.592,0.045,0.412,0.123
M3563262,-0.59,5,0.0,0.0,100.0,0.694,0.0,-0.147,0.0
M3564472,0.012,5,0.0,100.0,0.0,0.428,0.021,0.021,0.0
M3567288,-0.019,5,40.0,40.0,20.0,0.515,0.111,-0.081,0.093
M3569230,0.024,5,20.0,80.0,0.0,0.372,0.051,0.021,0.0
M3576728,0.41,5,100.0,0.0,0.0,0.552,0.291,0.1,0.191
M3577624,0.121,5,60.0,20.0,20.0,0.511,0.157,0.127,0.0
M3582020,-0.188,5,0.0,60.0,40.0,0.423,0.015,0.015,0.0
M3593046,-0.3,5,20.0,20.0,60.0,0.574,0.004,-0.071,0.0
M3595298,0.066,5,40.0,40.0,20.0,0.462,0.043,0.165,0.0
M3603808,-0.214,5,20.0,40.0,40.0,0.476,-0.066,-0.096,0.0
M3605418,-0.484,5,0.0,40.0,60.0,0.551,0.027,-0.364,0.0
M3606752,-0.154,5,0.0,60.0,40.0,0.469,0.013,0.013,0.091
M3606756,0.328,5,80.0,20.0,0.0,0.553,0.25,0.127,0.201
M3606888,0.488,5,80.0,20.0,0.0,0.689,0.213,0.415,0.123
M3608930,-0.385,5,0.0,40.0,60.0,0.481,-0.061,-0.21,0.0
M3610746,-0.118,5,20.0,40.0,40.0,0.669,0.0,-0.023,0.123
M3612032,-0.592,5,0.0,20.0,80.0,0.544,0.0,-0.147,0.0
M3612126,-0.392,5,0.0,40.0,60.0,0.54,0.017,-0.081,0.0
M3612320,-0.165,5,20.0,20.0,60.0,0.678,0.0,0.003,0.101
M3612616,0.391,5,80.0,20.0,0.0,0.587,0.138,0.19,0.217
M3616916,0.046,5,20.0,80.0,0.0,0.49,0.112,0.019,0.093
M3622110,-0.456,5,0.0,40.0,60.0,0.641,-0.1,-0.345,0.0
M3622120,0.66,5,100.0,0.0,0.0,0.757,0.03,0.52,0.37
M3622592,0.174,5,60.0,20.0,20.0,0.651,0.104,0.227,0.123
M3623726,-0.103,5,40.0,20.0,40.0,0.571,0.013,-0.033,0.0
M3625152,-0.466,5,0.0,20.0,80.0,0.494,-0.076,-0.076,0.0
M3626742,-0.402,5,0.0,40.0,60.0,0.58,-0.196,-0.196,0.0
M3627704,-0.343,5,0.0,40.0,60.0,0.551,-0.076,-0.15,0.0
M3628584,0.101,5,40.0,60.0,0.0,0.523,0.017,0.117,0.0
M3630276,0.162,5,40.0,60.0,0.0,0.496,0.013,0.125,0.0
M3631112,0.203,5,60.0,20.0,20.0,0.636,0.176,0.007,0.172
M3638012,-0.079,5,20.0,60.0,20.0,0.563,0.008,-0.038,0.101
M3638396,0.221,5,60.0,20.0,20.0,0.556,0.219,0.0,0.172
M3640424,0.061,5,20.0,60.0,20.0,0.444,-0.061,0.089,0.0
M3640682,-0.089,5,20.0,60.0,20.0,0.533,0.121,-0.026,0.0
M3646462,0.299,5,60.0,40.0,0.0,0.604,0.008,0.331,0.123
M3647498,-0.064,5,40.0,20.0,40.0,0.554,0.029,-0.023,0.123
M3652862,-0.098,5,20.0,40.0,40.0,0.551,0.03,0.0,0.0
M3654796,0.044,5,40.0,40.0,20.0,0.597,0.16,0.13,0.0
M3655414,-0.002,5,60.0,0.0,40.0,0.624,0.13,0.002,0.093
M3655522,-0.001,5,0.0,100.0,0.0,0.604,0.004,0.004,0.0
M3658772,-0.41,5,0.0,40.0,60.0,0.515,-0.087,-0.087,0.0
M3659388,0.436,5,80.0,0.0,20.0,0.717,0.093,0.423,0.217
M3660770,0.054,5,40.0,40.0,20.0,0.517,0.038,0.123,0.123
M3661210,0.437,5,80.0,20.0,0.0,0.501,0.073,0.248,0.123
M3661298,-0.076,5,20.0,40.0,40.0,0.521,-0.087,0.063,0.0
M3661394,0.37,5,80.0,0.0,20.0,0.76,0.32,0.35,0.217
M3666024,0.391,5,80.0,20.0,0.0,0.577,0.137,0.243,0.137
M3671542,0.501,5,80.0,20.0,0.0,0.794,0.253,0.483,0.0
M3672742,-0.172,5,20.0,20.0,60.0,0.505,-0.059,-0.152,0.093
M3672840,-0.005,5,40.0,40.0,20.0,0.565,0.138,-0.043,0.0
M3674140,0.498,5,100.0,0.0,0.0,0.679,0.131,0.347,0.34
M3678782,-0.181,5,20.0,40.0,40.0,0.573,0.112,-0.128,0.093
M3680410,0.084,5,20.0,80.0,0.0,0.557,0.043,0.013,0.0
M3682448,0.388,5,60.0,40.0,0.0,0.789,0.113,0.338,0.224
M3685236,-0.415,5,0.0,40.0,60.0,0.558,-0.083,-0.229,0.0
M3687310,-0.115,5,40.0,20.0,40.0,0.553,-0.022,-0.1,0.078
M3687398,-0.425,5,0.0,20.0,80.0,0.69,0.0,0.0,0.0
M3688406,-0.321,5,0.0,40.0,60.0,0.557,0.013,-0.183,0.0
M3689498,0.53,5,100.0,0.0,0.0,0.619,0.13,0.451,0.131
M3691740,0.132,5,40.0,40.0,20.0,0.692,0.004,0.251,0.247
M3697566,0.085,5,20.0,60.0,20.0,0.413,0.123,0.03,0.093
M3697626,0.111,5,60.0,20.0,20.0,0.554,0.0,0.29,0.123
M3698408,-0.074,5,0.0,60.0,40.0,0.364,0.013,0.013,0.0
M3700392,0.434,5,80.0,20.0,0.0,0.494,0.144,0.33,0.0
M3702652,-0.047,5,40.0,0.0,60.0,0.775,0.127,0.081,0.0
M3703908,-0.035,5,0.0,80.0,20.0,0.458,0.017,0.017,0.0
M3704050,0.498,5,80.0,20.0,0.0,0.763,0.413,0.227,0.187
M3704538,-0.516,5,0.0,20.0,80.0,0.635,0.013,-0.281,0.0
M3704700,0.124,5,60.0,20.0,20.0,0.622,0.197,0.106,0.093
M3705388,-0.045,5,0.0,100.0,0.0,0.517,0.021,0.021,0.0
M3705412,0.076,5,40.0,60.0,0.0,0.49,0.038,0.104,0.0
M3707104,-0.016,5,20.0,80.0,0.0,0.462,0.031,0.004,0.0
M3707106,-0.433,5,0.0,20.0,80.0,0.623,-0.1,-0.247,0.0
M3707114,0.43,5,80.0,20.0,0.0,0.588,0.205,0.227,0.202
M3708886,-0.317,5,20.0,40.0,40.0,0.54,0.031,-0.289,0.0
M3711510,0.399,5,60.0,40.0,0.0,0.733,0.2,0.35,0.0
M3713030,-0.099,5,20.0,60.0,20.0,0.471,0.004,0.004,0.0
M3713166,0.027,5,40.0,40.0,20.0,0.671,0.004,0.081,0.123
M3714720,0.159,5,40.0,60.0,0.0,0.394,0.027,0.193,0.0
M3715320,0.076,5,20.0,80.0,0.0,0.576,0.017,0.141,0.123
M3715406,0.047,5,20.0,80.0,0.0,0.391,0.03,0.008,0.0
M3716530,0.311,5,80.0,0.0,20.0,0.772,0.0,0.372,0.37
M3717252,-0.223,5,20.0,40.0,40.0,0.547,0.0,-0.074,0.0
M3717490,-0.215,5,0.0,60.0,40.0,0.458,-0.068,-0.068,0.0
M3717532,-0.143,5,20.0,40.0,40.0,0.634,-0.003,-0.096,-0.072
M3717804,0.319,5,80.0,20.0,0.0,0.5,0.035,0.218,0.0
M3720788,0.139,5,40.0,40.0,20.0,0.562,0.013,0.264,0.101
M3721936,0.37,5,60.0,40.0,0.0,0.67,0.197,0.254,0.093
M3721954,-0.034,5,20.0,60.0,20.0,0.553,0.127,0.029,0.0
M3721964,0.013,5,40.0,40.0,20.0,0.462,0.015,0.041,0.0
M3722062,-0.125,5,40.0,20.0,40.0,0.659,0.093,-0.147,0.093
M3722070,0.145,5,60.0,20.0,20.0,0.54,0.007,0.014,0.194
M3726704,0.282,5,40.0,60.0,0.0,0.595,0.187,0.14,0.0
M3727202,-0.087,5,20.0,20.0,60.0,0.53,0.004,0.007,0.0
M3729920,0.052,5,40.0,40.0,20.0,0.593,0.1,0.102,0.0
M3731562,0.296,5,80.0,20.0,0.0,0.498,0.004,0.305,0.101
M3733774,-0.289,5,20.0,20.0,60.0,0.689,0.078,-0.245,0.078
M3733778,-0.464,5,0.0,40.0,60.0,0.535,0.017,-0.227,0.0
M3735246,-0.176,5,20.0,40.0,40.0,0.529,0.046,0.004,0.0
M3740778,0.233,5,60.0,20.0,20.0,0.567,0.134,0.254,0.0
M3741632,0.237,5,40.0,40.0,20.0,0.754,0.127,0.25,0.123
M3741700,-0.054,5,20.0,60.0,20.0,0.561,0.015,0.095,0.0
M3741834,0.374,5,80.0,20.0,0.0,0.628,0.28,0.08,0.28
M3742284,0.355,5,60.0,40.0,0.0,0.522,0.122,0.123,0.217
M3742378,0.327,5,80.0,0.0,20.0,0.611,0.03,0.3,0.0
M3745620,0.425,5,80.0,20.0,0.0,0.697,0.211,0.341,0.217
M3746298,-0.573,5,0.0,20.0,80.0,0.529,-0.072,-0.219,0.0
M3748172,0.215,5,60.0,20.0,20.0,0.726,0.25,0.213,0.0
M3748440,-0.109,5,40.0,20.0,40.0,0.58,0.1,-0.145,0.0
M3748512,0.145,5,40.0,40.0,20.0,0.474,0.04,0.133,0.123
M3748528,0.468,5,80.0,20.0,0.0,0.647,0.1,0.373,0.123
M3750872,0.235,5,60.0,20.0,20.0,0.663,0.197,0.107,0.194
M3754940,0.14,5,20.0,80.0,0.0,0.559,0.0,0.15,0.0
M3754976,-0.294,5,0.0,60.0,40.0,0.545,-0.083,-0.181,0.0
M3756788,0.08,5,20.0,80.0,0.0,0.43,0.043,0.013,0.0
M3758162,-0.191,5,0.0,60.0,40.0,0.43,-0.061,-0.061,0.0
M3758172,-0.018,5,40.0,40.0,20.0,0.484,0.028,-0.047,0.0
M3758814,-0.095,5,0.0,80.0,20.0,0.534,0.017,0.017,0.0
M3760922,-0.065,5,40.0,20.0,40.0,0.592,0.107,-0.005,0.093
M3766354,0.01,5,20.0,60.0,20.0,0.412,0.019,0.119,0.0
M3766394,-0.069,5,20.0,40.0,40.0,0.569,0.004,0.004,0.0
M3767372,0.407,5,80.0,20.0,0.0,0.568,0.051,0.238,0.123
M3774114,0.291,5,40.0,60.0,0.0,0.576,0.004,0.216,0.101
M3774466,0.106,5,40.0,40.0,20.0,0.543,0.0,0.111,0.0
M3774694,0.101,5,40.0,20.0,40.0,0.63,-0.096,0.151,0.247
M3774790,-0.41,5,0.0,40.0,60.0,0.563,0.0,-0.147,0.0
M3774802,-0.375,5,20.0,20.0,60.0,0.507,0.0,-0.221,0.0
M3775086,-0.189,5,20.0,20.0,60.0,0.581,0.078,-0.147,0.078
M3775202,0.067,5,20.0,80.0,0.0,0.591,0.117,0.117,0.0
M3778644,-0.023,5,20.0,60.0,20.0,0.484,-0.046,0.077,0.123
M3780500,0.156,5,40.0,60.0,0.0,0.521,0.027,0.15,0.123
M3782876,-0.42,5,0.0,40.0,60.0,0.477,-0.072,-0.219,0.0
M3783958,0.451,5,100.0,0.0,0.0,0.574,0.224,0.247,0.093
M3787590,-0.405,5,0.0,40.0,60.0,0.556,-0.1,-0.296,0.0
M3792960,0.276,5,40.0,60.0,0.0,0.664,0.1,0.223,0.123
M3793788,-0.237,5,20.0,20.0,60.0,0.646,0.013,-0.081,0.0
M3794028,-0.002,5,40.0,40.0,20.0,0.606,0.104,0.006,0.0
M3794354,-0.05,5,40.0,40.0,20.0,0.451,0.042,-0.0,0.0
M3797512,0.037,5,40.0,40.0,20.0,0.648,-0.07,0.023,0.123
M3797868,0.451,5,80.0,20.0,0.0,0.709,0.297,0.327,0.217
M3799232,0.312,5,80.0,0.0,20.0,0.648,0.117,0.023,0.31
M3799372,-0.341,5,20.0,20.0,60.0,0.465,0.038,0.0,0.0
M3799694,0.121,5,60.0,40.0,0.0,0.396,0.015,0.182,0.0
M3800796,-0.447,5,20.0,0.0,80.0,0.626,-0.1,-0.247,0.0
M3802576,0.231,5,60.0,40.0,0.0,0.531,0.038,0.205,0.101
M3808342,0.567,5,80.0,20.0,0.0,0.797,0.267,0.513,0.247
M3810760,-0.157,5,20.0,40.0,40.0,0.558,-0.08,-0.002,0.0
M3811906,-0.07,5,20.0,60.0,20.0,0.602,0.101,-0.139,0.093
M3812366,0.655,5,100.0,0.0,0.0,0.835,0.192,0.484,0.449
M3813310,-0.38,5,20.0,20.0,60.0,0.609,0.004,-0.241,0.0
M3819668,0.399,5,60.0,40.0,0.0,0.657,0.237,0.267,0.23
M3823690,0.702,5,100.0,0.0,0.0,0.772,0.3,0.413,0.187
M3824386,0.212,5,60.0,20.0,20.0,0.55,-0.087,0.164,0.079
M3824412,-0.201,5,40.0,0.0,60.0,0.671,-0.1,-0.123,0.123
M3824458,0.243,5,40.0,60.0,0.0,0.63,0.107,0.113,0.093
M3824648,0.016,5,20.0,80.0,0.0,0.391,0.04,0.14,0.0
M3825638,0.289,5,60.0,40.0,0.0,0.726,0.0,0.347,0.247
M3829266,0.34,5,60.0,40.0,0.0,0.693,0.093,0.247,0.34
M3829920,0.525,5,80.0,20.0,0.0,0.669,0.222,0.363,0.217
M3830162,0.014,5,0.0,100.0,0.0,0.484,0.004,0.004,0.0
M3832096,-0.419,5,20.0,0.0,80.0,0.678,-0.1,-0.221,0.123
M3832914,0.595,5,100.0,0.0,0.0,0.728,0.093,0.397,0.34
M3833480,0.438,5,80.0,20.0,0.0,0.556,0.013,0.375,0.0
M3833822,0.032,5,20.0,80.0,0.0,0.416,0.018,0.118,0.0
M3835080,-0.182,5,20.0,20.0,60.0,0.552,0.097,0.004,0.093
M3836958,0.085,5,20.0,80.0,0.0,0.469,0.117,0.117,0.0
M3838992,-0.144,5,40.0,0.0,60.0,0.763,0.113,0.09,0.123
M3841424,0.356,5,60.0,40.0,0.0,0.586,0.104,0.354,0.0
M3844362,-0.136,5,20.0,40.0,40.0,0.647,0.0,-0.147,0.0
M3846674,0.301,5,40.0,60.0,0.0,0.531,0.027,0.327,0.0
M3848892,0.277,5,60.0,40.0,0.0,0.556,0.0,0.235,0.123
M3850214,0.282,5,60.0,40.0,0.0,0.668,0.093,0.223,0.217
M3850590,-0.146,5,0.0,80.0,20.0,0.419,0.027,-0.071,0.0
M3859076,0.111,5,60.0,20.0,20.0,0.681,0.013,0.093,0.0
M3859272,0.116,5,20.0,80.0,0.0,0.556,0.011,0.161,0.0
M3859304,0.229,5,40.0,60.0,0.0,0.58,0.061,0.137,0.123
M3859310,-0.359,5,0.0,40.0,60.0,0.551,0.013,-0.183,0.0
M3859980,-0.099,5,40.0,20.0,40.0,0.624,0.135,-0.147,0.093
M3860916,-0.09,5,40.0,40.0,20.0,0.489,0.013,-0.033,0.0
M3861390,0.383,5,80.0,20.0,0.0,0.611,0.0,0.373,0.123
M3862750,-0.491,5,20.0,0.0,80.0,0.594,-0.1,-0.247,0.0
M3863552,0.249,5,80.0,0.0,20.0,0.654,0.314,-0.147,0.28
M3864056,0.197,5,40.0,60.0,0.0,0.529,0.017,0.218,0.101
M3867086,0.064,5,40.0,40.0,20.0,0.555,0.044,0.144,0.0
M3874544,0.087,5,20.0,80.0,0.0,0.474,0.034,0.158,0.15
M3877674,0.068,5,40.0,40.0,20.0,0.597,0.113,0.068,0.101
M3881680,0.253,5,40.0,60.0,0.0,0.549,0.207,0.113,0.093
M3881784,-0.127,5,0.0,80.0,20.0,0.474,0.011,0.011,0.0
M3882074,0.444,5,80.0,20.0,0.0,0.624,0.28,0.111,0.28
M3882082,0.113,5,40.0,20.0,40.0,0.594,0.097,0.056,0.093
M3890160,0.329,5,80.0,20.0,0.0,0.462,0.225,0.115,0.0
M3892172,0.113,5,40.0,60.0,0.0,0.559,0.144,0.013,0.093
M3892434,0.348,5,60.0,40.0,0.0,0.67,0.307,0.213,0.093
M3896198,-0.149,5,20.0,40.0,40.0,0.439,0.043,0.015,0.0
M3896738,0.072,5,40.0,40.0,20.0,0.479,0.031,0.1,0.0
M3899516,0.055,5,40.0,20.0,40.0,0.659,0.127,0.08,0.0
M3901826,0.461,5,80.0,20.0,0.0,0.708,0.193,0.323,0.252
M3906082,0.06,5,40.0,40.0,20.0,0.636,0.101,0.033,0.217
M3907584,-0.052,5,20.0,60.0,20.0,0.49,0.013,0.013,0.0
M3908142,-0.081,5,20.0,40.0,40.0,0.563,-0.1,0.05,0.0
M3917210,0.315,5,40.0,60.0,0.0,0.512,0.097,0.127,0.217
M3922798,0.302,5,60.0,40.0,0.0,0.436,0.044,0.154,0.0
M3922816,-0.006,5,20.0,60.0,20.0,0.499,0.004,0.017,0.0
M3922818,0.069,5,60.0,20.0,20.0,0.703,0.143,0.047,0.0
M3923662,-0.111,5,20.0,40.0,40.0,0.547,0.027,0.15,0.123
M3949660,-0.068,5,40.0,40.0,20.0,0.453,0.057,-0.132,0.0
M3960412,0.122,5,40.0,40.0,20.0,0.601,0.0,0.223,0.123
M3963816,-0.439,5,0.0,20.0,80.0,0.581,-0.148,-0.148,0.0
M3966404,0.548,5,100.0,0.0,0.0,0.745,0.157,0.48,0.123
M3967856,0.388,5,80.0,20.0,0.0,0.527,0.277,0.113,0.093
M3970482,0.422,5,100.0,0.0,0.0,0.487,0.061,0.29,0.123
M3970854,0.087,5,40.0,20.0,40.0,0.527,0.093,0.1,0.093
M3971732,-0.144,5,20.0,60.0,20.0,0.409,0.04,-0.106,0.0
M3976144,-0.508,5,20.0,0.0,80.0,0.624,-0.1,-0.394,0.0
M3978720,0.215,5,40.0,60.0,0.0,0.629,0.03,0.123,0.123
M3983266,0.231,5,60.0,40.0,0.0,0.531,0.155,0.097,0.093
M3986532,0.063,5,40.0,40.0,20.0,0.564,0.0,0.145,0.123
M3986820,0.125,5,40.0,40.0,20.0,0.512,0.111,0.097,0.093
M3991412,-0.009,5,20.0,60.0,20.0,0.672,0.1,-0.047,0.0
M3993894,-0.029,5,20.0,60.0,20.0,0.564,0.013,0.027,0.0
M4003070,0.085,5,40.0,40.0,20.0,0.58,0.096,0.043,0.202
M4003440,0.359,5,60.0,20.0,20.0,0.695,0.207,0.263,0.093
M4005402,0.06,5,20.0,60.0,20.0,0.48,0.04,0.19,0.0
M4006302,-0.163,5,40.0,20.0,40.0,0.529,0.038,-0.098,0.0
M4007502,0.168,5,60.0,20.0,20.0,0.597,0.131,0.15,0.131
M4008652,0.396,5,80.0,20.0,0.0,0.529,0.149,0.293,0.0
M4009278,0.274,5,60.0,40.0,0.0,0.639,0.138,0.2,0.0
M4015500,0.26,5,40.0,60.0,0.0,0.733,0.113,0.263,0.0
M4016934,0.565,5,80.0,20.0,0.0,0.772,0.207,0.413,0.093
M4019560,-0.418,5,0.0,40.0,60.0,0.518,-0.073,-0.269,0.0
M4025514,0.52,5,80.0,20.0,0.0,0.661,0.287,0.39,0.0
M4030600,-0.546,5,0.0,20.0,80.0,0.598,-0.096,-0.243,0.0
M4034228,0.519,5,80.0,20.0,0.0,0.714,0.178,0.347,0.325
M4034354,0.302,5,60.0,20.0,20.0,0.548,0.192,0.213,0.078
M4034452,0.016,5,20.0,60.0,20.0,0.509,0.0,0.15,0.0
M4044364,0.367,5,80.0,0.0,20.0,0.572,0.22,0.293,0.093
M4046784,0.078,5,40.0,40.0,20.0,0.483,0.093,0.0,0.093
M4048272,0.184,5,40.0,60.0,0.0,0.38,0.013,0.18,0.0
M4052882,0.305,5,60.0,20.0,20.0,0.497,0.092,0.263,0.078
M4054654,-0.455,5,20.0,0.0,80.0,0.646,0.0,-0.27,0.0
M4061010,-0.083,5,20.0,40.0,40.0,0.549,0.017,0.167,0.0
M4062536,0.039,5,20.0,60.0,20.0,0.574,0.004,0.154,0.0
M4068576,0.525,5,80.0,20.0,0.0,0.653,0.307,0.363,0.093
M4072326,0.085,5,40.0,40.0,20.0,0.672,0.0,0.152,0.0
M4073790,-0.116,5,20.0,40.0,40.0,0.454,0.034,0.0,0.0
M4076760,-0.348,5,20.0,0.0,80.0,0.699,0.051,-0.17,0.0
M4080728,0.304,5,60.0,20.0,20.0,0.559,0.255,0.13,0.093
M4080956,-0.093,5,40.0,20.0,40.0,0.6,0.031,-0.198,0.093
M4082068,0.306,5,60.0,40.0,0.0,0.45,0.0,0.25,0.0
M4084744,0.13,5,20.0,80.0,0.0,0.601,0.013,0.163,0.0
M4088268,-0.001,5,40.0,40.0,20.0,0.485,0.117,0.117,0.0
M4094724,-0.084,5,20.0,60.0,20.0,0.534,0.112,-0.128,0.093
M4103724,-0.252,5,0.0,60.0,40.0,0.552,0.013,-0.133,0.0
M4104022,0.148,5,20.0,80.0,0.0,0.523,0.017,0.141,0.123
M4104054,-0.47,5,0.0,40.0,60.0,0.59,-0.096,-0.341,0.0
M4105970,-0.151,5,40.0,20.0,40.0,0.537,0.043,-0.169,0.0
M4106376,0.093,5,40.0,20.0,40.0,0.519,0.0,0.191,0.0
M4106514,-0.214,5,20.0,40.0,40.0,0.562,0.0,-0.098,0.0
M4110568,0.271,5,40.0,60.0,0.0,0.63,0.131,0.281,0.0
M4114744,0.182,5,60.0,20.0,20.0,0.544,0.012,0.054,0.078
M4116284,0.148,5,40.0,60.0,0.0,0.453,0.072,0.004,0.153
M4119278,-0.342,5,20.0,20.0,60.0,0.521,0.013,-0.067,0.0
M4120176,0.111,5,40.0,60.0,0.0,0.48,0.066,0.101,0.0
M4123430,0.19,5,60.0,20.0,20.0,0.778,0.227,0.18,0.0
M4126304,0.513,5,80.0,20.0,0.0,0.665,0.004,0.527,0.123
M4126438,-0.046,5,20.0,60.0,20.0,0.544,0.12,-0.12,0.093
M4126476,-0.014,5,20.0,60.0,20.0,0.54,-0.083,0.041,0.123
M4129870,-0.409,5,0.0,40.0,60.0,0.492,-0.173,-0.271,0.0
M4131496,-0.455,5,0.0,20.0,80.0,0.477,-0.096,-0.096,0.0
M4136056,0.301,5,60.0,40.0,0.0,0.581,0.086,0.188,0.179
M4136084,0.004,5,40.0,20.0,40.0,0.582,-0.07,0.023,0.123
M4139124,0.031,5,20.0,80.0,0.0,0.488,0.004,0.068,0.0
M4139588,-0.047,5,20.0,60.0,20.0,0.4,-0.045,-0.072,0.0
M4144190,0.027,5,20.0,80.0,0.0,0.644,0.0,0.0,0.0
M4145178,0.502,5,80.0,20.0,0.0,0.68,0.172,0.273,0.295
M4154664,0.196,5,40.0,60.0,0.0,0.448,0.104,0.168,0.0
M4154756,0.47,5,80.0,20.0,0.0,0.68,0.015,0.485,0.37
M4154796,0.542,5,100.0,0.0,0.0,0.647,0.334,0.313,0.078
M4154916,-0.284,5,0.0,60.0,40.0,0.599,-0.196,-0.196,0.0
M4157220,0.182,5,60.0,40.0,0.0,0.475,0.127,0.07,0.093
M4158096,0.184,5,60.0,20.0,20.0,0.589,0.015,0.142,0.123
M4158876,0.122,5,40.0,40.0,20.0,0.643,0.1,0.211,0.0
M4160708,0.326,5,60.0,40.0,0.0,0.601,0.205,0.127,0.0
M4163020,-0.051,5,40.0,20.0,40.0,0.52,-0.096,0.12,0.0
M4163224,-0.738,5,0.0,0.0,100.0,0.725,0.0,-0.538,0.0
M4169250,0.325,5,60.0,40.0,0.0,0.554,0.058,0.228,0.0
M4172430,0.102,5,40.0,40.0,20.0,0.49,0.035,0.131,0.123
M4176826,0.169,5,60.0,20.0,20.0,0.544,0.013,0.263,0.0
M4178092,0.166,5,20.0,80.0,0.0,0.53,0.013,0.137,0.123
M4180560,-0.319,5,0.0,40.0,60.0,0.561,-0.096,-0.096,0.0
M4181052,-0.388,5,0.0,40.0,60.0,0.577,0.0,-0.098,0.0
M4181782,-0.075,5,40.0,20.0,40.0,0.538,-0.096,0.054,0.0
M4183692,-0.31,5,20.0,20.0,60.0,0.718,-0.1,-0.221,0.123
M4185572,0.285,5,40.0,60.0,0.0,0.511,0.101,0.158,0.093
M4189442,-0.533,5,0.0,20.0,80.0,0.649,-0.1,-0.247,0.0
M4190530,0.273,5,60.0,40.0,0.0,0.597,0.288,0.008,0.28
M4191580,-0.331,5,20.0,20.0,60.0,0.719,0.1,-0.243,0.0
M4192740,0.369,5,80.0,20.0,0.0,0.575,0.104,0.354,0.0
M4193394,-0.091,5,20.0,60.0,20.0,0.481,0.054,0.017,0.0
M4196450,0.062,5,40.0,20.0,40.0,0.644,-0.003,0.054,0.093
M4196776,0.243,5,40.0,60.0,0.0,0.664,0.0,0.247,0.247
M4196848,0.173,5,40.0,40.0,20.0,0.59,0.0,0.153,0.101
M4206218,0.177,5,40.0,60.0,0.0,0.451,0.026,0.154,0.0
M4209788,0.434,5,100.0,0.0,0.0,0.578,0.0,0.39,0.123
M4210080,0.055,5,60.0,20.0,20.0,0.57,0.093,0.0,0.093
M4217392,-0.309,5,20.0,20.0,60.0,0.653,0.113,-0.108,0.0
M4218572,-0.058,5,20.0,60.0,20.0,0.582,0.013,0.015,0.0
M4218696,0.15,5,40.0,60.0,0.0,0.541,0.132,0.197,0.0
M4225622,-0.012,5,0.0,100.0,0.0,0.393,0.008,0.008,0.0
M4226388,0.12,5,40.0,40.0,20.0,0.647,0.133,0.04,0.093
M4229236,0.3,5,60.0,40.0,0.0,0.541,0.126,0.254,0.0
M4230700,0.078,5,40.0,40.0,20.0,0.558,-0.087,0.103,0.123
M4239726,0.166,5,60.0,40.0,0.0,0.448,0.095,0.004,0.0
M4240654,-0.118,5,40.0,20.0,40.0,0.551,-0.1,0.001,0.101
M4244994,0.475,5,80.0,20.0,0.0,0.77,0.227,0.45,0.123
M4244998,0.18,5,60.0,20.0,20.0,0.486,0.097,0.104,0.093
M4255304,0.017,5,40.0,40.0,20.0,0.51,0.0,0.053,0.0
M4257858,0.398,5,80.0,20.0,0.0,0.543,0.217,0.29,0.093
M4257926,0.502,5,80.0,20.0,0.0,0.745,0.204,0.451,0.247
M4262980,0.293,5,80.0,0.0,20.0,0.741,0.385,0.067,0.172
M4263482,-0.061,5,20.0,40.0,40.0,0.59,0.0,0.123,0.123
M4266076,-0.021,5,20.0,60.0,20.0,0.512,0.008,0.131,0.123
M4266638,0.103,5,40.0,60.0,0.0,0.473,0.111,0.017,0.093
M4267026,-0.164,5,0.0,80.0,20.0,0.497,0.017,-0.081,0.0
M4270516,-0.154,5,20.0,60.0,20.0,0.518,0.017,-0.129,0.0
M4272866,0.339,5,60.0,20.0,20.0,0.668,0.327,0.327,0.0
M4273292,-0.292,5,0.0,60.0,40.0,0.625,-0.096,-0.194,0.0
M4273886,0.08,5,40.0,40.0,20.0,0.562,0.008,0.158,0.0
M4276820,0.236,5,40.0,40.0,20.0,0.642,0.127,0.25,0.123
M4281724,0.03,5,40.0,40.0,20.0,0.553,0.043,0.137,0.123
M4284010,0.295,5,60.0,40.0,0.0,0.445,0.073,0.16,0.0
M4285496,0.337,5,60.0,40.0,0.0,0.576,0.034,0.304,0.0
M4287320,-0.269,5,20.0,20.0,60.0,0.54,-0.053,-0.247,0.0
M4291590,-0.228,5,0.0,60.0,40.0,0.627,0.0,-0.098,0.0
M4291600,0.177,5,40.0,40.0,20.0,0.666,0.0,0.175,0.123
M4293752,0.506,5,80.0,20.0,0.0,0.763,0.093,0.37,0.464
M4298958,0.122,5,20.0,80.0,0.0,0.419,0.074,0.027,0.0
M4302938,0.342,5,60.0,40.0,0.0,0.587,0.145,0.115,0.176
M4303340,0.246,5,40.0,60.0,0.0,0.686,0.004,0.228,0.224
M4305148,0.268,5,40.0,60.0,0.0,0.558,0.013,0.263,0.0
M4309356,0.532,5,80.0,20.0,0.0,0.666,0.097,0.388,0.217
M4326444,0.179,5,60.0,20.0,20.0,0.675,0.265,-0.098,0.265
M4331970,0.063,5,40.0,40.0,20.0,0.589,0.013,0.09,0.123
M4332232,0.053,5,40.0,40.0,20.0,0.524,0.123,0.0,0.093
M4334266,-0.385,5,0.0,40.0,60.0,0.512,0.013,-0.133,0.0
M4341582,0.33,5,60.0,40.0,0.0,0.697,0.197,0.227,0.217
M4348012,0.016,5,40.0,40.0,20.0,0.489,0.043,0.138,0.123
M4353250,0.082,5,60.0,20.0,20.0,0.539,0.023,-0.02,0.093
M4356480,-0.366,5,20.0,20.0,60.0,0.516,-0.187,-0.285,0.0
M4357394,0.261,5,60.0,40.0,0.0,0.495,0.034,0.154,0.0
M4359416,0.524,5,80.0,20.0,0.0,0.647,0.1,0.435,0.123
M4361050,0.148,5,60.0,20.0,20.0,0.572,-0.1,0.123,0.123
M4364194,0.275,5,60.0,40.0,0.0,0.492,0.192,0.18,0.078
M4365518,0.125,5,40.0,40.0,20.0,0.534,0.004,0.254,0.0
M4365566,-0.177,5,40.0,0.0,60.0,0.721,0.127,-0.066,0.101
M4366830,-0.178,5,20.0,40.0,40.0,0.462,0.096,0.017,0.078
M4368814,0.124,5,60.0,20.0,20.0,0.59,0.225,-0.078,0.187
M4370784,0.203,5,40.0,60.0,0.0,0.527,0.008,0.258,0.0
M4372240,0.464,5,60.0,40.0,0.0,0.703,0.253,0.377,0.123
M4374460,0.222,5,60.0,0.0,40.0,0.66,0.1,0.204,0.101
M4375438,-0.081,5,20.0,60.0,20.0,0.48,0.038,-0.09,0.0
M4382552,-0.266,5,0.0,60.0,40.0,0.481,-0.08,-0.158,0.0
M4382824,-0.476,5,0.0,40.0,60.0,0.563,0.008,-0.237,0.0
M4382872,-0.63,5,0.0,0.0,100.0,0.644,0.0,-0.147,0.0
M4383594,0.091,5,40.0,20.0,40.0,0.714,0.0,0.175,0.123
M4385888,0.142,5,20.0,80.0,0.0,0.616,0.104,0.104,0.0
M4387040,0.156,5,60.0,20.0,20.0,0.562,0.113,0.313,0.0
M4399952,-0.422,5,0.0,40.0,60.0,0.665,0.004,-0.241,0.0
M4411504,0.42,5,80.0,20.0,0.0,0.655,0.211,0.267,0.093
M4411596,-0.186,5,0.0,80.0,20.0,0.513,0.013,-0.133,0.0
M4419364,-0.639,5,0.0,0.0,100.0,0.648,-0.1,-0.296,0.0
M4420704,0.472,5,80.0,20.0,0.0,0.519,0.131,0.25,0.093
M4425064,0.137,5,40.0,60.0,0.0,0.375,0.042,0.118,0.0
M4425200,0.576,5,100.0,0.0,0.0,0.768,0.347,0.377,0.217
M4428728,-0.056,5,40.0,20.0,40.0,0.626,0.1,0.1,0.0
M4430212,0.617,5,100.0,0.0,0.0,0.718,0.32,0.377,0.093
M4434004,0.532,5,80.0,20.0,0.0,0.735,0.42,0.327,0.093
M4437216,-0.249,5,20.0,40.0,40.0,0.459,-0.087,-0.087,0.0
M4438848,0.273,5,40.0,60.0,0.0,0.586,0.017,0.291,0.123
M4439120,-0.371,5,20.0,20.0,60.0,0.629,0.104,-0.189,0.0
M4443658,0.121,5,40.0,40.0,20.0,0.616,0.004,0.238,0.123
M4458206,-0.652,5,0.0,0.0,100.0,0.575,-0.5,-0.5,0.0
M4463816,-0.341,5,0.0,60.0,40.0,0.556,0.013,-0.133,0.0
M4463894,0.079,5,20.0,60.0,20.0,0.44,0.108,0.015,0.093
M4465564,-0.496,5,0.0,40.0,60.0,0.579,0.017,-0.374,0.0
M4465572,0.075,5,40.0,60.0,0.0,0.4,0.093,0.027,0.0
M4468634,0.3,5,40.0,60.0,0.0,0.639,0.1,0.25,0.0
M4468740,-0.175,5,20.0,20.0,60.0,0.524,-0.007,-0.1,0.093
M4477536,-0.019,5,40.0,20.0,40.0,0.69,0.104,0.184,0.0
M4481414,0.365,5,60.0,40.0,0.0,0.66,0.037,0.235,0.123
M4481514,0.016,5,20.0,60.0,20.0,0.507,0.1,0.1,0.0
M4486986,-0.128,5,20.0,40.0,40.0,0.509,0.013,0.015,0.0
M4489416,0.246,5,60.0,40.0,0.0,0.616,0.13,0.223,0.153
M4494718,0.078,5,20.0,80.0,0.0,0.497,0.086,0.008,0.078
M4500922,0.076,5,40.0,60.0,0.0,0.412,0.043,0.115,0.0
M4501244,0.048,5,40.0,40.0,20.0,0.572,-0.1,0.023,0.123
M4501454,0.34,5,80.0,0.0,20.0,0.667,0.123,0.25,0.093
M4503598,-0.125,5,20.0,40.0,40.0,0.62,0.004,0.056,0.0
M4504044,-0.201,5,40.0,20.0,40.0,0.465,-0.066,-0.096,0.0
M4511200,0.384,5,80.0,20.0,0.0,0.61,0.295,0.0,0.265
M4513316,-0.115,5,20.0,60.0,20.0,0.465,0.041,0.004,0.0
M4513674,-0.175,5,20.0,60.0,20.0,0.481,0.047,-0.129,0.0
M4513678,0.08,5,40.0,40.0,20.0,0.58,0.011,0.041,0.217
M4520364,-0.553,5,0.0,20.0,80.0,0.635,-0.076,-0.369,0.0
M4520988,0.223,5,60.0,20.0,20.0,0.63,0.187,0.15,0.187
M4530422,-0.21,5,20.0,40.0,40.0,0.451,0.046,0.019,0.0
M4530884,-0.139,5,20.0,40.0,40.0,0.644,0.004,-0.069,0.123
M4532038,-0.308,5,0.0,40.0,60.0,0.473,0.0,-0.098,0.0
M4532826,-0.06,5,20.0,40.0,40.0,0.614,0.004,0.127,0.123
M4535650,-0.042,5,40.0,20.0,40.0,0.593,0.111,-0.15,0.187
M4537842,0.196,5,60.0,20.0,20.0,0.578,-0.003,0.054,0.093
M4537896,0.049,5,40.0,40.0,20.0,0.656,0.127,-0.02,0.0
M4538916,0.081,5,40.0,60.0,0.0,0.456,0.013,0.113,0.0
M4540710,-0.015,5,20.0,80.0,0.0,0.49,0.011,0.011,0.0
M4547056,0.074,5,40.0,40.0,20.0,0.471,0.108,0.013,0.0
M4547194,-0.025,5,40.0,20.0,40.0,0.557,0.154,0.013,0.093
M4550098,0.153,5,60.0,20.0,20.0,0.518,0.044,0.165,0.0
M4552524,-0.493,5,0.0,40.0,60.0,0.549,0.013,-0.28,0.0
M4555426,0.118,5,40.0,40.0,20.0,0.707,0.093,0.123,0.217
M4559006,0.106,5,60.0,20.0,20.0,0.676,0.1,0.18,0.0
M4560008,0.306,5,60.0,40.0,0.0,0.577,0.008,0.358,0.0
M4560436,0.245,5,40.0,60.0,0.0,0.58,0.2,0.2,0.0
M4562518,0.369,5,80.0,20.0,0.0,0.575,0.104,0.354,0.0
M4565520,-0.698,5,0.0,0.0,100.0,0.654,-0.1,-0.393,0.0
M4566758,-0.307,5,20.0,20.0,60.0,0.716,0.0,-0.17,0.123
M4572514,0.56,5,80.0,20.0,0.0,0.683,0.327,0.438,0.0
M4572792,0.187,5,60.0,20.0,20.0,0.608,0.1,0.267,0.0
M4572820,0.354,5,60.0,40.0,0.0,0.655,0.193,0.223,0.217
M4573516,-0.16,5,40.0,20.0,40.0,0.519,0.029,-0.147,0.0
M4575576,0.305,5,80.0,20.0,0.0,0.454,0.174,0.213,0.074
M4581576,-0.065,5,20.0,60.0,20.0,0.555,0.034,0.004,0.0
M4587366,-0.015,5,40.0,40.0,20.0,0.482,0.025,-0.068,0.093
M4594834,-0.07,5,40.0,40.0,20.0,0.485,0.065,-0.129,0.0
M4595882,0.44,5,60.0,40.0,0.0,0.519,0.1,0.312,0.101
M4600952,-0.422,5,0.0,40.0,60.0,0.583,0.004,-0.143,0.0
M4610378,0.128,5,40.0,40.0,20.0,0.578,0.03,0.123,0.123
M4613254,0.233,5,60.0,40.0,0.0,0.525,0.144,0.244,0.0
M4613272,0.43,5,60.0,40.0,0.0,0.628,0.224,0.28,0.093
M4618398,0.562,5,100.0,0.0,0.0,0.697,0.425,0.253,0.172
M4621630,0.093,5,40.0,40.0,20.0,0.544,0.013,0.163,0.0
M4621872,0.205,5,60.0,20.0,20.0,0.598,0.093,0.2,0.093
M4622512,0.072,5,40.0,40.0,20.0,0.635,0.03,0.025,0.123
M4624424,0.232,5,40.0,60.0,0.0,0.629,0.0,0.224,0.224
M4630550,-0.224,5,40.0,0.0,60.0,0.549,0.0,-0.018,0.0
M4630562,0.096,5,40.0,40.0,20.0,0.54,0.104,0.204,0.0
M4631532,-0.064,5,40.0,20.0,40.0,0.65,0.097,-0.019,0.217
M4633690,0.192,5,60.0,20.0,20.0,0.662,0.047,0.123,0.123
M4633694,0.578,5,100.0,0.0,0.0,0.678,0.293,0.35,0.158
M4635372,0.454,5,80.0,0.0,20.0,0.644,0.131,0.347,0.247
M4645330,0.268,5,40.0,60.0,0.0,0.633,0.0,0.247,0.247
M4645368,0.245,5,40.0,60.0,0.0,0.579,0.096,0.141,0.202
M4647900,0.386,5,80.0,20.0,0.0,0.597,0.061,0.247,0.247
M4648786,-0.024,5,40.0,40.0,20.0,0.422,-0.066,-0.096,0.0
M4649416,-0.003,5,40.0,40.0,20.0,0.524,0.107,0.013,0.093
M4649466,0.137,5,40.0,40.0,20.0,0.604,0.097,0.127,0.217
M4651410,-0.311,5,20.0,20.0,60.0,0.502,-0.072,-0.047,0.0
M4651520,0.02,5,20.0,80.0,0.0,0.403,0.055,0.025,0.0
M4652650,0.056,5,40.0,40.0,20.0,0.633,0.03,0.123,0.123
M4659056,0.42,5,100.0,0.0,0.0,0.553,0.06,0.33,0.0
M4660980,-0.074,5,40.0,40.0,20.0,0.525,0.017,-0.001,0.0
M4661600,0.361,5,60.0,20.0,20.0,0.732,-0.1,0.323,0.058
M4662420,-0.432,5,0.0,40.0,60.0,0.646,0.0,-0.147,0.0
M4663992,-0.119,5,20.0,40.0,40.0,0.594,0.008,0.008,0.0
M4666726,0.204,5,60.0,20.0,20.0,0.587,0.013,0.337,0.123
M4667094,-0.384,5,0.0,40.0,60.0,0.635,-0.096,-0.194,0.0
M4667854,-0.421,5,0.0,40.0,60.0,0.583,0.013,-0.183,0.0
M4669186,-0.351,5,0.0,60.0,40.0,0.551,0.004,-0.221,0.0
M4669264,0.026,5,20.0,80.0,0.0,0.429,0.017,0.017,0.0
M4669296,0.116,5,40.0,40.0,20.0,0.632,0.22,0.127,0.093
M4669788,0.342,5,60.0,40.0,0.0,0.636,0.138,0.223,0.123
M4669986,-0.205,5,20.0,60.0,20.0,0.54,0.004,-0.143,0.0
M4680182,-0.026,5,40.0,20.0,40.0,0.523,0.107,0.093,0.093
M4680980,-0.275,5,20.0,40.0,40.0,0.476,0.034,0.004,0.0
M4682266,-0.203,5,20.0,20.0,60.0,0.604,-0.076,-0.05,0.101
M4682562,-0.346,5,0.0,40.0,60.0,0.598,0.0,-0.147,0.0
M4682786,0.412,5,60.0,40.0,0.0,0.65,0.013,0.393,0.0
M4682788,-0.29,5,0.0,60.0,40.0,0.423,-0.053,-0.053,0.0
M4686844,0.407,5,80.0,20.0,0.0,0.611,0.221,0.127,0.31
M4687108,-0.59,5,0.0,0.0,100.0,0.672,-0.2,-0.298,0.0
M4693358,-0.058,5,0.0,100.0,0.0,0.466,0.025,0.025,0.0
M4694544,-0.639,5,0.0,0.0,100.0,0.648,-0.1,-0.296,0.0
M4695012,0.002,5,40.0,20.0,40.0,0.677,0.0,0.223,0.123
M4698584,0.211,5,60.0,20.0,20.0,0.602,0.217,0.0,0.187
M4698684,0.086,5,60.0,20.0,20.0,0.521,0.03,0.067,0.0
M4701182,-0.003,5,20.0,60.0,20.0,0.554,0.023,0.146,0.123
M4701660,0.05,5,20.0,80.0,0.0,0.394,0.057,0.027,0.0
M4701724,0.177,5,80.0,0.0,20.0,0.534,-0.1,0.15,0.029
M4703048,-0.13,5,0.0,80.0,20.0,0.509,0.0,0.0,0.0
M4714568,0.503,5,80.0,20.0,0.0,0.669,0.034,0.401,0.247
M4714782,0.223,5,40.0,60.0,0.0,0.609,0.238,0.238,0.0
M4720702,-0.351,5,0.0,40.0,60.0,0.527,0.0,0.0,0.0
M4721124,0.294,5,60.0,40.0,0.0,0.55,0.057,0.274,0.247
M4728386,-0.073,5,40.0,0.0,60.0,0.647,-0.007,-0.075,0.217
M4729430,0.642,5,100.0,0.0,0.0,0.709,0.13,0.423,0.253
M4730986,0.0,5,40.0,20.0,40.0,0.609,0.193,-0.047,0.093
M4731136,-0.004,5,40.0,40.0,20.0,0.445,-0.07,-0.1,0.0
M4731148,-0.546,5,0.0,20.0,80.0,0.638,0.013,-0.329,0.0
M4733624,-0.009,5,40.0,20.0,40.0,0.403,0.088,0.013,0.0
M4733640,0.272,5,40.0,60.0,0.0,0.498,0.108,0.219,0.0
M4738360,0.327,5,60.0,40.0,0.0,0.545,0.0,0.25,0.0
M4758646,-0.285,5,20.0,0.0,80.0,0.593,-0.022,-0.198,0.078
M4761112,0.298,5,80.0,0.0,20.0,0.621,0.03,0.253,0.0
M4761916,-0.306,5,20.0,20.0,60.0,0.572,0.0,-0.098,0.0
M4765284,-0.343,5,20.0,20.0,60.0,0.556,-0.049,-0.243,0.0
M4768764,0.182,5,40.0,60.0,0.0,0.48,0.15,0.015,0.093
M4768776,0.182,5,40.0,20.0,40.0,0.624,0.0,0.261,0.0
M4769824,0.268,5,80.0,20.0,0.0,0.419,0.188,0.013,0.188
M4769836,-0.288,5,0.0,40.0,60.0,0.462,0.019,0.019,0.0
M4771896,-0.003,5,20.0,60.0,20.0,0.498,-0.083,0.041,0.123
M4776998,0.176,5,40.0,60.0,0.0,0.425,0.116,0.008,0.078
M4777008,0.429,5,80.0,20.0,0.0,0.628,0.207,0.337,0.217
M4779682,0.0,5,60.0,0.0,40.0,0.515,0.122,0.0,0.093
M4781612,0.262,5,40.0,60.0,0.0,0.627,0.187,0.0,0.187
M4786282,-0.114,5,0.0,60.0,40.0,0.519,0.013,0.013,0.0
M4795124,-0.257,5,0.0,60.0,40.0,0.66,0.004,-0.094,0.0
M4795546,0.129,5,40.0,20.0,40.0,0.489,0.176,0.004,0.172
M4796122,-0.554,5,0.0,20.0,80.0,0.636,0.0,-0.245,0.0
M4799050,-0.37,5,0.0,40.0,60.0,0.687,-0.1,-0.198,0.0
M4799064,0.037,5,20.0,60.0,20.0,0.616,0.004,0.056,0.0
M4799066,0.139,5,40.0,40.0,20.0,0.644,-0.096,0.154,0.0
M4805316,0.118,5,40.0,40.0,20.0,0.552,0.108,0.188,0.0
M4807408,0.34,5,60.0,40.0,0.0,0.504,0.113,0.263,0.0
M4814290,0.039,5,40.0,40.0,20.0,0.65,0.161,0.113,0.0
M4814760,-0.453,5,0.0,20.0,80.0,0.555,0.0,-0.245,0.0
M4815122,-0.075,5,20.0,60.0,20.0,0.56,0.019,-0.004,0.123
M4824302,-0.147,5,20.0,40.0,40.0,0.626,0.004,0.127,0.123
M4827558,-0.135,5,40.0,20.0,40.0,0.477,-0.018,-0.096,0.0
M4827986,-0.21,5,0.0,60.0,40.0,0.422,0.017,0.017,0.0
M4832640,0.402,5,100.0,0.0,0.0,0.521,0.134,0.311,0.0
M4840206,0.082,5,40.0,20.0,40.0,0.527,0.215,0.215,0.0
M4842646,0.277,5,60.0,40.0,0.0,0.586,0.017,0.264,0.247
M4844140,-0.106,5,40.0,20.0,40.0,0.593,0.0,-0.098,0.0
M4846232,0.187,5,40.0,60.0,0.0,0.566,0.034,0.154,0.0
M4846318,0.35,5,80.0,20.0,0.0,0.503,0.033,0.36,0.0
M4846340,0.262,5,80.0,0.0,20.0,0.528,0.16,0.18,0.0
M4849438,0.717,5,100.0,0.0,0.0,0.732,0.127,0.627,0.101
M4853102,0.098,5,20.0,60.0,20.0,0.444,0.027,0.138,0.062
M4855748,-0.421,5,0.0,40.0,60.0,0.477,-0.087,-0.233,0.0
M4857264,0.626,5,100.0,0.0,0.0,0.746,0.031,0.52,0.37
M4859168,0.141,5,60.0,20.0,20.0,0.576,0.092,0.039,0.202
M4877122,-0.523,5,0.0,20.0,80.0,0.58,0.004,-0.094,-0.198
M4878482,0.338,5,60.0,20.0,20.0,0.733,0.1,0.302,0.0
M4881806,-0.003,5,40.0,20.0,40.0,0.538,0.042,0.1,0.0
M4882376,-0.114,5,0.0,80.0,20.0,0.535,0.0,-0.098,0.0
M4895740,0.284,5,60.0,40.0,0.0,0.57,0.093,0.123,0.217
M4897822,0.528,5,80.0,20.0,0.0,0.637,0.193,0.312,0.194
M4899370,0.045,5,20.0,80.0,0.0,0.402,0.027,0.027,0.0
M4900018,0.508,5,80.0,20.0,0.0,0.597,0.1,0.412,0.101
M4900716,0.456,5,100.0,0.0,0.0,0.47,0.06,0.317,0.0
M4901306,0.135,5,40.0,60.0,0.0,0.519,0.107,0.093,0.093
M4908644,0.616,5,100.0,0.0,0.0,0.638,0.13,0.5,0.0
M4911940,0.61,5,80.0,20.0,0.0,0.737,0.113,0.513,0.0
M4911996,0.006,5,40.0,40.0,20.0,0.477,0.089,-0.133,0.0
M4912910,0.221,5,40.0,60.0,0.0,0.525,0.155,0.127,0.0
M4913966,-0.057,5,0.0,100.0,0.0,0.54,0.017,0.017,0.0
M4914580,0.144,5,60.0,20.0,20.0,0.542,0.131,0.084,0.093
M4916630,0.252,5,60.0,40.0,0.0,0.637,0.241,0.117,0.093
M4919484,-0.078,5,0.0,80.0,20.0,0.382,0.031,0.031,0.0
M4924942,-0.14,5,20.0,40.0,40.0,0.553,0.013,-0.12,0.0
M4925292,0.15,5,60.0,0.0,40.0,0.642,0.193,0.25,0.093
M4934950,0.499,5,80.0,20.0,0.0,0.612,0.013,0.455,0.101
M4935334,-0.371,5,0.0,0.0,100.0,0.514,0.0,-0.147,0.0
M4935372,0.143,5,40.0,40.0,20.0,0.546,0.0,0.235,0.123
M4935418,-0.199,5,20.0,40.0,40.0,0.648,-0.007,-0.198,0.093
M4936176,0.117,5,20.0,80.0,0.0,0.46,0.134,0.04,0.093
M4936450,0.323,5,60.0,40.0,0.0,0.698,0.0,0.324,0.224
M4939066,0.262,5,60.0,40.0,0.0,0.507,0.004,0.254,0.0
M4943218,-0.001,5,20.0,80.0,0.0,0.39,0.05,0.023,0.0
M4943322,0.132,5,60.0,20.0,20.0,0.669,0.047,0.077,0.123
M4944596,0.397,5,80.0,20.0,0.0,0.603,0.191,0.154,0.187
M4951982,0.072,5,20.0,80.0,0.0,0.479,0.023,0.123,0.101
M4954522,0.399,5,80.0,20.0,0.0,0.652,0.305,0.227,0.078
M4955566,-0.182,5,0.0,80.0,20.0,0.624,0.013,-0.133,0.0
M4964788,0.031,5,60.0,0.0,40.0,0.542,0.0,0.167,0.101
M4967094,0.453,5,60.0,40.0,0.0,0.622,0.1,0.324,0.224
M4969044,0.342,5,60.0,40.0,0.0,0.556,0.034,0.255,0.101
M4971344,0.121,5,40.0,40.0,20.0,0.536,0.2,0.013,0.187
M4972062,0.219,5,60.0,20.0,20.0,0.555,0.124,0.052,0.093
M4972582,0.288,5,60.0,40.0,0.0,0.591,0.197,0.204,0.093
M4975722,-0.022,5,40.0,20.0,40.0,0.604,0.1,0.053,0.0
M4976192,-0.332,5,20.0,20.0,60.0,0.629,0.042,-0.293,0.0
M4977530,-0.132,5,20.0,40.0,40.0,0.635,0.013,-0.032,0.101
M4978710,-0.252,5,0.0,40.0,60.0,0.479,-0.1,-0.1,0.0
M4981636,-0.092,5,20.0,60.0,20.0,0.478,0.013,-0.067,0.0
M4986098,-0.162,5,0.0,80.0,20.0,0.609,0.004,0.004,0.0
M4986134,0.178,5,40.0,60.0,0.0,0.48,0.004,0.115,0.0
M4991512,0.043,5,40.0,40.0,20.0,0.465,0.051,0.013,0.0
M4995776,0.007,5,20.0,60.0,20.0,0.592,0.013,0.065,0.0
M4995790,-0.141,5,40.0,0.0,60.0,0.689,0.013,0.016,0.101
M5001718,-0.282,5,20.0,20.0,60.0,0.496,0.043,-0.231,0.0
M5001754,-0.216,5,20.0,20.0,60.0,0.619,0.082,-0.071,0.078
M5013056,0.688,5,100.0,0.0,0.0,0.682,0.235,0.4,0.093
M5016946,0.425,5,80.0,20.0,0.0,0.636,0.078,0.273,0.202
M5022702,-0.205,5,40.0,20.0,40.0,0.587,0.03,-0.245,0.0
M5027774,0.307,5,80.0,0.0,20.0,0.659,0.045,0.23,0.0
M5028340,-0.07,5,20.0,40.0,40.0,0.489,0.017,0.017,0.0
M5029608,0.155,5,60.0,0.0,40.0,0.661,0.037,0.149,0.247
M5033790,0.143,5,20.0,80.0,0.0,0.506,0.004,0.154,0.0
M5033998,-0.183,5,20.0,20.0,60.0,0.596,-0.076,0.074,0.0
M5034266,0.057,5,40.0,40.0,20.0,0.552,0.047,0.141,0.123
M5034474,-0.59,5,0.0,0.0,100.0,0.636,-0.152,-0.299,0.0
M5034838,0.17,5,40.0,60.0,0.0,0.489,0.043,0.138,0.123
M5039994,-0.184,5,20.0,20.0,60.0,0.68,-0.096,0.027,0.123
M5052448,0.184,5,80.0,0.0,20.0,0.77,0.151,0.17,0.123
M5052474,0.406,5,60.0,40.0,0.0,0.678,0.1,0.373,0.123
M5057140,-0.249,5,0.0,60.0,40.0,0.511,-0.087,-0.087,0.0
M5059406,-0.425,5,0.0,40.0,60.0,0.585,-0.096,-0.194,0.0
M5065790,0.179,5,40.0,40.0,20.0,0.59,0.104,0.227,0.123
M5065822,-0.489,5,0.0,20.0,80.0,0.49,-0.08,-0.237,0.0
M5066556,0.216,5,40.0,60.0,0.0,0.505,0.112,0.099,0.093
M5073620,-0.325,5,20.0,20.0,60.0,0.542,-0.139,-0.333,0.0
M5073642,0.41,5,60.0,40.0,0.0,0.732,0.004,0.401,0.247
M5074352,0.453,5,80.0,20.0,0.0,0.534,0.0,0.417,0.101
M5076214,0.513,5,80.0,20.0,0.0,0.571,0.1,0.461,0.0
M5078204,-0.077,5,20.0,40.0,40.0,0.643,0.0,0.025,0.123
M5083702,0.422,5,80.0,20.0,0.0,0.56,0.216,0.211,0.093
M5083738,-0.176,5,20.0,40.0,40.0,0.559,0.027,-0.116,0.0
M5084170,0.046,5,20.0,80.0,0.0,0.311,0.058,0.03,0.0
M5085924,-0.642,5,0.0,0.0,100.0,0.592,0.0,-0.098,0.0
M5089786,0.443,5,80.0,20.0,0.0,0.691,0.32,0.307,0.093
M5091612,0.285,5,60.0,40.0,0.0,0.526,0.212,0.104,0.078
M5092380,-0.01,5,60.0,0.0,40.0,0.514,0.109,0.0,0.078
M5093026,0.031,5,40.0,40.0,20.0,0.616,0.035,-0.019,0.123
M5095030,0.275,5,60.0,40.0,0.0,0.417,0.015,0.265,0.0
M5096470,-0.474,5,0.0,40.0,60.0,0.604,-0.087,-0.38,0.0
M5097410,-0.017,5,20.0,60.0,20.0,0.469,0.004,0.115,0.0
M5104604,0.311,5,80.0,20.0,0.0,0.484,0.107,0.213,0.171
M5108476,-0.514,5,0.0,20.0,80.0,0.593,0.013,-0.183,0.0
M5109280,0.234,5,60.0,40.0,0.0,0.574,0.043,0.217,0.167
M5109784,0.266,5,60.0,20.0,20.0,0.553,0.294,0.013,0.28
M5111874,-0.056,5,0.0,100.0,0.0,0.372,0.024,0.024,0.0
M5112578,0.03,5,20.0,80.0,0.0,0.409,0.051,0.021,0.0
M5113040,-0.036,5,0.0,80.0,20.0,0.389,0.027,0.027,0.069
M5116302,0.636,5,100.0,0.0,0.0,0.728,0.093,0.485,0.217
M5117428,0.125,5,40.0,40.0,20.0,0.542,0.157,0.127,0.0
M5117670,-0.028,5,20.0,40.0,40.0,0.468,0.013,0.137,0.168
M5119116,-0.111,5,20.0,40.0,40.0,0.609,-0.196,-0.046,0.0
M5121816,0.429,5,60.0,20.0,20.0,0.61,0.013,0.437,0.123
M5126922,-0.01,5,0.0,100.0,0.0,0.418,0.027,0.027,0.0
M5129682,-0.428,5,0.0,40.0,60.0,0.627,-0.096,-0.292,0.0
M5133308,-0.084,5,20.0,40.0,40.0,0.67,0.004,0.056,0.0
M5140878,-0.042,5,0.0,80.0,20.0,0.42,0.017,0.017,0.0
M5143226,-0.256,5,20.0,40.0,40.0,0.555,0.004,-0.094,0.0
M5144174,0.055,5,20.0,60.0,20.0,0.487,0.021,0.144,0.123
M5147214,0.006,5,40.0,40.0,20.0,0.42,0.13,0.13,0.0
M5153236,-0.28,5,0.0,40.0,60.0,0.524,-0.1,-0.1,0.0
M5154288,-0.169,5,0.0,80.0,20.0,0.646,-0.1,-0.1,0.0
M5155780,-0.019,5,20.0,60.0,20.0,0.619,0.121,0.121,0.0
M5159414,-0.802,5,0.0,0.0,100.0,0.693,-0.1,-0.686,0.0
M5160938,-0.06,5,0.0,100.0,0.0,0.386,0.038,0.038,0.0
M5164184,-0.208,5,20.0,20.0,60.0,0.643,0.013,-0.033,0.0
M5164214,0.419,5,60.0,40.0,0.0,0.579,0.143,0.378,0.123
M5164432,0.223,5,80.0,0.0,20.0,0.629,0.03,0.216,0.0
M5165344,0.228,5,40.0,40.0,20.0,0.485,0.096,0.167,0.078
M5168192,0.3,5,60.0,20.0,20.0,0.68,0.197,0.254,0.093
M5173032,-0.181,5,0.0,60.0,40.0,0.478,0.027,0.027,0.0
M5175450,0.033,5,40.0,40.0,20.0,0.519,0.147,0.019,0.0
M5177088,-0.005,5,40.0,20.0,40.0,0.616,0.155,0.052,0.0
M5179598,-0.101,5,40.0,20.0,40.0,0.578,-0.003,-0.096,0.093
M5186714,0.447,5,80.0,20.0,0.0,0.691,0.117,0.391,0.123
M5189894,-0.157,5,0.0,60.0,40.0,0.438,0.0,0.0,0.0
M5193784,-0.012,5,0.0,100.0,0.0,0.338,0.04,0.04,0.0
M5195412,0.37,5,60.0,40.0,0.0,0.523,0.205,0.227,0.078
M5197544,-0.019,5,20.0,60.0,20.0,0.617,-0.1,0.011,0.0
M5198068,0.584,5,80.0,20.0,0.0,0.687,0.2,0.435,0.166
M5206260,0.032,5,20.0,80.0,0.0,0.529,0.017,0.117,0.083
M5208216,-0.071,5,20.0,60.0,20.0,0.481,0.004,0.004,0.0
M5208252,0.138,5,20.0,80.0,0.0,0.574,0.013,0.137,0.123
M5213534,0.254,5,40.0,60.0,0.0,0.529,0.114,0.264,0.0
M5215952,0.418,5,80.0,20.0,0.0,0.682,0.217,0.417,0.0
M5220122,0.171,5,20.0,80.0,0.0,0.571,0.104,0.104,0.119
M5221584,0.664,5,100.0,0.0,0.0,0.708,0.25,0.427,0.093
M5222918,0.223,5,40.0,60.0,0.0,0.454,0.027,0.25,0.123
M5225338,0.512,5,80.0,20.0,0.0,0.684,0.217,0.429,0.101
M5229228,0.632,5,80.0,20.0,0.0,0.772,0.127,0.527,0.101
M5240732,-0.121,5,40.0,20.0,40.0,0.588,-0.003,-0.143,0.093
M5246700,-0.38,5,20.0,0.0,80.0,0.635,0.0,-0.049,0.0
M5247022,-0.01,5,40.0,40.0,20.0,0.511,0.117,0.037,0.0
M5251328,0.328,5,80.0,20.0,0.0,0.482,0.171,0.1,0.202
M5253282,0.276,5,40.0,60.0,0.0,0.569,0.027,0.274,0.247
M5254610,-0.496,5,0.0,0.0,100.0,0.554,-0.076,-0.225,0.0
M5255710,0.339,5,80.0,0.0,20.0,0.769,0.1,0.404,0.224
M5258850,0.295,5,60.0,40.0,0.0,0.468,0.078,0.141,0.123
M5265960,-0.172,5,0.0,80.0,20.0,0.492,-0.079,-0.079,0.0
M5270948,-0.011,5,20.0,60.0,20.0,0.554,0.027,0.03,0.0
M5275828,0.202,5,40.0,60.0,0.0,0.625,0.224,0.13,0.093
M5275892,0.593,5,80.0,20.0,0.0,0.677,0.217,0.423,0.093
M5278460,0.057,5,20.0,80.0,0.0,0.333,0.026,0.004,0.0
M5278506,0.533,5,80.0,20.0,0.0,0.631,0.0,0.465,0.123
M5278596,0.232,5,60.0,20.0,20.0,0.534,0.161,0.235,0.0
M5280626,0.494,5,80.0,20.0,0.0,0.668,0.423,0.237,0.187
M5282006,-0.08,5,20.0,60.0,20.0,0.454,0.019,0.024,0.0
M5286444,0.233,5,60.0,20.0,20.0,0.609,0.047,0.188,0.123
M5290524,0.145,5,40.0,40.0,20.0,0.565,0.104,0.168,0.0
M5294198,-0.281,5,20.0,40.0,40.0,0.69,0.0,-0.193,0.0
M5294518,-0.231,5,20.0,40.0,40.0,0.659,0.0,-0.147,0.0
M5294550,-0.047,5,40.0,20.0,40.0,0.648,0.182,-0.043,0.078
M5294966,0.329,5,80.0,20.0,0.0,0.513,0.237,0.113,0.093
M5301662,0.099,5,20.0,80.0,0.0,0.506,0.013,0.137,0.123
M5304464,0.28,5,40.0,60.0,0.0,0.557,0.004,0.251,0.247
M5304992,-0.034,5,0.0,100.0,0.0,0.409,0.044,0.044,0.0
M5308322,-0.299,5,0.0,60.0,40.0,0.569,0.004,-0.143,0.0
M5309954,-0.072,5,40.0,20.0,40.0,0.616,0.104,0.006,0.0
M5311514,0.496,5,80.0,20.0,0.0,0.672,0.047,0.358,0.294
M5311542,0.131,5,60.0,20.0,20.0,0.616,0.194,0.127,0.0
M5316540,0.0,5,0.0,100.0,0.0,0.414,0.004,0.004,0.0
M5322012,-0.301,5,0.0,40.0,60.0,0.501,0.008,0.008,0.0
M5323662,0.622,5,100.0,0.0,0.0,0.758,0.287,0.373,0.31
M5325452,-0.185,5,0.0,60.0,40.0,0.624,0.004,0.004,0.0
M5329376,0.404,5,60.0,40.0,0.0,0.672,0.237,0.387,0.0
M5338222,0.568,5,100.0,0.0,0.0,0.678,0.219,0.224,0.396
M5340300,0.619,5,100.0,0.0,0.0,0.766,0.1,0.538,0.247
M5351458,-0.145,5,0.0,80.0,20.0,0.398,0.015,0.015,0.0
M5352846,0.027,5,20.0,80.0,0.0,0.507,0.065,0.017,0.0
M5360952,-0.62,5,0.0,0.0,100.0,0.604,-0.152,-0.373,0.0
M5360996,0.168,5,60.0,20.0,20.0,0.564,-0.022,0.011,0.078
M5362988,0.357,5,60.0,40.0,0.0,0.592,0.234,0.241,0.194
M5363618,-0.046,5,40.0,40.0,20.0,0.506,0.048,-0.001,0.0
M5390504,0.36,5,80.0,0.0,20.0,0.803,0.207,0.24,0.217
M5397194,-0.26,5,0.0,60.0,40.0,0.539,0.017,-0.129,0.0
M5427032,-0.371,5,0.0,40.0,60.0,0.501,-0.287,-0.287,0.0
M5431890,0.372,5,60.0,40.0,0.0,0.647,0.16,0.28,0.0
M5433114,0.566,5,100.0,0.0,0.0,0.702,0.216,0.347,0.34
M5433138,-0.291,5,0.0,60.0,40.0,0.463,-0.057,-0.132,0.0
M5435084,-0.049,5,40.0,0.0,60.0,0.673,0.093,-0.073,0.217
M5437928,0.491,5,100.0,0.0,0.0,0.657,0.23,0.423,0.123
M5439796,0.251,5,60.0,20.0,20.0,0.622,-0.07,0.151,0.101
M5442308,0.04,5,40.0,40.0,20.0,0.582,0.034,0.127,0.123
M5442430,-0.089,5,20.0,60.0,20.0,0.603,0.013,0.015,0.0
M5442456,-0.145,5,0.0,60.0,40.0,0.423,0.03,0.03,0.0
M5446858,0.389,5,60.0,40.0,0.0,0.584,0.157,0.277,0.0
M5460276,0.418,5,80.0,20.0,0.0,0.619,0.191,0.254,0.187
M5460530,-0.215,5,20.0,40.0,40.0,0.568,0.082,-0.289,0.078
M5460658,0.607,5,100.0,0.0,0.0,0.714,0.0,0.561,0.247
M5460880,-0.048,5,20.0,60.0,20.0,0.483,0.03,0.0,0.0
M5461944,0.512,5,80.0,20.0,0.0,0.758,0.207,0.387,0.217
M5462326,-0.546,5,0.0,20.0,80.0,0.587,-0.3,-0.398,0.0
M5462602,0.125,5,60.0,20.0,20.0,0.552,0.154,-0.033,0.093
M5463162,0.344,5,80.0,20.0,0.0,0.477,0.208,0.104,0.0
M5466186,-0.45,5,0.0,20.0,80.0,0.54,-0.076,-0.15,0.0
M5477566,0.191,5,40.0,40.0,20.0,0.562,0.113,0.237,0.123
M5478478,0.028,5,20.0,80.0,0.0,0.464,0.063,0.027,0.0
M5494396,0.291,5,80.0,20.0,0.0,0.472,0.156,0.1,0.093
M5501104,0.088,5,20.0,80.0,0.0,0.5,0.131,0.131,0.0
M5503686,0.152,5,40.0,40.0,20.0,0.468,0.013,0.163,0.0
M5503688,0.269,5,60.0,0.0,40.0,0.708,0.227,0.279,0.0
M5516328,-0.022,5,20.0,60.0,20.0,0.529,0.017,0.118,0.101
M5517438,0.108,5,40.0,60.0,0.0,0.444,0.027,0.127,0.0
M5519340,0.061,5,60.0,0.0,40.0,0.586,0.1,0.192,0.0
M5523010,-0.309,5,20.0,20.0,60.0,0.596,-0.087,-0.11,0.123
M5536610,-0.126,5,20.0,40.0,40.0,0.499,0.004,0.017,0.0
M5537228,-0.139,5,40.0,20.0,40.0,0.537,-0.049,-0.194,0.0
M5538078,-0.043,5,20.0,80.0,0.0,0.413,0.036,0.014,0.0
M5538800,-0.09,5,20.0,60.0,20.0,0.398,-0.053,-0.083,0.0
M5539052,0.025,5,40.0,20.0,40.0,0.667,0.0,0.273,0.123
M5539054,-0.319,5,0.0,60.0,40.0,0.546,0.027,-0.218,0.0
M5540188,-0.081,5,0.0,100.0,0.0,0.54,0.004,0.004,0.0
M5541240,0.221,5,40.0,60.0,0.0,0.678,0.207,0.113,0.093
M5541848,0.355,5,100.0,0.0,0.0,0.52,0.053,0.323,0.123
M5555502,0.184,5,40.0,60.0,0.0,0.482,0.004,0.115,0.0
M5563324,-0.779,5,0.0,0.0,100.0,0.675,0.0,-0.538,0.0
M5563330,-0.166,5,20.0,40.0,40.0,0.501,0.034,-0.075,0.0
M5563334,-0.008,5,20.0,80.0,0.0,0.427,0.068,0.031,0.0
M5566790,-0.03,5,0.0,100.0,0.0,0.58,0.013,0.013,0.0
M5571734,0.299,5,60.0,20.0,20.0,0.524,0.1,0.301,0.101
M5577742,-0.172,5,20.0,40.0,40.0,0.613,0.004,0.004,0.0
M5580036,0.304,5,60.0,20.0,20.0,0.605,-0.003,0.165,0.093
M5580266,0.363,5,80.0,0.0,20.0,0.75,0.32,0.227,0.093
M5580390,0.096,5,40.0,40.0,20.0,0.483,0.03,0.111,0.0
M5580392,-0.446,5,0.0,20.0,80.0,0.571,-0.096,-0.243,0.0
M5591666,-0.14,5,0.0,60.0,40.0,0.496,0.008,0.008,0.0
M5592248,-0.095,5,40.0,20.0,40.0,0.607,0.0,-0.047,0.0
M5595168,-0.086,5,20.0,60.0,20.0,0.553,0.107,-0.085,0.009
M5598102,0.133,5,60.0,0.0,40.0,0.519,0.161,0.1,0.0
M5598216,0.052,5,20.0,80.0,0.0,0.479,0.0,0.1,0.0
M5598292,-0.56,5,0.0,0.0,100.0,0.598,-0.2,-0.347,0.0
M5599692,0.315,5,60.0,40.0,0.0,0.577,0.043,0.263,0.0
M5606664,-0.082,5,20.0,60.0,20.0,0.502,-0.079,0.021,0.0
M5607096,0.338,5,60.0,40.0,0.0,0.704,0.131,0.123,0.217
M5607714,0.469,5,80.0,20.0,0.0,0.698,0.25,0.277,0.093
M5610554,-0.209,5,20.0,40.0,40.0,0.5,0.004,0.082,0.0
M5613056,0.456,5,80.0,20.0,0.0,0.546,0.141,0.201,0.273
M5613484,0.623,5,100.0,0.0,0.0,0.758,0.13,0.47,0.37
M5614612,-0.009,5,20.0,60.0,20.0,0.542,0.157,0.059,0.0
M5616294,-0.19,5,0.0,60.0,40.0,0.488,-0.087,-0.087,0.0
M5619332,-0.167,5,20.0,40.0,40.0,0.435,0.008,0.008,0.0
M5622412,-0.596,5,0.0,0.0,100.0,0.581,-0.076,-0.225,0.0
M5628302,0.361,5,60.0,40.0,0.0,0.609,0.161,0.263,0.0
M5635086,0.68,5,100.0,0.0,0.0,0.62,0.1,0.529,0.101
M5638642,0.02,5,20.0,60.0,20.0,0.524,0.013,0.013,0.0
M5639354,0.311,5,60.0,20.0,20.0,0.693,0.253,0.403,0.0
M5640450,-0.039,5,40.0,40.0,20.0,0.519,0.0,0.069,0.0
M5649108,-0.042,5,40.0,20.0,40.0,0.564,0.093,-0.08,0.093
M5649144,0.067,5,60.0,20.0,20.0,0.623,0.157,0.06,0.0
M5651050,0.577,5,100.0,0.0,0.0,0.753,0.0,0.597,0.247
M5653294,0.205,5,60.0,0.0,40.0,0.635,0.0,0.251,0.0
M5653514,-0.001,5,20.0,60.0,20.0,0.519,0.013,0.027,0.0
M5655222,-0.042,5,20.0,60.0,20.0,0.561,0.004,0.154,0.0
M5657846,-0.316,5,40.0,0.0,60.0,0.586,-0.1,-0.245,0.0
M5657856,0.091,5,40.0,40.0,20.0,0.649,0.207,0.039,0.093
M5662932,0.227,5,40.0,40.0,20.0,0.442,0.107,0.125,0.093
M5664636,-0.291,5,20.0,20.0,60.0,0.613,0.004,-0.091,0.101
M5666304,-0.165,5,0.0,80.0,20.0,0.449,0.031,0.031,0.0
M5670152,0.183,5,40.0,60.0,0.0,0.49,0.119,0.219,0.0
M5688932,-0.214,5,20.0,40.0,40.0,0.417,-0.087,-0.087,0.0
M5688996,0.137,5,40.0,40.0,20.0,0.563,0.004,0.127,0.123
M5689068,-0.313,5,20.0,20.0,60.0,0.495,0.0,0.0,0.0
M5690142,0.434,5,60.0,40.0,0.0,0.644,0.14,0.352,0.101
M5690360,-0.709,5,0.0,0.0,100.0,0.601,-0.1,-0.345,0.0
M5691670,0.092,5,20.0,80.0,0.0,0.564,0.097,0.004,0.093
M5697572,-0.381,5,20.0,0.0,80.0,0.671,0.0,-0.023,0.123
M5700672,0.237,5,80.0,0.0,20.0,0.626,0.078,0.103,0.078
M5707304,-0.24,5,0.0,60.0,40.0,0.67,0.0,0.0,0.0
M5709188,-0.376,5,0.0,40.0,60.0,0.506,0.019,-0.056,0.0
M5710514,-0.137,5,20.0,60.0,20.0,0.539,0.035,-0.143,0.0
M5711148,0.113,5,40.0,20.0,40.0,0.594,0.097,0.056,0.093
M5713232,0.55,5,80.0,20.0,0.0,0.626,0.143,0.413,0.0
M5715874,-0.023,5,20.0,60.0,20.0,0.542,0.004,-0.032,0.0
M5716464,0.001,5,20.0,60.0,20.0,0.687,0.0,0.0,0.0
M5717492,-0.239,5,20.0,40.0,40.0,0.534,0.004,0.004,0.0
M5719700,-0.386,5,0.0,40.0,60.0,0.634,0.0,-0.245,0.0
M5719748,0.158,5,60.0,40.0,0.0,0.458,0.034,0.1,0.0
M5721088,-0.558,5,0.0,0.0,100.0,0.592,-0.152,-0.152,0.0
M5723272,0.096,5,40.0,40.0,20.0,0.49,0.127,0.004,0.093
M5723286,0.086,5,20.0,80.0,0.0,0.549,0.015,0.138,0.123
M5726086,0.077,5,40.0,40.0,20.0,0.501,0.008,0.208,0.0
M5726616,0.47,5,100.0,0.0,0.0,0.62,0.215,0.223,0.123
M5727208,-0.015,5,40.0,20.0,40.0,0.515,0.034,0.127,0.123
M5727282,0.061,5,20.0,60.0,20.0,0.609,0.0,0.15,0.0
M5728684,0.247,5,40.0,60.0,0.0,0.456,0.028,0.154,0.0
M5729348,0.342,5,80.0,0.0,20.0,0.558,0.034,0.273,0.123
M5734576,-0.604,5,0.0,0.0,100.0,0.683,0.0,-0.196,0.0
M5740866,0.703,5,100.0,0.0,0.0,0.742,0.178,0.523,0.202
M5742374,-0.344,5,0.0,40.0,60.0,0.453,-0.073,-0.22,0.0
M5743656,0.067,5,40.0,20.0,40.0,0.526,0.0,0.103,0.0
M5748448,-0.23,5,20.0,20.0,60.0,0.517,0.015,0.091,0.0
M5751998,0.105,5,40.0,60.0,0.0,0.52,0.0,0.1,0.0
M5758778,-0.145,5,20.0,40.0,40.0,0.547,0.004,0.03,0.101
M5764096,0.223,5,40.0,60.0,0.0,0.66,0.224,0.13,0.093
M5774060,-0.319,5,0.0,40.0,60.0,0.479,0.004,-0.071,0.0
M5774450,-0.093,5,0.0,80.0,20.0,0.614,0.004,0.004,0.0
M5776208,0.153,5,40.0,40.0,20.0,0.615,0.192,0.113,0.027
M5776858,-0.03,5,40.0,40.0,20.0,0.452,0.077,0.017,0.0
M5783956,-0.101,5,20.0,60.0,20.0,0.597,0.03,0.0,0.0
M5785170,0.1,5,60.0,20.0,20.0,0.608,-0.07,0.123,0.123
M5789976,-0.419,5,0.0,40.0,60.0,0.623,0.004,-0.143,0.0
M5791536,0.167,5,40.0,60.0,0.0,0.479,0.013,0.137,0.123
M5797184,0.091,5,20.0,80.0,0.0,0.592,0.113,0.113,0.0
M5804038,0.413,5,80.0,20.0,0.0,0.595,0.01,0.44,0.0
M5805752,0.374,5,80.0,20.0,0.0,0.593,0.23,0.137,0.31
M5813366,-0.488,5,0.0,20.0,80.0,0.529,0.0,-0.223,0.0
M5813916,0.483,5,80.0,20.0,0.0,0.63,0.187,0.25,0.187
M5814060,-0.39,5,0.0,40.0,60.0,0.557,-0.192,-0.192,0.0
M5814534,-0.307,5,20.0,20.0,60.0,0.515,0.05,-0.28,0.05
M5814592,0.521,5,80.0,20.0,0.0,0.561,0.172,0.25,0.172
M5816682,-0.079,5,20.0,40.0,40.0,0.515,0.117,0.019,0.0
M5822564,-0.628,5,0.0,0.0,100.0,0.625,-0.076,-0.371,0.0
M5825380,0.005,5,20.0,60.0,20.0,0.5,0.031,0.083,0.0
M5827916,0.736,5,100.0,0.0,0.0,0.783,0.305,0.5,0.202
M5834262,-0.087,5,20.0,40.0,40.0,0.433,0.042,-0.147,0.0
M5834760,-0.202,5,20.0,40.0,40.0,0.543,0.017,-0.029,0.0
M5843850,-0.435,5,0.0,20.0,80.0,0.652,0.0,-0.147,0.0
M5843876,-0.136,5,20.0,40.0,40.0,0.584,0.004,0.104,0.0
M5848272,0.139,5,20.0,80.0,0.0,0.456,0.131,0.131,0.069
M5859238,0.423,5,60.0,40.0,0.0,0.705,0.004,0.377,0.123
M5862166,-0.404,5,20.0,0.0,80.0,0.653,0.0,-0.034,0.0
M5862312,-0.068,5,40.0,20.0,40.0,0.724,-0.1,0.0,0.247
M5865326,0.098,5,20.0,80.0,0.0,0.529,0.121,0.121,0.0
M5871080,0.333,5,60.0,40.0,0.0,0.468,0.115,0.265,0.0
M5882970,0.505,5,80.0,20.0,0.0,0.578,0.138,0.328,0.0
M5884052,0.177,5,40.0,40.0,20.0,0.633,0.004,0.203,0.123
M5884230,-0.004,5,60.0,20.0,20.0,0.476,-0.07,0.0,0.0
M5884234,-0.403,5,20.0,20.0,60.0,0.674,0.104,-0.336,0.0
M5884784,-0.125,5,20.0,60.0,20.0,0.515,0.017,-0.081,0.0
M5886046,-0.079,5,0.0,80.0,20.0,0.464,0.004,0.004,0.0
M5886440,0.183,5,60.0,40.0,0.0,0.472,0.137,0.013,0.093
M5893264,-0.282,5,20.0,20.0,60.0,0.676,0.013,-0.156,0.123
M5893332,-0.249,5,20.0,40.0,40.0,0.448,-0.083,-0.083,0.0
M5895028,0.402,5,80.0,20.0,0.0,0.595,0.221,0.105,0.288
M5897636,0.1,5,60.0,0.0,40.0,0.515,0.031,0.052,0.0
M5910280,-0.047,5,40.0,20.0,40.0,0.671,0.0,0.077,0.123
M5912454,0.249,5,60.0,40.0,0.0,0.576,0.004,0.327,0.123
M5913798,-0.706,5,0.0,0.0,100.0,0.658,-0.2,-0.543,0.0
M5918982,-0.146,5,40.0,0.0,60.0,0.707,-0.1,0.032,0.0
M5923962,0.485,5,80.0,20.0,0.0,0.688,0.113,0.467,0.137
M5927352,-0.334,5,20.0,20.0,60.0,0.618,-0.1,-0.098,0.0
M5927420,0.189,5,60.0,20.0,20.0,0.513,0.157,0.191,0.0
M5929750,-0.43,5,0.0,40.0,60.0,0.582,0.0,-0.098,0.0
M5929754,0.211,5,40.0,60.0,0.0,0.531,0.027,0.257,0.0
M5929776,0.491,5,100.0,0.0,0.0,0.567,0.234,0.123,0.31
M5932728,0.121,5,60.0,20.0,20.0,0.446,0.071,0.104,0.0
M5935704,-0.026,5,40.0,20.0,40.0,0.693,0.127,0.129,0.0
M5941692,-0.502,5,0.0,20.0,80.0,0.588,0.0,-0.221,0.0
M5946128,0.335,5,60.0,40.0,0.0,0.634,0.051,0.277,0.123
M5952332,0.281,5,60.0,40.0,0.0,0.47,0.004,0.26,0.123
M5952594,0.348,5,60.0,40.0,0.0,0.525,0.031,0.211,0.0
M5956100,-0.12,5,0.0,80.0,20.0,0.414,0.004,0.004,0.0
M5960374,0.081,5,20.0,80.0,0.0,0.536,0.065,0.017,0.0
M5962210,0.027,5,40.0,40.0,20.0,0.453,0.157,0.027,0.093
M5968274,0.028,5,40.0,40.0,20.0,0.549,0.155,0.019,0.0
M5968394,-0.404,5,0.0,40.0,60.0,0.578,-0.2,-0.298,0.0
M5969696,0.319,5,60.0,40.0,0.0,0.387,0.015,0.271,0.0
M5970844,-0.184,5,20.0,20.0,60.0,0.605,0.066,-0.009,0.0
M5973626,0.038,5,20.0,60.0,20.0,0.611,0.013,0.163,-0.052
M5977276,0.086,5,20.0,60.0,20.0,0.558,0.013,0.163,0.0
M5979872,0.152,5,60.0,20.0,20.0,0.547,0.097,0.154,0.093
M5979874,0.109,5,40.0,40.0,20.0,0.635,0.104,0.107,0.0
M5982852,-0.075,5,20.0,40.0,40.0,0.479,0.027,-0.019,0.101
M5989218,0.025,5,40.0,20.0,40.0,0.492,0.0,0.1,0.0
M5990474,0.291,5,80.0,0.0,20.0,0.589,0.207,0.213,0.093
M5997666,-0.32,5,20.0,20.0,60.0,0.552,-0.1,-0.098,0.0
M5999382,-0.104,5,40.0,0.0,60.0,0.642,-0.07,0.0,0.0
M6000478,-0.06,5,0.0,80.0,20.0,0.509,0.004,0.004,0.0
M6002232,0.401,5,80.0,20.0,0.0,0.575,0.192,0.293,0.078
M6003368,-0.715,5,0.0,0.0,100.0,0.586,0.0,-0.245,0.0
M6012380,0.111,5,40.0,40.0,20.0,0.6,0.004,0.254,0.0
M6017942,-0.384,5,0.0,40.0,60.0,0.513,-0.152,-0.299,0.0
M6018306,0.288,5,60.0,20.0,20.0,0.697,0.117,0.267,0.0
M6040662,-0.068,5,0.0,100.0,0.0,0.58,0.004,0.004,0.0
M6048922,0.061,5,40.0,40.0,20.0,0.536,0.028,0.128,0.0
M6048930,-0.712,5,0.0,0.0,100.0,0.643,-0.1,-0.443,0.0
M6053438,0.202,5,60.0,20.0,20.0,0.523,0.004,0.295,0.0
M6053948,0.099,5,40.0,40.0,20.0,0.575,0.004,0.205,0.101
M6060156,0.114,5,40.0,40.0,20.0,0.451,0.1,0.008,0.0
M6062774,0.06,5,40.0,20.0,40.0,0.602,0.013,0.215,0.0
M6063050,0.194,5,40.0,40.0,20.0,0.438,0.051,0.115,0.0
M6063090,0.074,5,40.0,40.0,20.0,0.471,0.043,0.137,0.123
M6073176,0.25,5,60.0,40.0,0.0,0.562,0.0,0.281,0.101
M6079516,-0.235,5,0.0,80.0,20.0,0.504,0.017,-0.129,0.0
M6081670,-0.527,5,0.0,20.0,80.0,0.664,-0.2,-0.347,0.0
M6083230,0.256,5,40.0,40.0,20.0,0.6,0.013,0.287,0.123
M6083648,-0.196,5,20.0,20.0,60.0,0.534,-0.1,0.011,0.0
M6087426,-0.207,5,20.0,20.0,60.0,0.64,0.0,-0.144,0.101
M6095472,0.301,5,60.0,40.0,0.0,0.613,0.113,0.237,0.236
M6097798,0.109,5,40.0,60.0,0.0,0.517,0.013,0.16,0.0
M6101820,0.121,5,20.0,60.0,20.0,0.483,0.027,0.177,0.0
M6105098,0.311,5,60.0,40.0,0.0,0.688,0.207,0.213,0.136
M6107548,0.334,5,60.0,20.0,20.0,0.733,0.213,0.337,0.123
M6108090,0.345,5,80.0,20.0,0.0,0.579,0.157,0.327,0.0
M6108178,0.087,5,40.0,40.0,20.0,0.597,0.104,0.17,0.0
M6111574,-0.279,5,20.0,20.0,60.0,0.554,0.078,-0.196,0.078
M6116856,0.054,5,40.0,40.0,20.0,0.514,0.004,0.227,0.123
M6119504,-0.438,5,0.0,40.0,60.0,0.494,-0.173,-0.32,0.0
M6119856,-0.002,5,40.0,40.0,20.0,0.552,0.061,-0.033,0.0
M6127004,-0.381,5,0.0,40.0,60.0,0.605,-0.1,-0.1,0.0
M6127024,0.123,5,20.0,80.0,0.0,0.541,0.027,0.128,0.101
M6133130,-0.04,5,20.0,60.0,20.0,0.554,0.113,-0.033,0.0
M6133466,-0.242,5,20.0,40.0,40.0,0.457,0.015,-0.206,0.0
M6135348,0.322,5,60.0,40.0,0.0,0.498,0.157,0.277,0.0
M6138228,-0.212,5,20.0,40.0,40.0,0.455,0.015,-0.139,0.0
M6139732,0.394,5,60.0,40.0,0.0,0.631,0.208,0.358,0.0
M6141246,-0.499,5,0.0,0.0,100.0,0.515,-0.152,-0.152,0.0
M6142496,0.03,5,20.0,60.0,20.0,0.6,0.0,0.101,0.101
M6146586,0.174,5,40.0,60.0,0.0,0.565,0.004,0.227,0.123
M6149154,0.167,5,40.0,60.0,0.0,0.494,0.113,0.113,0.0
M6155172,0.206,5,60.0,20.0,20.0,0.683,0.1,0.252,0.0
M6169694,-0.154,5,20.0,40.0,40.0,0.698,0.0,-0.121,0.123
M6182908,0.13,5,40.0,40.0,20.0,0.604,0.0,0.104,0.132
M6189022,-0.108,5,20.0,60.0,20.0,0.353,-0.042,-0.042,0.0
M6193408,0.149,5,40.0,60.0,0.0,0.542,0.047,0.141,0.202
M6195094,0.019,5,40.0,40.0,20.0,0.572,0.023,-0.1,0.093
M6198946,-0.071,5,20.0,40.0,40.0,0.653,0.004,0.029,0.123
M6199572,-0.718,5,0.0,0.0,100.0,0.628,0.0,-0.343,0.0
M6204340,-0.404,5,0.0,40.0,60.0,0.613,0.0,-0.293,0.0
M6205872,-0.624,5,20.0,0.0,80.0,0.728,0.0,-0.506,0.0
M6206564,0.252,5,60.0,40.0,0.0,0.435,0.141,0.119,0.093
M6210996,-0.17,5,20.0,20.0,60.0,0.652,0.0,0.003,0.0
M6212478,0.016,5,40.0,40.0,20.0,0.635,0.03,0.025,0.123
M6214084,0.076,5,40.0,20.0,40.0,0.753,0.113,0.263,0.0
M6214928,-0.169,5,0.0,80.0,20.0,0.584,-0.096,-0.096,0.0
M6217306,0.12,5,40.0,40.0,20.0,0.729,0.1,0.223,0.123
M6217608,0.272,5,60.0,20.0,20.0,0.763,0.347,0.107,0.093
M6218358,0.17,5,40.0,60.0,0.0,0.565,0.144,0.144,0.0
M6223806,0.169,5,20.0,80.0,0.0,0.454,0.031,0.181,0.0
M6225520,0.177,5,40.0,60.0,0.0,0.483,0.105,0.127,0.078
M6237612,0.134,5,20.0,60.0,20.0,0.5,0.0,0.15,0.0
M6243140,0.131,5,40.0,40.0,20.0,0.628,0.027,0.177,0.0
M6246322,-0.341,5,0.0,60.0,40.0,0.556,0.013,-0.133,0.0
M6257174,0.15,5,40.0,40.0,20.0,0.536,0.207,0.113,0.093
M6259380,-0.08,5,20.0,60.0,20.0,0.618,0.051,-0.094,0.0
M6264654,0.199,5,40.0,40.0,20.0,0.58,0.132,0.256,0.123
M6265828,0.197,5,40.0,60.0,0.0,0.594,0.111,0.235,0.123
M6266538,0.432,5,60.0,40.0,0.0,0.586,0.107,0.264,0.194
M6269368,0.208,5,60.0,20.0,20.0,0.601,0.03,0.15,0.0
M6277440,-0.215,5,20.0,40.0,40.0,0.588,0.008,-0.139,0.0
M6285944,0.149,5,40.0,60.0,0.0,0.528,0.174,0.144,0.0
M6288124,0.546,5,80.0,20.0,0.0,0.704,0.22,0.388,0.093
M6288250,-0.05,5,40.0,40.0,20.0,0.579,0.013,-0.033,0.0
M6288694,-0.448,5,0.0,20.0,80.0,0.481,-0.061,-0.282,0.0
M6292852,0.463,5,80.0,20.0,0.0,0.541,0.0,0.361,0.0
M6292996,0.595,5,80.0,20.0,0.0,0.713,0.013,0.56,0.247
M6294822,0.131,5,40.0,60.0,0.0,0.454,0.141,0.017,0.093
M6302160,0.361,5,60.0,40.0,0.0,0.599,0.0,0.312,0.123
M6303866,-0.036,5,20.0,60.0,20.0,0.515,0.051,0.013,0.0
M6304046,0.052,5,60.0,20.0,20.0,0.611,0.175,-0.047,0.0
M6304162,0.442,5,80.0,20.0,0.0,0.651,0.0,0.373,0.123
M6306064,-0.113,5,20.0,60.0,20.0,0.474,0.028,0.0,0.0
M6316138,0.532,5,100.0,0.0,0.0,0.658,0.25,0.377,0.093
M6317656,0.101,5,40.0,40.0,20.0,0.504,-0.083,0.118,0.101
M6320628,0.332,5,100.0,0.0,0.0,0.444,0.106,0.2,0.078
M6322922,0.052,5,40.0,40.0,20.0,0.498,0.082,-0.01,0.078
M6324278,-0.058,5,0.0,100.0,0.0,0.477,0.021,0.021,0.048
M6333054,0.616,5,100.0,0.0,0.0,0.712,0.313,0.53,0.0
M6333060,0.544,5,100.0,0.0,0.0,0.752,0.136,0.46,0.247
M6334354,0.054,5,20.0,60.0,20.0,0.525,0.1,0.1,0.0
M6336356,-0.006,5,0.0,100.0,0.0,0.364,0.044,0.044,0.082
M6341832,0.112,5,40.0,60.0,0.0,0.504,0.048,0.097,0.0
M6343314,0.334,5,60.0,40.0,0.0,0.661,0.211,0.218,0.194
M6348138,0.116,5,40.0,60.0,0.0,0.513,0.111,0.017,0.206
M6359956,-0.36,5,0.0,40.0,60.0,0.577,0.008,0.008,0.0
M6367558,0.2,5,40.0,60.0,0.0,0.591,0.2,0.013,0.187
M6378710,-0.233,5,20.0,20.0,60.0,0.468,0.013,0.013,0.0
M6386748,0.42,5,80.0,20.0,0.0,0.637,0.347,0.13,0.187
M6388082,0.195,5,60.0,40.0,0.0,0.539,0.157,0.227,0.0
M6394270,-0.046,5,20.0,60.0,20.0,0.629,0.013,0.039,0.123
M6398184,0.531,5,80.0,20.0,0.0,0.528,0.107,0.341,0.093
M6399158,0.29,5,60.0,20.0,20.0,0.638,0.117,0.174,0.093
M6400614,0.25,5,40.0,60.0,0.0,0.545,0.01,0.26,0.0
M6402468,-0.209,5,0.0,60.0,40.0,0.417,-0.152,-0.152,0.0
M6408226,0.146,5,40.0,40.0,20.0,0.687,0.13,0.13,0.0
M6410564,-0.144,5,20.0,40.0,40.0,0.569,0.0,-0.047,0.0
M6412452,0.17,5,60.0,40.0,0.0,0.557,0.113,0.193,0.0
M6412864,-0.004,5,40.0,20.0,40.0,0.668,0.0,0.125,0.123
M6421110,-0.142,5,40.0,20.0,40.0,0.561,-0.076,-0.122,0.101
M6423362,0.021,5,20.0,80.0,0.0,0.404,0.04,0.04,0.0
M6428676,0.054,5,40.0,40.0,20.0,0.756,0.207,-0.033,0.163
M6432466,0.06,5,40.0,40.0,20.0,0.619,0.0,0.077,0.123
M6433880,0.292,5,40.0,60.0,0.0,0.599,0.008,0.281,0.123
M6436726,-0.285,5,0.0,60.0,40.0,0.502,0.0,-0.245,0.0
M6439020,-0.135,5,40.0,20.0,40.0,0.566,0.004,-0.076,0.0
M6445414,-0.16,5,20.0,40.0,40.0,0.58,0.093,-0.147,0.093
M6450186,0.022,5,40.0,40.0,20.0,0.58,0.008,0.101,0.0
M6450804,-0.197,5,20.0,40.0,40.0,0.451,0.015,-0.067,0.0
M6452574,0.399,5,80.0,20.0,0.0,0.694,0.307,0.313,0.093
M6472976,0.499,5,80.0,20.0,0.0,0.793,0.0,0.477,0.247
M6474040,-0.214,5,20.0,40.0,40.0,0.483,0.017,0.017,0.0
M6475714,-0.31,5,20.0,0.0,80.0,0.635,0.0,0.001,0.0
M6476140,-0.51,5,0.0,20.0,80.0,0.59,0.0,-0.147,0.0
M6479534,0.436,5,80.0,20.0,0.0,0.731,0.213,0.437,0.123
M6483364,0.269,5,80.0,0.0,20.0,0.635,0.147,0.152,0.0
M6485928,-0.257,5,20.0,40.0,40.0,0.486,0.013,-0.085,0.0
M6491178,0.314,5,40.0,60.0,0.0,0.55,0.015,0.315,0.0
M6493286,0.326,5,80.0,0.0,20.0,0.695,0.2,0.352,0.0
M6494418,-0.718,5,0.0,0.0,100.0,0.628,0.0,-0.343,0.0
M6495770,-0.593,5,0.0,20.0,80.0,0.631,-0.096,-0.439,0.0
M6499752,0.084,5,40.0,40.0,20.0,0.573,0.112,0.022,0.093
M6510332,0.35,5,60.0,40.0,0.0,0.59,0.176,0.127,0.295
M6511932,-0.264,5,20.0,40.0,40.0,0.518,-0.092,-0.19,0.0
M6513120,0.017,5,20.0,60.0,20.0,0.634,-0.096,0.054,0.0
M6513656,-0.621,5,0.0,0.0,100.0,0.597,0.0,-0.442,0.0
M6521876,-0.337,5,0.0,60.0,40.0,0.497,-0.079,-0.226,0.0
M6523720,-0.027,5,40.0,40.0,20.0,0.528,0.019,-0.004,0.123
M6527426,0.056,5,40.0,40.0,20.0,0.563,0.078,0.0,0.0
M6533240,-0.258,5,0.0,60.0,40.0,0.543,0.0,-0.147,0.0
M6535880,0.057,5,40.0,40.0,20.0,0.498,-0.083,0.067,0.0
M6537238,0.211,5,80.0,0.0,20.0,0.602,0.1,0.4,0.0
M6543652,0.199,5,40.0,60.0,0.0,0.511,0.117,0.195,0.0
M6547170,-0.415,5,20.0,0.0,80.0,0.642,0.034,-0.221,0.0
M6556890,-0.129,5,40.0,20.0,40.0,0.501,-0.018,-0.096,0.043
M6562866,0.471,5,80.0,20.0,0.0,0.691,0.117,0.391,0.123
M6565702,-0.28,5,0.0,40.0,60.0,0.48,-0.061,-0.061,0.0
M6566576,0.029,5,20.0,60.0,20.0,0.462,0.111,0.017,0.093
M6571548,-0.04,5,40.0,20.0,40.0,0.69,0.03,-0.016,0.0
M6574146,0.115,5,40.0,60.0,0.0,0.433,0.124,0.031,0.185
M6587640,0.16,5,40.0,40.0,20.0,0.64,0.104,0.254,-0.1
M6588966,0.114,5,40.0,60.0,0.0,0.416,0.068,0.131,0.0
M6598626,-0.084,5,20.0,60.0,20.0,0.555,0.004,-0.032,0.0
M6599340,-0.032,5,20.0,60.0,20.0,0.657,0.0,-0.023,0.123
M6620846,0.388,5,60.0,40.0,0.0,0.717,0.347,0.253,0.093
M6628102,0.46,5,60.0,40.0,0.0,0.773,0.227,0.377,0.0
M6628394,0.145,5,60.0,20.0,20.0,0.581,0.041,0.154,0.0
M6643972,-0.193,5,20.0,40.0,40.0,0.513,-0.076,-0.05,0.0
M6644200,-0.134,5,20.0,40.0,40.0,0.617,0.03,0.0,0.0
M6648926,0.362,5,80.0,20.0,0.0,0.627,0.202,0.123,0.295
M6649108,0.368,5,60.0,40.0,0.0,0.639,0.097,0.228,0.318
M6654210,-0.625,5,0.0,20.0,80.0,0.578,0.004,-0.289,0.0
M6663582,-0.14,5,20.0,40.0,40.0,0.556,0.004,-0.043,0.0
M6673612,-0.203,5,20.0,40.0,40.0,0.576,0.013,-0.085,0.0
M6675244,0.295,5,80.0,20.0,0.0,0.49,0.073,0.237,0.123
M6679794,0.126,5,20.0,80.0,0.0,0.477,0.023,0.173,0.0
M6684714,-0.521,5,0.0,20.0,80.0,0.59,-0.076,-0.223,0.0
M6697582,-0.191,5,20.0,40.0,40.0,0.636,-0.096,-0.119,0.123
M6704776,0.437,5,80.0,20.0,0.0,0.602,0.004,0.339,0.224
M6714534,0.27,5,40.0,60.0,0.0,0.497,0.207,0.114,0.093
M6718730,0.255,5,60.0,40.0,0.0,0.5,0.214,0.127,0.187
M6722030,-0.368,5,0.0,40.0,60.0,0.564,0.027,-0.12,0.0
M6722976,0.183,5,40.0,60.0,0.0,0.449,0.114,0.214,0.0
M6723592,-0.076,5,60.0,0.0,40.0,0.586,0.122,-0.193,0.093
M6736782,0.015,5,40.0,20.0,40.0,0.546,0.026,0.154,0.0
M6738136,-0.063,5,20.0,60.0,20.0,0.57,0.024,0.024,0.0
M6739646,0.096,5,40.0,60.0,0.0,0.507,0.026,0.104,0.0
M6742252,0.238,5,60.0,20.0,20.0,0.678,0.127,0.35,0.123
M6751668,0.14,5,60.0,0.0,40.0,0.668,0.143,0.263,0.0
M6752992,0.123,5,60.0,20.0,20.0,0.588,-0.059,0.127,0.123
M6760876,-0.081,5,40.0,40.0,20.0,0.539,0.004,-0.094,0.0
M6763252,0.469,5,80.0,20.0,0.0,0.698,0.25,0.277,0.093
M6768578,-0.014,5,60.0,0.0,40.0,0.667,0.0,0.18,0.0
M6769280,-0.372,5,20.0,20.0,60.0,0.582,-0.096,-0.243,0.0
M6769508,-0.095,5,40.0,20.0,40.0,0.52,0.131,0.029,0.0
M6772802,0.168,5,20.0,80.0,0.0,0.482,0.045,0.0,0.0
M6772804,-0.158,5,40.0,20.0,40.0,0.573,0.097,-0.043,0.093
M6772950,-0.205,5,0.0,60.0,40.0,0.546,0.004,0.004,0.0
M6777338,0.287,5,60.0,40.0,0.0,0.568,0.078,0.19,0.202
M6781982,-0.031,5,0.0,100.0,0.0,0.569,0.017,0.017,0.0
M6788942,0.393,5,80.0,20.0,0.0,0.542,0.248,0.24,0.078
M6791096,-0.249,5,20.0,40.0,40.0,0.448,-0.083,-0.083,0.0
M6792282,0.188,5,40.0,40.0,20.0,0.449,0.047,0.167,0.0
M6793580,-0.095,5,20.0,60.0,20.0,0.498,0.065,-0.081,0.0
M6794424,0.644,5,100.0,0.0,0.0,0.742,0.193,0.43,0.093
M6802308,-0.234,5,20.0,20.0,60.0,0.589,0.0,-0.098,0.0
M6802400,0.018,5,40.0,40.0,20.0,0.655,0.004,0.061,0.123
M6803046,0.039,5,20.0,60.0,20.0,0.465,0.004,0.084,0.0
M6803212,0.313,5,40.0,60.0,0.0,0.505,0.082,0.154,0.078
M6806448,0.12,5,60.0,40.0,0.0,0.457,0.0,0.131,0.0
M6811018,-0.059,5,20.0,60.0,20.0,0.437,0.004,0.104,0.0
M6811134,0.223,5,40.0,60.0,0.0,0.567,0.101,0.158,0.093
M6811280,-0.149,5,20.0,40.0,40.0,0.501,-0.07,-0.093,0.123
M6820256,0.02,5,20.0,80.0,0.0,0.391,0.017,0.017,0.0
M6821012,-0.142,5,20.0,60.0,20.0,0.465,-0.089,-0.089,0.0
M6823368,0.345,5,60.0,40.0,0.0,0.593,0.013,0.328,0.123
M6826438,0.178,5,40.0,60.0,0.0,0.487,0.008,0.199,0.0
M6828390,-0.136,5,20.0,60.0,20.0,0.555,0.004,-0.094,0.0
M6829180,-0.511,5,0.0,20.0,80.0,0.633,0.004,-0.143,0.0
M6830780,-0.066,5,40.0,20.0,40.0,0.634,0.093,-0.145,0.093
M6850820,0.134,5,40.0,60.0,0.0,0.47,0.115,0.115,0.0
M6852872,-0.231,5,20.0,40.0,40.0,0.492,-0.057,-0.087,0.0
M6857112,-0.136,5,20.0,40.0,40.0,0.59,0.017,0.019,0.0
M6857166,0.082,5,40.0,40.0,20.0,0.582,-0.014,0.031,0.202
M6857376,0.276,5,60.0,40.0,0.0,0.587,0.157,0.227,0.0
M6857988,-0.151,5,20.0,40.0,40.0,0.66,0.097,-0.094,0.093
M6859762,-0.193,5,20.0,40.0,40.0,0.541,-0.093,-0.187,0.093
M6864046,0.156,5,40.0,60.0,0.0,0.401,0.146,0.119,0.0
M6864864,0.543,5,100.0,0.0,0.0,0.648,0.207,0.43,0.093
M6865690,0.055,5,20.0,80.0,0.0,0.419,0.034,0.004,0.0
M6866224,0.016,5,20.0,60.0,20.0,0.59,0.004,0.115,0.0
M6878038,0.386,5,80.0,0.0,20.0,0.616,0.0,0.344,0.202
M6878306,0.084,5,40.0,40.0,20.0,0.524,0.043,0.165,0.0
M6882604,0.16,5,40.0,60.0,0.0,0.522,0.082,0.004,0.078
M6890582,-0.284,5,20.0,20.0,60.0,0.525,0.004,-0.143,0.0
M6892400,-0.24,5,20.0,20.0,60.0,0.659,-0.1,-0.097,0.0
M6896536,0.407,5,80.0,20.0,0.0,0.568,0.213,0.38,0.0
M6900448,0.478,5,80.0,20.0,0.0,0.555,0.004,0.47,0.0
M6900644,0.364,5,80.0,0.0,20.0,0.707,0.187,0.223,0.31
M6902332,-0.143,5,20.0,40.0,40.0,0.426,-0.072,-0.072,0.0
M6902676,0.082,5,40.0,40.0,20.0,0.569,0.097,0.105,0.194
M6902696,0.304,5,60.0,20.0,20.0,0.588,0.093,0.15,0.093
M6904272,0.135,5,40.0,60.0,0.0,0.574,0.1,0.2,0.0
M6905696,-0.017,5,40.0,20.0,40.0,0.574,0.097,-0.034,0.093
M6908274,0.072,5,40.0,20.0,40.0,0.651,0.093,0.123,0.217
M6911608,0.037,5,60.0,20.0,20.0,0.495,0.06,0.002,0.0
M6916362,0.268,5,40.0,60.0,0.0,0.633,0.113,0.214,0.101
M6920356,-0.11,5,20.0,40.0,40.0,0.734,0.127,0.029,0.0
M6921996,0.018,5,20.0,60.0,20.0,0.552,0.008,0.131,0.123
M6924650,-0.007,5,40.0,20.0,40.0,0.577,0.1,0.223,0.123
M6932818,0.128,5,20.0,80.0,0.0,0.521,0.027,0.177,0.0
M6932874,-0.166,5,20.0,40.0,40.0,0.446,0.004,0.004,0.064
M6938828,0.401,5,80.0,0.0,20.0,0.729,0.193,0.335,0.217
M6952604,-0.198,5,0.0,60.0,40.0,0.507,-0.096,-0.096,0.0
M6952960,0.258,5,40.0,60.0,0.0,0.459,0.031,0.281,0.0
M6953076,0.292,5,80.0,20.0,0.0,0.504,0.151,0.213,0.0
M6957966,-0.194,5,0.0,60.0,40.0,0.543,0.0,-0.147,0.0
M6958212,0.324,5,60.0,40.0,0.0,0.572,0.078,0.123,0.202
M6966692,0.628,5,100.0,0.0,0.0,0.651,0.078,0.451,0.202
M6987770,-0.278,5,40.0,0.0,60.0,0.579,0.0,-0.047,0.0
M6998518,0.133,5,60.0,20.0,20.0,0.518,0.1,0.267,0.0
M7008872,-0.13,5,20.0,60.0,20.0,0.437,-0.079,-0.079,0.0
M7014006,0.054,5,20.0,60.0,20.0,0.554,0.093,0.0,0.093
M7026672,-0.089,5,20.0,40.0,40.0,0.586,0.097,-0.143,0.093
M7040874,-0.368,5,0.0,40.0,60.0,0.645,-0.1,-0.1,0.0
M7042862,-0.639,5,0.0,0.0,100.0,0.648,-0.1,-0.296,0.0
M7043012,0.085,5,20.0,60.0,20.0,0.563,0.004,0.154,0.0
M7048622,0.192,5,60.0,0.0,40.0,0.688,0.207,0.116,0.194
M7056732,0.185,5,60.0,40.0,0.0,0.503,0.07,0.1,0.0
M7057496,0.365,5,80.0,20.0,0.0,0.623,0.092,0.293,0.078
M7064766,0.029,5,60.0,0.0,40.0,0.597,0.126,-0.098,0.078
M7069210,-0.021,5,20.0,80.0,0.0,0.528,0.03,0.0,0.0
M7073710,-0.222,5,20.0,40.0,40.0,0.444,0.013,-0.085,0.0
M7074886,-0.094,5,0.0,100.0,0.0,0.613,0.0,0.0,0.0
M7076834,0.242,5,40.0,60.0,0.0,0.514,0.105,0.128,0.179
M7083526,0.06,5,20.0,60.0,20.0,0.628,0.13,0.13,0.0
M7097896,-0.0,5,20.0,60.0,20.0,0.531,0.004,0.053,0.123
M7098658,0.45,5,100.0,0.0,0.0,0.588,0.206,0.123,0.295
M7121252,0.638,5,100.0,0.0,0.0,0.691,0.157,0.358,0.404
M7125774,0.257,5,40.0,60.0,0.0,0.594,0.113,0.191,0.0
M7125860,0.356,5,60.0,40.0,0.0,0.689,0.0,0.335,0.123
M7126948,-0.38,5,0.0,40.0,60.0,0.5,0.004,-0.145,0.0
M7131622,0.491,5,100.0,0.0,0.0,0.617,0.108,0.323,0.202
M7133686,0.244,5,60.0,20.0,20.0,0.709,0.217,0.341,0.123
M7134096,-0.307,5,20.0,20.0,60.0,0.493,-0.048,-0.225,0.0
M7137380,-0.099,5,20.0,60.0,20.0,0.411,0.028,0.0,0.0
M7137846,-0.457,5,0.0,20.0,80.0,0.617,0.0,-0.074,0.0
M7139936,-0.376,5,20.0,0.0,80.0,0.668,0.0,0.025,0.123
M7146812,0.119,5,40.0,60.0,0.0,0.532,0.013,0.137,0.201
M7147540,-0.345,5,0.0,60.0,40.0,0.568,-0.096,-0.194,0.0
M7149730,0.243,5,40.0,60.0,0.0,0.569,0.224,0.13,0.093
M7149916,-0.668,5,0.0,0.0,100.0,0.651,-0.1,-0.345,0.0
M7153766,-0.463,5,0.0,40.0,60.0,0.615,0.004,-0.241,0.0
M7157574,-0.157,5,20.0,20.0,60.0,0.651,-0.1,0.001,0.101
M7158430,0.2,5,40.0,40.0,20.0,0.568,0.078,0.101,0.179
M7160070,0.595,5,100.0,0.0,0.0,0.707,0.341,0.463,0.0
M7167686,-0.061,5,20.0,60.0,20.0,0.561,0.004,0.082,-0.1
M7170950,-0.216,5,40.0,0.0,60.0,0.606,-0.1,0.081,0.101
M7204348,0.187,5,40.0,60.0,0.0,0.566,0.034,0.154,0.0
M7214842,-0.041,5,0.0,100.0,0.0,0.361,0.024,0.024,0.0
M7218518,0.224,5,60.0,40.0,0.0,0.51,0.082,0.137,0.123
M7236034,0.64,5,100.0,0.0,0.0,0.747,0.257,0.5,0.153
M7242142,0.42,5,80.0,0.0,20.0,0.635,0.137,0.324,0.224
M7256866,-0.508,5,0.0,20.0,80.0,0.608,-0.087,-0.283,0.0
M7262882,0.125,5,20.0,80.0,0.0,0.285,0.057,0.015,0.0
M7280898,0.148,5,20.0,80.0,0.0,0.571,0.104,0.104,0.0
M7282468,0.197,5,40.0,60.0,0.0,0.66,0.197,0.104,0.093
M7286456,0.399,5,100.0,0.0,0.0,0.612,0.168,0.323,0.123
M7286916,0.451,5,80.0,20.0,0.0,0.596,0.126,0.257,0.34
M7291268,0.13,5,60.0,20.0,20.0,0.547,0.197,0.17,0.093
M7298400,0.496,5,100.0,0.0,0.0,0.604,0.031,0.415,0.123
M7315484,-0.668,5,0.0,0.0,100.0,0.651,-0.1,-0.345,0.0
M7318202,0.24,5,60.0,40.0,0.0,0.425,0.187,0.127,0.0
M7329656,-0.495,5,0.0,20.0,80.0,0.62,-0.2,-0.2,0.0
M7334528,0.143,5,40.0,40.0,20.0,0.445,0.004,0.105,0.101
M7339248,-0.043,5,0.0,100.0,0.0,0.591,0.013,0.013,0.0
M7339826,0.038,5,40.0,40.0,20.0,0.634,0.043,0.013,-0.035
M7342838,0.296,5,60.0,20.0,20.0,0.57,0.217,0.0,0.187
M7343762,0.222,5,40.0,60.0,0.0,0.602,0.017,0.264,0.247
M7347846,0.017,5,40.0,40.0,20.0,0.541,0.153,0.007,0.0
M7349662,0.241,5,40.0,60.0,0.0,0.632,0.231,0.231,0.0
M7349950,-0.124,5,20.0,40.0,40.0,0.528,-0.039,-0.087,0.0
M7357302,-0.127,5,20.0,60.0,20.0,0.412,0.033,-0.137,0.0
M7374948,-0.143,5,20.0,20.0,60.0,0.682,0.0,0.025,0.123
M7390588,0.045,5,40.0,20.0,40.0,0.705,0.013,0.162,0.247
M7390646,-0.407,5,0.0,40.0,60.0,0.494,0.03,-0.117,0.0
M7395114,0.52,5,80.0,20.0,0.0,0.726,0.147,0.373,0.123
M7401588,-0.235,5,0.0,80.0,20.0,0.499,0.015,-0.131,0.0
M7420342,-0.011,5,0.0,100.0,0.0,0.287,0.049,0.049,0.0
M7424200,0.088,5,60.0,0.0,40.0,0.651,0.072,-0.097,0.075
M7451284,0.253,5,40.0,60.0,0.0,0.495,0.111,0.128,0.149
M7455754,0.318,5,60.0,40.0,0.0,0.481,0.128,0.16,0.093
M7456310,0.073,5,20.0,60.0,20.0,0.484,0.0,0.111,0.0
M7456312,-0.668,5,0.0,0.0,100.0,0.651,-0.1,-0.345,0.0
M7460806,0.035,5,0.0,100.0,0.0,0.42,0.013,0.013,0.0
M7464188,-0.159,5,0.0,40.0,60.0,0.481,0.004,0.004,0.0
M7485048,0.249,5,80.0,20.0,0.0,0.527,0.137,0.193,0.093
M7489816,0.179,5,40.0,20.0,40.0,0.462,0.034,0.154,0.0
M7504726,0.339,5,60.0,40.0,0.0,0.524,0.134,0.215,0.0
M7510346,-0.405,5,0.0,40.0,60.0,0.556,-0.1,-0.296,0.0
M7518466,0.404,5,60.0,40.0,0.0,0.654,0.24,0.364,0.123
M7525778,-0.225,5,40.0,0.0,60.0,0.537,0.0,0.013,0.0
M7533152,0.629,5,100.0,0.0,0.0,0.759,0.24,0.491,0.101
M7541106,-0.133,5,20.0,60.0,20.0,0.513,0.004,0.004,0.0
M7545266,-0.677,5,0.0,0.0,100.0,0.678,0.0,-0.343,0.0
M7545524,0.132,5,40.0,60.0,0.0,0.512,0.03,0.1,0.0
M7547410,-0.084,5,0.0,100.0,0.0,0.448,0.021,0.021,0.0
M7549996,0.327,5,60.0,40.0,0.0,0.666,0.004,0.251,0.247
M7550000,0.094,5,40.0,40.0,20.0,0.528,0.0,0.15,0.0
M7556122,0.001,5,20.0,60.0,20.0,0.527,0.097,0.004,0.093
M7557108,-0.023,5,20.0,60.0,20.0,0.579,-0.003,-0.096,0.093
M7581902,-0.343,5,0.0,40.0,60.0,0.642,0.0,-0.147,0.0
M7601480,0.025,5,20.0,60.0,20.0,0.535,-0.072,0.078,0.0
M7605074,0.187,5,40.0,60.0,0.0,0.614,0.0,0.15,0.0
M7608028,-0.533,5,0.0,20.0,80.0,0.649,-0.1,-0.247,0.0
M7608418,-0.114,5,20.0,60.0,20.0,0.526,0.034,0.004,0.0
M7608534,-0.211,5,40.0,0.0,60.0,0.536,-0.085,-0.2,0.078
M7615302,-0.196,5,0.0,80.0,20.0,0.543,-0.092,-0.092,0.0
M7616148,0.518,5,80.0,20.0,0.0,0.744,0.307,0.363,0.093
M7616798,0.022,5,40.0,20.0,40.0,0.65,0.217,0.071,0.0
M7628458,0.645,5,100.0,0.0,0.0,0.638,0.0,0.585,0.123
M7634968,0.083,5,40.0,40.0,20.0,0.62,0.197,-0.043,0.093
M7638348,-0.066,5,20.0,60.0,20.0,0.417,0.015,0.015,0.0
M7642818,0.095,5,60.0,20.0,20.0,0.512,0.123,0.1,0.093
M7645780,-0.573,5,0.0,20.0,80.0,0.599,-0.1,-0.247,0.0
M7653254,0.407,5,80.0,20.0,0.0,0.5,0.122,0.263,0.078
M7664504,0.392,5,60.0,40.0,0.0,0.659,0.004,0.377,0.123
M7668870,0.515,5,80.0,20.0,0.0,0.803,0.427,0.24,0.187
M7671064,0.242,5,60.0,20.0,20.0,0.665,-0.1,0.28,0.0
M7681902,0.267,5,80.0,20.0,0.0,0.489,0.144,0.084,0.093
M7689966,0.598,5,80.0,20.0,0.0,0.662,0.103,0.433,0.217
M7690670,0.202,5,40.0,40.0,20.0,0.549,-0.061,0.212,0.123
M7711170,0.036,5,20.0,60.0,20.0,0.537,0.021,0.171,0.0
M7713068,-0.09,5,20.0,60.0,20.0,0.401,-0.072,-0.072,0.0
M7725596,0.296,5,60.0,40.0,0.0,0.564,0.137,0.137,0.217
M7734218,0.193,5,60.0,20.0,20.0,0.546,-0.072,0.239,0.0
M7736478,0.296,5,60.0,40.0,0.0,0.406,0.043,0.225,0.0
M7737786,-0.26,5,0.0,60.0,40.0,0.427,0.015,0.015,0.0
M7738450,0.354,5,80.0,20.0,0.0,0.543,0.093,0.191,0.093
M7745068,0.383,5,60.0,40.0,0.0,0.695,0.097,0.277,0.252
M7752126,-0.46,5,0.0,40.0,60.0,0.573,0.004,-0.143,0.0
M7768848,0.529,5,100.0,0.0,0.0,0.679,0.193,0.401,0.217
M7772580,0.146,5,40.0,40.0,20.0,0.511,0.034,0.127,0.123
M7772582,0.319,5,60.0,40.0,0.0,0.513,0.034,0.182,0.101
M7775622,0.658,5,100.0,0.0,0.0,0.678,0.231,0.4,0.093
M7784604,0.104,5,60.0,0.0,40.0,0.74,0.14,0.142,0.0
M7798634,-0.002,5,40.0,40.0,20.0,0.573,0.093,-0.098,0.093
M7816392,-0.275,5,0.0,60.0,40.0,0.398,0.015,0.015,0.0
M7830574,0.367,5,80.0,0.0,20.0,0.617,0.0,0.467,0.0
M7841496,0.249,5,60.0,40.0,0.0,0.496,0.22,0.127,0.093
M7846844,0.471,5,80.0,20.0,0.0,0.652,0.143,0.348,0.123
M7853242,0.068,5,40.0,60.0,0.0,0.341,0.07,0.04,0.0
M7888964,-0.147,5,20.0,40.0,40.0,0.552,-0.061,-0.058,0.0
M7897330,-0.633,5,0.0,0.0,100.0,0.686,0.0,-0.245,0.0
M7905466,0.373,5,80.0,20.0,0.0,0.571,0.023,0.33,0.0
M7914416,0.498,5,100.0,0.0,0.0,0.624,0.038,0.447,0.0
M7923220,-0.195,5,40.0,20.0,40.0,0.622,0.093,-0.245,0.093
M7939766,0.568,5,100.0,0.0,0.0,0.743,0.3,0.488,0.123
M7946422,0.145,5,40.0,60.0,0.0,0.574,0.004,0.184,0.0
M7957694,-0.378,5,0.0,40.0,60.0,0.642,0.0,-0.293,0.0
M7958736,-0.225,5,20.0,40.0,40.0,0.706,0.0,-0.17,0.123
M7959026,-0.198,5,20.0,20.0,60.0,0.496,0.03,0.0,0.0
M7959216,0.233,5,40.0,60.0,0.0,0.534,0.14,0.251,0.0
M7961060,0.31,5,80.0,20.0,0.0,0.593,0.038,0.191,0.137
M7967412,0.099,5,40.0,20.0,40.0,0.459,0.123,0.0,0.093
M7975244,-0.057,5,40.0,40.0,20.0,0.484,0.036,0.088,0.0
M7979142,-0.291,5,0.0,60.0,40.0,0.504,-0.083,-0.083,0.0
M7979580,0.087,5,60.0,20.0,20.0,0.609,0.161,-0.147,0.196
M7983794,0.318,5,100.0,0.0,0.0,0.549,0.09,0.181,0.101
M7984734,0.357,5,60.0,20.0,20.0,0.696,0.0,0.4,0.0
M7984766,0.088,5,40.0,20.0,40.0,0.608,0.047,0.123,0.123
M7985692,-0.042,5,0.0,80.0,20.0,0.42,0.017,0.017,0.0
M7991608,0.142,5,40.0,40.0,20.0,0.558,0.222,0.128,0.093
M8000718,-0.129,5,20.0,40.0,40.0,0.582,0.017,-0.029,0.0
M8020896,0.422,5,80.0,0.0,20.0,0.559,0.093,0.261,0.093
M8041276,0.15,5,60.0,20.0,20.0,0.536,0.068,0.0,0.0
M8075192,0.482,5,80.0,20.0,0.0,0.767,0.274,0.35,0.123
M8075260,-0.543,5,0.0,20.0,80.0,0.475,-0.087,-0.087,0.0
M8075496,0.566,5,80.0,20.0,0.0,0.658,0.1,0.464,0.042
M8079248,0.065,5,40.0,40.0,20.0,0.626,0.061,0.039,0.123
M8085790,0.108,5,40.0,60.0,0.0,0.454,0.038,0.108,0.0
M8088944,0.135,5,40.0,40.0,20.0,0.643,0.04,0.163,0.123
M8090580,0.087,5,20.0,80.0,0.0,0.569,0.108,0.108,0.0
M8092252,0.241,5,60.0,40.0,0.0,0.481,0.027,0.25,0.123
M8096832,0.145,5,40.0,60.0,0.0,0.616,0.13,0.13,0.0
M8097306,-0.148,5,20.0,40.0,40.0,0.63,0.093,0.0,0.093
M8106534,0.113,5,40.0,40.0,20.0,0.6,0.015,0.245,0.0
M8108198,0.489,5,100.0,0.0,0.0,0.703,0.127,0.43,0.123
M8108202,-0.031,5,0.0,100.0,0.0,0.569,0.017,0.017,0.0
M8110232,0.085,5,20.0,80.0,0.0,0.46,0.134,0.04,0.093
M8110640,0.171,5,60.0,20.0,20.0,0.619,0.023,0.023,0.217
M8114980,0.105,5,20.0,80.0,0.0,0.482,0.027,0.138,0.0
M8116428,0.225,5,40.0,60.0,0.0,0.53,0.212,0.119,0.093
M8119752,0.117,5,20.0,80.0,0.0,0.561,0.013,0.163,0.0
M8128188,-0.133,5,20.0,40.0,40.0,0.469,0.004,-0.076,0.0
M8130968,0.453,5,80.0,0.0,20.0,0.707,0.187,0.247,0.434
M8132700,-0.149,5,0.0,80.0,20.0,0.443,0.011,-0.067,0.0
M8134742,-0.212,5,20.0,40.0,40.0,0.582,0.017,-0.079,0.0
M8151874,0.343,5,60.0,40.0,0.0,0.733,0.093,0.247,0.34
M8155288,-0.386,5,0.0,40.0,60.0,0.634,0.0,-0.245,0.0
M8169446,-0.289,5,0.0,40.0,60.0,0.472,0.017,0.017,0.0
M8176578,0.038,5,40.0,40.0,20.0,0.639,0.03,0.003,0.103
M8178486,-0.36,5,0.0,40.0,60.0,0.511,-0.096,-0.096,0.0
M8179388,-0.425,5,0.0,20.0,80.0,0.544,-0.076,-0.076,0.0
M8201170,0.145,5,40.0,40.0,20.0,0.592,0.107,0.065,0.093
M8201852,-0.161,5,0.0,80.0,20.0,0.461,-0.096,-0.096,0.0
M8206668,0.123,5,40.0,60.0,0.0,0.441,0.017,0.117,0.0
M8228288,-0.146,5,20.0,40.0,40.0,0.584,0.017,-0.029,0.101
M8233874,-0.226,5,20.0,40.0,40.0,0.538,0.051,-0.094,0.0
M8236336,0.238,5,40.0,60.0,0.0,0.513,0.096,0.128,0.078
M8237172,0.102,5,20.0,80.0,0.0,0.55,0.004,0.154,0.0
M8242084,0.445,5,80.0,20.0,0.0,0.631,0.221,0.223,0.217
M8244784,-0.17,5,20.0,40.0,40.0,0.538,0.03,-0.068,0.123
M8254556,0.301,5,60.0,20.0,20.0,0.692,0.004,0.401,0.247
M8262802,-0.265,5,20.0,20.0,60.0,0.512,0.013,-0.133,0.0
M8266310,-0.08,5,0.0,80.0,20.0,0.419,0.008,0.008,0.0
M8267604,0.542,5,100.0,0.0,0.0,0.638,0.131,0.351,0.194
M8290698,0.669,5,100.0,0.0,0.0,0.722,0.093,0.452,0.295
M8291806,-0.035,5,20.0,60.0,20.0,0.489,0.121,0.121,0.0
M8305806,-0.423,5,0.0,40.0,60.0,0.519,-0.087,-0.331,0.0
M8332922,0.295,5,80.0,20.0,0.0,0.526,0.038,0.223,0.123
M8338762,0.108,5,60.0,20.0,20.0,0.559,0.0,0.15,0.0
M8350360,-0.346,5,0.0,40.0,60.0,0.598,0.0,-0.147,0.0
M8351882,0.254,5,40.0,60.0,0.0,0.517,0.104,0.204,0.0
M8359816,0.213,5,60.0,40.0,0.0,0.553,0.097,0.104,0.093
M8359848,-0.062,5,40.0,20.0,40.0,0.689,0.097,-0.069,0.217
M8361028,-0.274,5,20.0,40.0,40.0,0.651,0.0,-0.245,0.0
M8364368,0.074,5,40.0,20.0,40.0,0.611,0.093,-0.023,0.217
M8367814,0.535,5,100.0,0.0,0.0,0.611,0.169,0.251,0.194
M8368406,-0.176,5,20.0,40.0,40.0,0.471,0.0,-0.147,0.0
M8368408,-0.038,5,0.0,100.0,0.0,0.409,0.015,0.015,0.0
M8368512,0.484,5,80.0,0.0,20.0,0.659,0.138,0.373,0.123
M8372298,-0.159,5,20.0,40.0,40.0,0.476,-0.069,-0.198,0.0
M8378126,0.504,5,80.0,20.0,0.0,0.621,0.013,0.437,0.123
M8385148,0.096,5,40.0,60.0,0.0,0.462,0.028,0.1,0.0
M8385474,-0.066,5,20.0,60.0,20.0,0.669,0.047,-0.098,0.0
M8404256,0.042,5,40.0,40.0,20.0,0.454,0.081,-0.147,0.0
M8404614,0.425,5,60.0,40.0,0.0,0.574,0.092,0.275,0.078
M8465676,0.442,5,80.0,20.0,0.0,0.621,0.218,0.223,0.217
M8485364,-0.256,5,20.0,40.0,40.0,0.486,-0.187,-0.187,0.0
M8503618,0.353,5,80.0,0.0,20.0,0.601,0.093,0.301,0.217
M8510350,-0.348,5,20.0,20.0,60.0,0.628,0.107,-0.329,0.093
M8510488,-0.044,5,20.0,60.0,20.0,0.622,0.117,-0.029,0.0
M8521718,0.194,5,40.0,60.0,0.0,0.471,0.078,0.1,0.078
M8521876,-0.283,5,0.0,40.0,60.0,0.487,-0.083,-0.083,0.0
M8526872,0.334,5,60.0,40.0,0.0,0.494,0.017,0.278,0.0
M8544498,0.313,5,60.0,20.0,20.0,0.643,0.082,0.255,0.179
M8562562,0.66,5,100.0,0.0,0.0,0.732,0.207,0.513,0.093
M8579674,0.217,5,60.0,20.0,20.0,0.553,0.087,0.0,0.187
M8580274,0.573,5,80.0,20.0,0.0,0.605,0.131,0.3,0.093
M8613070,0.671,5,100.0,0.0,0.0,0.727,0.1,0.569,0.247
M8613876,-0.631,5,0.0,0.0,100.0,0.622,-0.2,-0.298,0.0
M8617844,0.361,5,80.0,0.0,20.0,0.611,0.219,0.15,0.172
M8623904,-0.323,5,20.0,20.0,60.0,0.626,0.013,-0.156,0.123
M8629748,-0.234,5,0.0,60.0,40.0,0.538,-0.092,-0.092,0.0
M8632862,0.425,5,80.0,20.0,0.0,0.622,0.01,0.463,0.123
M8633462,0.552,5,80.0,20.0,0.0,0.733,0.004,0.501,0.348
M8633478,0.439,5,60.0,40.0,0.0,0.63,0.237,0.294,0.093
M8637428,0.256,5,60.0,20.0,20.0,0.674,0.1,0.323,0.123
M8652728,0.223,5,60.0,20.0,20.0,0.611,0.048,0.14,0.123
M8663516,-0.286,5,20.0,20.0,60.0,0.594,-0.1,-0.123,0.123
M8688634,0.206,5,40.0,60.0,0.0,0.495,0.206,0.019,0.187
M8695030,-0.261,5,20.0,20.0,60.0,0.528,-0.2,-0.2,0.0
M8707922,-0.16,5,0.0,80.0,20.0,0.59,0.004,0.004,0.0
M8721424,0.726,5,100.0,0.0,0.0,0.769,0.1,0.624,0.224
M8722346,0.673,5,100.0,0.0,0.0,0.775,0.513,0.327,0.187
M8743064,-0.245,5,20.0,20.0,60.0,0.608,-0.076,-0.147,0.0
M8745960,0.314,5,40.0,60.0,0.0,0.509,0.031,0.331,0.0
M8750570,-0.101,5,0.0,80.0,20.0,0.513,0.004,0.004,0.0
M8752474,0.222,5,60.0,20.0,20.0,0.642,0.3,0.113,0.1
M8760684,0.671,5,100.0,0.0,0.0,0.754,0.151,0.537,0.123
M8772262,-0.036,5,20.0,60.0,20.0,0.543,0.017,0.021,0.0
M8781414,0.275,5,60.0,40.0,0.0,0.653,0.0,0.224,0.224
M8784956,-0.231,5,0.0,60.0,40.0,0.49,-0.076,-0.15,0.0
M8805486,0.117,5,20.0,80.0,0.0,0.39,0.138,0.045,0.093
M8816194,-0.203,5,40.0,20.0,40.0,0.552,0.004,-0.143,0.0
M8836988,-0.102,5,20.0,60.0,20.0,0.523,0.112,-0.128,0.093
M8847712,-0.023,5,20.0,60.0,20.0,0.498,0.107,0.013,0.093
M8850222,-0.311,5,0.0,60.0,40.0,0.521,0.0,-0.221,0.0
M8851668,-0.179,5,0.0,60.0,40.0,0.491,0.0,-0.074,0.0
M8858104,0.048,5,40.0,20.0,40.0,0.534,0.023,-0.1,0.078
M8865562,0.275,5,40.0,40.0,20.0,0.604,0.127,0.227,0.101
M8902990,0.564,5,100.0,0.0,0.0,0.742,0.193,0.45,0.093
M8936646,0.147,5,20.0,80.0,0.0,0.476,0.008,0.158,0.0
M8946378,0.425,5,60.0,40.0,0.0,0.57,0.213,0.325,0.0
M8954732,0.086,5,40.0,20.0,40.0,0.586,-0.087,0.175,0.0
M8963708,0.555,5,100.0,0.0,0.0,0.581,0.222,0.263,0.0
M8976710,-0.112,5,40.0,0.0,60.0,0.649,-0.1,0.05,0.0
M8991268,0.374,5,60.0,40.0,0.0,0.551,0.123,0.223,0.123
M8995218,-0.123,5,40.0,20.0,40.0,0.516,-0.118,-0.196,0.078
M9000224,-0.18,5,20.0,40.0,40.0,0.672,0.0,0.002,0.0
M9016974,0.055,5,40.0,60.0,0.0,0.419,0.034,0.004,0.0
M9026184,-0.579,5,0.0,20.0,80.0,0.683,-0.1,-0.443,0.0
M9032400,-0.163,5,20.0,60.0,20.0,0.506,0.028,-0.147,0.0
M9059704,-0.185,5,20.0,40.0,40.0,0.517,0.0,-0.098,0.0
M9063902,0.294,5,60.0,40.0,0.0,0.496,0.231,0.153,0.0
M9071322,0.09,5,40.0,40.0,20.0,0.51,0.017,0.228,0.0
M9072352,-0.552,5,0.0,20.0,80.0,0.517,-0.1,-0.247,0.0
M9076562,-0.182,5,20.0,40.0,40.0,0.499,0.004,-0.094,0.0
M9086228,-0.313,5,20.0,20.0,60.0,0.483,0.034,-0.143,0.0
M9089294,0.102,5,20.0,80.0,0.0,0.456,0.12,0.027,0.162
M9095324,0.444,5,100.0,0.0,0.0,0.622,0.023,0.411,0.247
M9110170,-0.127,5,20.0,40.0,40.0,0.616,0.013,-0.059,0.123
M9130508,-0.42,5,0.0,40.0,60.0,0.532,-0.187,-0.285,0.0
M9134216,-0.669,5,0.0,0.0,100.0,0.628,-0.3,-0.496,0.0
M9135854,0.446,5,80.0,0.0,20.0,0.659,0.123,0.4,0.0
M9150970,-0.385,5,0.0,40.0,60.0,0.512,-0.087,-0.185,0.0
M9172422,0.152,5,20.0,80.0,0.0,0.525,0.008,0.158,0.0
M9173418,-0.35,5,0.0,40.0,60.0,0.524,-0.087,-0.185,0.0
M9179096,0.193,5,40.0,40.0,20.0,0.6,0.013,0.167,0.0
M9203694,-0.341,5,0.0,40.0,60.0,0.644,-0.096,-0.096,0.0
M9206562,0.35,5,60.0,20.0,20.0,0.629,0.097,0.277,0.217
M9207616,-0.257,5,20.0,20.0,60.0,0.568,0.015,0.015,0.0
M9208444,0.282,5,40.0,60.0,0.0,0.659,0.097,0.154,0.093
M9214832,0.18,5,40.0,60.0,0.0,0.614,0.14,0.204,0.0
M9225192,0.47,5,60.0,40.0,0.0,0.614,0.004,0.427,0.123
M9231040,0.034,5,40.0,40.0,20.0,0.584,0.051,0.137,0.123
M9243804,-0.01,5,40.0,20.0,40.0,0.648,0.141,0.104,0.0
M9243946,0.241,5,40.0,40.0,20.0,0.589,0.004,0.277,0.123
M9252508,0.02,5,20.0,40.0,40.0,0.559,0.0,0.15,0.0
M9257484,-0.461,5,0.0,40.0,60.0,0.504,0.013,-0.133,0.0
M9340860,0.062,5,40.0,40.0,20.0,0.681,0.093,0.064,0.093
M9345754,-0.014,5,0.0,100.0,0.0,0.564,0.004,0.004,0.0
M9347730,-0.228,5,20.0,0.0,80.0,0.588,-0.1,0.05,0.0
M9351980,0.201,5,40.0,60.0,0.0,0.503,0.046,0.131,0.123
M9354842,-0.281,5,20.0,20.0,60.0,0.544,-0.1,-0.147,0.0
M9354944,-0.546,5,0.0,20.0,80.0,0.609,-0.1,-0.247,0.0
M9358204,0.281,5,60.0,40.0,0.0,0.369,0.201,0.02,0.157
M9363208,0.201,5,40.0,60.0,0.0,0.609,0.191,0.004,0.187
M9376612,0.191,5,60.0,0.0,40.0,0.713,0.017,0.197,0.217
M9398640,0.172,5,20.0,80.0,0.0,0.614,0.004,0.154,0.0
M9402676,-0.014,5,20.0,80.0,0.0,0.564,0.004,0.004,0.0
M9412098,0.214,5,40.0,60.0,0.0,0.35,0.033,0.111,0.101
M9419056,-0.107,5,20.0,40.0,40.0,0.607,-0.087,-0.035,0.0
M9419834,-0.65,5,0.0,0.0,100.0,0.646,0.0,-0.489,0.0
M9421570,0.211,5,40.0,60.0,0.0,0.503,0.004,0.182,0.0
M9426210,0.207,5,80.0,0.0,20.0,0.603,0.03,0.323,0.153
M9430698,0.504,5,80.0,20.0,0.0,0.68,0.278,0.331,0.148
M9484998,0.271,5,40.0,60.0,0.0,0.668,0.217,0.217,0.0
M9495224,0.171,5,40.0,40.0,20.0,0.588,-0.096,0.177,0.123
M9500372,0.248,5,60.0,40.0,0.0,0.56,0.185,0.117,0.0
M9501310,0.246,5,60.0,20.0,20.0,0.732,0.0,0.282,-0.063
M9506474,0.078,5,40.0,40.0,20.0,0.675,0.111,0.017,0.028
M9541602,0.399,5,60.0,40.0,0.0,0.733,0.227,0.377,0.0
M9573980,0.23,5,60.0,40.0,0.0,0.419,0.149,0.104,0.0
M9580138,0.408,5,80.0,20.0,0.0,0.59,0.093,0.35,0.093
M9614460,0.223,5,60.0,0.0,40.0,0.697,0.207,0.165,0.093
M9616700,0.123,5,40.0,60.0,0.0,0.513,0.047,0.141,0.123
M9617456,0.433,5,80.0,0.0,20.0,0.674,0.113,0.271,0.194
M9619798,-0.325,5,0.0,40.0,60.0,0.622,-0.1,-0.1,0.0
M9620288,0.729,5,100.0,0.0,0.0,0.757,0.305,0.527,0.078
M9620292,-0.081,5,40.0,20.0,40.0,0.666,0.197,-0.141,0.093
M9639470,0.246,5,60.0,20.0,20.0,0.639,0.287,0.1,0.187
M9664078,-0.259,5,0.0,60.0,40.0,0.58,0.017,-0.081,0.0
M9683478,0.045,5,20.0,80.0,0.0,0.484,0.008,0.108,0.0
M9684220,0.009,5,20.0,40.0,40.0,0.483,0.013,0.065,0.0
M9686154,-0.042,5,20.0,60.0,20.0,0.545,0.027,-0.019,0.101
M9686708,0.081,5,20.0,80.0,0.0,0.551,0.004,0.115,0.0
M9701940,-0.266,5,0.0,60.0,40.0,0.518,0.004,-0.143,0.0
M9701942,-0.156,5,0.0,80.0,20.0,0.47,-0.083,-0.083,0.0
M9731534,0.085,5,40.0,40.0,20.0,0.494,0.008,0.224,0.0
M9742794,-0.19,5,0.0,60.0,40.0,0.394,0.03,-0.117,0.0
M9770150,0.265,5,60.0,20.0,20.0,0.703,0.193,0.25,0.093
M9777644,0.049,5,40.0,40.0,20.0,0.496,0.153,0.153,0.0
M9777666,-0.012,5,20.0,40.0,40.0,0.473,0.015,0.165,0.0
M9779516,0.223,5,40.0,60.0,0.0,0.487,0.057,0.177,0.0
M9784456,-0.107,5,0.0,80.0,20.0,0.557,0.013,0.013,0.0
M9784798,0.185,5,40.0,60.0,0.0,0.558,0.008,0.208,0.101
M9806192,0.501,5,80.0,20.0,0.0,0.615,0.143,0.387,0.167
M9812474,0.19,5,40.0,40.0,20.0,0.549,0.117,0.217,0.0
M9815714,-0.193,5,20.0,40.0,40.0,0.384,-0.027,-0.061,0.0
M9844522,-0.17,5,0.0,80.0,20.0,0.438,0.015,-0.059,0.0
M9845564,0.034,5,20.0,60.0,20.0,0.505,0.015,0.091,0.0
M9860728,-0.418,5,0.0,40.0,60.0,0.518,-0.073,-0.269,0.0
M9877170,0.015,5,20.0,60.0,20.0,0.479,0.127,0.034,0.093
M9893250,0.098,5,60.0,0.0,40.0,0.557,-0.053,0.078,0.0
M9894470,0.025,5,20.0,80.0,0.0,0.305,0.034,0.034,0.0
M9898858,-0.42,5,0.0,40.0,60.0,0.533,0.019,-0.128,0.0
