content_id,date,daily_views,avg_rating
M0369610,2015-06-01,212700,3.722849083215797
M0369610,2015-07-01,59100,3.6522842639593907
M0369610,2015-08-01,16800,3.4732142857142856
M0369610,2015-09-01,7800,3.3846153846153846
M0369610,2015-10-01,9900,3.6363636363636362
M0369610,2015-11-01,10200,3.6029411764705883
M0369610,2015-12-01,6900,3.347826086956522
M0369610,2016-01-01,5400,3.0833333333333335
M0369610,2016-02-01,4500,3.6
M0369610,2016-03-01,2100,3.4285714285714284
M0369610,2016-04-01,3300,3.6363636363636362
M0369610,2016-05-01,3600,2.9166666666666665
M0369610,2016-06-01,1500,3.1
M0369610,2016-07-01,1800,3.4166666666666665
M0369610,2016-08-01,1500,3.8
M0369610,2016-09-01,900,3.5
M0369610,2016-10-01,1200,2.625
M0369610,2016-11-01,600,2.75
M0369610,2016-12-01,600,3.75
M0369610,2017-02-01,300,3.0
M0369610,2017-03-01,300,3.0
M0369610,2017-04-01,600,4.0
M0369610,2017-06-01,1200,2.875
M0369610,2017-07-01,600,4.5
M0369610,2017-08-01,900,3.3333333333333335
M0369610,2017-10-01,300,3.0
M0369610,2017-12-01,1200,3.25
M0369610,2018-01-01,2400,3.625
M0369610,2018-02-01,300,4.0
M0369610,2018-03-01,1200,3.25
M0369610,2018-04-01,300,3.0
M0369610,2018-05-01,600,4.25
M0369610,2018-06-01,2100,3.5714285714285716
M0369610,2018-07-01,900,4.0
M0369610,2018-08-01,600,3.0
M0369610,2018-09-01,300,3.5
M0369610,2018-10-01,300,5.0
M0369610,2018-12-01,300,4.0
M0369610,2019-01-01,600,3.75
M0369610,2019-05-01,300,3.5
M0369610,2020-01-01,300,2.5
M0369610,2020-05-01,300,3.5
M0369610,2020-06-01,300,3.5
M0369610,2021-10-01,300,4.0
M0369610,2021-11-01,300,4.0
M0451279,2017-05-01,4200,3.9285714285714284
M0451279,2017-06-01,121800,3.9864532019704435
M0451279,2017-07-01,63000,3.6547619047619047
M0451279,2017-08-01,18300,3.7049180327868854
M0451279,2017-09-01,63000,3.6
M0451279,2017-10-01,12900,3.313953488372093
M0451279,2017-11-01,11100,3.554054054054054
M0451279,2017-12-01,5100,3.6176470588235294
M0451279,2018-01-01,4800,3.5
M0451279,2018-02-01,3300,3.8636363636363638
M0451279,2018-03-01,7500,3.42
M0451279,2018-04-01,2700,3.8333333333333335
M0451279,2018-05-01,2400,3.5625
M0451279,2018-06-01,900,2.1666666666666665
M0451279,2018-07-01,1800,3.5
M0451279,2018-08-01,1800,4.416666666666667
M0451279,2018-09-01,1200,4.125
M0451279,2018-10-01,300,2.5
M0451279,2018-11-01,900,3.8333333333333335
M0451279,2018-12-01,1500,4.0
M0451279,2019-01-01,600,3.75
M0451279,2019-02-01,600,4.0
M0451279,2019-03-01,1800,4.5
M0451279,2019-04-01,1200,3.875
M0451279,2019-05-01,300,3.5
M0451279,2019-07-01,300,4.5
M0451279,2019-08-01,300,4.0
M0451279,2019-09-01,600,4.5
M0451279,2019-10-01,600,4.25
M0451279,2019-11-01,300,5.0
M0451279,2020-01-01,3000,3.9
M0451279,2020-02-01,900,3.5
M0451279,2020-03-01,1200,4.375
M0451279,2020-04-01,600,2.25
M0451279,2020-05-01,600,4.0
M0451279,2020-06-01,900,4.166666666666667
M0451279,2020-07-01,900,3.8333333333333335
M0451279,2020-08-01,600,3.5
M0451279,2021-01-01,300,3.5
M0451279,2021-02-01,900,3.3333333333333335
M0451279,2021-03-01,600,3.25
M0451279,2021-04-01,300,4.0
M0451279,2021-05-01,300,1.0
M0451279,2021-06-01,300,3.5
M0451279,2021-07-01,300,3.0
M0451279,2021-10-01,300,2.0
M0451279,2021-11-01,600,3.25
M0478970,2015-07-01,130800,3.9174311926605503
M0478970,2015-08-01,56700,3.7433862433862433
M0478970,2015-09-01,4800,3.59375
M0478970,2015-10-01,2100,3.357142857142857
M0478970,2015-11-01,43200,3.6284722222222223
M0478970,2015-12-01,30900,3.8106796116504853
M0478970,2016-01-01,21000,3.7928571428571427
M0478970,2016-02-01,7500,3.68
M0478970,2016-03-01,4800,3.59375
M0478970,2016-04-01,4200,3.7857142857142856
M0478970,2016-05-01,6600,3.6818181818181817
M0478970,2016-06-01,2700,3.888888888888889
M0478970,2016-07-01,3600,3.9166666666666665
M0478970,2016-08-01,2400,3.25
M0478970,2016-09-01,2100,3.2857142857142856
M0478970,2016-10-01,900,3.1666666666666665
M0478970,2016-11-01,1800,3.8333333333333335
M0478970,2016-12-01,900,3.5
M0478970,2017-01-01,1800,3.6666666666666665
M0478970,2017-02-01,1200,3.875
M0478970,2017-03-01,1800,3.8333333333333335
M0478970,2017-04-01,900,4.0
M0478970,2017-05-01,1200,3.125
M0478970,2017-06-01,2100,3.7857142857142856
M0478970,2017-07-01,300,4.0
M0478970,2017-08-01,900,4.166666666666667
M0478970,2017-09-01,1800,3.3333333333333335
M0478970,2017-10-01,300,4.0
M0478970,2017-11-01,300,5.0
M0478970,2017-12-01,1200,3.25
M0478970,2018-01-01,900,4.0
M0478970,2018-02-01,1200,3.625
M0478970,2018-03-01,1200,4.0
M0478970,2018-04-01,2100,3.5714285714285716
M0478970,2018-05-01,2100,3.0714285714285716
M0478970,2018-06-01,1500,4.0
M0478970,2018-07-01,2700,3.888888888888889
M0478970,2018-08-01,3300,3.590909090909091
M0478970,2018-09-01,1800,3.1666666666666665
M0478970,2018-10-01,1200,4.125
M0478970,2018-11-01,900,4.0
M0478970,2018-12-01,1500,3.3
M0478970,2019-01-01,1200,3.75
M0478970,2019-02-01,900,3.6666666666666665
M0478970,2019-03-01,2400,3.3125
M0478970,2019-04-01,1500,3.4
M0478970,2019-05-01,3900,3.5
M0478970,2019-06-01,2100,3.5714285714285716
M0478970,2019-07-01,1200,4.0
M0478970,2019-08-01,2400,3.75
M0478970,2019-09-01,300,4.5
M0478970,2019-10-01,300,5.0
M0478970,2019-11-01,600,3.5
M0478970,2019-12-01,300,5.0
M0478970,2020-01-01,600,4.0
M0478970,2020-02-01,900,3.8333333333333335
M0478970,2020-03-01,300,4.5
M0478970,2020-04-01,1200,4.0
M0478970,2020-05-01,1200,3.375
M0478970,2020-06-01,900,3.1666666666666665
M0478970,2020-07-01,2100,3.5714285714285716
M0478970,2020-08-01,300,3.5
M0478970,2020-09-01,300,4.0
M0478970,2021-01-01,1800,4.0
M0478970,2021-02-01,600,3.5
M0478970,2021-03-01,600,3.5
M0478970,2021-04-01,600,4.0
M0478970,2021-05-01,600,3.5
M0478970,2021-06-01,300,3.0
M0478970,2021-07-01,900,3.3333333333333335
M0478970,2021-08-01,300,5.0
M0770828,2013-06-01,319200,3.924812030075188
M0770828,2013-07-01,66300,3.7194570135746607
M0770828,2013-08-01,14700,3.816326530612245
M0770828,2013-09-01,11100,3.7837837837837838
M0770828,2013-10-01,58200,3.5489690721649483
M0770828,2013-11-01,31800,3.6179245283018866
M0770828,2013-12-01,27600,3.625
M0770828,2014-01-01,12600,3.6785714285714284
M0770828,2014-02-01,6600,3.4545454545454546
M0770828,2014-03-01,5400,3.638888888888889
M0770828,2014-04-01,9900,3.5454545454545454
M0770828,2014-05-01,4800,3.125
M0770828,2014-06-01,4800,3.59375
M0770828,2014-07-01,2700,3.5
M0770828,2014-08-01,3000,3.3
M0770828,2014-09-01,3000,3.45
M0770828,2014-10-01,1500,3.7
M0770828,2014-11-01,300,3.0
M0770828,2014-12-01,900,4.0
M0770828,2015-01-01,2100,3.5
M0770828,2015-02-01,900,3.3333333333333335
M0770828,2015-03-01,1200,3.625
M0770828,2015-04-01,1500,3.4
M0770828,2015-05-01,900,3.5
M0770828,2015-07-01,3000,3.6
M0770828,2015-08-01,1500,3.8
M0770828,2015-09-01,600,3.5
M0770828,2015-10-01,300,4.5
M0770828,2015-11-01,300,3.5
M0770828,2015-12-01,900,2.1666666666666665
M0770828,2016-01-01,2400,3.25
M0770828,2016-02-01,1200,3.5
M0770828,2016-03-01,4200,3.642857142857143
M0770828,2016-04-01,1200,2.875
M0770828,2016-05-01,300,4.0
M0770828,2016-06-01,300,3.0
M0770828,2016-07-01,600,4.25
M0770828,2016-08-01,1800,3.4166666666666665
M0770828,2016-09-01,900,3.6666666666666665
M0770828,2016-10-01,900,4.333333333333333
M0770828,2016-11-01,300,4.0
M0770828,2016-12-01,1500,3.9
M0770828,2017-01-01,300,3.5
M0770828,2017-03-01,900,4.0
M0770828,2017-04-01,600,3.75
M0770828,2017-05-01,300,5.0
M0770828,2017-06-01,900,4.0
M0770828,2017-07-01,600,3.5
M0770828,2017-08-01,600,3.0
M0770828,2017-09-01,900,3.6666666666666665
M0770828,2017-10-01,300,4.0
M0770828,2017-11-01,900,3.3333333333333335
M0770828,2017-12-01,2100,3.857142857142857
M0770828,2018-01-01,600,3.25
M0770828,2018-02-01,300,5.0
M0770828,2018-03-01,1200,3.625
M0770828,2018-04-01,600,4.0
M0770828,2018-05-01,600,3.75
M0770828,2018-06-01,900,3.8333333333333335
M0770828,2018-07-01,1500,3.6
M0770828,2018-09-01,600,2.5
M0770828,2018-10-01,300,4.5
M0770828,2018-11-01,300,5.0
M0770828,2018-12-01,1200,3.625
M0770828,2019-01-01,1800,4.166666666666667
M0770828,2019-03-01,900,4.166666666666667
M0770828,2019-04-01,1200,3.875
M0770828,2019-05-01,300,4.0
M0770828,2019-06-01,300,3.5
M0770828,2019-07-01,1500,4.0
M0770828,2019-08-01,1800,4.333333333333333
M0770828,2019-09-01,300,3.5
M0770828,2019-10-01,600,3.75
M0770828,2019-12-01,300,3.5
M0770828,2020-01-01,300,4.0
M0770828,2020-02-01,600,3.5
M0770828,2020-04-01,1200,4.0
M0770828,2020-05-01,600,4.75
M0770828,2020-06-01,600,2.75
M0770828,2020-07-01,300,4.0
M0770828,2020-09-01,300,5.0
M0770828,2021-02-01,1200,3.875
M0770828,2021-03-01,1200,4.375
M0770828,2021-04-01,900,3.5
M0770828,2021-06-01,300,5.0
M0770828,2021-08-01,300,2.5
M0770828,2021-10-01,300,1.0
M0770828,2021-11-01,300,3.5
M0790636,2013-09-01,600,4.5
M0790636,2013-10-01,300,5.0
M0790636,2013-11-01,6300,4.214285714285714
M0790636,2013-12-01,4800,4.15625
M0790636,2014-01-01,75600,4.0396825396825395
M0790636,2014-02-01,107100,3.9873949579831933
M0790636,2014-03-01,91800,3.996732026143791
M0790636,2014-04-01,24300,4.030864197530864
M0790636,2014-05-01,12300,3.926829268292683
M0790636,2014-06-01,12600,4.0476190476190474
M0790636,2014-07-01,9300,3.9838709677419355
M0790636,2014-08-01,6300,3.738095238095238
M0790636,2014-09-01,5100,3.8823529411764706
M0790636,2014-10-01,3000,4.2
M0790636,2014-11-01,3000,3.85
M0790636,2014-12-01,5100,4.147058823529412
M0790636,2015-01-01,6000,3.7
M0790636,2015-02-01,4800,4.03125
M0790636,2015-03-01,2700,4.166666666666667
M0790636,2015-04-01,4800,3.8125
M0790636,2015-05-01,2700,3.6666666666666665
M0790636,2015-06-01,1500,4.2
M0790636,2015-07-01,2100,4.285714285714286
M0790636,2015-08-01,1200,4.5
M0790636,2015-09-01,900,4.666666666666667
M0790636,2015-10-01,1200,4.5
M0790636,2015-11-01,1500,4.2
M0790636,2015-12-01,1200,4.25
M0790636,2016-01-01,2400,4.0
M0790636,2016-02-01,2100,4.214285714285714
M0790636,2016-03-01,2700,3.8333333333333335
M0790636,2016-04-01,3300,3.9545454545454546
M0790636,2016-05-01,1500,4.3
M0790636,2016-06-01,1200,4.25
M0790636,2016-07-01,1500,4.1
M0790636,2016-08-01,1800,4.25
M0790636,2016-09-01,2400,4.0
M0790636,2016-10-01,300,5.0
M0790636,2016-11-01,1500,4.4
M0790636,2016-12-01,1500,4.1
M0790636,2017-01-01,1800,4.416666666666667
M0790636,2017-02-01,600,3.5
M0790636,2017-03-01,900,4.0
M0790636,2017-04-01,300,4.5
M0790636,2017-05-01,900,4.0
M0790636,2017-06-01,900,3.8333333333333335
M0790636,2017-07-01,900,3.6666666666666665
M0790636,2017-08-01,1800,3.4166666666666665
M0790636,2017-09-01,1500,4.2
M0790636,2017-10-01,1200,3.875
M0790636,2017-12-01,1200,3.75
M0790636,2018-01-01,900,4.166666666666667
M0790636,2018-02-01,1800,3.75
M0790636,2018-03-01,1800,4.25
M0790636,2018-04-01,300,4.0
M0790636,2018-05-01,600,4.5
M0790636,2018-06-01,1200,4.125
M0790636,2018-07-01,1500,4.4
M0790636,2018-08-01,1200,3.625
M0790636,2018-09-01,900,4.0
M0790636,2018-10-01,300,3.5
M0790636,2018-12-01,300,4.0
M0790636,2019-01-01,1500,3.2
M0790636,2019-02-01,600,4.75
M0790636,2019-03-01,300,4.0
M0790636,2019-04-01,900,4.166666666666667
M0790636,2019-05-01,600,4.25
M0790636,2019-06-01,1500,3.8
M0790636,2019-07-01,1800,4.0
M0790636,2019-08-01,1800,4.083333333333333
M0790636,2019-09-01,900,4.333333333333333
M0790636,2019-10-01,900,4.666666666666667
M0790636,2019-11-01,600,4.0
M0790636,2019-12-01,300,4.5
M0790636,2020-02-01,1200,3.875
M0790636,2020-03-01,1500,4.3
M0790636,2020-04-01,2400,4.125
M0790636,2020-05-01,2100,3.9285714285714284
M0790636,2020-06-01,900,4.166666666666667
M0790636,2020-07-01,600,4.75
M0790636,2020-08-01,300,4.5
M0790636,2020-09-01,300,4.5
M0790636,2021-01-01,600,4.25
M0790636,2021-02-01,300,3.5
M0790636,2021-03-01,300,3.5
M0790636,2021-04-01,300,4.0
M0790636,2021-05-01,300,4.0
M0790636,2021-06-01,300,3.5
M0790636,2021-07-01,600,4.0
M0790636,2021-10-01,300,3.5
M0816692,2014-10-01,1200,4.75
M0816692,2014-11-01,261900,4.427262313860252
M0816692,2014-12-01,14100,4.23404255319149
M0816692,2015-01-01,31200,4.346153846153846
M0816692,2015-02-01,12900,4.186046511627907
M0816692,2015-03-01,90600,4.51158940397351
M0816692,2015-04-01,48900,4.352760736196319
M0816692,2015-05-01,18300,4.377049180327869
M0816692,2015-06-01,12600,4.416666666666667
M0816692,2015-07-01,6900,4.413043478260869
M0816692,2015-08-01,9600,4.359375
M0816692,2015-09-01,3900,4.038461538461538
M0816692,2015-10-01,5100,4.264705882352941
M0816692,2015-11-01,1200,4.5
M0816692,2015-12-01,5400,3.9722222222222223
M0816692,2016-01-01,9900,4.287878787878788
M0816692,2016-02-01,3000,4.4
M0816692,2016-03-01,3300,4.409090909090909
M0816692,2016-04-01,3000,4.15
M0816692,2016-05-01,2100,4.285714285714286
M0816692,2016-06-01,2700,4.611111111111111
M0816692,2016-07-01,3900,4.8076923076923075
M0816692,2016-08-01,3600,4.208333333333333
M0816692,2016-09-01,3600,4.666666666666667
M0816692,2016-10-01,1500,4.1
M0816692,2016-11-01,2100,4.428571428571429
M0816692,2016-12-01,2400,4.8125
M0816692,2017-01-01,4500,4.233333333333333
M0816692,2017-02-01,2700,4.222222222222222
M0816692,2017-03-01,3900,4.6923076923076925
M0816692,2017-04-01,900,4.833333333333333
M0816692,2017-05-01,2100,4.857142857142857
M0816692,2017-06-01,2100,4.642857142857143
M0816692,2017-07-01,1500,4.5
M0816692,2017-08-01,5100,4.676470588235294
M0816692,2017-09-01,2400,4.6875
M0816692,2017-10-01,1500,4.3
M0816692,2017-11-01,2400,4.625
M0816692,2017-12-01,3300,4.681818181818182
M0816692,2018-01-01,1500,4.3
M0816692,2018-02-01,3900,4.8076923076923075
M0816692,2018-03-01,3600,4.291666666666667
M0816692,2018-04-01,3000,4.3
M0816692,2018-05-01,1500,4.6
M0816692,2018-06-01,1500,5.0
M0816692,2018-07-01,4500,4.7
M0816692,2018-08-01,1800,5.0
M0816692,2018-09-01,1200,4.625
M0816692,2018-10-01,1800,4.833333333333333
M0816692,2018-11-01,1500,4.9
M0816692,2018-12-01,2700,4.722222222222222
M0816692,2019-01-01,3000,4.25
M0816692,2019-02-01,3000,4.8
M0816692,2019-03-01,2100,4.642857142857143
M0816692,2019-04-01,2700,4.833333333333333
M0816692,2019-05-01,1200,4.75
M0816692,2019-06-01,2700,4.777777777777778
M0816692,2019-07-01,2100,4.857142857142857
M0816692,2019-08-01,3600,4.541666666666667
M0816692,2019-09-01,2100,4.428571428571429
M0816692,2019-10-01,1800,4.833333333333333
M0816692,2019-11-01,4800,4.78125
M0816692,2019-12-01,2700,4.722222222222222
M0816692,2020-01-01,6300,4.404761904761905
M0816692,2020-02-01,5100,4.588235294117647
M0816692,2020-03-01,4200,4.678571428571429
M0816692,2020-04-01,3900,4.884615384615385
M0816692,2020-05-01,3600,4.583333333333333
M0816692,2020-06-01,2100,4.642857142857143
M0816692,2020-07-01,1500,4.9
M0816692,2020-08-01,1200,4.25
M0816692,2020-09-01,900,4.5
M0816692,2021-01-01,1800,4.666666666666667
M0816692,2021-02-01,300,4.0
M0816692,2021-03-01,600,3.75
M0816692,2021-04-01,300,5.0
M0816692,2021-05-01,1500,4.9
M0816692,2021-06-01,1200,4.375
M0816692,2021-07-01,600,5.0
M0816692,2021-08-01,300,5.0
M0816692,2021-11-01,900,4.666666666666667
M0816711,2013-06-01,143100,3.6792452830188678
M0816711,2013-07-01,103800,3.663294797687861
M0816711,2013-08-01,18000,3.525
M0816711,2013-09-01,153000,3.6245098039215686
M0816711,2013-10-01,38400,3.59765625
M0816711,2013-11-01,27600,3.4184782608695654
M0816711,2013-12-01,18600,3.3870967741935485
M0816711,2014-01-01,16500,3.6272727272727274
M0816711,2014-02-01,7500,3.74
M0816711,2014-03-01,12000,3.75
M0816711,2014-04-01,6900,3.5217391304347827
M0816711,2014-05-01,6300,3.357142857142857
M0816711,2014-06-01,8400,3.2857142857142856
M0816711,2014-07-01,5100,3.764705882352941
M0816711,2014-08-01,3600,3.625
M0816711,2014-09-01,3600,3.625
M0816711,2014-10-01,2100,3.7142857142857144
M0816711,2014-11-01,1200,3.5
M0816711,2014-12-01,300,3.5
M0816711,2015-01-01,2100,4.285714285714286
M0816711,2015-02-01,900,3.8333333333333335
M0816711,2015-03-01,600,2.25
M0816711,2015-04-01,2400,3.375
M0816711,2015-05-01,3000,3.6
M0816711,2015-06-01,1500,4.1
M0816711,2015-07-01,900,3.0
M0816711,2015-08-01,900,4.166666666666667
M0816711,2015-09-01,600,3.5
M0816711,2015-10-01,900,3.8333333333333335
M0816711,2015-11-01,900,3.6666666666666665
M0816711,2015-12-01,600,4.0
M0816711,2016-01-01,2400,3.8125
M0816711,2016-02-01,600,4.0
M0816711,2016-03-01,900,4.0
M0816711,2016-04-01,900,3.6666666666666665
M0816711,2016-05-01,300,3.0
M0816711,2016-06-01,1200,3.625
M0816711,2016-08-01,1500,3.8
M0816711,2016-09-01,2100,3.642857142857143
M0816711,2016-10-01,600,3.75
M0816711,2016-11-01,300,4.0
M0816711,2016-12-01,300,4.0
M0816711,2017-01-01,900,3.1666666666666665
M0816711,2017-02-01,300,4.0
M0816711,2017-04-01,300,3.5
M0816711,2017-05-01,300,4.5
M0816711,2017-06-01,1500,4.0
M0816711,2017-07-01,600,3.0
M0816711,2017-08-01,300,3.5
M0816711,2017-10-01,300,4.0
M0816711,2017-11-01,600,3.25
M0816711,2018-01-01,600,4.0
M0816711,2018-02-01,300,4.5
M0816711,2018-04-01,300,3.5
M0816711,2018-06-01,600,3.5
M0816711,2018-09-01,300,3.5
M0816711,2018-11-01,300,2.5
M0816711,2018-12-01,300,4.0
M0816711,2019-02-01,600,3.5
M0816711,2019-03-01,300,3.0
M0816711,2019-04-01,300,3.0
M0816711,2019-05-01,900,4.0
M0816711,2019-06-01,300,4.0
M0816711,2019-07-01,600,4.0
M0816711,2019-09-01,300,4.5
M0816711,2020-01-01,1200,2.5
M0816711,2020-02-01,900,3.6666666666666665
M0816711,2020-03-01,900,3.1666666666666665
M0816711,2020-04-01,300,3.5
M0816711,2020-05-01,600,3.5
M0816711,2020-06-01,600,4.5
M0816711,2020-07-01,300,3.5
M0816711,2020-08-01,300,4.0
M0816711,2020-09-01,900,4.166666666666667
M0816711,2021-02-01,600,3.5
M0816711,2021-03-01,300,3.5
M0816711,2021-07-01,300,4.5
M0816711,2021-08-01,300,4.0
M0831387,2014-05-01,234600,3.559462915601023
M0831387,2014-06-01,31200,3.269230769230769
M0831387,2014-07-01,6600,3.0454545454545454
M0831387,2014-08-01,36900,3.0284552845528454
M0831387,2014-09-01,24300,2.611111111111111
M0831387,2014-10-01,14400,2.9479166666666665
M0831387,2014-11-01,5400,2.75
M0831387,2014-12-01,3000,3.0
M0831387,2015-01-01,4200,2.892857142857143
M0831387,2015-02-01,2100,2.5714285714285716
M0831387,2015-03-01,5400,2.638888888888889
M0831387,2015-04-01,3300,2.727272727272727
M0831387,2015-05-01,1800,3.0833333333333335
M0831387,2015-06-01,2400,3.375
M0831387,2015-07-01,3300,3.4545454545454546
M0831387,2015-08-01,1800,2.9166666666666665
M0831387,2015-09-01,600,2.25
M0831387,2015-10-01,600,3.5
M0831387,2015-11-01,300,3.5
M0831387,2016-01-01,300,3.5
M0831387,2016-03-01,600,2.25
M0831387,2016-04-01,600,1.25
M0831387,2016-05-01,600,3.0
M0831387,2016-07-01,900,2.8333333333333335
M0831387,2016-08-01,300,2.5
M0831387,2016-09-01,300,4.0
M0831387,2016-11-01,300,3.5
M0831387,2017-01-01,300,5.0
M0831387,2017-03-01,600,3.25
M0831387,2017-04-01,600,3.5
M0831387,2017-06-01,600,2.25
M0831387,2017-07-01,600,3.5
M0831387,2017-08-01,300,2.5
M0831387,2017-09-01,300,1.0
M0831387,2017-11-01,600,3.5
M0831387,2017-12-01,300,3.0
M0831387,2019-02-01,300,2.5
M0831387,2019-03-01,300,2.5
M0831387,2019-06-01,1800,3.1666666666666665
M0831387,2019-08-01,300,4.0
M0831387,2019-11-01,300,3.5
M0831387,2020-06-01,900,3.1666666666666665
M0831387,2021-01-01,300,5.0
M0831387,2021-02-01,300,2.5
M0831387,2021-03-01,1200,3.25
M0831387,2021-04-01,1800,3.1666666666666665
M0831387,2021-05-01,600,1.75
M0831387,2021-06-01,300,1.5
M0993846,2013-12-01,24300,4.283950617283951
M0993846,2014-01-01,283500,4.262962962962963
M0993846,2014-02-01,123600,4.080097087378641
M0993846,2014-03-01,75300,4.089641434262949
M0993846,2014-04-01,34200,4.074561403508772
M0993846,2014-05-01,25800,4.017441860465116
M0993846,2014-06-01,16500,3.963636363636364
M0993846,2014-07-01,7200,4.354166666666667
M0993846,2014-08-01,8700,3.9482758620689653
M0993846,2014-09-01,5700,3.8947368421052633
M0993846,2014-10-01,5100,3.9411764705882355
M0993846,2014-11-01,3000,3.8
M0993846,2014-12-01,4800,3.90625
M0993846,2015-01-01,9300,4.258064516129032
M0993846,2015-02-01,4200,4.035714285714286
M0993846,2015-03-01,4500,3.7333333333333334
M0993846,2015-04-01,4500,3.966666666666667
M0993846,2015-05-01,3300,4.136363636363637
M0993846,2015-06-01,4200,4.285714285714286
M0993846,2015-07-01,1500,4.2
M0993846,2015-08-01,3900,4.038461538461538
M0993846,2015-09-01,300,4.5
M0993846,2015-10-01,1500,4.3
M0993846,2015-11-01,2700,3.9444444444444446
M0993846,2015-12-01,600,3.5
M0993846,2016-01-01,4200,4.392857142857143
M0993846,2016-02-01,900,4.0
M0993846,2016-03-01,3000,4.1
M0993846,2016-04-01,2100,4.357142857142857
M0993846,2016-05-01,1500,4.0
M0993846,2016-06-01,1200,3.75
M0993846,2016-07-01,900,4.5
M0993846,2016-08-01,1200,4.375
M0993846,2016-09-01,900,3.8333333333333335
M0993846,2016-10-01,900,4.333333333333333
M0993846,2016-11-01,1500,4.5
M0993846,2016-12-01,600,4.75
M0993846,2017-01-01,2100,3.7857142857142856
M0993846,2017-02-01,1200,4.375
M0993846,2017-04-01,600,3.75
M0993846,2017-05-01,300,3.5
M0993846,2017-06-01,600,4.0
M0993846,2017-07-01,900,5.0
M0993846,2017-08-01,600,4.25
M0993846,2017-09-01,900,4.333333333333333
M0993846,2017-11-01,600,4.25
M0993846,2017-12-01,300,4.5
M0993846,2018-01-01,1200,4.375
M0993846,2018-02-01,1200,3.75
M0993846,2018-03-01,1200,4.875
M0993846,2018-04-01,600,3.25
M0993846,2018-05-01,300,5.0
M0993846,2018-06-01,1200,4.125
M0993846,2018-07-01,900,4.333333333333333
M0993846,2018-08-01,1500,4.5
M0993846,2018-09-01,300,4.0
M0993846,2018-10-01,900,3.5
M0993846,2018-11-01,1200,4.625
M0993846,2018-12-01,900,4.333333333333333
M0993846,2019-01-01,900,4.333333333333333
M0993846,2019-02-01,1200,4.5
M0993846,2019-03-01,600,3.75
M0993846,2019-04-01,600,3.25
M0993846,2019-05-01,1200,4.125
M0993846,2019-06-01,300,4.0
M0993846,2019-07-01,900,4.5
M0993846,2019-08-01,2100,3.9285714285714284
M0993846,2019-09-01,1800,4.333333333333333
M0993846,2019-10-01,1200,5.0
M0993846,2019-11-01,1200,2.875
M0993846,2019-12-01,2400,4.375
M0993846,2020-01-01,3300,4.318181818181818
M0993846,2020-02-01,2700,4.5
M0993846,2020-03-01,1800,4.416666666666667
M0993846,2020-04-01,2100,4.214285714285714
M0993846,2020-05-01,1800,4.0
M0993846,2020-06-01,1500,4.4
M0993846,2020-07-01,1800,4.416666666666667
M0993846,2020-08-01,2100,4.571428571428571
M0993846,2020-09-01,900,4.333333333333333
M0993846,2021-01-01,600,3.25
M0993846,2021-02-01,600,4.5
M0993846,2021-03-01,600,4.0
M0993846,2021-04-01,600,4.5
M0993846,2021-05-01,300,4.0
M0993846,2021-06-01,600,4.75
M0993846,2021-07-01,300,4.5
M0993846,2021-10-01,300,4.0
M0993846,2021-11-01,300,4.5
M1045658,2013-02-01,900,3.8333333333333335
M1045658,2013-03-01,56400,4.039893617021277
M1045658,2013-04-01,46500,3.9612903225806453
M1045658,2013-05-01,40800,4.073529411764706
M1045658,2013-06-01,23100,4.084415584415584
M1045658,2013-07-01,14100,4.0638297872340425
M1045658,2013-08-01,11700,3.858974358974359
M1045658,2013-09-01,17400,4.206896551724138
M1045658,2013-10-01,10200,3.8676470588235294
M1045658,2013-11-01,7800,4.230769230769231
M1045658,2013-12-01,11100,3.9594594594594597
M1045658,2014-01-01,10200,4.102941176470588
M1045658,2014-02-01,10200,4.073529411764706
M1045658,2014-03-01,6900,4.0
M1045658,2014-04-01,6000,4.125
M1045658,2014-05-01,3000,4.0
M1045658,2014-06-01,4800,3.96875
M1045658,2014-07-01,3000,4.05
M1045658,2014-08-01,2100,3.9285714285714284
M1045658,2014-09-01,6300,3.8095238095238093
M1045658,2014-10-01,1800,4.083333333333333
M1045658,2014-11-01,1200,3.875
M1045658,2014-12-01,1500,4.4
M1045658,2015-01-01,3600,4.0
M1045658,2015-02-01,2400,4.0625
M1045658,2015-03-01,1200,3.5
M1045658,2015-04-01,1200,3.75
M1045658,2015-05-01,2400,4.0
M1045658,2015-06-01,1200,3.0
M1045658,2015-07-01,1800,3.9166666666666665
M1045658,2015-08-01,1500,3.9
M1045658,2015-09-01,600,4.5
M1045658,2015-10-01,1200,3.5
M1045658,2015-11-01,2400,3.75
M1045658,2015-12-01,1200,4.5
M1045658,2016-01-01,1800,4.333333333333333
M1045658,2016-02-01,1500,3.8
M1045658,2016-03-01,300,4.0
M1045658,2016-04-01,900,4.166666666666667
M1045658,2016-05-01,1200,4.25
M1045658,2016-06-01,900,4.166666666666667
M1045658,2016-07-01,1200,4.375
M1045658,2016-08-01,2400,3.9375
M1045658,2016-09-01,1500,3.9
M1045658,2016-10-01,1800,4.25
M1045658,2016-11-01,1500,4.2
M1045658,2016-12-01,600,3.25
M1045658,2017-01-01,1200,4.5
M1045658,2017-02-01,1800,4.166666666666667
M1045658,2017-03-01,900,4.0
M1045658,2017-04-01,1200,4.25
M1045658,2017-05-01,600,4.5
M1045658,2017-06-01,600,4.5
M1045658,2017-07-01,300,4.5
M1045658,2017-08-01,900,4.166666666666667
M1045658,2017-09-01,2400,3.9375
M1045658,2017-10-01,300,2.5
M1045658,2017-11-01,600,4.0
M1045658,2017-12-01,300,2.5
M1045658,2018-01-01,1200,4.125
M1045658,2018-02-01,900,4.333333333333333
M1045658,2018-03-01,900,4.333333333333333
M1045658,2018-04-01,600,4.25
M1045658,2018-05-01,300,4.5
M1045658,2018-06-01,900,4.166666666666667
M1045658,2018-07-01,900,3.8333333333333335
M1045658,2018-08-01,900,4.0
M1045658,2018-09-01,1800,3.5833333333333335
M1045658,2018-10-01,2400,4.3125
M1045658,2018-11-01,900,4.166666666666667
M1045658,2018-12-01,1800,3.8333333333333335
M1045658,2019-01-01,1500,4.1
M1045658,2019-02-01,1200,3.375
M1045658,2019-03-01,2400,4.25
M1045658,2019-04-01,600,3.0
M1045658,2019-05-01,900,4.166666666666667
M1045658,2019-06-01,1500,4.2
M1045658,2019-07-01,1800,4.0
M1045658,2019-08-01,300,2.5
M1045658,2019-09-01,1200,3.875
M1045658,2019-10-01,600,2.75
M1045658,2019-12-01,600,4.25
M1045658,2020-01-01,2400,4.25
M1045658,2020-03-01,1800,4.0
M1045658,2020-04-01,1200,4.625
M1045658,2020-05-01,1200,4.5
M1045658,2020-06-01,1500,4.7
M1045658,2020-07-01,900,4.166666666666667
M1045658,2020-08-01,1200,3.625
M1045658,2020-09-01,300,3.0
M1045658,2021-01-01,300,4.0
M1045658,2021-02-01,1800,4.5
M1045658,2021-06-01,300,4.0
M1045658,2021-07-01,300,5.0
M1045658,2021-08-01,600,3.75
M1170358,2013-12-01,242700,4.095797280593325
M1170358,2014-01-01,69300,4.0021645021645025
M1170358,2014-02-01,9000,3.966666666666667
M1170358,2014-03-01,21600,4.013888888888889
M1170358,2014-04-01,21300,3.8098591549295775
M1170358,2014-05-01,12600,4.059523809523809
M1170358,2014-06-01,5400,4.027777777777778
M1170358,2014-07-01,4500,3.7333333333333334
M1170358,2014-08-01,5400,4.027777777777778
M1170358,2014-09-01,3600,3.4583333333333335
M1170358,2014-10-01,4200,4.035714285714286
M1170358,2014-11-01,3300,4.0
M1170358,2014-12-01,5400,3.7777777777777777
M1170358,2015-01-01,3300,4.2727272727272725
M1170358,2015-02-01,1200,4.25
M1170358,2015-03-01,2700,3.9444444444444446
M1170358,2015-04-01,1800,4.333333333333333
M1170358,2015-05-01,300,4.5
M1170358,2015-06-01,1200,4.375
M1170358,2015-07-01,1800,4.083333333333333
M1170358,2015-08-01,1200,4.25
M1170358,2015-09-01,300,4.5
M1170358,2015-10-01,1500,3.8
M1170358,2015-11-01,300,4.5
M1170358,2015-12-01,900,3.8333333333333335
M1170358,2016-01-01,600,4.0
M1170358,2016-02-01,300,4.0
M1170358,2016-03-01,300,4.0
M1170358,2016-05-01,300,4.5
M1170358,2016-07-01,900,3.8333333333333335
M1170358,2016-08-01,1800,4.0
M1170358,2016-10-01,300,3.5
M1170358,2016-11-01,600,3.75
M1170358,2016-12-01,600,4.5
M1170358,2017-01-01,300,4.0
M1170358,2017-02-01,600,3.25
M1170358,2017-03-01,300,4.0
M1170358,2017-05-01,300,5.0
M1170358,2017-06-01,900,3.3333333333333335
M1170358,2017-11-01,600,4.5
M1170358,2017-12-01,600,4.0
M1170358,2018-01-01,300,2.5
M1170358,2018-02-01,300,4.5
M1170358,2018-05-01,300,3.5
M1170358,2018-06-01,300,4.5
M1170358,2018-07-01,900,4.833333333333333
M1170358,2018-08-01,300,4.0
M1170358,2018-09-01,300,4.0
M1170358,2018-10-01,300,4.5
M1170358,2018-11-01,300,5.0
M1170358,2018-12-01,900,4.333333333333333
M1170358,2019-02-01,1500,4.3
M1170358,2019-03-01,900,3.6666666666666665
M1170358,2019-06-01,300,3.5
M1170358,2019-07-01,600,3.25
M1170358,2019-08-01,900,3.6666666666666665
M1170358,2019-09-01,600,5.0
M1170358,2019-12-01,300,4.5
M1170358,2020-01-01,1200,3.75
M1170358,2020-02-01,300,4.5
M1170358,2020-04-01,600,4.5
M1170358,2020-05-01,300,2.5
M1170358,2020-06-01,300,4.0
M1170358,2020-07-01,300,5.0
M1170358,2020-08-01,300,4.5
M1170358,2020-09-01,300,3.5
M1170358,2021-01-01,300,4.5
M1170358,2021-03-01,900,4.0
M1170358,2021-05-01,300,2.5
M1170358,2021-07-01,300,5.0
M1170358,2021-08-01,300,4.0
M1170358,2021-11-01,300,3.0
M1211837,2016-10-01,40200,4.0559701492537314
M1211837,2016-11-01,140100,3.9507494646680943
M1211837,2016-12-01,14700,3.683673469387755
M1211837,2017-01-01,9900,3.772727272727273
M1211837,2017-02-01,52200,3.7902298850574714
M1211837,2017-03-01,36000,3.691666666666667
M1211837,2017-04-01,9000,3.6166666666666667
M1211837,2017-05-01,4500,3.7666666666666666
M1211837,2017-06-01,5700,3.736842105263158
M1211837,2017-07-01,7200,3.8125
M1211837,2017-08-01,3000,3.65
M1211837,2017-09-01,2100,3.857142857142857
M1211837,2017-10-01,1500,3.3
M1211837,2017-11-01,2100,3.5714285714285716
M1211837,2017-12-01,2700,3.6666666666666665
M1211837,2018-01-01,2100,3.9285714285714284
M1211837,2018-02-01,1500,3.9
M1211837,2018-03-01,3900,3.769230769230769
M1211837,2018-04-01,3600,3.9166666666666665
M1211837,2018-05-01,4200,3.75
M1211837,2018-06-01,2700,4.166666666666667
M1211837,2018-07-01,1800,3.8333333333333335
M1211837,2018-08-01,4200,3.892857142857143
M1211837,2018-09-01,1500,3.6
M1211837,2018-10-01,1200,3.875
M1211837,2018-11-01,300,3.5
M1211837,2018-12-01,900,4.333333333333333
M1211837,2019-01-01,2100,3.7142857142857144
M1211837,2019-02-01,1200,2.625
M1211837,2019-03-01,3000,3.85
M1211837,2019-04-01,2400,3.625
M1211837,2019-05-01,3300,3.727272727272727
M1211837,2019-06-01,2700,3.888888888888889
M1211837,2019-07-01,1500,3.5
M1211837,2019-08-01,1200,3.5
M1211837,2019-09-01,600,4.0
M1211837,2019-10-01,300,2.5
M1211837,2019-12-01,900,4.5
M1211837,2020-01-01,1200,3.75
M1211837,2020-02-01,900,4.333333333333333
M1211837,2020-03-01,900,3.6666666666666665
M1211837,2020-04-01,900,3.8333333333333335
M1211837,2020-05-01,300,4.0
M1211837,2020-06-01,900,3.6666666666666665
M1211837,2020-07-01,2100,3.7857142857142856
M1211837,2020-09-01,300,2.5
M1211837,2021-01-01,1200,4.125
M1211837,2021-02-01,600,3.0
M1211837,2021-03-01,300,4.5
M1211837,2021-04-01,600,3.0
M1211837,2021-05-01,900,3.8333333333333335
M1211837,2021-06-01,1500,4.4
M1211837,2021-07-01,1200,3.5
M1211837,2021-08-01,1500,4.4
M1245492,2013-06-01,41400,3.9746376811594204
M1245492,2013-07-01,31500,3.8285714285714287
M1245492,2013-08-01,4500,3.3333333333333335
M1245492,2013-09-01,84600,3.3882978723404253
M1245492,2013-10-01,48000,3.23125
M1245492,2013-11-01,25200,3.3333333333333335
M1245492,2013-12-01,15900,3.1132075471698113
M1245492,2014-01-01,14100,3.25531914893617
M1245492,2014-02-01,7200,3.4375
M1245492,2014-03-01,11700,3.141025641025641
M1245492,2014-04-01,5700,3.0789473684210527
M1245492,2014-05-01,4200,2.75
M1245492,2014-06-01,3600,2.9583333333333335
M1245492,2014-07-01,4500,3.1333333333333333
M1245492,2014-08-01,3300,4.090909090909091
M1245492,2014-09-01,1800,2.8333333333333335
M1245492,2014-10-01,2700,3.388888888888889
M1245492,2014-11-01,900,3.6666666666666665
M1245492,2014-12-01,1200,3.0
M1245492,2015-01-01,1500,3.6
M1245492,2015-02-01,600,2.0
M1245492,2015-03-01,1200,2.75
M1245492,2015-04-01,1800,3.4166666666666665
M1245492,2015-05-01,300,4.0
M1245492,2015-06-01,1200,2.375
M1245492,2015-07-01,300,3.0
M1245492,2015-08-01,1500,3.5
M1245492,2015-10-01,300,2.0
M1245492,2015-11-01,300,3.5
M1245492,2015-12-01,900,3.0
M1245492,2016-01-01,300,3.0
M1245492,2016-02-01,300,4.0
M1245492,2016-03-01,600,2.0
M1245492,2016-05-01,300,3.0
M1245492,2016-07-01,300,2.5
M1245492,2016-08-01,900,4.0
M1245492,2016-09-01,300,4.0
M1245492,2016-10-01,300,3.0
M1245492,2016-12-01,300,3.5
M1245492,2017-01-01,300,1.5
M1245492,2017-02-01,600,3.75
M1245492,2017-03-01,300,3.0
M1245492,2017-04-01,300,4.0
M1245492,2017-07-01,1200,3.75
M1245492,2017-08-01,900,3.8333333333333335
M1245492,2017-09-01,600,3.75
M1245492,2017-10-01,300,3.5
M1245492,2017-12-01,900,3.0
M1245492,2018-01-01,600,3.0
M1245492,2018-03-01,300,3.5
M1245492,2018-04-01,900,3.6666666666666665
M1245492,2018-05-01,300,2.5
M1245492,2018-07-01,900,3.8333333333333335
M1245492,2018-11-01,600,3.5
M1245492,2018-12-01,300,2.5
M1245492,2019-01-01,300,5.0
M1245492,2019-03-01,600,4.25
M1245492,2019-04-01,300,4.0
M1245492,2019-07-01,600,3.0
M1245492,2020-05-01,300,4.0
M1245492,2020-07-01,300,3.5
M1245492,2021-01-01,300,3.0
M1245492,2021-04-01,300,5.0
M1245492,2021-05-01,300,3.5
M1245492,2021-06-01,900,4.166666666666667
M1245492,2021-07-01,600,4.25
M1245492,2021-10-01,300,3.5
M1300854,2013-04-01,109500,3.956164383561644
M1300854,2013-05-01,220200,3.8153950953678475
M1300854,2013-06-01,30300,3.8168316831683167
M1300854,2013-07-01,10500,3.7
M1300854,2013-08-01,36300,3.6198347107438016
M1300854,2013-09-01,50100,3.622754491017964
M1300854,2013-10-01,15000,3.55
M1300854,2013-11-01,9600,3.5625
M1300854,2013-12-01,9300,3.629032258064516
M1300854,2014-01-01,8700,3.6379310344827585
M1300854,2014-02-01,3300,3.5454545454545454
M1300854,2014-03-01,4200,3.6785714285714284
M1300854,2014-04-01,1500,4.4
M1300854,2014-05-01,2400,3.625
M1300854,2014-06-01,2100,3.642857142857143
M1300854,2014-07-01,1500,3.9
M1300854,2014-08-01,2100,3.5714285714285716
M1300854,2014-09-01,600,2.5
M1300854,2014-10-01,1500,3.4
M1300854,2014-11-01,900,3.1666666666666665
M1300854,2014-12-01,600,3.25
M1300854,2015-01-01,1500,3.6
M1300854,2015-02-01,2100,3.5714285714285716
M1300854,2015-03-01,900,4.666666666666667
M1300854,2015-04-01,3600,3.5833333333333335
M1300854,2015-05-01,1500,3.6
M1300854,2015-06-01,1800,3.6666666666666665
M1300854,2015-07-01,1500,3.2
M1300854,2015-08-01,1500,3.8
M1300854,2015-10-01,600,3.75
M1300854,2015-11-01,600,3.75
M1300854,2015-12-01,600,4.0
M1300854,2016-01-01,1200,3.75
M1300854,2016-02-01,300,3.5
M1300854,2016-03-01,1200,3.625
M1300854,2016-04-01,900,2.8333333333333335
M1300854,2016-05-01,600,3.75
M1300854,2016-07-01,300,1.0
M1300854,2016-08-01,1200,4.25
M1300854,2016-09-01,1800,4.0
M1300854,2016-10-01,600,4.75
M1300854,2016-11-01,600,3.5
M1300854,2016-12-01,1200,4.0
M1300854,2017-01-01,600,4.25
M1300854,2017-02-01,300,5.0
M1300854,2017-03-01,300,3.5
M1300854,2017-04-01,600,4.0
M1300854,2017-06-01,600,3.5
M1300854,2017-07-01,1200,4.25
M1300854,2017-08-01,600,4.0
M1300854,2017-09-01,900,3.8333333333333335
M1300854,2017-10-01,300,3.5
M1300854,2017-12-01,1200,4.0
M1300854,2018-01-01,300,3.5
M1300854,2018-02-01,2100,3.7857142857142856
M1300854,2018-03-01,1500,3.3
M1300854,2018-04-01,2100,3.5714285714285716
M1300854,2018-05-01,2100,3.9285714285714284
M1300854,2018-06-01,1500,3.7
M1300854,2018-07-01,300,4.0
M1300854,2018-08-01,2700,3.5
M1300854,2018-09-01,900,4.166666666666667
M1300854,2018-10-01,600,4.0
M1300854,2018-12-01,1200,3.625
M1300854,2019-01-01,600,3.5
M1300854,2019-02-01,1200,4.125
M1300854,2019-03-01,2700,3.0555555555555554
M1300854,2019-04-01,1800,3.5
M1300854,2019-05-01,4200,3.7142857142857144
M1300854,2019-06-01,1800,4.166666666666667
M1300854,2019-07-01,1800,4.0
M1300854,2019-08-01,1500,3.5
M1300854,2019-10-01,300,5.0
M1300854,2019-11-01,900,4.666666666666667
M1300854,2020-03-01,300,3.0
M1300854,2020-04-01,1500,4.0
M1300854,2020-05-01,2100,3.642857142857143
M1300854,2020-06-01,1200,2.625
M1300854,2020-07-01,1200,3.375
M1300854,2020-08-01,900,4.0
M1300854,2020-09-01,600,2.75
M1300854,2021-01-01,900,3.5
M1300854,2021-02-01,300,3.5
M1300854,2021-03-01,600,3.25
M1300854,2021-04-01,300,2.5
M1300854,2021-05-01,300,3.5
M1300854,2021-06-01,1200,3.625
M1300854,2021-07-01,1200,3.75
M1300854,2021-11-01,300,4.0
M1343092,2013-05-01,129000,3.8
M1343092,2013-06-01,50700,3.834319526627219
M1343092,2013-07-01,9600,3.75
M1343092,2013-08-01,52200,3.8649425287356323
M1343092,2013-09-01,44400,3.8412162162162162
M1343092,2013-10-01,22800,3.638157894736842
M1343092,2013-11-01,17400,3.7155172413793105
M1343092,2013-12-01,15900,3.811320754716981
M1343092,2014-01-01,18000,3.716666666666667
M1343092,2014-02-01,8700,3.7241379310344827
M1343092,2014-03-01,15000,3.61
M1343092,2014-04-01,5700,3.6842105263157894
M1343092,2014-05-01,6600,3.6136363636363638
M1343092,2014-06-01,3600,3.3333333333333335
M1343092,2014-07-01,4500,3.7666666666666666
M1343092,2014-08-01,3600,3.9166666666666665
M1343092,2014-09-01,1200,3.25
M1343092,2014-10-01,1800,4.166666666666667
M1343092,2014-11-01,900,4.0
M1343092,2014-12-01,1500,4.0
M1343092,2015-01-01,3600,3.8333333333333335
M1343092,2015-02-01,1500,3.6
M1343092,2015-03-01,900,3.8333333333333335
M1343092,2015-04-01,900,3.8333333333333335
M1343092,2015-05-01,900,4.0
M1343092,2015-06-01,600,4.25
M1343092,2015-07-01,2100,4.071428571428571
M1343092,2015-08-01,1200,4.25
M1343092,2015-09-01,300,4.0
M1343092,2015-10-01,1200,3.5
M1343092,2015-11-01,900,3.8333333333333335
M1343092,2015-12-01,300,3.5
M1343092,2016-01-01,1800,3.8333333333333335
M1343092,2016-02-01,900,3.0
M1343092,2016-03-01,900,3.8333333333333335
M1343092,2016-04-01,1200,4.375
M1343092,2016-05-01,600,4.25
M1343092,2016-06-01,900,3.8333333333333335
M1343092,2016-07-01,1200,3.75
M1343092,2016-08-01,1200,4.375
M1343092,2016-09-01,900,3.8333333333333335
M1343092,2016-10-01,300,4.5
M1343092,2016-11-01,300,5.0
M1343092,2016-12-01,1200,3.375
M1343092,2017-01-01,600,3.75
M1343092,2017-02-01,600,4.25
M1343092,2017-03-01,900,4.166666666666667
M1343092,2017-04-01,900,3.6666666666666665
M1343092,2017-05-01,600,4.25
M1343092,2017-06-01,300,4.0
M1343092,2017-07-01,600,4.5
M1343092,2017-08-01,1800,3.8333333333333335
M1343092,2017-09-01,900,4.166666666666667
M1343092,2017-10-01,1200,4.125
M1343092,2017-11-01,600,4.75
M1343092,2017-12-01,900,3.6666666666666665
M1343092,2018-01-01,1200,4.25
M1343092,2018-02-01,1800,3.75
M1343092,2018-03-01,600,4.25
M1343092,2018-04-01,600,3.25
M1343092,2018-05-01,900,3.1666666666666665
M1343092,2018-06-01,1200,4.5
M1343092,2018-07-01,1200,3.75
M1343092,2018-08-01,1500,4.0
M1343092,2018-09-01,1500,3.6
M1343092,2018-10-01,300,2.5
M1343092,2018-11-01,900,4.166666666666667
M1343092,2018-12-01,900,2.8333333333333335
M1343092,2019-01-01,600,3.5
M1343092,2019-02-01,1200,4.125
M1343092,2019-03-01,600,3.75
M1343092,2019-04-01,900,4.166666666666667
M1343092,2019-05-01,300,3.5
M1343092,2019-06-01,900,4.833333333333333
M1343092,2019-07-01,2400,4.25
M1343092,2019-08-01,600,4.25
M1343092,2019-09-01,900,3.8333333333333335
M1343092,2019-10-01,300,2.5
M1343092,2019-11-01,2400,4.125
M1343092,2019-12-01,900,4.166666666666667
M1343092,2020-01-01,300,3.5
M1343092,2020-02-01,600,3.75
M1343092,2020-03-01,3000,3.55
M1343092,2020-04-01,1500,3.8
M1343092,2020-05-01,900,4.0
M1343092,2020-06-01,1200,3.875
M1343092,2020-07-01,1500,4.4
M1343092,2020-08-01,1500,4.0
M1343092,2020-09-01,900,4.0
M1343092,2021-02-01,600,3.25
M1343092,2021-03-01,300,3.0
M1343092,2021-04-01,300,3.5
M1343092,2021-11-01,300,3.0
M1386697,2016-08-01,234000,3.4256410256410255
M1386697,2016-09-01,22800,3.263157894736842
M1386697,2016-10-01,22500,3.28
M1386697,2016-11-01,29400,3.295918367346939
M1386697,2016-12-01,41400,3.079710144927536
M1386697,2017-01-01,19200,2.890625
M1386697,2017-02-01,6300,3.0
M1386697,2017-03-01,4800,2.9375
M1386697,2017-04-01,4200,2.5714285714285716
M1386697,2017-05-01,5700,2.9210526315789473
M1386697,2017-06-01,3300,2.727272727272727
M1386697,2017-07-01,1500,3.4
M1386697,2017-08-01,3900,3.1923076923076925
M1386697,2017-09-01,2400,3.75
M1386697,2017-10-01,300,3.0
M1386697,2017-11-01,600,4.25
M1386697,2017-12-01,300,4.0
M1386697,2018-01-01,1200,3.0
M1386697,2018-02-01,900,3.3333333333333335
M1386697,2018-03-01,900,2.8333333333333335
M1386697,2018-04-01,300,3.0
M1386697,2018-05-01,300,3.0
M1386697,2018-06-01,300,4.0
M1386697,2018-07-01,900,3.1666666666666665
M1386697,2018-08-01,600,3.0
M1386697,2018-09-01,300,4.5
M1386697,2018-10-01,300,4.5
M1386697,2018-11-01,300,4.0
M1386697,2018-12-01,600,2.75
M1386697,2019-01-01,1200,2.75
M1386697,2019-02-01,900,3.0
M1386697,2019-03-01,600,2.5
M1386697,2019-04-01,300,1.0
M1386697,2019-05-01,600,3.0
M1386697,2019-06-01,600,3.5
M1386697,2019-07-01,1200,3.125
M1386697,2019-08-01,1800,3.25
M1386697,2019-09-01,300,3.5
M1386697,2019-10-01,1500,3.1
M1386697,2019-11-01,600,3.25
M1386697,2019-12-01,900,3.5
M1386697,2020-01-01,1800,2.3333333333333335
M1386697,2020-02-01,600,3.0
M1386697,2020-03-01,900,2.8333333333333335
M1386697,2020-05-01,600,3.25
M1386697,2020-07-01,300,3.0
M1386697,2021-02-01,300,3.5
M1386697,2021-04-01,600,2.0
M1386697,2021-08-01,1200,2.25
M1392190,2015-05-01,193500,4.1829457364341085
M1392190,2015-06-01,85800,3.9737762237762237
M1392190,2015-07-01,41700,4.075539568345324
M1392190,2015-08-01,47700,4.053459119496855
M1392190,2015-09-01,17100,3.8684210526315788
M1392190,2015-10-01,5100,4.0
M1392190,2015-11-01,6300,3.9523809523809526
M1392190,2015-12-01,15900,3.650943396226415
M1392190,2016-01-01,21300,3.6549295774647885
M1392190,2016-02-01,12300,3.768292682926829
M1392190,2016-03-01,14700,3.806122448979592
M1392190,2016-04-01,6000,3.775
M1392190,2016-05-01,3900,3.9615384615384617
M1392190,2016-06-01,1800,4.166666666666667
M1392190,2016-07-01,3300,4.136363636363637
M1392190,2016-08-01,4500,4.133333333333334
M1392190,2016-09-01,3300,3.772727272727273
M1392190,2016-10-01,900,4.0
M1392190,2016-11-01,600,4.5
M1392190,2016-12-01,1500,3.4
M1392190,2017-01-01,1800,3.75
M1392190,2017-02-01,1200,3.125
M1392190,2017-03-01,900,4.833333333333333
M1392190,2017-04-01,2100,3.2142857142857144
M1392190,2017-05-01,600,4.25
M1392190,2017-06-01,1200,3.5
M1392190,2017-07-01,1500,4.5
M1392190,2017-08-01,2100,4.142857142857143
M1392190,2017-09-01,600,5.0
M1392190,2017-10-01,600,3.5
M1392190,2017-11-01,600,4.5
M1392190,2017-12-01,900,3.8333333333333335
M1392190,2018-01-01,900,4.5
M1392190,2018-02-01,900,4.5
M1392190,2018-04-01,600,4.75
M1392190,2018-06-01,300,4.5
M1392190,2018-07-01,600,5.0
M1392190,2018-08-01,900,4.5
M1392190,2018-10-01,300,4.0
M1392190,2018-11-01,600,4.5
M1392190,2019-01-01,600,4.75
M1392190,2019-03-01,300,3.0
M1392190,2019-05-01,1200,4.0
M1392190,2019-06-01,300,4.5
M1392190,2019-07-01,1200,4.625
M1392190,2019-08-01,1500,4.4
M1392190,2019-09-01,1200,3.5
M1392190,2019-11-01,300,4.5
M1392190,2019-12-01,900,4.5
M1392190,2020-01-01,300,4.5
M1392190,2020-02-01,900,4.0
M1392190,2020-03-01,600,4.25
M1392190,2020-04-01,900,4.0
M1392190,2020-05-01,300,3.5
M1392190,2020-06-01,300,5.0
M1392190,2020-07-01,600,4.25
M1392190,2020-08-01,300,5.0
M1392190,2020-09-01,300,3.0
M1392190,2021-01-01,600,3.25
M1392190,2021-02-01,300,3.5
M1392190,2021-03-01,300,3.5
M1392190,2021-05-01,600,3.5
M1392214,2013-09-01,72000,4.1
M1392214,2013-10-01,71400,4.025210084033613
M1392214,2013-11-01,70800,4.021186440677966
M1392214,2013-12-01,84900,4.053003533568905
M1392214,2014-01-01,42600,4.109154929577465
M1392214,2014-02-01,30600,4.0245098039215685
M1392214,2014-03-01,17100,3.982456140350877
M1392214,2014-04-01,8100,3.925925925925926
M1392214,2014-05-01,13500,4.0777777777777775
M1392214,2014-06-01,6600,4.181818181818182
M1392214,2014-07-01,3900,4.269230769230769
M1392214,2014-08-01,3900,4.038461538461538
M1392214,2014-09-01,5100,4.088235294117647
M1392214,2014-10-01,5400,4.0
M1392214,2014-11-01,3000,3.9
M1392214,2014-12-01,3300,4.045454545454546
M1392214,2015-01-01,5700,3.9473684210526314
M1392214,2015-02-01,3900,4.230769230769231
M1392214,2015-03-01,4200,4.357142857142857
M1392214,2015-04-01,2400,4.1875
M1392214,2015-05-01,2700,3.888888888888889
M1392214,2015-06-01,1500,4.2
M1392214,2015-07-01,3600,4.166666666666667
M1392214,2015-08-01,1800,4.083333333333333
M1392214,2015-09-01,2100,4.285714285714286
M1392214,2015-10-01,2100,3.857142857142857
M1392214,2015-11-01,2100,4.214285714285714
M1392214,2015-12-01,3900,4.076923076923077
M1392214,2016-01-01,3000,4.2
M1392214,2016-02-01,5100,4.0588235294117645
M1392214,2016-03-01,1800,4.0
M1392214,2016-04-01,1500,4.6
M1392214,2016-05-01,600,4.5
M1392214,2016-06-01,1800,4.0
M1392214,2016-07-01,2700,4.333333333333333
M1392214,2016-08-01,2100,4.285714285714286
M1392214,2016-09-01,900,3.8333333333333335
M1392214,2016-10-01,600,4.0
M1392214,2016-11-01,2400,4.1875
M1392214,2016-12-01,2400,4.1875
M1392214,2017-01-01,2100,3.7142857142857144
M1392214,2017-02-01,1800,4.416666666666667
M1392214,2017-03-01,1200,3.0
M1392214,2017-04-01,2100,4.0
M1392214,2017-05-01,2700,4.333333333333333
M1392214,2017-06-01,2700,4.055555555555555
M1392214,2017-07-01,1200,4.625
M1392214,2017-08-01,3300,4.363636363636363
M1392214,2017-09-01,1200,4.5
M1392214,2017-10-01,2100,3.642857142857143
M1392214,2017-11-01,1500,4.6
M1392214,2017-12-01,1200,4.375
M1392214,2018-01-01,1200,4.25
M1392214,2018-02-01,2100,4.214285714285714
M1392214,2018-03-01,1500,3.9
M1392214,2018-04-01,2100,4.071428571428571
M1392214,2018-05-01,900,4.166666666666667
M1392214,2018-06-01,1800,4.416666666666667
M1392214,2018-07-01,600,4.5
M1392214,2018-08-01,1500,3.8
M1392214,2018-09-01,300,4.0
M1392214,2018-10-01,1200,4.25
M1392214,2018-12-01,2400,4.125
M1392214,2019-01-01,1500,4.5
M1392214,2019-02-01,600,3.75
M1392214,2019-03-01,1500,4.0
M1392214,2019-06-01,1500,4.6
M1392214,2019-07-01,900,4.666666666666667
M1392214,2019-08-01,1500,3.8
M1392214,2019-09-01,1800,4.083333333333333
M1392214,2019-10-01,600,3.5
M1392214,2019-11-01,600,4.0
M1392214,2019-12-01,1500,4.8
M1392214,2020-01-01,1200,3.75
M1392214,2020-02-01,2400,4.5625
M1392214,2020-03-01,2100,4.357142857142857
M1392214,2020-04-01,2400,4.3125
M1392214,2020-05-01,2100,3.857142857142857
M1392214,2020-06-01,1800,4.333333333333333
M1392214,2020-07-01,900,4.166666666666667
M1392214,2020-08-01,1800,4.333333333333333
M1392214,2020-09-01,1500,4.2
M1392214,2021-02-01,600,4.75
M1392214,2021-03-01,1200,3.625
M1392214,2021-04-01,1200,4.375
M1392214,2021-05-01,300,3.5
M1392214,2021-06-01,1800,4.416666666666667
M1392214,2021-07-01,900,4.0
M1392214,2021-08-01,300,4.0
M1392214,2021-10-01,900,3.8333333333333335
M1392214,2021-11-01,600,4.5
M1408101,2013-05-01,183600,4.178104575163399
M1408101,2013-06-01,61200,4.0661764705882355
M1408101,2013-07-01,10800,4.194444444444445
M1408101,2013-08-01,36000,3.875
M1408101,2013-09-01,79200,3.9640151515151514
M1408101,2013-10-01,16800,3.767857142857143
M1408101,2013-11-01,7200,3.9166666666666665
M1408101,2013-12-01,8100,3.9074074074074074
M1408101,2014-01-01,11400,3.9078947368421053
M1408101,2014-02-01,3600,4.166666666666667
M1408101,2014-03-01,5700,3.6578947368421053
M1408101,2014-04-01,2100,3.7142857142857144
M1408101,2014-05-01,4200,3.75
M1408101,2014-06-01,3900,3.769230769230769
M1408101,2014-07-01,3300,3.772727272727273
M1408101,2014-08-01,900,3.0
M1408101,2014-09-01,900,2.6666666666666665
M1408101,2014-10-01,1800,4.0
M1408101,2014-11-01,900,3.6666666666666665
M1408101,2014-12-01,300,2.0
M1408101,2015-01-01,1500,4.0
M1408101,2015-03-01,600,4.5
M1408101,2015-04-01,1500,4.1
M1408101,2015-05-01,2100,3.5
M1408101,2015-06-01,1500,3.2
M1408101,2015-07-01,600,4.0
M1408101,2015-08-01,600,4.25
M1408101,2015-09-01,900,3.1666666666666665
M1408101,2015-10-01,600,4.25
M1408101,2015-11-01,300,4.0
M1408101,2015-12-01,300,3.5
M1408101,2016-01-01,1200,3.875
M1408101,2016-02-01,300,3.0
M1408101,2016-05-01,900,3.3333333333333335
M1408101,2016-06-01,900,4.0
M1408101,2016-07-01,1200,3.625
M1408101,2016-08-01,900,4.0
M1408101,2016-12-01,300,4.0
M1408101,2017-01-01,300,3.5
M1408101,2017-06-01,600,3.0
M1408101,2017-07-01,300,4.0
M1408101,2017-09-01,600,4.0
M1408101,2018-01-01,300,4.0
M1408101,2018-06-01,300,3.5
M1408101,2018-11-01,600,4.25
M1408101,2019-09-01,300,4.5
M1408101,2020-03-01,600,3.5
M1408101,2020-04-01,600,2.75
M1408101,2020-08-01,300,4.5
M1408101,2021-05-01,300,2.5
M1430132,2013-07-01,103800,3.5578034682080926
M1430132,2013-08-01,85800,3.5034965034965033
M1430132,2013-09-01,12600,3.6904761904761907
M1430132,2013-10-01,5400,3.1666666666666665
M1430132,2013-11-01,58800,3.201530612244898
M1430132,2013-12-01,26100,3.2241379310344827
M1430132,2014-01-01,15000,3.45
M1430132,2014-02-01,11700,3.1666666666666665
M1430132,2014-03-01,5700,3.1315789473684212
M1430132,2014-04-01,3900,3.423076923076923
M1430132,2014-05-01,5100,3.176470588235294
M1430132,2014-06-01,5700,3.1842105263157894
M1430132,2014-07-01,3000,3.05
M1430132,2014-08-01,3300,3.3181818181818183
M1430132,2014-09-01,1800,3.75
M1430132,2014-10-01,2400,3.6875
M1430132,2014-11-01,2400,3.0
M1430132,2014-12-01,300,2.0
M1430132,2015-01-01,1200,3.375
M1430132,2015-02-01,600,3.5
M1430132,2015-03-01,600,3.25
M1430132,2015-04-01,600,2.75
M1430132,2015-05-01,300,3.0
M1430132,2015-06-01,600,3.25
M1430132,2015-07-01,300,5.0
M1430132,2015-08-01,1200,3.125
M1430132,2015-09-01,600,3.25
M1430132,2015-10-01,300,3.5
M1430132,2015-11-01,300,3.5
M1430132,2015-12-01,300,2.5
M1430132,2016-01-01,300,4.0
M1430132,2016-03-01,300,4.0
M1430132,2016-04-01,300,1.5
M1430132,2016-05-01,600,3.5
M1430132,2016-06-01,1200,3.0
M1430132,2016-08-01,300,3.5
M1430132,2016-09-01,300,3.5
M1430132,2016-11-01,600,3.75
M1430132,2016-12-01,300,2.0
M1430132,2017-02-01,1500,3.0
M1430132,2017-03-01,2100,3.5
M1430132,2017-04-01,1800,3.5833333333333335
M1430132,2017-06-01,300,3.5
M1430132,2017-07-01,600,3.5
M1430132,2017-09-01,600,3.75
M1430132,2017-10-01,300,2.0
M1430132,2017-12-01,300,4.0
M1430132,2018-03-01,600,3.5
M1430132,2018-05-01,600,3.0
M1430132,2018-06-01,900,3.0
M1430132,2018-08-01,600,2.5
M1430132,2018-09-01,300,5.0
M1430132,2018-10-01,1500,3.8
M1430132,2018-11-01,300,3.0
M1430132,2019-01-01,300,4.0
M1430132,2019-03-01,300,3.5
M1430132,2019-04-01,300,3.0
M1430132,2019-05-01,1200,3.875
M1430132,2019-06-01,1200,3.25
M1430132,2019-07-01,300,3.0
M1430132,2019-08-01,600,3.75
M1430132,2019-10-01,300,3.0
M1430132,2019-12-01,300,3.5
M1430132,2020-04-01,600,3.75
M1430132,2020-05-01,300,4.0
M1430132,2021-02-01,300,2.5
M1430132,2021-03-01,300,3.5
M1430132,2021-05-01,300,4.0
M1430132,2021-06-01,600,3.25
M1430132,2021-08-01,300,4.0
M1431045,2016-02-01,215700,4.159944367176634
M1431045,2016-03-01,71100,3.9915611814345993
M1431045,2016-04-01,66300,4.049773755656108
M1431045,2016-05-01,57900,3.971502590673575
M1431045,2016-06-01,19500,3.746153846153846
M1431045,2016-07-01,15000,3.86
M1431045,2016-08-01,7500,3.62
M1431045,2016-09-01,4500,4.033333333333333
M1431045,2016-10-01,4800,3.4375
M1431045,2016-11-01,2400,4.375
M1431045,2016-12-01,3900,3.3461538461538463
M1431045,2017-01-01,5100,3.735294117647059
M1431045,2017-02-01,3600,3.7916666666666665
M1431045,2017-03-01,4500,3.8666666666666667
M1431045,2017-04-01,3000,3.6
M1431045,2017-05-01,1200,4.125
M1431045,2017-06-01,600,3.75
M1431045,2017-07-01,300,5.0
M1431045,2017-08-01,1800,4.333333333333333
M1431045,2017-09-01,900,3.8333333333333335
M1431045,2017-10-01,900,4.166666666666667
M1431045,2017-11-01,600,3.75
M1431045,2017-12-01,1800,3.75
M1431045,2018-01-01,1800,3.75
M1431045,2018-02-01,600,4.25
M1431045,2018-03-01,2100,4.142857142857143
M1431045,2018-04-01,1200,4.0
M1431045,2018-05-01,2400,3.75
M1431045,2018-06-01,3000,4.05
M1431045,2018-07-01,900,4.166666666666667
M1431045,2018-08-01,1500,4.1
M1431045,2018-09-01,900,4.333333333333333
M1431045,2018-10-01,900,4.166666666666667
M1431045,2019-01-01,900,3.8333333333333335
M1431045,2019-02-01,300,4.5
M1431045,2019-03-01,600,2.75
M1431045,2019-04-01,600,4.75
M1431045,2019-05-01,1200,4.25
M1431045,2019-06-01,600,4.25
M1431045,2019-07-01,300,2.5
M1431045,2019-08-01,600,4.25
M1431045,2019-12-01,300,4.0
M1431045,2020-02-01,300,4.0
M1431045,2020-03-01,600,3.0
M1431045,2020-04-01,900,3.8333333333333335
M1431045,2020-05-01,600,3.75
M1431045,2020-09-01,300,4.0
M1431045,2021-01-01,300,3.0
M1431045,2021-05-01,300,4.5
M1431045,2021-07-01,600,4.0
M1431045,2021-09-01,300,4.0
M1431045,2021-10-01,300,3.5
M1454468,2013-09-01,2400,4.75
M1454468,2013-10-01,270600,4.253880266075388
M1454468,2013-11-01,121200,4.153465346534653
M1454468,2013-12-01,61800,4.135922330097087
M1454468,2014-01-01,80700,3.990706319702602
M1454468,2014-02-01,68700,4.002183406113537
M1454468,2014-03-01,59100,4.00253807106599
M1454468,2014-04-01,12000,3.6625
M1454468,2014-05-01,7500,3.76
M1454468,2014-06-01,5100,3.9705882352941178
M1454468,2014-07-01,6000,4.1
M1454468,2014-08-01,7200,3.8958333333333335
M1454468,2014-09-01,6600,4.090909090909091
M1454468,2014-10-01,5700,3.789473684210526
M1454468,2014-11-01,1200,3.75
M1454468,2014-12-01,1500,3.1
M1454468,2015-01-01,3300,3.9545454545454546
M1454468,2015-02-01,2700,4.166666666666667
M1454468,2015-03-01,4500,3.8
M1454468,2015-04-01,3000,3.55
M1454468,2015-05-01,900,4.0
M1454468,2015-06-01,1200,4.5
M1454468,2015-07-01,1500,4.2
M1454468,2015-08-01,900,4.0
M1454468,2015-10-01,1200,4.125
M1454468,2015-11-01,1200,4.0
M1454468,2015-12-01,600,3.75
M1454468,2016-01-01,1200,3.375
M1454468,2016-02-01,2700,3.5
M1454468,2016-03-01,1200,3.75
M1454468,2016-04-01,1500,3.6
M1454468,2016-05-01,900,4.166666666666667
M1454468,2016-07-01,1800,3.8333333333333335
M1454468,2016-08-01,600,4.25
M1454468,2016-09-01,1800,3.4166666666666665
M1454468,2016-10-01,600,3.75
M1454468,2016-11-01,300,3.0
M1454468,2016-12-01,900,4.0
M1454468,2017-01-01,300,2.5
M1454468,2017-02-01,900,4.5
M1454468,2017-03-01,1800,3.75
M1454468,2017-04-01,900,3.6666666666666665
M1454468,2017-05-01,900,3.5
M1454468,2017-06-01,600,3.5
M1454468,2017-07-01,1500,4.1
M1454468,2017-08-01,900,4.333333333333333
M1454468,2017-09-01,2100,3.5714285714285716
M1454468,2017-10-01,600,4.0
M1454468,2017-11-01,300,3.5
M1454468,2017-12-01,300,5.0
M1454468,2018-01-01,900,3.6666666666666665
M1454468,2018-03-01,900,3.0
M1454468,2018-04-01,1200,4.25
M1454468,2018-05-01,900,4.166666666666667
M1454468,2018-06-01,300,4.5
M1454468,2018-07-01,1200,3.5
M1454468,2018-08-01,1200,3.875
M1454468,2018-09-01,900,4.333333333333333
M1454468,2018-10-01,1200,4.0
M1454468,2018-11-01,600,4.5
M1454468,2018-12-01,900,4.166666666666667
M1454468,2019-01-01,1500,4.5
M1454468,2019-02-01,600,3.75
M1454468,2019-03-01,300,2.5
M1454468,2019-05-01,900,3.1666666666666665
M1454468,2019-06-01,300,5.0
M1454468,2019-07-01,300,4.5
M1454468,2019-08-01,300,4.0
M1454468,2019-09-01,300,3.5
M1454468,2019-11-01,600,4.25
M1454468,2019-12-01,300,4.0
M1454468,2020-01-01,1800,3.5
M1454468,2020-02-01,1500,4.2
M1454468,2020-03-01,600,4.25
M1454468,2020-04-01,1200,3.625
M1454468,2020-05-01,1500,3.4
M1454468,2020-06-01,1200,4.0
M1454468,2020-07-01,1200,3.5
M1454468,2020-09-01,300,3.5
M1454468,2021-01-01,300,3.5
M1454468,2021-05-01,300,5.0
M1457767,2013-07-01,44400,4.128378378378378
M1457767,2013-08-01,107700,3.848189415041783
M1457767,2013-09-01,47400,3.867088607594937
M1457767,2013-10-01,50400,3.744047619047619
M1457767,2013-11-01,25200,3.767857142857143
M1457767,2013-12-01,14100,3.648936170212766
M1457767,2014-01-01,13800,3.9239130434782608
M1457767,2014-02-01,6900,3.652173913043478
M1457767,2014-03-01,5100,3.911764705882353
M1457767,2014-04-01,3900,3.8461538461538463
M1457767,2014-05-01,6000,3.95
M1457767,2014-06-01,4200,3.892857142857143
M1457767,2014-07-01,3600,3.9583333333333335
M1457767,2014-08-01,4200,4.035714285714286
M1457767,2014-09-01,900,4.5
M1457767,2014-10-01,7200,3.6458333333333335
M1457767,2014-11-01,2700,4.388888888888889
M1457767,2014-12-01,1500,4.0
M1457767,2015-01-01,4200,3.8214285714285716
M1457767,2015-02-01,1200,4.25
M1457767,2015-03-01,1800,4.0
M1457767,2015-04-01,1500,4.2
M1457767,2015-05-01,1500,3.4
M1457767,2015-06-01,1500,3.9
M1457767,2015-07-01,600,3.5
M1457767,2015-08-01,1200,3.375
M1457767,2015-09-01,600,4.0
M1457767,2015-10-01,1200,4.125
M1457767,2015-11-01,1200,3.875
M1457767,2015-12-01,1200,3.375
M1457767,2016-01-01,1200,3.875
M1457767,2016-02-01,300,4.0
M1457767,2016-03-01,900,4.0
M1457767,2016-04-01,600,3.25
M1457767,2016-05-01,900,4.166666666666667
M1457767,2016-06-01,3000,3.85
M1457767,2016-07-01,3300,3.6818181818181817
M1457767,2016-08-01,3600,3.625
M1457767,2016-09-01,2700,4.0
M1457767,2016-10-01,2400,4.0
M1457767,2016-11-01,900,3.6666666666666665
M1457767,2016-12-01,1800,3.4166666666666665
M1457767,2017-01-01,600,3.25
M1457767,2017-03-01,600,3.75
M1457767,2017-04-01,1200,3.5
M1457767,2017-05-01,1500,3.5
M1457767,2017-06-01,900,4.0
M1457767,2017-07-01,1500,3.0
M1457767,2017-08-01,900,3.3333333333333335
M1457767,2017-09-01,900,3.1666666666666665
M1457767,2017-11-01,1200,3.125
M1457767,2017-12-01,600,4.5
M1457767,2018-01-01,300,2.5
M1457767,2018-03-01,300,5.0
M1457767,2018-04-01,300,5.0
M1457767,2018-06-01,300,4.0
M1457767,2018-08-01,300,3.5
M1457767,2018-09-01,900,4.166666666666667
M1457767,2018-10-01,300,4.0
M1457767,2018-11-01,300,3.5
M1457767,2019-01-01,300,4.5
M1457767,2019-03-01,900,4.333333333333333
M1457767,2019-07-01,600,3.5
M1457767,2019-08-01,600,4.0
M1457767,2019-09-01,300,4.5
M1457767,2019-12-01,300,4.5
M1457767,2020-01-01,300,3.5
M1457767,2020-03-01,600,4.5
M1457767,2020-04-01,900,3.0
M1457767,2020-06-01,300,4.0
M1457767,2020-08-01,600,3.5
M1457767,2020-09-01,300,4.0
M1457767,2021-03-01,300,4.0
M1457767,2021-05-01,900,3.5
M1457767,2021-06-01,2100,3.7142857142857144
M1457767,2021-07-01,300,3.5
M1457767,2021-10-01,300,4.5
M1483013,2013-04-01,151800,3.5345849802371543
M1483013,2013-05-01,31500,3.5095238095238095
M1483013,2013-06-01,5400,3.611111111111111
M1483013,2013-07-01,42600,3.528169014084507
M1483013,2013-08-01,69600,3.4461206896551726
M1483013,2013-09-01,46800,3.4455128205128207
M1483013,2013-10-01,13800,3.4239130434782608
M1483013,2013-11-01,9000,3.466666666666667
M1483013,2013-12-01,8100,3.388888888888889
M1483013,2014-01-01,10200,3.573529411764706
M1483013,2014-02-01,11400,3.460526315789474
M1483013,2014-03-01,6000,3.4
M1483013,2014-04-01,3300,3.227272727272727
M1483013,2014-05-01,2700,3.5
M1483013,2014-06-01,2700,3.3333333333333335
M1483013,2014-07-01,2700,3.3333333333333335
M1483013,2014-08-01,2700,3.388888888888889
M1483013,2014-09-01,2400,3.375
M1483013,2014-10-01,2400,3.0
M1483013,2014-11-01,1200,3.0
M1483013,2014-12-01,900,3.6666666666666665
M1483013,2015-01-01,2700,3.888888888888889
M1483013,2015-02-01,1500,3.4
M1483013,2015-03-01,2100,3.2142857142857144
M1483013,2015-04-01,2700,3.5555555555555554
M1483013,2015-05-01,3900,3.3846153846153846
M1483013,2015-06-01,2100,3.857142857142857
M1483013,2015-07-01,900,3.6666666666666665
M1483013,2015-08-01,900,4.166666666666667
M1483013,2015-09-01,1200,3.0
M1483013,2015-10-01,600,4.0
M1483013,2015-11-01,300,1.5
M1483013,2015-12-01,900,3.0
M1483013,2016-01-01,600,3.25
M1483013,2016-02-01,900,3.6666666666666665
M1483013,2016-03-01,600,3.5
M1483013,2016-04-01,600,4.0
M1483013,2016-06-01,600,3.75
M1483013,2016-08-01,300,3.5
M1483013,2016-09-01,300,4.0
M1483013,2016-10-01,600,3.0
M1483013,2016-12-01,600,3.5
M1483013,2017-01-01,300,2.5
M1483013,2017-03-01,600,3.5
M1483013,2017-05-01,300,3.5
M1483013,2017-06-01,300,3.5
M1483013,2017-07-01,900,3.0
M1483013,2017-08-01,600,3.25
M1483013,2017-09-01,600,3.75
M1483013,2017-10-01,300,2.5
M1483013,2018-02-01,900,3.8333333333333335
M1483013,2018-03-01,300,5.0
M1483013,2018-05-01,600,3.5
M1483013,2018-11-01,300,3.5
M1483013,2019-01-01,600,4.0
M1483013,2019-02-01,300,3.0
M1483013,2019-04-01,300,3.5
M1483013,2019-05-01,900,3.1666666666666665
M1483013,2019-08-01,300,4.0
M1483013,2019-09-01,300,4.0
M1483013,2020-05-01,300,3.5
M1483013,2020-06-01,300,1.0
M1483013,2020-07-01,300,5.0
M1483013,2020-08-01,300,3.5
M1483013,2021-01-01,300,3.0
M1483013,2021-02-01,300,3.5
M1483013,2021-08-01,600,4.25
M1483013,2021-11-01,300,3.5
M1535108,2013-08-01,120900,3.5583126550868487
M1535108,2013-09-01,66300,3.5384615384615383
M1535108,2013-10-01,25200,3.4285714285714284
M1535108,2013-11-01,43500,3.413793103448276
M1535108,2013-12-01,52200,3.3706896551724137
M1535108,2014-01-01,35100,3.4401709401709404
M1535108,2014-02-01,12900,3.453488372093023
M1535108,2014-03-01,7800,3.0
M1535108,2014-04-01,4800,3.21875
M1535108,2014-05-01,6000,3.2
M1535108,2014-06-01,9000,3.05
M1535108,2014-07-01,2700,3.1666666666666665
M1535108,2014-08-01,2700,3.388888888888889
M1535108,2014-09-01,2100,3.0714285714285716
M1535108,2014-10-01,2100,3.5714285714285716
M1535108,2014-11-01,600,2.75
M1535108,2014-12-01,1800,3.0
M1535108,2015-01-01,1800,3.4166666666666665
M1535108,2015-02-01,1800,3.3333333333333335
M1535108,2015-03-01,2400,3.0
M1535108,2015-04-01,900,2.8333333333333335
M1535108,2015-05-01,900,2.5
M1535108,2015-06-01,900,3.8333333333333335
M1535108,2015-07-01,300,4.0
M1535108,2015-08-01,1200,3.5
M1535108,2015-09-01,300,2.0
M1535108,2015-10-01,600,3.0
M1535108,2015-11-01,600,3.25
M1535108,2015-12-01,1800,3.4166666666666665
M1535108,2016-01-01,600,3.25
M1535108,2016-02-01,300,4.0
M1535108,2016-03-01,300,3.0
M1535108,2016-04-01,900,2.8333333333333335
M1535108,2016-05-01,900,3.1666666666666665
M1535108,2016-06-01,900,3.3333333333333335
M1535108,2016-08-01,600,3.25
M1535108,2016-09-01,300,3.5
M1535108,2016-10-01,300,4.0
M1535108,2016-11-01,300,3.0
M1535108,2016-12-01,300,2.5
M1535108,2017-03-01,300,4.5
M1535108,2017-04-01,300,2.0
M1535108,2017-06-01,600,2.75
M1535108,2017-07-01,300,3.5
M1535108,2017-08-01,300,3.0
M1535108,2018-01-01,600,3.75
M1535108,2018-04-01,300,2.5
M1535108,2018-05-01,300,2.0
M1535108,2018-06-01,300,3.0
M1535108,2018-07-01,300,3.0
M1535108,2019-05-01,300,3.5
M1535108,2019-07-01,300,3.5
M1535108,2019-08-01,300,3.0
M1535108,2019-12-01,300,5.0
M1535108,2020-06-01,300,2.0
M1535108,2020-08-01,300,4.5
M1535108,2021-01-01,300,3.5
M1535108,2021-02-01,300,3.5
M1535108,2021-03-01,300,3.5
M1535109,2013-10-01,90000,4.203333333333333
M1535109,2013-11-01,72000,4.152083333333334
M1535109,2013-12-01,55200,4.103260869565218
M1535109,2014-01-01,132900,4.125282167042889
M1535109,2014-02-01,62700,4.086124401913875
M1535109,2014-03-01,40800,3.9705882352941178
M1535109,2014-04-01,14100,3.9893617021276597
M1535109,2014-05-01,9600,4.046875
M1535109,2014-06-01,5100,4.0
M1535109,2014-07-01,12900,4.104651162790698
M1535109,2014-08-01,6900,4.217391304347826
M1535109,2014-09-01,4200,4.178571428571429
M1535109,2014-10-01,3900,3.9615384615384617
M1535109,2014-11-01,2100,3.9285714285714284
M1535109,2014-12-01,1500,3.9
M1535109,2015-01-01,2100,4.0
M1535109,2015-02-01,900,3.6666666666666665
M1535109,2015-03-01,2100,4.285714285714286
M1535109,2015-04-01,1200,3.875
M1535109,2015-05-01,2400,4.0625
M1535109,2015-06-01,2100,4.428571428571429
M1535109,2015-07-01,1500,4.2
M1535109,2015-08-01,1200,4.25
M1535109,2015-09-01,900,4.666666666666667
M1535109,2015-10-01,1200,4.5
M1535109,2015-11-01,600,4.25
M1535109,2015-12-01,1200,4.375
M1535109,2016-01-01,1500,4.3
M1535109,2016-02-01,600,4.5
M1535109,2016-03-01,600,3.5
M1535109,2016-04-01,600,3.5
M1535109,2016-05-01,600,4.25
M1535109,2016-06-01,300,4.0
M1535109,2016-08-01,900,4.0
M1535109,2016-09-01,600,3.25
M1535109,2016-10-01,900,4.333333333333333
M1535109,2016-11-01,300,4.0
M1535109,2016-12-01,900,4.333333333333333
M1535109,2017-01-01,1800,4.083333333333333
M1535109,2017-02-01,600,4.25
M1535109,2017-03-01,2100,3.7857142857142856
M1535109,2017-04-01,900,4.166666666666667
M1535109,2017-05-01,600,3.25
M1535109,2017-06-01,1200,4.0
M1535109,2017-07-01,900,4.5
M1535109,2017-08-01,1500,3.5
M1535109,2017-11-01,900,4.166666666666667
M1535109,2018-01-01,900,4.0
M1535109,2018-02-01,300,3.5
M1535109,2018-03-01,300,4.0
M1535109,2018-04-01,300,5.0
M1535109,2018-06-01,900,3.6666666666666665
M1535109,2018-07-01,300,4.0
M1535109,2018-08-01,1200,4.75
M1535109,2018-09-01,600,4.25
M1535109,2018-10-01,300,4.0
M1535109,2018-11-01,300,4.0
M1535109,2019-01-01,300,4.5
M1535109,2019-03-01,300,4.0
M1535109,2019-04-01,1200,4.25
M1535109,2019-05-01,1200,4.5
M1535109,2019-06-01,900,4.666666666666667
M1535109,2019-07-01,1200,4.375
M1535109,2019-08-01,900,3.8333333333333335
M1535109,2019-09-01,900,4.166666666666667
M1535109,2019-10-01,600,4.0
M1535109,2019-11-01,600,4.0
M1535109,2020-01-01,1500,3.8
M1535109,2020-02-01,1500,3.7
M1535109,2020-03-01,2100,3.857142857142857
M1535109,2020-04-01,2700,4.277777777777778
M1535109,2020-05-01,1800,4.166666666666667
M1535109,2020-06-01,600,4.25
M1535109,2020-07-01,1200,4.375
M1535109,2020-08-01,300,2.5
M1535109,2020-09-01,300,3.5
M1535109,2021-01-01,600,3.5
M1535109,2021-04-01,600,4.25
M1535109,2021-06-01,600,2.75
M1535109,2021-07-01,300,2.5
M1631867,2014-05-01,18900,4.031746031746032
M1631867,2014-06-01,159900,3.975609756097561
M1631867,2014-07-01,19500,3.8923076923076922
M1631867,2014-08-01,5700,3.973684210526316
M1631867,2014-09-01,65400,3.944954128440367
M1631867,2014-10-01,50400,3.9226190476190474
M1631867,2014-11-01,14400,3.875
M1631867,2014-12-01,8100,3.7962962962962963
M1631867,2015-01-01,11400,3.8815789473684212
M1631867,2015-02-01,6600,4.045454545454546
M1631867,2015-03-01,13800,3.8043478260869565
M1631867,2015-04-01,5400,3.861111111111111
M1631867,2015-05-01,4800,3.9375
M1631867,2015-06-01,3900,3.8461538461538463
M1631867,2015-07-01,2100,4.0
M1631867,2015-08-01,3900,3.769230769230769
M1631867,2015-09-01,1800,4.0
M1631867,2015-10-01,600,4.25
M1631867,2015-11-01,1800,3.75
M1631867,2015-12-01,1200,4.375
M1631867,2016-01-01,2100,3.857142857142857
M1631867,2016-02-01,600,4.5
M1631867,2016-03-01,600,4.0
M1631867,2016-04-01,1500,3.6
M1631867,2016-05-01,1200,2.875
M1631867,2016-06-01,600,3.75
M1631867,2016-07-01,1200,4.125
M1631867,2016-08-01,600,4.0
M1631867,2016-09-01,1200,4.125
M1631867,2016-10-01,1200,3.125
M1631867,2016-11-01,600,3.75
M1631867,2016-12-01,600,3.25
M1631867,2017-01-01,900,4.166666666666667
M1631867,2017-02-01,300,4.0
M1631867,2017-03-01,600,4.0
M1631867,2017-04-01,600,4.0
M1631867,2017-05-01,900,3.6666666666666665
M1631867,2017-08-01,300,4.0
M1631867,2017-09-01,300,1.0
M1631867,2017-10-01,300,3.5
M1631867,2017-11-01,600,2.5
M1631867,2018-01-01,300,4.5
M1631867,2018-02-01,300,4.0
M1631867,2018-04-01,300,5.0
M1631867,2018-05-01,300,3.5
M1631867,2018-07-01,2100,4.0
M1631867,2018-08-01,300,4.0
M1631867,2018-10-01,600,3.75
M1631867,2018-11-01,600,3.75
M1631867,2019-01-01,600,3.75
M1631867,2019-02-01,600,4.0
M1631867,2019-04-01,300,4.0
M1631867,2019-05-01,300,5.0
M1631867,2019-07-01,600,4.5
M1631867,2019-08-01,1200,3.625
M1631867,2019-09-01,600,3.5
M1631867,2019-10-01,300,4.0
M1631867,2019-11-01,300,3.5
M1631867,2019-12-01,300,4.5
M1631867,2020-01-01,600,4.0
M1631867,2020-02-01,600,3.5
M1631867,2020-03-01,900,3.8333333333333335
M1631867,2020-04-01,1500,3.6
M1631867,2020-05-01,600,4.0
M1631867,2020-06-01,600,4.0
M1631867,2020-07-01,300,3.5
M1631867,2020-08-01,300,4.0
M1631867,2020-09-01,300,3.5
M1631867,2021-07-01,300,4.0
M1663202,2015-12-01,53400,4.078651685393258
M1663202,2016-01-01,246900,4.1366950182260025
M1663202,2016-02-01,76200,4.080708661417323
M1663202,2016-03-01,30000,4.005
M1663202,2016-04-01,38700,4.034883720930233
M1663202,2016-05-01,18900,4.150793650793651
M1663202,2016-06-01,9000,3.95
M1663202,2016-07-01,8400,4.0
M1663202,2016-08-01,7500,3.92
M1663202,2016-09-01,6300,3.9761904761904763
M1663202,2016-10-01,1800,3.75
M1663202,2016-11-01,3000,3.8
M1663202,2016-12-01,2700,3.888888888888889
M1663202,2017-01-01,3000,3.85
M1663202,2017-02-01,1500,4.2
M1663202,2017-03-01,1800,3.9166666666666665
M1663202,2017-04-01,2400,4.1875
M1663202,2017-05-01,2400,3.625
M1663202,2017-06-01,2100,3.9285714285714284
M1663202,2017-07-01,300,3.5
M1663202,2017-08-01,3300,3.9545454545454546
M1663202,2017-09-01,600,2.75
M1663202,2017-10-01,1500,4.2
M1663202,2017-11-01,1800,3.5833333333333335
M1663202,2017-12-01,600,4.25
M1663202,2018-01-01,1500,4.1
M1663202,2018-02-01,1200,3.75
M1663202,2018-03-01,900,4.5
M1663202,2018-04-01,300,5.0
M1663202,2018-05-01,600,4.0
M1663202,2018-06-01,300,4.0
M1663202,2018-08-01,900,3.1666666666666665
M1663202,2018-09-01,600,4.25
M1663202,2018-10-01,900,4.666666666666667
M1663202,2018-11-01,300,2.5
M1663202,2018-12-01,900,3.0
M1663202,2019-01-01,900,4.0
M1663202,2019-02-01,600,3.5
M1663202,2019-03-01,1500,4.2
M1663202,2019-04-01,300,4.5
M1663202,2019-05-01,1200,4.0
M1663202,2019-06-01,1800,4.25
M1663202,2019-07-01,1800,3.8333333333333335
M1663202,2019-08-01,1200,3.75
M1663202,2019-09-01,300,5.0
M1663202,2019-10-01,600,4.5
M1663202,2019-12-01,600,3.25
M1663202,2020-01-01,2700,4.388888888888889
M1663202,2020-02-01,1500,3.8
M1663202,2020-03-01,1500,4.5
M1663202,2020-04-01,3300,3.5454545454545454
M1663202,2020-05-01,1500,3.7
M1663202,2020-06-01,900,3.8333333333333335
M1663202,2020-07-01,900,4.166666666666667
M1663202,2020-08-01,600,4.0
M1663202,2020-09-01,600,4.5
M1663202,2021-01-01,600,2.25
M1663202,2021-02-01,600,3.75
M1663202,2021-10-01,600,4.25
M1663202,2021-11-01,300,4.0
M1663662,2013-07-01,171300,3.862521891418564
M1663662,2013-08-01,43500,3.720689655172414
M1663662,2013-09-01,9900,3.5
M1663662,2013-10-01,75000,3.378
M1663662,2013-11-01,27900,3.370967741935484
M1663662,2013-12-01,18000,3.2916666666666665
M1663662,2014-01-01,12600,3.4285714285714284
M1663662,2014-02-01,7200,3.3541666666666665
M1663662,2014-03-01,5400,3.388888888888889
M1663662,2014-04-01,4500,3.2
M1663662,2014-05-01,6600,3.090909090909091
M1663662,2014-06-01,2700,3.5555555555555554
M1663662,2014-07-01,5700,3.3157894736842106
M1663662,2014-08-01,3000,2.9
M1663662,2014-09-01,2400,3.3125
M1663662,2014-10-01,1200,3.375
M1663662,2014-12-01,300,4.5
M1663662,2015-01-01,1500,2.9
M1663662,2015-02-01,1500,3.5
M1663662,2015-03-01,1200,3.5
M1663662,2015-04-01,600,2.25
M1663662,2015-05-01,900,3.0
M1663662,2015-06-01,900,3.5
M1663662,2015-07-01,900,2.8333333333333335
M1663662,2015-08-01,900,3.5
M1663662,2015-09-01,600,2.75
M1663662,2015-10-01,900,4.166666666666667
M1663662,2015-11-01,300,3.5
M1663662,2015-12-01,300,4.0
M1663662,2016-02-01,300,2.0
M1663662,2016-03-01,300,3.5
M1663662,2016-04-01,900,3.6666666666666665
M1663662,2016-06-01,300,4.5
M1663662,2016-09-01,900,3.5
M1663662,2016-10-01,300,4.5
M1663662,2017-01-01,900,3.6666666666666665
M1663662,2017-03-01,300,3.5
M1663662,2017-04-01,300,3.5
M1663662,2017-05-01,300,5.0
M1663662,2017-07-01,300,1.0
M1663662,2017-09-01,300,1.5
M1663662,2017-11-01,600,4.0
M1663662,2017-12-01,300,3.0
M1663662,2018-02-01,900,3.6666666666666665
M1663662,2018-03-01,900,2.5
M1663662,2018-04-01,900,3.3333333333333335
M1663662,2018-05-01,600,3.25
M1663662,2018-06-01,600,3.75
M1663662,2018-07-01,300,2.5
M1663662,2018-08-01,300,3.5
M1663662,2018-10-01,600,2.75
M1663662,2018-11-01,300,3.0
M1663662,2019-02-01,300,4.0
M1663662,2019-03-01,300,2.5
M1663662,2019-04-01,300,3.0
M1663662,2019-05-01,300,3.0
M1663662,2020-02-01,600,4.5
M1663662,2020-08-01,300,2.5
M1663662,2021-04-01,300,3.0
M1663662,2021-06-01,600,3.5
M1663662,2021-07-01,300,4.0
M1670345,2013-05-01,5100,3.7941176470588234
M1670345,2013-06-01,103800,3.8641618497109826
M1670345,2013-07-01,60000,3.67
M1670345,2013-08-01,89100,3.782828282828283
M1670345,2013-09-01,120900,3.7803970223325063
M1670345,2013-10-01,38400,3.62890625
M1670345,2013-11-01,21900,3.691780821917808
M1670345,2013-12-01,26400,3.4943181818181817
M1670345,2014-01-01,20700,3.6956521739130435
M1670345,2014-02-01,7200,3.6666666666666665
M1670345,2014-03-01,8100,3.5555555555555554
M1670345,2014-04-01,6900,3.717391304347826
M1670345,2014-05-01,6300,3.5714285714285716
M1670345,2014-06-01,4500,3.6333333333333333
M1670345,2014-07-01,5100,3.5294117647058822
M1670345,2014-08-01,4500,3.6
M1670345,2014-09-01,2400,4.1875
M1670345,2014-10-01,300,3.0
M1670345,2014-11-01,900,4.0
M1670345,2014-12-01,900,4.0
M1670345,2015-01-01,3300,3.6818181818181817
M1670345,2015-02-01,1800,4.416666666666667
M1670345,2015-03-01,2400,3.8125
M1670345,2015-04-01,1500,3.6
M1670345,2015-05-01,1200,3.875
M1670345,2015-06-01,1200,3.625
M1670345,2015-07-01,1200,3.875
M1670345,2015-08-01,1500,3.3
M1670345,2015-09-01,600,4.5
M1670345,2015-10-01,1200,3.25
M1670345,2015-11-01,900,3.8333333333333335
M1670345,2015-12-01,1500,3.0
M1670345,2016-01-01,2400,3.5625
M1670345,2016-02-01,1500,4.0
M1670345,2016-03-01,900,3.8333333333333335
M1670345,2016-04-01,1500,4.1
M1670345,2016-05-01,900,3.6666666666666665
M1670345,2016-06-01,4500,4.166666666666667
M1670345,2016-07-01,3600,3.375
M1670345,2016-08-01,6300,3.4523809523809526
M1670345,2016-09-01,3300,3.8636363636363638
M1670345,2016-10-01,3000,3.75
M1670345,2016-11-01,2400,3.5
M1670345,2016-12-01,300,4.0
M1670345,2017-01-01,600,4.0
M1670345,2017-02-01,300,3.5
M1670345,2017-04-01,900,3.1666666666666665
M1670345,2017-05-01,900,3.6666666666666665
M1670345,2017-06-01,600,4.75
M1670345,2017-07-01,600,3.5
M1670345,2017-08-01,1200,3.5
M1670345,2017-10-01,300,3.5
M1670345,2017-12-01,300,3.5
M1670345,2018-01-01,300,4.0
M1670345,2018-02-01,300,3.5
M1670345,2018-03-01,300,5.0
M1670345,2018-06-01,300,2.0
M1670345,2018-07-01,900,4.166666666666667
M1670345,2018-10-01,600,3.75
M1670345,2018-11-01,300,4.0
M1670345,2019-01-01,900,3.6666666666666665
M1670345,2019-02-01,1200,3.75
M1670345,2019-03-01,600,3.75
M1670345,2019-05-01,300,5.0
M1670345,2019-06-01,300,4.0
M1670345,2019-08-01,300,2.0
M1670345,2019-11-01,600,3.25
M1670345,2019-12-01,300,3.5
M1670345,2020-02-01,600,3.5
M1670345,2020-03-01,300,2.5
M1670345,2020-04-01,900,3.6666666666666665
M1670345,2020-05-01,900,4.0
M1670345,2020-06-01,600,3.75
M1670345,2020-08-01,300,3.5
M1670345,2021-01-01,600,4.75
M1670345,2021-03-01,300,3.5
M1670345,2021-11-01,300,4.0
M1723121,2013-08-01,57600,3.7421875
M1723121,2013-09-01,78900,3.7243346007604563
M1723121,2013-10-01,17700,3.5084745762711864
M1723121,2013-11-01,52500,3.617142857142857
M1723121,2013-12-01,31200,3.5673076923076925
M1723121,2014-01-01,19500,3.6384615384615384
M1723121,2014-02-01,10800,3.513888888888889
M1723121,2014-03-01,5400,3.7222222222222223
M1723121,2014-04-01,5100,3.3529411764705883
M1723121,2014-05-01,5400,3.75
M1723121,2014-06-01,5100,3.5
M1723121,2014-07-01,9300,3.6774193548387095
M1723121,2014-08-01,5100,3.2941176470588234
M1723121,2014-09-01,1800,3.4166666666666665
M1723121,2014-10-01,2400,3.625
M1723121,2014-11-01,1200,4.0
M1723121,2014-12-01,1800,3.75
M1723121,2015-01-01,2700,3.611111111111111
M1723121,2015-02-01,1500,3.7
M1723121,2015-03-01,1500,4.0
M1723121,2015-04-01,300,4.0
M1723121,2015-05-01,1200,3.625
M1723121,2015-06-01,1200,3.5
M1723121,2015-08-01,2400,3.6875
M1723121,2015-10-01,600,3.75
M1723121,2015-11-01,600,3.25
M1723121,2015-12-01,300,4.5
M1723121,2016-01-01,900,3.6666666666666665
M1723121,2016-02-01,600,3.0
M1723121,2016-03-01,600,3.75
M1723121,2016-04-01,300,3.5
M1723121,2016-05-01,600,3.25
M1723121,2016-07-01,600,3.5
M1723121,2016-09-01,300,4.0
M1723121,2016-10-01,600,4.25
M1723121,2016-11-01,300,2.5
M1723121,2016-12-01,300,3.5
M1723121,2017-01-01,600,4.25
M1723121,2017-02-01,300,4.5
M1723121,2017-03-01,300,4.0
M1723121,2017-04-01,300,4.0
M1723121,2017-05-01,900,3.8333333333333335
M1723121,2017-06-01,1200,4.0
M1723121,2017-07-01,300,3.5
M1723121,2017-08-01,600,3.75
M1723121,2017-09-01,900,4.166666666666667
M1723121,2017-11-01,300,2.5
M1723121,2017-12-01,300,3.5
M1723121,2018-01-01,900,3.0
M1723121,2018-02-01,300,4.5
M1723121,2018-03-01,300,4.0
M1723121,2018-04-01,600,4.25
M1723121,2018-06-01,900,3.3333333333333335
M1723121,2018-07-01,300,4.0
M1723121,2018-08-01,900,3.5
M1723121,2018-09-01,600,3.75
M1723121,2018-10-01,300,4.5
M1723121,2018-11-01,300,3.0
M1723121,2018-12-01,300,4.5
M1723121,2019-01-01,900,4.0
M1723121,2019-02-01,900,2.8333333333333335
M1723121,2019-03-01,300,2.0
M1723121,2019-04-01,600,3.0
M1723121,2019-05-01,600,3.75
M1723121,2019-06-01,300,3.5
M1723121,2019-07-01,600,3.25
M1723121,2019-08-01,300,4.0
M1723121,2019-10-01,300,2.5
M1723121,2019-12-01,600,4.0
M1723121,2020-01-01,300,3.0
M1723121,2020-02-01,300,2.0
M1723121,2020-03-01,600,3.75
M1723121,2020-04-01,300,4.0
M1723121,2020-06-01,600,3.25
M1723121,2020-08-01,300,4.0
M1723121,2020-09-01,300,3.0
M1723121,2021-01-01,300,3.0
M1723121,2021-02-01,300,3.0
M1723121,2021-03-01,300,2.0
M1723121,2021-06-01,300,4.0
M1723121,2021-07-01,600,3.75
M1798709,2013-10-01,300,5.0
M1798709,2013-11-01,300,4.5
M1798709,2013-12-01,3600,4.416666666666667
M1798709,2014-01-01,83700,4.21326164874552
M1798709,2014-02-01,75900,4.0810276679841895
M1798709,2014-03-01,42600,4.059859154929577
M1798709,2014-04-01,22200,4.074324324324325
M1798709,2014-05-01,43200,3.9270833333333335
M1798709,2014-06-01,19800,3.765151515151515
M1798709,2014-07-01,20100,3.8955223880597014
M1798709,2014-08-01,13200,3.534090909090909
M1798709,2014-09-01,6000,3.875
M1798709,2014-10-01,9300,4.193548387096774
M1798709,2014-11-01,5100,3.735294117647059
M1798709,2014-12-01,5100,3.9705882352941178
M1798709,2015-01-01,10200,3.8088235294117645
M1798709,2015-02-01,6300,4.0476190476190474
M1798709,2015-03-01,3900,3.6153846153846154
M1798709,2015-04-01,2400,3.8125
M1798709,2015-05-01,1200,3.875
M1798709,2015-06-01,2700,3.5555555555555554
M1798709,2015-07-01,3000,3.75
M1798709,2015-08-01,2100,4.071428571428571
M1798709,2015-09-01,900,3.3333333333333335
M1798709,2015-10-01,1500,3.3
M1798709,2015-11-01,1800,4.25
M1798709,2015-12-01,2400,3.5625
M1798709,2016-01-01,2700,3.7777777777777777
M1798709,2016-02-01,1800,4.5
M1798709,2016-03-01,1200,3.875
M1798709,2016-04-01,2400,3.9375
M1798709,2016-05-01,1500,4.0
M1798709,2016-06-01,1200,4.5
M1798709,2016-07-01,300,5.0
M1798709,2016-08-01,600,4.0
M1798709,2016-09-01,1500,4.3
M1798709,2016-10-01,1200,3.875
M1798709,2016-11-01,300,3.5
M1798709,2016-12-01,2100,4.714285714285714
M1798709,2017-01-01,2400,4.1875
M1798709,2017-02-01,900,4.333333333333333
M1798709,2017-03-01,2100,4.357142857142857
M1798709,2017-04-01,300,5.0
M1798709,2017-05-01,1500,4.6
M1798709,2017-06-01,2100,4.0
M1798709,2017-07-01,3300,4.136363636363637
M1798709,2017-08-01,3300,3.8636363636363638
M1798709,2017-09-01,1500,4.1
M1798709,2017-10-01,900,4.666666666666667
M1798709,2017-11-01,1800,4.416666666666667
M1798709,2017-12-01,1800,3.6666666666666665
M1798709,2018-01-01,2700,4.111111111111111
M1798709,2018-02-01,1500,3.2
M1798709,2018-03-01,1500,4.7
M1798709,2018-04-01,4200,4.392857142857143
M1798709,2018-05-01,900,4.666666666666667
M1798709,2018-06-01,2400,4.25
M1798709,2018-07-01,2100,4.142857142857143
M1798709,2018-08-01,2100,4.214285714285714
M1798709,2018-09-01,2100,4.285714285714286
M1798709,2018-10-01,1500,4.0
M1798709,2018-11-01,1800,4.333333333333333
M1798709,2018-12-01,1500,4.2
M1798709,2019-01-01,1800,4.333333333333333
M1798709,2019-02-01,1800,4.166666666666667
M1798709,2019-03-01,1500,4.3
M1798709,2019-04-01,1500,4.8
M1798709,2019-05-01,1200,4.5
M1798709,2019-06-01,1200,3.625
M1798709,2019-07-01,2400,3.5625
M1798709,2019-08-01,3900,3.8846153846153846
M1798709,2019-09-01,3000,4.1
M1798709,2019-10-01,4200,3.9642857142857144
M1798709,2019-11-01,2400,3.6875
M1798709,2019-12-01,1500,4.0
M1798709,2020-01-01,3300,3.5
M1798709,2020-02-01,2400,4.1875
M1798709,2020-03-01,3900,4.115384615384615
M1798709,2020-04-01,4200,3.892857142857143
M1798709,2020-05-01,1200,4.0
M1798709,2020-06-01,1500,3.7
M1798709,2020-07-01,900,4.5
M1798709,2020-08-01,1200,4.0
M1798709,2020-09-01,2100,4.142857142857143
M1798709,2021-01-01,300,4.0
M1798709,2021-02-01,300,1.5
M1798709,2021-04-01,300,4.0
M1798709,2021-06-01,300,4.0
M1798709,2021-10-01,300,4.0
M1798709,2021-11-01,600,4.75
M1800241,2013-12-01,43500,4.086206896551724
M1800241,2014-01-01,183300,3.806873977086743
M1800241,2014-02-01,69300,3.7142857142857144
M1800241,2014-03-01,73500,3.610204081632653
M1800241,2014-04-01,23400,3.551282051282051
M1800241,2014-05-01,13500,3.611111111111111
M1800241,2014-06-01,7800,3.423076923076923
M1800241,2014-07-01,9900,3.757575757575758
M1800241,2014-08-01,6300,3.142857142857143
M1800241,2014-09-01,6000,3.825
M1800241,2014-10-01,4500,3.6666666666666665
M1800241,2014-11-01,2400,3.375
M1800241,2014-12-01,2100,3.2857142857142856
M1800241,2015-01-01,6600,3.659090909090909
M1800241,2015-02-01,3600,3.7916666666666665
M1800241,2015-03-01,1800,3.6666666666666665
M1800241,2015-04-01,2700,3.6666666666666665
M1800241,2015-05-01,3900,3.5
M1800241,2015-06-01,1200,3.375
M1800241,2015-07-01,1500,3.9
M1800241,2015-08-01,600,4.25
M1800241,2015-09-01,900,2.6666666666666665
M1800241,2015-10-01,900,3.6666666666666665
M1800241,2015-11-01,600,3.75
M1800241,2015-12-01,300,4.5
M1800241,2016-01-01,2400,3.6875
M1800241,2016-02-01,900,3.1666666666666665
M1800241,2016-03-01,900,3.3333333333333335
M1800241,2016-04-01,900,3.6666666666666665
M1800241,2016-05-01,600,3.25
M1800241,2016-07-01,600,4.0
M1800241,2016-08-01,600,4.25
M1800241,2016-09-01,600,3.5
M1800241,2016-10-01,300,3.5
M1800241,2016-11-01,900,3.6666666666666665
M1800241,2016-12-01,300,4.5
M1800241,2017-01-01,900,3.6666666666666665
M1800241,2017-02-01,900,3.8333333333333335
M1800241,2017-03-01,900,3.5
M1800241,2017-04-01,1800,3.8333333333333335
M1800241,2017-05-01,600,4.0
M1800241,2017-07-01,900,4.333333333333333
M1800241,2017-08-01,600,3.5
M1800241,2017-09-01,1200,3.375
M1800241,2017-11-01,300,4.0
M1800241,2017-12-01,300,4.5
M1800241,2018-01-01,600,3.75
M1800241,2018-03-01,600,3.75
M1800241,2018-04-01,900,4.333333333333333
M1800241,2018-05-01,600,3.75
M1800241,2018-06-01,300,4.0
M1800241,2018-08-01,900,2.8333333333333335
M1800241,2018-09-01,300,2.0
M1800241,2018-10-01,1500,3.8
M1800241,2018-11-01,900,4.166666666666667
M1800241,2018-12-01,600,3.5
M1800241,2019-01-01,900,3.5
M1800241,2019-02-01,300,3.5
M1800241,2019-03-01,300,2.0
M1800241,2019-04-01,600,4.0
M1800241,2019-06-01,300,4.5
M1800241,2019-07-01,900,3.6666666666666665
M1800241,2019-08-01,600,3.5
M1800241,2019-09-01,300,3.0
M1800241,2019-10-01,300,4.5
M1800241,2019-11-01,600,3.75
M1800241,2019-12-01,300,4.0
M1800241,2020-01-01,900,3.1666666666666665
M1800241,2020-02-01,1200,4.5
M1800241,2020-03-01,1200,4.0
M1800241,2020-04-01,1200,3.5
M1800241,2020-05-01,600,3.75
M1800241,2020-06-01,600,4.0
M1800241,2020-07-01,600,3.75
M1800241,2020-08-01,1500,4.1
M1800241,2020-09-01,600,4.0
M1800241,2021-03-01,300,4.5
M1800241,2021-04-01,300,2.0
M1800241,2021-05-01,300,4.0
M1800241,2021-08-01,300,2.5
M1800241,2021-10-01,300,4.0
M1843866,2014-03-01,57300,4.115183246073299
M1843866,2014-04-01,198300,4.049924357034795
M1843866,2014-05-01,21000,4.007142857142857
M1843866,2014-06-01,4800,3.90625
M1843866,2014-07-01,8700,3.706896551724138
M1843866,2014-08-01,46200,3.7305194805194803
M1843866,2014-09-01,15300,3.823529411764706
M1843866,2014-10-01,9300,3.838709677419355
M1843866,2014-11-01,3900,3.8461538461538463
M1843866,2014-12-01,3900,3.923076923076923
M1843866,2015-01-01,7200,3.5833333333333335
M1843866,2015-02-01,3900,4.038461538461538
M1843866,2015-03-01,3300,3.727272727272727
M1843866,2015-04-01,3600,3.5
M1843866,2015-05-01,6000,3.9
M1843866,2015-06-01,1200,4.25
M1843866,2015-07-01,1200,4.0
M1843866,2015-08-01,600,4.25
M1843866,2015-09-01,300,4.0
M1843866,2015-10-01,900,4.0
M1843866,2015-11-01,1200,4.375
M1843866,2015-12-01,1500,4.0
M1843866,2016-01-01,900,3.6666666666666665
M1843866,2016-02-01,600,4.25
M1843866,2016-03-01,2100,4.142857142857143
M1843866,2016-04-01,2700,3.6666666666666665
M1843866,2016-05-01,6600,3.8181818181818183
M1843866,2016-06-01,1200,3.625
M1843866,2016-07-01,600,4.5
M1843866,2016-08-01,1500,4.0
M1843866,2016-09-01,1500,3.7
M1843866,2016-10-01,600,3.0
M1843866,2016-11-01,600,3.75
M1843866,2016-12-01,300,4.5
M1843866,2017-01-01,900,3.6666666666666665
M1843866,2017-02-01,300,3.5
M1843866,2017-03-01,600,4.25
M1843866,2017-04-01,1500,3.6
M1843866,2017-05-01,300,3.5
M1843866,2017-06-01,600,4.0
M1843866,2017-07-01,1500,4.3
M1843866,2017-08-01,600,4.0
M1843866,2017-09-01,1500,3.8
M1843866,2017-10-01,300,4.0
M1843866,2017-11-01,600,4.25
M1843866,2017-12-01,1200,4.0
M1843866,2018-02-01,900,4.333333333333333
M1843866,2018-03-01,2400,4.0
M1843866,2018-04-01,1500,4.1
M1843866,2018-05-01,1500,3.9
M1843866,2018-06-01,1500,4.2
M1843866,2018-07-01,1200,3.75
M1843866,2018-08-01,2400,3.6875
M1843866,2018-09-01,900,2.6666666666666665
M1843866,2018-10-01,900,4.333333333333333
M1843866,2018-11-01,300,5.0
M1843866,2018-12-01,600,4.0
M1843866,2019-01-01,900,4.166666666666667
M1843866,2019-02-01,600,4.25
M1843866,2019-03-01,3300,4.0
M1843866,2019-04-01,2400,4.125
M1843866,2019-05-01,3900,4.038461538461538
M1843866,2019-06-01,2100,3.9285714285714284
M1843866,2019-07-01,1800,3.8333333333333335
M1843866,2019-08-01,1500,3.7
M1843866,2019-09-01,300,4.0
M1843866,2019-10-01,300,5.0
M1843866,2019-11-01,900,3.5
M1843866,2020-03-01,600,4.5
M1843866,2020-04-01,1500,3.6
M1843866,2020-05-01,900,3.3333333333333335
M1843866,2020-06-01,600,4.0
M1843866,2020-07-01,1500,4.3
M1843866,2020-08-01,300,4.0
M1843866,2020-09-01,600,3.25
M1843866,2021-01-01,1500,3.8
M1843866,2021-02-01,600,3.75
M1843866,2021-03-01,900,3.6666666666666665
M1843866,2021-04-01,300,4.0
M1843866,2021-05-01,300,4.5
M1843866,2021-06-01,600,2.25
M1843866,2021-07-01,2100,4.142857142857143
M1843866,2021-08-01,300,4.5
M1843866,2021-10-01,300,4.0
M1843866,2021-11-01,600,3.75
M1853728,2013-02-01,900,4.5
M1853728,2013-03-01,54000,4.241666666666666
M1853728,2013-04-01,39900,4.154135338345864
M1853728,2013-05-01,32400,4.199074074074074
M1853728,2013-06-01,25500,4.341176470588235
M1853728,2013-07-01,17400,4.224137931034483
M1853728,2013-08-01,19500,4.253846153846154
M1853728,2013-09-01,11400,4.078947368421052
M1853728,2013-10-01,17100,4.307017543859649
M1853728,2013-11-01,6300,4.357142857142857
M1853728,2013-12-01,6600,4.295454545454546
M1853728,2014-01-01,9600,4.375
M1853728,2014-02-01,5100,4.205882352941177
M1853728,2014-03-01,6300,4.0476190476190474
M1853728,2014-04-01,7800,4.346153846153846
M1853728,2014-05-01,3000,4.45
M1853728,2014-06-01,1800,4.25
M1853728,2014-07-01,2400,4.375
M1853728,2014-08-01,2700,4.222222222222222
M1853728,2014-09-01,3000,4.2
M1853728,2014-10-01,3300,4.363636363636363
M1853728,2014-11-01,1800,4.25
M1853728,2014-12-01,2700,4.111111111111111
M1853728,2015-01-01,1200,3.875
M1853728,2015-02-01,2700,4.555555555555555
M1853728,2015-03-01,4800,4.1875
M1853728,2015-04-01,3000,4.15
M1853728,2015-05-01,2400,4.375
M1853728,2015-06-01,3000,4.4
M1853728,2015-07-01,1800,4.5
M1853728,2015-08-01,4800,4.0625
M1853728,2015-09-01,1200,3.875
M1853728,2015-10-01,1200,4.0
M1853728,2015-11-01,2400,4.3125
M1853728,2015-12-01,2400,4.4375
M1853728,2016-01-01,5100,4.470588235294118
M1853728,2016-02-01,2400,4.0625
M1853728,2016-03-01,900,3.8333333333333335
M1853728,2016-04-01,3600,4.375
M1853728,2016-05-01,2100,4.571428571428571
M1853728,2016-06-01,1800,4.333333333333333
M1853728,2016-07-01,1800,3.9166666666666665
M1853728,2016-08-01,1200,3.75
M1853728,2016-09-01,1800,4.583333333333333
M1853728,2016-10-01,900,4.333333333333333
M1853728,2016-11-01,1500,4.4
M1853728,2016-12-01,3000,4.5
M1853728,2017-01-01,2100,4.071428571428571
M1853728,2017-02-01,1200,4.5
M1853728,2017-03-01,900,4.833333333333333
M1853728,2017-04-01,600,4.0
M1853728,2017-05-01,900,4.166666666666667
M1853728,2017-06-01,1500,4.0
M1853728,2017-07-01,1200,4.375
M1853728,2017-08-01,600,3.25
M1853728,2017-09-01,1800,4.583333333333333
M1853728,2017-10-01,600,4.75
M1853728,2017-11-01,900,3.8333333333333335
M1853728,2017-12-01,600,4.5
M1853728,2018-01-01,900,4.0
M1853728,2018-03-01,1800,3.9166666666666665
M1853728,2018-04-01,600,4.75
M1853728,2018-05-01,1200,4.5
M1853728,2018-06-01,2100,4.214285714285714
M1853728,2018-07-01,2700,4.388888888888889
M1853728,2018-08-01,4200,4.285714285714286
M1853728,2018-09-01,1200,4.625
M1853728,2018-10-01,600,4.75
M1853728,2018-11-01,3000,4.05
M1853728,2018-12-01,900,4.666666666666667
M1853728,2019-01-01,2400,4.375
M1853728,2019-02-01,600,4.25
M1853728,2019-03-01,1200,4.25
M1853728,2019-04-01,300,4.0
M1853728,2019-06-01,1500,4.5
M1853728,2019-07-01,2100,4.285714285714286
M1853728,2019-08-01,2100,4.571428571428571
M1853728,2019-09-01,1800,4.833333333333333
M1853728,2019-10-01,1800,4.333333333333333
M1853728,2019-11-01,1500,3.9
M1853728,2019-12-01,1500,4.5
M1853728,2020-01-01,5700,4.2894736842105265
M1853728,2020-02-01,2100,3.9285714285714284
M1853728,2020-03-01,3600,4.375
M1853728,2020-04-01,5100,4.4411764705882355
M1853728,2020-05-01,2100,4.142857142857143
M1853728,2020-06-01,3900,4.423076923076923
M1853728,2020-07-01,1500,4.4
M1853728,2020-08-01,1800,4.333333333333333
M1853728,2021-01-01,600,4.5
M1853728,2021-02-01,300,4.0
M1853728,2021-03-01,900,4.166666666666667
M1853728,2021-04-01,600,4.75
M1853728,2021-05-01,900,4.666666666666667
M1853728,2021-06-01,300,3.5
M1853728,2021-07-01,300,4.5
M1853728,2021-08-01,600,4.5
M1853728,2021-11-01,900,4.333333333333333
M1872181,2014-04-01,83100,3.788808664259928
M1872181,2014-05-01,148200,3.694331983805668
M1872181,2014-06-01,12300,3.4878048780487805
M1872181,2014-07-01,14700,3.4591836734693877
M1872181,2014-08-01,33600,3.4107142857142856
M1872181,2014-09-01,12300,3.2195121951219514
M1872181,2014-10-01,6600,3.3181818181818183
M1872181,2014-11-01,3000,3.15
M1872181,2014-12-01,1800,3.3333333333333335
M1872181,2015-01-01,5100,3.411764705882353
M1872181,2015-02-01,3300,3.0454545454545454
M1872181,2015-03-01,3000,3.3
M1872181,2015-04-01,300,3.5
M1872181,2015-05-01,600,4.25
M1872181,2015-06-01,1800,3.0833333333333335
M1872181,2015-07-01,1800,3.5833333333333335
M1872181,2015-08-01,900,2.8333333333333335
M1872181,2015-09-01,900,3.6666666666666665
M1872181,2015-10-01,600,3.5
M1872181,2015-11-01,300,3.0
M1872181,2015-12-01,600,3.5
M1872181,2016-01-01,600,3.0
M1872181,2016-02-01,300,1.0
M1872181,2016-03-01,300,4.5
M1872181,2016-04-01,900,2.6666666666666665
M1872181,2016-05-01,600,3.25
M1872181,2016-08-01,900,2.1666666666666665
M1872181,2016-12-01,600,3.5
M1872181,2017-01-01,900,4.0
M1872181,2017-02-01,300,3.5
M1872181,2017-03-01,600,3.25
M1872181,2017-04-01,900,3.3333333333333335
M1872181,2017-05-01,300,4.0
M1872181,2017-07-01,300,2.0
M1872181,2017-09-01,300,2.0
M1872181,2017-12-01,300,3.0
M1872181,2018-01-01,300,2.0
M1872181,2018-02-01,300,3.0
M1872181,2018-04-01,600,3.25
M1872181,2018-07-01,300,3.0
M1872181,2018-08-01,300,3.0
M1872181,2018-09-01,300,3.5
M1872181,2018-10-01,600,4.25
M1872181,2019-05-01,300,3.5
M1872181,2019-06-01,300,1.5
M1872181,2019-08-01,600,3.5
M1872181,2020-06-01,300,1.5
M1872181,2020-08-01,600,4.5
M1872181,2021-08-01,300,3.5
M1877832,2014-05-01,226800,4.261243386243386
M1877832,2014-06-01,94800,4.07120253164557
M1877832,2014-07-01,11400,4.131578947368421
M1877832,2014-08-01,10200,4.0588235294117645
M1877832,2014-09-01,27900,3.9408602150537635
M1877832,2014-10-01,25500,3.988235294117647
M1877832,2014-11-01,10800,3.736111111111111
M1877832,2014-12-01,5700,3.8421052631578947
M1877832,2015-01-01,3600,3.9583333333333335
M1877832,2015-02-01,4800,4.0625
M1877832,2015-03-01,3900,3.8076923076923075
M1877832,2015-04-01,3300,4.181818181818182
M1877832,2015-05-01,4200,3.8214285714285716
M1877832,2015-06-01,1800,4.0
M1877832,2015-07-01,2400,3.625
M1877832,2015-08-01,2100,4.214285714285714
M1877832,2015-09-01,1200,4.125
M1877832,2015-10-01,1200,3.875
M1877832,2015-11-01,900,4.166666666666667
M1877832,2015-12-01,300,3.0
M1877832,2016-01-01,1500,4.2
M1877832,2016-02-01,300,5.0
M1877832,2016-03-01,900,3.5
M1877832,2016-04-01,1500,4.2
M1877832,2016-05-01,2700,4.111111111111111
M1877832,2016-06-01,1800,4.0
M1877832,2016-07-01,600,4.0
M1877832,2016-08-01,600,3.25
M1877832,2016-09-01,900,3.8333333333333335
M1877832,2016-10-01,300,4.0
M1877832,2016-11-01,300,4.5
M1877832,2016-12-01,600,4.0
M1877832,2017-01-01,900,3.8333333333333335
M1877832,2017-02-01,900,2.8333333333333335
M1877832,2017-03-01,1500,4.1
M1877832,2017-04-01,600,4.5
M1877832,2017-05-01,600,3.75
M1877832,2017-06-01,1500,3.9
M1877832,2017-07-01,300,4.5
M1877832,2017-10-01,900,4.0
M1877832,2018-01-01,600,5.0
M1877832,2018-02-01,600,4.0
M1877832,2018-04-01,600,5.0
M1877832,2018-05-01,600,4.25
M1877832,2018-07-01,300,5.0
M1877832,2018-08-01,600,4.5
M1877832,2018-09-01,1200,4.875
M1877832,2018-10-01,600,4.75
M1877832,2018-11-01,900,4.5
M1877832,2019-03-01,600,4.0
M1877832,2019-04-01,1200,4.625
M1877832,2019-05-01,600,4.25
M1877832,2019-06-01,1500,4.1
M1877832,2019-07-01,300,4.0
M1877832,2019-08-01,600,4.5
M1877832,2019-10-01,900,4.166666666666667
M1877832,2020-04-01,600,3.75
M1877832,2020-05-01,600,4.5
M1877832,2020-06-01,300,3.5
M1877832,2021-01-01,300,3.0
M1877832,2021-02-01,300,2.5
M1877832,2021-03-01,900,3.5
M1877832,2021-04-01,300,3.0
M1877832,2021-06-01,300,4.5
M1895587,2015-09-01,300,4.5
M1895587,2015-10-01,300,4.0
M1895587,2015-11-01,3300,4.545454545454546
M1895587,2015-12-01,12000,4.225
M1895587,2016-01-01,54600,4.1510989010989015
M1895587,2016-02-01,108000,4.0875
M1895587,2016-03-01,59400,4.03030303030303
M1895587,2016-04-01,18000,4.016666666666667
M1895587,2016-05-01,13200,4.0227272727272725
M1895587,2016-06-01,8400,4.125
M1895587,2016-07-01,6600,3.7954545454545454
M1895587,2016-08-01,6300,4.023809523809524
M1895587,2016-09-01,4800,4.03125
M1895587,2016-10-01,4800,4.15625
M1895587,2016-11-01,3000,4.55
M1895587,2016-12-01,3600,4.166666666666667
M1895587,2017-01-01,3000,4.3
M1895587,2017-02-01,3300,4.363636363636363
M1895587,2017-03-01,2700,4.166666666666667
M1895587,2017-04-01,2100,4.357142857142857
M1895587,2017-05-01,2100,3.7857142857142856
M1895587,2017-06-01,600,4.0
M1895587,2017-07-01,1800,3.75
M1895587,2017-08-01,1800,4.25
M1895587,2017-09-01,1500,4.5
M1895587,2017-10-01,600,3.75
M1895587,2017-11-01,900,3.5
M1895587,2017-12-01,1200,4.125
M1895587,2018-01-01,1500,3.7
M1895587,2018-02-01,1200,4.375
M1895587,2018-03-01,900,3.5
M1895587,2018-04-01,900,4.0
M1895587,2018-07-01,300,4.0
M1895587,2018-08-01,900,4.666666666666667
M1895587,2018-09-01,900,3.5
M1895587,2018-10-01,900,4.0
M1895587,2018-11-01,900,3.8333333333333335
M1895587,2018-12-01,1800,3.8333333333333335
M1895587,2019-01-01,900,4.0
M1895587,2019-02-01,1200,3.875
M1895587,2019-05-01,600,4.0
M1895587,2019-06-01,600,4.5
M1895587,2019-07-01,900,3.1666666666666665
M1895587,2019-08-01,600,4.5
M1895587,2019-09-01,900,4.166666666666667
M1895587,2019-10-01,1200,4.25
M1895587,2019-11-01,900,3.8333333333333335
M1895587,2019-12-01,300,4.0
M1895587,2020-01-01,900,3.1666666666666665
M1895587,2020-02-01,300,4.0
M1895587,2020-03-01,600,4.25
M1895587,2020-04-01,2400,4.3125
M1895587,2020-06-01,1500,3.3
M1895587,2020-07-01,900,4.5
M1895587,2020-08-01,1200,3.375
M1895587,2020-09-01,600,3.5
M1895587,2021-01-01,900,3.8333333333333335
M1895587,2021-02-01,600,4.75
M1895587,2021-03-01,300,4.0
M1895587,2021-04-01,600,3.25
M1895587,2021-05-01,1200,4.125
M1895587,2021-06-01,300,3.5
M1895587,2021-11-01,300,4.0
M1951264,2013-11-01,183900,4.124796084828711
M1951264,2013-12-01,96900,3.871517027863777
M1951264,2014-01-01,59700,3.8668341708542715
M1951264,2014-02-01,24900,3.746987951807229
M1951264,2014-03-01,35700,3.7142857142857144
M1951264,2014-04-01,13200,3.8636363636363638
M1951264,2014-05-01,9300,3.8548387096774195
M1951264,2014-06-01,6300,3.9047619047619047
M1951264,2014-07-01,5400,3.6666666666666665
M1951264,2014-08-01,3000,3.85
M1951264,2014-09-01,4800,3.53125
M1951264,2014-10-01,3600,3.625
M1951264,2014-11-01,3600,3.5833333333333335
M1951264,2014-12-01,2700,3.4444444444444446
M1951264,2015-01-01,2400,3.9375
M1951264,2015-02-01,1200,4.0
M1951264,2015-03-01,3300,3.727272727272727
M1951264,2015-04-01,2100,3.642857142857143
M1951264,2015-05-01,900,3.8333333333333335
M1951264,2015-06-01,1800,3.5833333333333335
M1951264,2015-07-01,1800,3.8333333333333335
M1951264,2015-08-01,1800,3.9166666666666665
M1951264,2015-09-01,600,3.5
M1951264,2015-10-01,1200,3.5
M1951264,2015-11-01,2700,4.0
M1951264,2015-12-01,600,2.5
M1951264,2016-01-01,2400,3.5
M1951264,2016-02-01,600,4.0
M1951264,2016-03-01,1500,3.7
M1951264,2016-04-01,900,3.0
M1951264,2016-06-01,600,2.25
M1951264,2016-07-01,900,3.8333333333333335
M1951264,2016-08-01,300,4.0
M1951264,2016-12-01,900,4.0
M1951264,2017-01-01,300,4.0
M1951264,2017-02-01,300,3.0
M1951264,2017-09-01,600,3.75
M1951264,2017-11-01,300,4.0
M1951264,2017-12-01,300,4.5
M1951264,2018-01-01,300,4.0
M1951264,2018-04-01,600,3.0
M1951264,2018-08-01,900,4.166666666666667
M1951264,2018-12-01,300,4.0
M1951264,2019-05-01,600,3.75
M1951264,2019-07-01,300,3.5
M1951264,2019-08-01,300,4.5
M1951264,2020-05-01,300,3.5
M1951264,2020-06-01,900,3.3333333333333335
M1951264,2020-08-01,300,5.0
M1951264,2021-07-01,300,3.5
M1951264,2021-11-01,300,3.5
M1979320,2013-09-01,87900,4.175767918088737
M1979320,2013-10-01,60600,4.242574257425742
M1979320,2013-11-01,8100,4.148148148148148
M1979320,2013-12-01,15000,4.29
M1979320,2014-01-01,101700,4.178466076696165
M1979320,2014-02-01,39600,4.109848484848484
M1979320,2014-03-01,18300,4.057377049180328
M1979320,2014-04-01,9900,4.196969696969697
M1979320,2014-05-01,5100,4.117647058823529
M1979320,2014-06-01,5100,4.264705882352941
M1979320,2014-07-01,4500,4.2
M1979320,2014-08-01,5700,4.078947368421052
M1979320,2014-09-01,4800,4.15625
M1979320,2014-10-01,4800,4.3125
M1979320,2014-11-01,3300,3.9545454545454546
M1979320,2014-12-01,3900,4.269230769230769
M1979320,2015-01-01,5100,4.176470588235294
M1979320,2015-02-01,2400,4.1875
M1979320,2015-03-01,1500,4.1
M1979320,2015-04-01,3600,4.083333333333333
M1979320,2015-05-01,3300,4.2272727272727275
M1979320,2015-06-01,1800,4.416666666666667
M1979320,2015-07-01,2400,4.3125
M1979320,2015-08-01,2100,4.071428571428571
M1979320,2015-09-01,1200,3.75
M1979320,2015-10-01,300,5.0
M1979320,2015-11-01,1800,4.083333333333333
M1979320,2015-12-01,1500,4.3
M1979320,2016-01-01,1200,3.75
M1979320,2016-02-01,600,4.25
M1979320,2016-03-01,1800,4.333333333333333
M1979320,2016-04-01,1200,3.875
M1979320,2016-05-01,1800,4.25
M1979320,2016-06-01,900,4.0
M1979320,2016-07-01,600,3.5
M1979320,2016-08-01,300,3.0
M1979320,2016-09-01,300,5.0
M1979320,2016-10-01,300,5.0
M1979320,2016-11-01,900,4.166666666666667
M1979320,2016-12-01,600,4.25
M1979320,2017-01-01,1200,3.75
M1979320,2017-02-01,300,4.0
M1979320,2017-03-01,600,3.5
M1979320,2017-04-01,300,4.5
M1979320,2017-05-01,900,4.5
M1979320,2017-06-01,600,4.25
M1979320,2017-07-01,300,4.0
M1979320,2017-08-01,300,4.0
M1979320,2017-09-01,300,4.5
M1979320,2017-10-01,900,3.8333333333333335
M1979320,2017-11-01,300,5.0
M1979320,2017-12-01,1200,4.375
M1979320,2018-01-01,600,4.5
M1979320,2018-02-01,600,4.5
M1979320,2018-03-01,300,2.5
M1979320,2018-04-01,300,4.5
M1979320,2018-06-01,900,4.333333333333333
M1979320,2018-07-01,600,4.5
M1979320,2018-09-01,600,4.0
M1979320,2018-11-01,300,4.0
M1979320,2019-01-01,300,4.0
M1979320,2019-03-01,900,4.5
M1979320,2019-04-01,600,4.5
M1979320,2019-05-01,600,4.25
M1979320,2019-06-01,1200,4.0
M1979320,2019-07-01,300,4.0
M1979320,2019-08-01,300,4.0
M1979320,2019-09-01,300,4.0
M1979320,2019-10-01,600,4.25
M1979320,2019-11-01,300,3.5
M1979320,2019-12-01,900,4.5
M1979320,2020-01-01,2100,4.285714285714286
M1979320,2020-02-01,300,4.5
M1979320,2020-03-01,300,5.0
M1979320,2020-04-01,900,4.5
M1979320,2020-05-01,1500,4.6
M1979320,2020-06-01,1500,4.4
M1979320,2020-07-01,1500,4.0
M1979320,2020-08-01,2400,4.4375
M1979320,2020-09-01,300,4.0
M1979320,2021-01-01,600,4.0
M1979320,2021-02-01,1500,4.0
M1979320,2021-03-01,300,4.5
M1979320,2021-06-01,300,2.5
M1979320,2021-07-01,600,4.75
M1979320,2021-10-01,300,3.5
M1979320,2021-11-01,300,4.0
M1981115,2013-10-01,22800,4.0855263157894735
M1981115,2013-11-01,204300,3.8105726872246697
M1981115,2013-12-01,22500,3.6333333333333333
M1981115,2014-01-01,6000,3.875
M1981115,2014-02-01,44400,3.4527027027027026
M1981115,2014-03-01,27600,3.6467391304347827
M1981115,2014-04-01,11700,3.448717948717949
M1981115,2014-05-01,7500,3.2
M1981115,2014-06-01,5100,3.588235294117647
M1981115,2014-07-01,3300,3.409090909090909
M1981115,2014-08-01,5100,3.235294117647059
M1981115,2014-09-01,4200,3.357142857142857
M1981115,2014-10-01,2100,3.4285714285714284
M1981115,2014-11-01,600,4.0
M1981115,2014-12-01,1200,4.0
M1981115,2015-01-01,1500,3.2
M1981115,2015-02-01,900,3.5
M1981115,2015-03-01,900,4.166666666666667
M1981115,2015-04-01,2700,3.4444444444444446
M1981115,2015-05-01,2700,3.3333333333333335
M1981115,2015-06-01,300,2.5
M1981115,2015-07-01,300,3.0
M1981115,2015-08-01,300,4.0
M1981115,2015-09-01,300,3.0
M1981115,2015-10-01,600,3.25
M1981115,2015-11-01,900,3.3333333333333335
M1981115,2015-12-01,300,3.5
M1981115,2016-01-01,900,3.5
M1981115,2016-02-01,600,3.5
M1981115,2016-03-01,600,3.75
M1981115,2016-04-01,1500,3.5
M1981115,2016-05-01,600,3.25
M1981115,2016-06-01,600,3.5
M1981115,2016-08-01,1500,2.9
M1981115,2016-09-01,1500,3.8
M1981115,2016-11-01,600,2.5
M1981115,2017-01-01,900,3.6666666666666665
M1981115,2017-02-01,300,5.0
M1981115,2017-04-01,1500,3.7
M1981115,2017-05-01,1200,3.75
M1981115,2017-06-01,900,4.0
M1981115,2017-07-01,1500,3.6
M1981115,2017-08-01,300,4.0
M1981115,2017-09-01,1200,3.5
M1981115,2017-10-01,900,3.6666666666666665
M1981115,2017-11-01,900,2.5
M1981115,2017-12-01,1800,3.75
M1981115,2018-01-01,2100,3.5
M1981115,2018-02-01,1500,3.6
M1981115,2018-03-01,1200,3.125
M1981115,2018-04-01,1500,3.9
M1981115,2018-05-01,1800,3.3333333333333335
M1981115,2018-06-01,1500,3.4
M1981115,2018-07-01,1200,4.0
M1981115,2018-08-01,2100,3.0714285714285716
M1981115,2018-09-01,600,3.0
M1981115,2018-10-01,300,4.5
M1981115,2018-11-01,300,3.5
M1981115,2018-12-01,1500,3.0
M1981115,2019-01-01,300,3.5
M1981115,2019-02-01,900,3.5
M1981115,2019-03-01,3300,3.5
M1981115,2019-04-01,1800,3.1666666666666665
M1981115,2019-05-01,3900,3.5
M1981115,2019-06-01,900,3.0
M1981115,2019-07-01,1200,3.625
M1981115,2019-08-01,1200,4.0
M1981115,2019-09-01,300,4.0
M1981115,2019-10-01,300,4.5
M1981115,2019-11-01,900,2.1666666666666665
M1981115,2020-03-01,300,4.5
M1981115,2020-04-01,1800,3.3333333333333335
M1981115,2020-05-01,600,2.75
M1981115,2020-06-01,900,3.0
M1981115,2020-07-01,1200,3.625
M1981115,2020-08-01,300,3.5
M1981115,2020-09-01,900,3.1666666666666665
M1981115,2021-01-01,1200,3.25
M1981115,2021-02-01,300,3.5
M1981115,2021-03-01,900,3.3333333333333335
M1981115,2021-04-01,300,4.0
M1981115,2021-05-01,900,3.0
M1981115,2021-06-01,600,3.5
M1981115,2021-07-01,600,3.25
M1981115,2021-11-01,300,3.0
M2015381,2014-07-01,13800,4.293478260869565
M2015381,2014-08-01,200100,4.152923538230884
M2015381,2014-09-01,29700,4.141414141414141
M2015381,2014-10-01,8100,4.12962962962963
M2015381,2014-11-01,16800,3.9017857142857144
M2015381,2014-12-01,19500,3.9
M2015381,2015-01-01,19500,3.9
M2015381,2015-02-01,9600,3.8125
M2015381,2015-03-01,9000,3.8666666666666667
M2015381,2015-04-01,8100,3.962962962962963
M2015381,2015-05-01,5700,3.8684210526315788
M2015381,2015-06-01,5400,3.5
M2015381,2015-07-01,1800,4.333333333333333
M2015381,2015-08-01,3900,3.8076923076923075
M2015381,2015-09-01,600,4.25
M2015381,2015-10-01,1800,4.25
M2015381,2015-11-01,2100,3.9285714285714284
M2015381,2015-12-01,1200,3.625
M2015381,2016-01-01,2100,4.142857142857143
M2015381,2016-02-01,1500,3.5
M2015381,2016-03-01,1800,3.8333333333333335
M2015381,2016-04-01,900,4.0
M2015381,2016-05-01,2100,4.214285714285714
M2015381,2016-06-01,900,2.0
M2015381,2016-07-01,1500,4.0
M2015381,2016-08-01,1200,3.0
M2015381,2016-09-01,1200,4.375
M2015381,2016-10-01,600,3.0
M2015381,2016-11-01,900,4.333333333333333
M2015381,2016-12-01,2400,4.25
M2015381,2017-01-01,1500,3.9
M2015381,2017-02-01,600,4.0
M2015381,2017-03-01,1200,3.625
M2015381,2017-04-01,3600,3.875
M2015381,2017-05-01,3300,4.2272727272727275
M2015381,2017-06-01,1500,4.3
M2015381,2017-07-01,1800,4.416666666666667
M2015381,2017-08-01,2100,4.071428571428571
M2015381,2017-09-01,2100,3.7857142857142856
M2015381,2017-10-01,600,4.25
M2015381,2017-11-01,900,4.166666666666667
M2015381,2017-12-01,1800,4.25
M2015381,2018-01-01,900,4.333333333333333
M2015381,2018-02-01,1500,3.4
M2015381,2018-03-01,1800,3.5
M2015381,2018-04-01,1800,4.333333333333333
M2015381,2018-05-01,3000,3.6
M2015381,2018-06-01,2400,3.875
M2015381,2018-07-01,1800,4.083333333333333
M2015381,2018-08-01,3900,3.8846153846153846
M2015381,2018-09-01,900,3.6666666666666665
M2015381,2018-10-01,1200,4.5
M2015381,2018-11-01,900,4.333333333333333
M2015381,2018-12-01,900,3.5
M2015381,2019-01-01,1200,4.125
M2015381,2019-02-01,900,4.166666666666667
M2015381,2019-03-01,3600,4.041666666666667
M2015381,2019-04-01,2700,3.888888888888889
M2015381,2019-05-01,5400,3.861111111111111
M2015381,2019-06-01,1200,4.25
M2015381,2019-07-01,1500,4.0
M2015381,2019-08-01,2100,3.857142857142857
M2015381,2019-09-01,300,3.5
M2015381,2019-10-01,300,5.0
M2015381,2019-11-01,900,4.0
M2015381,2020-02-01,600,4.0
M2015381,2020-03-01,600,4.25
M2015381,2020-04-01,1200,4.25
M2015381,2020-05-01,1500,4.1
M2015381,2020-06-01,1200,3.25
M2015381,2020-07-01,1500,4.2
M2015381,2020-08-01,900,4.166666666666667
M2015381,2020-09-01,300,4.0
M2015381,2021-01-01,900,4.0
M2015381,2021-02-01,300,5.0
M2015381,2021-03-01,600,4.25
M2015381,2021-04-01,600,4.25
M2015381,2021-05-01,600,4.0
M2015381,2021-06-01,300,4.0
M2015381,2021-07-01,900,3.5
M2015381,2021-08-01,300,4.5
M2015381,2021-11-01,300,3.5
M2024544,2013-09-01,1200,4.75
M2024544,2013-10-01,4200,4.5
M2024544,2013-11-01,22200,4.4391891891891895
M2024544,2013-12-01,10500,4.242857142857143
M2024544,2014-01-01,137700,4.216775599128541
M2024544,2014-02-01,99300,4.132930513595166
M2024544,2014-03-01,94800,4.091772151898734
M2024544,2014-04-01,17100,4.254385964912281
M2024544,2014-05-01,15300,4.1568627450980395
M2024544,2014-06-01,9900,4.333333333333333
M2024544,2014-07-01,9900,4.136363636363637
M2024544,2014-08-01,8100,4.037037037037037
M2024544,2014-09-01,5400,4.055555555555555
M2024544,2014-10-01,4800,4.03125
M2024544,2014-11-01,2100,4.214285714285714
M2024544,2014-12-01,1200,3.875
M2024544,2015-01-01,6300,4.333333333333333
M2024544,2015-02-01,4200,4.321428571428571
M2024544,2015-03-01,1800,4.166666666666667
M2024544,2015-04-01,2100,4.214285714285714
M2024544,2015-05-01,3000,4.35
M2024544,2015-06-01,600,4.75
M2024544,2015-07-01,1200,4.125
M2024544,2015-08-01,1200,4.0
M2024544,2015-09-01,600,4.5
M2024544,2015-10-01,600,4.0
M2024544,2015-11-01,300,4.0
M2024544,2015-12-01,1800,4.25
M2024544,2016-01-01,1800,4.166666666666667
M2024544,2016-02-01,1200,4.375
M2024544,2016-03-01,1200,3.375
M2024544,2016-04-01,1200,4.25
M2024544,2016-05-01,1800,4.333333333333333
M2024544,2016-06-01,1200,4.125
M2024544,2016-07-01,1500,4.1
M2024544,2016-08-01,900,4.333333333333333
M2024544,2016-09-01,300,5.0
M2024544,2016-10-01,300,4.0
M2024544,2016-11-01,300,4.5
M2024544,2017-01-01,1200,4.25
M2024544,2017-02-01,1500,4.4
M2024544,2017-03-01,900,4.166666666666667
M2024544,2017-04-01,600,3.0
M2024544,2017-05-01,900,4.666666666666667
M2024544,2017-06-01,1500,4.1
M2024544,2017-07-01,600,4.25
M2024544,2017-08-01,1800,4.25
M2024544,2017-09-01,600,5.0
M2024544,2017-11-01,600,4.0
M2024544,2018-01-01,600,4.0
M2024544,2018-02-01,300,4.0
M2024544,2018-03-01,900,4.333333333333333
M2024544,2018-04-01,1500,3.8
M2024544,2018-05-01,600,4.25
M2024544,2018-06-01,300,5.0
M2024544,2018-08-01,600,4.25
M2024544,2018-09-01,300,5.0
M2024544,2018-10-01,600,4.25
M2024544,2018-11-01,900,4.333333333333333
M2024544,2019-01-01,300,3.5
M2024544,2019-02-01,600,4.25
M2024544,2019-03-01,1200,4.25
M2024544,2019-04-01,300,3.0
M2024544,2019-06-01,600,4.5
M2024544,2019-07-01,300,4.0
M2024544,2019-08-01,1200,3.5
M2024544,2019-09-01,600,4.5
M2024544,2019-11-01,900,4.0
M2024544,2019-12-01,300,5.0
M2024544,2020-01-01,1200,3.25
M2024544,2020-02-01,1800,4.166666666666667
M2024544,2020-03-01,600,3.75
M2024544,2020-04-01,300,4.5
M2024544,2020-05-01,1200,4.875
M2024544,2020-06-01,600,4.25
M2024544,2020-07-01,2400,3.875
M2024544,2020-08-01,300,4.0
M2024544,2020-09-01,600,4.25
M2024544,2021-01-01,600,4.5
M2024544,2021-02-01,300,5.0
M2024544,2021-03-01,600,3.0
M2024544,2021-04-01,300,4.5
M2024544,2021-06-01,300,3.5
M2024544,2021-10-01,300,4.5
M2024544,2021-11-01,300,3.0
M2084970,2014-08-01,300,4.5
M2084970,2014-09-01,300,4.0
M2084970,2014-10-01,1500,4.5
M2084970,2014-11-01,5400,4.194444444444445
M2084970,2014-12-01,9000,4.216666666666667
M2084970,2015-01-01,144000,4.139583333333333
M2084970,2015-02-01,80700,4.08550185873606
M2084970,2015-03-01,81000,4.15
M2084970,2015-04-01,27300,4.076923076923077
M2084970,2015-05-01,17700,4.093220338983051
M2084970,2015-06-01,12900,3.941860465116279
M2084970,2015-07-01,10500,4.114285714285714
M2084970,2015-08-01,8400,3.9464285714285716
M2084970,2015-09-01,3300,4.2727272727272725
M2084970,2015-10-01,900,4.333333333333333
M2084970,2015-11-01,4500,4.3
M2084970,2015-12-01,5100,4.0
M2084970,2016-01-01,8100,4.185185185185185
M2084970,2016-02-01,2100,3.7857142857142856
M2084970,2016-03-01,3600,3.9166666666666665
M2084970,2016-04-01,3900,4.3076923076923075
M2084970,2016-05-01,2700,4.444444444444445
M2084970,2016-06-01,600,4.25
M2084970,2016-07-01,3900,4.153846153846154
M2084970,2016-08-01,3900,3.5
M2084970,2016-09-01,900,3.3333333333333335
M2084970,2016-10-01,1800,4.25
M2084970,2016-11-01,2400,4.1875
M2084970,2016-12-01,2100,3.7857142857142856
M2084970,2017-01-01,4200,4.25
M2084970,2017-02-01,1500,4.5
M2084970,2017-03-01,900,4.5
M2084970,2017-04-01,900,4.166666666666667
M2084970,2017-05-01,2100,4.5
M2084970,2017-06-01,1200,4.125
M2084970,2017-07-01,2700,4.222222222222222
M2084970,2017-08-01,2400,4.25
M2084970,2017-09-01,900,4.333333333333333
M2084970,2017-10-01,600,4.5
M2084970,2017-11-01,1500,4.1
M2084970,2017-12-01,600,4.0
M2084970,2018-01-01,1500,3.8
M2084970,2018-02-01,600,4.25
M2084970,2018-04-01,1800,3.9166666666666665
M2084970,2018-05-01,1200,4.0
M2084970,2018-06-01,600,4.5
M2084970,2018-07-01,1500,3.8
M2084970,2018-08-01,1800,4.25
M2084970,2018-09-01,2700,4.111111111111111
M2084970,2018-10-01,2400,4.4375
M2084970,2018-11-01,3300,4.454545454545454
M2084970,2018-12-01,1800,4.416666666666667
M2084970,2019-01-01,4200,4.428571428571429
M2084970,2019-02-01,900,4.166666666666667
M2084970,2019-03-01,600,3.25
M2084970,2019-04-01,1200,4.0
M2084970,2019-05-01,600,4.0
M2084970,2019-06-01,2700,4.166666666666667
M2084970,2019-07-01,1800,4.083333333333333
M2084970,2019-08-01,3600,3.875
M2084970,2019-09-01,1500,4.2
M2084970,2019-10-01,1500,4.3
M2084970,2019-11-01,1800,4.333333333333333
M2084970,2019-12-01,900,4.666666666666667
M2084970,2020-01-01,5100,4.235294117647059
M2084970,2020-02-01,1500,4.3
M2084970,2020-03-01,2700,4.166666666666667
M2084970,2020-04-01,6900,4.326086956521739
M2084970,2020-05-01,2400,4.25
M2084970,2020-06-01,2400,4.4375
M2084970,2020-07-01,2100,4.357142857142857
M2084970,2020-08-01,1500,4.4
M2084970,2020-09-01,300,4.0
M2084970,2021-01-01,300,5.0
M2084970,2021-05-01,900,4.5
M2084970,2021-06-01,300,4.5
M2084970,2021-07-01,1200,3.375
M2103281,2014-07-01,178200,4.08080808080808
M2103281,2014-08-01,53400,3.865168539325843
M2103281,2014-09-01,6600,3.659090909090909
M2103281,2014-10-01,13200,3.6818181818181817
M2103281,2014-11-01,28200,3.7872340425531914
M2103281,2014-12-01,10200,3.8970588235294117
M2103281,2015-01-01,12900,3.63953488372093
M2103281,2015-02-01,6900,3.739130434782609
M2103281,2015-03-01,3600,3.7083333333333335
M2103281,2015-04-01,2400,3.3125
M2103281,2015-05-01,4500,3.933333333333333
M2103281,2015-06-01,4200,3.75
M2103281,2015-07-01,1800,3.5833333333333335
M2103281,2015-08-01,1200,3.75
M2103281,2015-09-01,900,4.0
M2103281,2015-10-01,300,4.5
M2103281,2015-11-01,900,3.8333333333333335
M2103281,2015-12-01,600,4.0
M2103281,2016-01-01,600,4.5
M2103281,2016-02-01,1200,3.75
M2103281,2016-03-01,300,3.5
M2103281,2016-04-01,600,4.25
M2103281,2016-05-01,600,3.75
M2103281,2016-06-01,900,3.3333333333333335
M2103281,2016-08-01,1200,3.75
M2103281,2016-09-01,300,4.0
M2103281,2016-10-01,300,3.5
M2103281,2017-02-01,600,4.25
M2103281,2017-03-01,300,3.5
M2103281,2017-04-01,600,4.25
M2103281,2017-05-01,600,3.75
M2103281,2017-06-01,900,4.166666666666667
M2103281,2017-07-01,11400,4.105263157894737
M2103281,2017-08-01,900,3.8333333333333335
M2103281,2017-09-01,1200,3.875
M2103281,2017-10-01,1200,4.0
M2103281,2017-11-01,900,4.5
M2103281,2017-12-01,600,4.0
M2103281,2018-01-01,1500,3.8
M2103281,2018-02-01,300,3.0
M2103281,2018-03-01,300,2.5
M2103281,2018-04-01,600,4.0
M2103281,2018-05-01,300,3.5
M2103281,2018-07-01,300,5.0
M2103281,2019-01-01,300,3.5
M2103281,2019-05-01,300,4.0
M2103281,2020-03-01,600,4.0
M2103281,2020-04-01,600,4.75
M2103281,2020-06-01,300,4.0
M2103281,2020-07-01,300,3.5
M2103281,2021-10-01,600,4.0
M2119532,2016-10-01,600,3.5
M2119532,2016-11-01,51600,4.3895348837209305
M2119532,2016-12-01,17100,4.245614035087719
M2119532,2017-01-01,43500,4.386206896551724
M2119532,2017-02-01,189600,4.339398734177215
M2119532,2017-03-01,46200,4.2435064935064934
M2119532,2017-04-01,18000,4.358333333333333
M2119532,2017-05-01,9300,4.129032258064516
M2119532,2017-06-01,9300,4.370967741935484
M2119532,2017-07-01,9300,4.403225806451613
M2119532,2017-08-01,7200,4.229166666666667
M2119532,2017-09-01,5400,4.444444444444445
M2119532,2017-10-01,2700,4.333333333333333
M2119532,2017-11-01,2100,4.285714285714286
M2119532,2017-12-01,4200,4.464285714285714
M2119532,2018-01-01,2100,4.285714285714286
M2119532,2018-02-01,1500,4.3
M2119532,2018-03-01,900,4.5
M2119532,2018-04-01,900,4.333333333333333
M2119532,2018-05-01,1200,4.625
M2119532,2018-06-01,1500,4.4
M2119532,2018-07-01,2700,4.166666666666667
M2119532,2018-08-01,600,3.5
M2119532,2018-09-01,1800,4.416666666666667
M2119532,2018-10-01,600,4.5
M2119532,2018-11-01,300,4.0
M2119532,2018-12-01,900,4.166666666666667
M2119532,2019-01-01,1500,4.2
M2119532,2019-02-01,600,4.5
M2119532,2019-03-01,300,4.5
M2119532,2019-04-01,600,4.25
M2119532,2019-05-01,900,4.5
M2119532,2019-06-01,600,4.5
M2119532,2019-07-01,3000,4.1
M2119532,2019-08-01,1500,4.3
M2119532,2019-09-01,900,4.333333333333333
M2119532,2019-10-01,300,4.5
M2119532,2019-12-01,900,4.166666666666667
M2119532,2020-01-01,1800,4.666666666666667
M2119532,2020-02-01,1200,4.5
M2119532,2020-03-01,900,3.3333333333333335
M2119532,2020-04-01,900,3.8333333333333335
M2119532,2020-05-01,900,4.166666666666667
M2119532,2020-07-01,300,4.5
M2119532,2020-08-01,600,5.0
M2119532,2020-09-01,600,4.5
M2119532,2021-01-01,1200,4.125
M2119532,2021-02-01,600,4.0
M2119532,2021-03-01,1200,4.75
M2119532,2021-07-01,600,4.75
M2119532,2021-11-01,300,5.0
M2179136,2014-12-01,300,4.0
M2179136,2015-01-01,142800,3.5997899159663866
M2179136,2015-02-01,77400,3.5736434108527133
M2179136,2015-03-01,27600,3.739130434782609
M2179136,2015-04-01,12300,3.5853658536585367
M2179136,2015-05-01,33600,3.5669642857142856
M2179136,2015-06-01,18600,3.653225806451613
M2179136,2015-07-01,9000,3.533333333333333
M2179136,2015-08-01,8100,3.425925925925926
M2179136,2015-09-01,3300,3.5454545454545454
M2179136,2015-10-01,2400,3.75
M2179136,2015-11-01,3900,3.769230769230769
M2179136,2015-12-01,3000,3.75
M2179136,2016-01-01,3900,3.5384615384615383
M2179136,2016-02-01,1800,3.8333333333333335
M2179136,2016-03-01,1800,3.1666666666666665
M2179136,2016-04-01,900,3.3333333333333335
M2179136,2016-05-01,1500,3.6
M2179136,2016-06-01,300,4.0
M2179136,2016-07-01,1200,3.5
M2179136,2016-08-01,1500,3.5
M2179136,2016-09-01,600,3.25
M2179136,2016-10-01,600,3.75
M2179136,2016-11-01,600,2.25
M2179136,2016-12-01,600,3.25
M2179136,2017-01-01,600,3.75
M2179136,2017-02-01,300,4.0
M2179136,2017-03-01,600,4.5
M2179136,2017-04-01,300,2.5
M2179136,2017-05-01,300,5.0
M2179136,2017-06-01,600,4.0
M2179136,2017-07-01,600,4.75
M2179136,2017-08-01,300,4.5
M2179136,2017-10-01,600,3.25
M2179136,2017-11-01,300,5.0
M2179136,2017-12-01,300,3.0
M2179136,2018-01-01,300,4.0
M2179136,2018-02-01,300,3.5
M2179136,2018-03-01,300,3.0
M2179136,2018-04-01,600,3.5
M2179136,2018-07-01,300,3.0
M2179136,2018-08-01,300,3.5
M2179136,2018-10-01,300,3.5
M2179136,2018-11-01,300,4.0
M2179136,2019-03-01,300,4.0
M2179136,2019-06-01,300,3.0
M2179136,2019-10-01,300,4.5
M2179136,2019-12-01,300,4.0
M2179136,2020-02-01,600,3.5
M2179136,2020-03-01,1200,3.625
M2179136,2020-04-01,600,3.5
M2179136,2020-05-01,600,2.25
M2179136,2020-06-01,300,4.5
M2179136,2020-07-01,600,4.0
M2179136,2020-09-01,300,4.5
M2179136,2021-01-01,300,3.0
M2179136,2021-05-01,600,3.75
M2179136,2021-06-01,300,3.5
M2267998,2014-09-01,1500,4.5
M2267998,2014-10-01,199800,4.2124624624624625
M2267998,2014-11-01,32100,4.088785046728972
M2267998,2014-12-01,84600,4.120567375886525
M2267998,2015-01-01,84000,4.076785714285714
M2267998,2015-02-01,38400,4.046875
M2267998,2015-03-01,19800,4.045454545454546
M2267998,2015-04-01,9000,3.8833333333333333
M2267998,2015-05-01,7200,3.75
M2267998,2015-06-01,5700,3.789473684210526
M2267998,2015-07-01,7800,4.019230769230769
M2267998,2015-08-01,10200,4.147058823529412
M2267998,2015-09-01,2400,4.125
M2267998,2015-10-01,2700,3.6666666666666665
M2267998,2015-11-01,2100,4.142857142857143
M2267998,2015-12-01,2400,3.6875
M2267998,2016-01-01,3300,4.181818181818182
M2267998,2016-02-01,1800,4.25
M2267998,2016-03-01,2100,4.214285714285714
M2267998,2016-04-01,2100,4.214285714285714
M2267998,2016-05-01,3600,4.083333333333333
M2267998,2016-06-01,1200,3.875
M2267998,2016-07-01,2700,4.111111111111111
M2267998,2016-08-01,1800,4.166666666666667
M2267998,2016-09-01,2400,4.125
M2267998,2016-10-01,2400,4.375
M2267998,2016-11-01,2100,3.5
M2267998,2016-12-01,2400,4.0
M2267998,2017-01-01,2100,4.285714285714286
M2267998,2017-02-01,2100,4.142857142857143
M2267998,2017-03-01,600,3.25
M2267998,2017-04-01,300,4.0
M2267998,2017-05-01,1800,3.9166666666666665
M2267998,2017-06-01,300,4.0
M2267998,2017-07-01,1200,4.625
M2267998,2017-08-01,900,4.166666666666667
M2267998,2017-09-01,1500,3.2
M2267998,2017-10-01,900,4.166666666666667
M2267998,2017-11-01,1800,4.333333333333333
M2267998,2017-12-01,300,5.0
M2267998,2018-01-01,3300,3.772727272727273
M2267998,2018-02-01,300,4.5
M2267998,2018-03-01,900,3.1666666666666665
M2267998,2018-04-01,600,3.5
M2267998,2018-05-01,600,3.0
M2267998,2018-06-01,300,4.0
M2267998,2018-07-01,900,4.0
M2267998,2018-08-01,900,4.333333333333333
M2267998,2018-09-01,300,5.0
M2267998,2018-10-01,1800,4.083333333333333
M2267998,2018-11-01,300,4.5
M2267998,2018-12-01,3000,3.05
M2267998,2019-01-01,3300,3.772727272727273
M2267998,2019-02-01,1500,4.0
M2267998,2019-03-01,1800,4.0
M2267998,2019-04-01,900,4.5
M2267998,2019-05-01,600,4.5
M2267998,2019-06-01,1200,4.125
M2267998,2019-07-01,1800,4.25
M2267998,2019-08-01,3000,4.4
M2267998,2019-09-01,3000,4.45
M2267998,2019-10-01,1200,4.625
M2267998,2019-11-01,600,4.25
M2267998,2019-12-01,1500,4.1
M2267998,2020-01-01,3300,4.2727272727272725
M2267998,2020-02-01,3000,4.05
M2267998,2020-03-01,5100,4.117647058823529
M2267998,2020-04-01,3600,3.9166666666666665
M2267998,2020-05-01,2400,3.875
M2267998,2020-06-01,3300,3.909090909090909
M2267998,2020-07-01,3000,4.05
M2267998,2020-08-01,1200,3.375
M2267998,2020-09-01,1500,4.3
M2267998,2021-01-01,600,3.5
M2267998,2021-02-01,600,4.0
M2267998,2021-03-01,900,3.3333333333333335
M2267998,2021-04-01,900,4.0
M2267998,2021-05-01,1200,4.25
M2267998,2021-06-01,1500,4.1
M2267998,2021-07-01,1200,4.375
M2267998,2021-10-01,1800,3.25
M2267998,2021-11-01,600,4.5
M2278388,2014-02-01,1500,4.2
M2278388,2014-03-01,56700,4.203703703703703
M2278388,2014-04-01,44100,4.241496598639456
M2278388,2014-05-01,24000,3.9875
M2278388,2014-06-01,79500,4.118867924528302
M2278388,2014-07-01,37800,4.091269841269841
M2278388,2014-08-01,24000,3.96875
M2278388,2014-09-01,13500,4.066666666666666
M2278388,2014-10-01,8400,4.107142857142857
M2278388,2014-11-01,3000,3.7
M2278388,2014-12-01,6900,3.6956521739130435
M2278388,2015-01-01,39300,3.8396946564885495
M2278388,2015-02-01,29100,4.077319587628866
M2278388,2015-03-01,13500,3.7333333333333334
M2278388,2015-04-01,5700,4.078947368421052
M2278388,2015-05-01,5700,3.210526315789474
M2278388,2015-06-01,3300,3.9545454545454546
M2278388,2015-07-01,3600,4.208333333333333
M2278388,2015-08-01,3600,4.0
M2278388,2015-09-01,3600,3.9166666666666665
M2278388,2015-10-01,900,4.333333333333333
M2278388,2015-11-01,1800,3.9166666666666665
M2278388,2015-12-01,2100,4.0
M2278388,2016-01-01,3600,4.0
M2278388,2016-02-01,900,2.8333333333333335
M2278388,2016-03-01,1200,3.875
M2278388,2016-04-01,1800,4.083333333333333
M2278388,2016-05-01,2700,3.5555555555555554
M2278388,2016-06-01,300,3.5
M2278388,2016-07-01,2100,4.071428571428571
M2278388,2016-08-01,2400,4.125
M2278388,2016-09-01,1500,3.4
M2278388,2016-10-01,1800,3.9166666666666665
M2278388,2016-11-01,900,4.333333333333333
M2278388,2016-12-01,900,4.333333333333333
M2278388,2017-01-01,1200,4.5
M2278388,2017-02-01,300,5.0
M2278388,2017-03-01,900,4.333333333333333
M2278388,2017-04-01,2100,3.642857142857143
M2278388,2017-05-01,600,3.75
M2278388,2017-06-01,900,3.1666666666666665
M2278388,2017-07-01,1500,4.7
M2278388,2017-08-01,1800,4.083333333333333
M2278388,2017-09-01,1200,4.375
M2278388,2017-10-01,1200,4.25
M2278388,2017-11-01,300,4.0
M2278388,2017-12-01,1800,4.166666666666667
M2278388,2018-01-01,600,4.5
M2278388,2018-02-01,900,4.0
M2278388,2018-03-01,600,4.5
M2278388,2018-04-01,600,3.75
M2278388,2018-05-01,600,3.25
M2278388,2018-06-01,600,3.75
M2278388,2018-07-01,1500,4.2
M2278388,2018-08-01,1800,4.166666666666667
M2278388,2018-09-01,900,4.333333333333333
M2278388,2018-10-01,1500,4.1
M2278388,2018-11-01,600,4.25
M2278388,2018-12-01,1500,4.3
M2278388,2019-01-01,1200,4.125
M2278388,2019-02-01,600,4.0
M2278388,2019-03-01,900,3.8333333333333335
M2278388,2019-04-01,300,3.5
M2278388,2019-05-01,1800,4.25
M2278388,2019-06-01,900,4.333333333333333
M2278388,2019-07-01,1200,3.5
M2278388,2019-08-01,600,4.25
M2278388,2019-11-01,600,3.75
M2278388,2019-12-01,600,4.0
M2278388,2020-01-01,600,3.0
M2278388,2020-02-01,2100,4.357142857142857
M2278388,2020-03-01,900,4.0
M2278388,2020-04-01,2400,3.9375
M2278388,2020-05-01,2400,4.3125
M2278388,2020-06-01,1500,3.8
M2278388,2020-07-01,1800,4.083333333333333
M2278388,2020-08-01,900,4.333333333333333
M2278388,2020-09-01,600,3.75
M2278388,2021-02-01,900,4.666666666666667
M2278388,2021-03-01,900,4.666666666666667
M2278388,2021-04-01,300,4.0
M2278388,2021-05-01,600,4.5
M2278388,2021-06-01,900,4.333333333333333
M2278388,2021-07-01,1500,3.9
M2278388,2021-08-01,300,4.0
M2278388,2021-10-01,900,4.166666666666667
M2294629,2013-11-01,6900,4.3478260869565215
M2294629,2013-12-01,63900,4.042253521126761
M2294629,2014-01-01,62700,4.0311004784688995
M2294629,2014-02-01,23700,3.7848101265822787
M2294629,2014-03-01,52500,3.8057142857142856
M2294629,2014-04-01,25500,4.047058823529412
M2294629,2014-05-01,17400,3.9224137931034484
M2294629,2014-06-01,10200,3.7794117647058822
M2294629,2014-07-01,6600,3.7954545454545454
M2294629,2014-08-01,6000,4.0
M2294629,2014-09-01,5100,3.9705882352941178
M2294629,2014-10-01,3000,3.45
M2294629,2014-11-01,3300,3.6363636363636362
M2294629,2014-12-01,5100,3.5294117647058822
M2294629,2015-01-01,5700,3.6578947368421053
M2294629,2015-02-01,2400,4.1875
M2294629,2015-03-01,2100,3.7142857142857144
M2294629,2015-04-01,1500,3.5
M2294629,2015-05-01,1200,4.125
M2294629,2015-06-01,1800,3.8333333333333335
M2294629,2015-07-01,1800,3.25
M2294629,2015-08-01,1200,4.0
M2294629,2015-09-01,300,5.0
M2294629,2015-10-01,300,2.5
M2294629,2015-11-01,600,3.5
M2294629,2015-12-01,600,2.5
M2294629,2016-01-01,1500,3.5
M2294629,2016-02-01,600,3.25
M2294629,2016-03-01,900,3.5
M2294629,2016-04-01,900,3.6666666666666665
M2294629,2016-05-01,600,4.25
M2294629,2016-06-01,300,4.0
M2294629,2016-07-01,1500,3.7
M2294629,2016-08-01,300,3.0
M2294629,2016-10-01,600,3.5
M2294629,2016-11-01,300,3.5
M2294629,2016-12-01,1200,3.875
M2294629,2017-04-01,300,4.5
M2294629,2017-05-01,300,5.0
M2294629,2017-06-01,900,3.5
M2294629,2017-07-01,900,3.5
M2294629,2017-08-01,300,4.0
M2294629,2018-01-01,300,3.5
M2294629,2018-02-01,600,2.25
M2294629,2018-03-01,600,4.25
M2294629,2018-08-01,300,5.0
M2294629,2018-09-01,300,4.0
M2294629,2019-02-01,600,3.75
M2294629,2019-06-01,1200,4.375
M2294629,2019-10-01,300,5.0
M2294629,2019-11-01,1500,3.9
M2294629,2019-12-01,300,3.5
M2294629,2020-01-01,600,4.5
M2294629,2020-02-01,1200,4.25
M2294629,2020-03-01,300,3.0
M2294629,2020-04-01,600,3.5
M2294629,2020-05-01,300,4.0
M2294629,2021-02-01,300,3.0
M2302755,2013-03-01,33300,3.7837837837837838
M2302755,2013-04-01,48300,3.6552795031055902
M2302755,2013-05-01,22200,3.6013513513513513
M2302755,2013-06-01,22200,3.5945945945945947
M2302755,2013-07-01,34800,3.4094827586206895
M2302755,2013-08-01,42900,3.3286713286713288
M2302755,2013-09-01,33600,3.482142857142857
M2302755,2013-10-01,12900,3.453488372093023
M2302755,2013-11-01,9300,3.532258064516129
M2302755,2013-12-01,6900,3.1739130434782608
M2302755,2014-01-01,11400,3.1710526315789473
M2302755,2014-02-01,6000,3.3
M2302755,2014-03-01,5400,3.3055555555555554
M2302755,2014-04-01,3600,2.75
M2302755,2014-05-01,4200,3.357142857142857
M2302755,2014-06-01,2700,3.2222222222222223
M2302755,2014-07-01,1500,3.5
M2302755,2014-08-01,900,4.166666666666667
M2302755,2014-09-01,1500,3.7
M2302755,2014-10-01,600,3.5
M2302755,2014-12-01,1200,2.75
M2302755,2015-01-01,900,4.0
M2302755,2015-02-01,300,1.5
M2302755,2015-03-01,1200,3.0
M2302755,2015-04-01,600,3.75
M2302755,2015-05-01,300,3.5
M2302755,2015-06-01,600,3.25
M2302755,2015-07-01,1500,3.3
M2302755,2015-09-01,900,4.0
M2302755,2015-10-01,300,4.5
M2302755,2015-11-01,600,5.0
M2302755,2015-12-01,600,3.5
M2302755,2016-01-01,1800,3.5
M2302755,2016-02-01,300,1.0
M2302755,2016-03-01,3000,3.5
M2302755,2016-04-01,900,3.5
M2302755,2016-05-01,900,4.166666666666667
M2302755,2016-06-01,1200,3.5
M2302755,2016-07-01,600,3.5
M2302755,2016-08-01,300,4.5
M2302755,2016-09-01,600,2.75
M2302755,2016-11-01,300,3.5
M2302755,2017-01-01,300,2.5
M2302755,2017-02-01,300,3.0
M2302755,2017-03-01,600,3.25
M2302755,2017-07-01,600,4.0
M2302755,2017-08-01,300,1.5
M2302755,2017-10-01,300,4.0
M2302755,2018-01-01,300,4.5
M2302755,2018-06-01,900,3.3333333333333335
M2302755,2018-07-01,300,3.5
M2302755,2018-09-01,300,4.0
M2302755,2018-10-01,300,3.5
M2302755,2019-02-01,300,4.5
M2302755,2019-06-01,300,2.5
M2302755,2019-08-01,900,3.6666666666666665
M2302755,2019-10-01,300,3.5
M2302755,2019-11-01,300,2.5
M2302755,2019-12-01,300,3.5
M2302755,2020-04-01,300,1.5
M2302755,2020-06-01,900,3.8333333333333335
M2302755,2020-09-01,300,4.5
M2302755,2021-01-01,900,3.8333333333333335
M2302755,2021-07-01,600,3.5
M2395427,2015-04-01,103800,3.995664739884393
M2395427,2015-05-01,150600,3.8804780876494025
M2395427,2015-06-01,12900,3.755813953488372
M2395427,2015-07-01,6000,3.775
M2395427,2015-08-01,16200,3.6944444444444446
M2395427,2015-09-01,14700,3.642857142857143
M2395427,2015-10-01,7200,3.6041666666666665
M2395427,2015-11-01,5700,4.0
M2395427,2015-12-01,4500,3.6
M2395427,2016-01-01,3000,3.55
M2395427,2016-02-01,1800,4.0
M2395427,2016-03-01,3300,3.590909090909091
M2395427,2016-04-01,2700,3.4444444444444446
M2395427,2016-05-01,2700,2.9444444444444446
M2395427,2016-06-01,900,4.0
M2395427,2016-07-01,300,4.0
M2395427,2016-08-01,2100,4.0
M2395427,2016-09-01,2100,4.071428571428571
M2395427,2016-10-01,900,3.3333333333333335
M2395427,2016-11-01,1200,3.375
M2395427,2016-12-01,900,3.8333333333333335
M2395427,2017-01-01,900,4.0
M2395427,2017-02-01,300,4.5
M2395427,2017-03-01,1500,3.5
M2395427,2017-04-01,600,4.25
M2395427,2017-06-01,1200,4.0
M2395427,2017-07-01,600,4.0
M2395427,2017-08-01,900,3.3333333333333335
M2395427,2017-09-01,2100,3.5714285714285716
M2395427,2017-11-01,1200,4.0
M2395427,2017-12-01,1500,3.6
M2395427,2018-01-01,300,4.0
M2395427,2018-02-01,900,4.166666666666667
M2395427,2018-03-01,1800,3.9166666666666665
M2395427,2018-04-01,1500,3.5
M2395427,2018-05-01,2100,3.5
M2395427,2018-06-01,1800,3.9166666666666665
M2395427,2018-07-01,1500,3.9
M2395427,2018-08-01,3600,3.5
M2395427,2018-09-01,600,3.5
M2395427,2018-10-01,300,4.0
M2395427,2018-11-01,600,3.5
M2395427,2018-12-01,1800,3.5833333333333335
M2395427,2019-01-01,300,4.0
M2395427,2019-02-01,1500,4.4
M2395427,2019-03-01,3000,3.65
M2395427,2019-04-01,1200,4.375
M2395427,2019-05-01,4500,3.8333333333333335
M2395427,2019-06-01,2100,3.7142857142857144
M2395427,2019-07-01,1200,4.5
M2395427,2019-08-01,2100,3.857142857142857
M2395427,2019-09-01,600,3.75
M2395427,2019-10-01,300,4.0
M2395427,2019-11-01,300,4.0
M2395427,2019-12-01,300,5.0
M2395427,2020-01-01,1200,3.5
M2395427,2020-03-01,900,4.0
M2395427,2020-04-01,900,3.8333333333333335
M2395427,2020-05-01,1200,3.25
M2395427,2020-06-01,1200,4.0
M2395427,2020-07-01,1800,3.3333333333333335
M2395427,2020-08-01,300,4.5
M2395427,2020-09-01,600,4.0
M2395427,2021-01-01,1500,4.1
M2395427,2021-02-01,900,3.8333333333333335
M2395427,2021-03-01,900,3.6666666666666665
M2395427,2021-04-01,1200,4.125
M2395427,2021-05-01,300,5.0
M2395427,2021-06-01,900,3.1666666666666665
M2395427,2021-07-01,900,4.5
M2395427,2021-08-01,300,4.5
M2488496,2015-12-01,280200,4.314775160599572
M2488496,2016-01-01,57600,4.015625
M2488496,2016-02-01,6600,4.181818181818182
M2488496,2016-03-01,12300,4.073170731707317
M2488496,2016-04-01,10800,3.5416666666666665
M2488496,2016-05-01,6900,3.847826086956522
M2488496,2016-06-01,3600,3.9583333333333335
M2488496,2016-07-01,1500,4.0
M2488496,2016-08-01,2100,3.9285714285714284
M2488496,2016-09-01,1500,3.9
M2488496,2016-10-01,900,3.6666666666666665
M2488496,2016-11-01,1200,4.0
M2488496,2016-12-01,3300,4.2272727272727275
M2488496,2017-01-01,1800,4.083333333333333
M2488496,2017-02-01,1200,4.625
M2488496,2017-03-01,900,4.666666666666667
M2488496,2017-04-01,1500,4.1
M2488496,2017-05-01,1200,4.375
M2488496,2017-06-01,900,4.333333333333333
M2488496,2017-07-01,300,4.5
M2488496,2017-08-01,600,4.0
M2488496,2017-10-01,1800,4.0
M2488496,2017-11-01,600,4.25
M2488496,2017-12-01,3300,3.909090909090909
M2488496,2018-01-01,1800,3.5833333333333335
M2488496,2018-02-01,900,3.5
M2488496,2018-03-01,600,5.0
M2488496,2018-05-01,300,4.0
M2488496,2018-07-01,300,4.5
M2488496,2018-08-01,300,4.0
M2488496,2018-09-01,300,4.5
M2488496,2019-01-01,300,3.5
M2488496,2019-02-01,300,4.0
M2488496,2019-05-01,600,4.25
M2488496,2019-06-01,300,5.0
M2488496,2019-07-01,600,5.0
M2488496,2019-08-01,1200,5.0
M2488496,2019-10-01,300,2.5
M2488496,2019-11-01,300,4.0
M2488496,2019-12-01,3000,3.7
M2488496,2020-01-01,600,4.75
M2488496,2020-03-01,900,4.333333333333333
M2488496,2020-04-01,600,4.0
M2488496,2020-05-01,600,4.5
M2488496,2020-06-01,600,3.75
M2488496,2020-07-01,300,3.0
M2488496,2020-08-01,300,3.5
M2488496,2020-09-01,300,1.0
M2488496,2021-01-01,900,4.333333333333333
M2488496,2021-04-01,300,4.0
M2488496,2021-05-01,300,5.0
M2488496,2021-07-01,600,4.0
M2543164,2016-09-01,300,5.0
M2543164,2016-10-01,600,4.5
M2543164,2016-11-01,90000,4.138333333333334
M2543164,2016-12-01,40500,3.9185185185185185
M2543164,2017-01-01,51300,4.0321637426900585
M2543164,2017-02-01,153000,4.000980392156863
M2543164,2017-03-01,37800,3.8174603174603177
M2543164,2017-04-01,11700,3.6153846153846154
M2543164,2017-05-01,11100,3.6216216216216215
M2543164,2017-06-01,4500,3.6666666666666665
M2543164,2017-07-01,6300,3.9047619047619047
M2543164,2017-08-01,4800,3.75
M2543164,2017-09-01,5400,3.7222222222222223
M2543164,2017-10-01,2100,4.071428571428571
M2543164,2017-11-01,1800,3.9166666666666665
M2543164,2017-12-01,2400,3.625
M2543164,2018-01-01,900,4.166666666666667
M2543164,2018-02-01,2100,3.9285714285714284
M2543164,2018-03-01,900,3.3333333333333335
M2543164,2018-04-01,900,4.0
M2543164,2018-05-01,1500,3.9
M2543164,2018-06-01,600,3.5
M2543164,2018-07-01,1500,3.6
M2543164,2018-08-01,600,3.75
M2543164,2018-09-01,300,3.5
M2543164,2018-10-01,300,5.0
M2543164,2018-11-01,900,4.166666666666667
M2543164,2018-12-01,1800,3.5
M2543164,2019-01-01,900,4.666666666666667
M2543164,2019-02-01,1200,4.125
M2543164,2019-03-01,1200,4.0
M2543164,2019-04-01,900,4.666666666666667
M2543164,2019-05-01,1500,4.1
M2543164,2019-06-01,2100,4.214285714285714
M2543164,2019-07-01,1800,4.333333333333333
M2543164,2019-08-01,1800,4.333333333333333
M2543164,2019-09-01,900,4.5
M2543164,2019-10-01,1500,4.3
M2543164,2019-11-01,600,4.0
M2543164,2019-12-01,900,4.5
M2543164,2020-01-01,3000,3.6
M2543164,2020-02-01,300,3.5
M2543164,2020-03-01,1800,3.5833333333333335
M2543164,2020-04-01,2700,4.388888888888889
M2543164,2020-05-01,1800,3.5833333333333335
M2543164,2020-06-01,1200,4.625
M2543164,2020-07-01,1200,4.375
M2543164,2020-08-01,900,3.5
M2543164,2020-09-01,600,4.25
M2543164,2021-01-01,300,5.0
M2543164,2021-02-01,300,4.5
M2543164,2021-03-01,300,3.5
M2543164,2021-04-01,900,3.3333333333333335
M2543164,2021-05-01,300,3.5
M2543164,2021-07-01,300,3.5
M2562232,2014-10-01,3900,4.1923076923076925
M2562232,2014-11-01,10200,4.279411764705882
M2562232,2014-12-01,4800,4.34375
M2562232,2015-01-01,100200,4.032934131736527
M2562232,2015-02-01,162600,3.856088560885609
M2562232,2015-03-01,45000,3.9033333333333333
M2562232,2015-04-01,14100,3.3085106382978724
M2562232,2015-05-01,5400,3.6944444444444446
M2562232,2015-06-01,3900,3.6153846153846154
M2562232,2015-07-01,5700,3.526315789473684
M2562232,2015-08-01,6900,3.4347826086956523
M2562232,2015-09-01,2700,4.111111111111111
M2562232,2015-10-01,900,3.6666666666666665
M2562232,2015-11-01,4500,3.7
M2562232,2015-12-01,4800,3.71875
M2562232,2016-01-01,5400,3.5277777777777777
M2562232,2016-02-01,3900,3.3076923076923075
M2562232,2016-03-01,2100,3.857142857142857
M2562232,2016-04-01,1500,3.7
M2562232,2016-05-01,1800,3.4166666666666665
M2562232,2016-06-01,600,3.75
M2562232,2016-07-01,900,4.166666666666667
M2562232,2016-08-01,1200,4.5
M2562232,2016-09-01,1200,3.875
M2562232,2016-10-01,300,3.5
M2562232,2016-11-01,900,4.166666666666667
M2562232,2016-12-01,600,3.75
M2562232,2017-01-01,2400,4.4375
M2562232,2017-02-01,900,3.3333333333333335
M2562232,2017-03-01,2700,3.5
M2562232,2017-04-01,600,3.75
M2562232,2017-05-01,1200,4.375
M2562232,2017-06-01,600,4.5
M2562232,2017-07-01,300,5.0
M2562232,2017-08-01,1200,3.75
M2562232,2017-09-01,600,5.0
M2562232,2017-10-01,300,4.0
M2562232,2017-11-01,1200,4.375
M2562232,2017-12-01,300,4.0
M2562232,2018-01-01,900,4.166666666666667
M2562232,2018-02-01,900,3.8333333333333335
M2562232,2018-03-01,900,3.6666666666666665
M2562232,2018-04-01,300,4.5
M2562232,2018-05-01,300,4.5
M2562232,2018-06-01,300,5.0
M2562232,2018-08-01,600,4.75
M2562232,2018-09-01,300,2.0
M2562232,2018-10-01,300,3.5
M2562232,2018-12-01,300,2.5
M2562232,2019-01-01,600,4.5
M2562232,2019-02-01,600,4.0
M2562232,2019-03-01,900,4.0
M2562232,2019-05-01,600,3.5
M2582802,2014-09-01,300,5.0
M2582802,2014-10-01,4800,4.5625
M2582802,2014-11-01,4200,4.535714285714286
M2582802,2014-12-01,4200,4.321428571428571
M2582802,2015-01-01,116100,4.347545219638243
M2582802,2015-02-01,112500,4.306666666666667
M2582802,2015-03-01,51900,4.184971098265896
M2582802,2015-04-01,15300,4.303921568627451
M2582802,2015-05-01,12000,4.1875
M2582802,2015-06-01,12000,4.4375
M2582802,2015-07-01,12300,4.402439024390244
M2582802,2015-08-01,9600,4.1875
M2582802,2015-09-01,4200,4.392857142857143
M2582802,2015-10-01,2700,4.222222222222222
M2582802,2015-11-01,4500,3.6333333333333333
M2582802,2015-12-01,6900,4.195652173913044
M2582802,2016-01-01,7500,4.3
M2582802,2016-02-01,4800,4.3125
M2582802,2016-03-01,3300,4.181818181818182
M2582802,2016-04-01,2400,3.9375
M2582802,2016-05-01,2400,3.9375
M2582802,2016-06-01,1500,4.4
M2582802,2016-07-01,3600,3.9583333333333335
M2582802,2016-08-01,4200,4.321428571428571
M2582802,2016-09-01,3900,4.461538461538462
M2582802,2016-10-01,2400,4.375
M2582802,2016-11-01,2100,4.5
M2582802,2016-12-01,3900,4.346153846153846
M2582802,2017-01-01,2400,3.9375
M2582802,2017-02-01,2700,4.666666666666667
M2582802,2017-03-01,3300,4.2272727272727275
M2582802,2017-04-01,1200,4.375
M2582802,2017-05-01,1200,3.875
M2582802,2017-06-01,600,4.75
M2582802,2017-07-01,1500,4.5
M2582802,2017-08-01,1200,4.25
M2582802,2017-09-01,1500,4.5
M2582802,2017-10-01,1200,3.625
M2582802,2017-11-01,1800,4.416666666666667
M2582802,2017-12-01,1200,3.875
M2582802,2018-01-01,2100,4.285714285714286
M2582802,2018-02-01,3000,4.7
M2582802,2018-03-01,2100,4.142857142857143
M2582802,2018-04-01,2400,4.5
M2582802,2018-05-01,600,4.5
M2582802,2018-06-01,1800,4.5
M2582802,2018-07-01,1500,4.6
M2582802,2018-08-01,2400,4.3125
M2582802,2018-09-01,1500,3.6
M2582802,2018-10-01,1200,4.0
M2582802,2018-11-01,600,3.5
M2582802,2018-12-01,2700,3.8333333333333335
M2582802,2019-01-01,2700,4.333333333333333
M2582802,2019-02-01,600,3.75
M2582802,2019-03-01,600,5.0
M2582802,2019-04-01,1500,4.7
M2582802,2019-05-01,1800,4.166666666666667
M2582802,2019-06-01,1200,4.5
M2582802,2019-07-01,2100,4.5
M2582802,2019-08-01,2100,4.642857142857143
M2582802,2019-09-01,900,4.666666666666667
M2582802,2019-10-01,900,4.5
M2582802,2019-11-01,300,4.5
M2582802,2019-12-01,900,3.6666666666666665
M2582802,2020-01-01,2400,4.5625
M2582802,2020-02-01,1500,4.3
M2582802,2020-03-01,3600,3.9583333333333335
M2582802,2020-04-01,2400,4.75
M2582802,2020-05-01,1800,4.083333333333333
M2582802,2020-06-01,1800,3.8333333333333335
M2582802,2020-07-01,3000,4.35
M2582802,2020-08-01,1800,4.5
M2582802,2020-09-01,900,4.333333333333333
M2582802,2021-01-01,1500,3.9
M2582802,2021-02-01,900,4.833333333333333
M2582802,2021-03-01,1500,3.7
M2582802,2021-04-01,600,3.25
M2582802,2021-05-01,300,4.0
M2582802,2021-06-01,300,4.0
M2582802,2021-07-01,900,4.333333333333333
M2582802,2021-08-01,300,5.0
M2582802,2021-09-01,300,4.0
M2713180,2014-10-01,88500,3.9847457627118645
M2713180,2014-11-01,38400,3.9453125
M2713180,2014-12-01,12600,4.035714285714286
M2713180,2015-01-01,87900,3.8993174061433447
M2713180,2015-02-01,28200,3.845744680851064
M2713180,2015-03-01,18600,3.903225806451613
M2713180,2015-04-01,10500,3.8714285714285714
M2713180,2015-05-01,6300,3.6904761904761907
M2713180,2015-06-01,9000,3.65
M2713180,2015-07-01,7800,3.673076923076923
M2713180,2015-08-01,4500,4.0
M2713180,2015-09-01,2100,4.071428571428571
M2713180,2015-10-01,900,4.0
M2713180,2015-11-01,1800,3.8333333333333335
M2713180,2015-12-01,4500,3.966666666666667
M2713180,2016-01-01,3000,3.5
M2713180,2016-02-01,1800,4.0
M2713180,2016-03-01,2400,3.8125
M2713180,2016-04-01,1500,3.5
M2713180,2016-05-01,900,3.5
M2713180,2016-06-01,300,3.0
M2713180,2016-07-01,600,3.25
M2713180,2016-08-01,600,4.5
M2713180,2016-09-01,2700,3.9444444444444446
M2713180,2016-10-01,600,4.5
M2713180,2016-11-01,1200,3.75
M2713180,2016-12-01,900,4.166666666666667
M2713180,2017-01-01,1500,4.1
M2713180,2017-02-01,900,5.0
M2713180,2017-04-01,1200,4.125
M2713180,2017-05-01,900,4.5
M2713180,2017-06-01,1800,3.5833333333333335
M2713180,2017-07-01,1500,4.7
M2713180,2017-08-01,1200,4.125
M2713180,2017-09-01,1500,4.3
M2713180,2017-10-01,300,4.5
M2713180,2017-11-01,600,4.25
M2713180,2017-12-01,600,4.75
M2713180,2018-01-01,900,4.333333333333333
M2713180,2018-02-01,900,4.333333333333333
M2713180,2018-03-01,900,4.333333333333333
M2713180,2018-05-01,600,4.25
M2713180,2018-06-01,300,4.5
M2713180,2018-07-01,300,5.0
M2713180,2018-08-01,1800,3.75
M2713180,2018-09-01,300,3.0
M2713180,2018-10-01,300,3.5
M2713180,2018-11-01,300,5.0
M2713180,2018-12-01,600,4.75
M2713180,2019-01-01,1200,4.5
M2713180,2019-02-01,600,4.5
M2713180,2019-03-01,600,4.0
M2713180,2019-05-01,300,3.5
M2713180,2019-06-01,300,4.0
M2713180,2019-07-01,300,5.0
M2713180,2019-08-01,600,3.25
M2713180,2019-09-01,300,4.5
M2713180,2019-10-01,300,4.5
M2713180,2019-12-01,300,4.0
M2713180,2020-01-01,300,4.5
M2713180,2020-02-01,600,4.0
M2713180,2020-03-01,1500,3.8
M2713180,2020-04-01,600,4.5
M2713180,2020-05-01,1200,3.875
M2713180,2020-06-01,900,4.166666666666667
M2713180,2020-08-01,600,3.25
M2713180,2020-09-01,300,4.0
M2713180,2021-01-01,600,4.25
M2713180,2021-02-01,2400,4.625
M2713180,2021-03-01,1200,3.875
M2713180,2021-04-01,600,4.5
M2713180,2021-05-01,1200,4.375
M2713180,2021-06-01,300,4.0
M2713180,2021-07-01,900,4.166666666666667
M2713180,2021-08-01,600,4.5
M2713180,2021-10-01,300,5.0
M2713180,2021-11-01,600,3.0
M2802144,2015-01-01,13200,4.034090909090909
M2802144,2015-02-01,99000,4.072727272727272
M2802144,2015-03-01,45000,3.993333333333333
M2802144,2015-04-01,5700,3.8157894736842106
M2802144,2015-05-01,72000,3.935416666666667
M2802144,2015-06-01,55800,3.8736559139784945
M2802144,2015-07-01,24600,3.6463414634146343
M2802144,2015-08-01,16800,3.8214285714285716
M2802144,2015-09-01,6000,3.85
M2802144,2015-10-01,2100,3.857142857142857
M2802144,2015-11-01,4800,3.84375
M2802144,2015-12-01,5700,3.8421052631578947
M2802144,2016-01-01,14400,3.84375
M2802144,2016-02-01,5100,3.823529411764706
M2802144,2016-03-01,2700,3.888888888888889
M2802144,2016-04-01,2400,4.0625
M2802144,2016-05-01,900,4.166666666666667
M2802144,2016-06-01,1200,4.25
M2802144,2016-07-01,2100,3.9285714285714284
M2802144,2016-08-01,2100,4.0
M2802144,2016-09-01,300,4.5
M2802144,2016-10-01,2100,3.9285714285714284
M2802144,2016-11-01,900,3.3333333333333335
M2802144,2016-12-01,1800,3.75
M2802144,2017-01-01,1500,3.8
M2802144,2017-02-01,900,4.5
M2802144,2017-03-01,1500,4.1
M2802144,2017-05-01,600,4.25
M2802144,2017-06-01,600,3.25
M2802144,2017-07-01,1500,3.9
M2802144,2017-08-01,300,4.5
M2802144,2017-09-01,3900,4.115384615384615
M2802144,2017-10-01,2700,3.611111111111111
M2802144,2017-11-01,900,4.166666666666667
M2802144,2017-12-01,1500,4.2
M2802144,2018-01-01,1500,4.3
M2802144,2018-02-01,900,3.6666666666666665
M2802144,2018-03-01,600,2.75
M2802144,2018-04-01,1200,4.25
M2802144,2018-06-01,300,3.5
M2802144,2018-07-01,900,3.3333333333333335
M2802144,2018-08-01,900,4.166666666666667
M2802144,2018-11-01,300,4.0
M2802144,2019-01-01,600,3.75
M2802144,2019-06-01,300,3.5
M2802144,2019-08-01,900,3.8333333333333335
M2802144,2019-10-01,300,4.0
M2802144,2020-01-01,600,3.0
M2802144,2020-02-01,900,3.8333333333333335
M2802144,2020-03-01,300,3.0
M2802144,2020-04-01,300,4.5
M2802144,2020-06-01,600,4.25
M2802144,2020-07-01,600,4.0
M2802144,2020-09-01,600,3.5
M2802144,2021-01-01,300,5.0
M2802144,2021-02-01,300,3.5
M2802144,2021-08-01,300,3.5
M2802144,2021-09-01,300,3.0
M2872718,2014-09-01,300,4.5
M2872718,2014-10-01,7200,4.125
M2872718,2014-11-01,42900,4.0979020979020975
M2872718,2014-12-01,30000,4.06
M2872718,2015-01-01,60900,4.093596059113301
M2872718,2015-02-01,74400,3.9596774193548385
M2872718,2015-03-01,33000,3.8181818181818183
M2872718,2015-04-01,14400,3.7395833333333335
M2872718,2015-05-01,11100,3.7027027027027026
M2872718,2015-06-01,9300,3.9838709677419355
M2872718,2015-07-01,6900,4.086956521739131
M2872718,2015-08-01,6300,4.0476190476190474
M2872718,2015-09-01,3600,3.9166666666666665
M2872718,2015-10-01,1800,3.5833333333333335
M2872718,2015-11-01,3300,3.727272727272727
M2872718,2015-12-01,4200,3.892857142857143
M2872718,2016-01-01,2400,3.875
M2872718,2016-02-01,1500,4.2
M2872718,2016-03-01,3000,3.85
M2872718,2016-04-01,1800,4.0
M2872718,2016-05-01,1200,4.375
M2872718,2016-06-01,1200,4.25
M2872718,2016-07-01,2100,4.285714285714286
M2872718,2016-08-01,1200,4.375
M2872718,2016-09-01,1800,3.9166666666666665
M2872718,2016-10-01,300,3.5
M2872718,2016-11-01,600,3.5
M2872718,2016-12-01,2100,4.142857142857143
M2872718,2017-01-01,2400,3.875
M2872718,2017-02-01,2100,3.2857142857142856
M2872718,2017-03-01,1200,4.25
M2872718,2017-04-01,900,4.0
M2872718,2017-05-01,3000,3.85
M2872718,2017-06-01,900,4.0
M2872718,2017-07-01,1200,4.625
M2872718,2017-08-01,1200,4.5
M2872718,2017-09-01,2100,4.142857142857143
M2872718,2017-10-01,600,4.0
M2872718,2017-11-01,600,4.75
M2872718,2017-12-01,1500,3.9
M2872718,2018-01-01,1500,3.1
M2872718,2018-02-01,900,4.0
M2872718,2018-03-01,1200,4.625
M2872718,2018-04-01,2400,3.8125
M2872718,2018-05-01,300,3.0
M2872718,2018-06-01,600,3.0
M2872718,2018-07-01,1800,3.75
M2872718,2018-08-01,900,4.166666666666667
M2872718,2018-09-01,900,3.5
M2872718,2018-10-01,300,2.5
M2872718,2018-11-01,600,4.0
M2872718,2018-12-01,1200,3.75
M2872718,2019-01-01,1200,3.875
M2872718,2019-02-01,1500,3.8
M2872718,2019-03-01,300,4.0
M2872718,2019-04-01,900,4.166666666666667
M2872718,2019-05-01,1200,4.125
M2872718,2019-07-01,1500,4.3
M2872718,2019-08-01,1800,4.583333333333333
M2872718,2019-09-01,300,5.0
M2872718,2019-10-01,900,4.333333333333333
M2872718,2019-11-01,1200,4.5
M2872718,2019-12-01,1500,3.8
M2872718,2020-01-01,10500,4.128571428571429
M2872718,2020-02-01,2400,4.125
M2872718,2020-03-01,5400,3.9444444444444446
M2872718,2020-04-01,3000,4.25
M2872718,2020-05-01,3300,4.181818181818182
M2872718,2020-06-01,2700,4.222222222222222
M2872718,2020-07-01,2400,4.125
M2872718,2020-08-01,3000,3.95
M2872718,2020-09-01,2400,3.8125
M2872718,2021-01-01,1500,3.6
M2872718,2021-02-01,600,3.25
M2872718,2021-03-01,1200,4.0
M2872718,2021-04-01,600,3.75
M2872718,2021-05-01,1200,4.25
M2872718,2021-06-01,1500,3.9
M2872718,2021-07-01,900,3.6666666666666665
M2872718,2021-09-01,300,4.5
M2872718,2021-10-01,600,4.0
M2872732,2014-07-01,14700,3.2653061224489797
M2872732,2014-08-01,87000,3.2706896551724136
M2872732,2014-09-01,46200,3.2987012987012987
M2872732,2014-10-01,37800,3.0515873015873014
M2872732,2014-11-01,18900,3.142857142857143
M2872732,2014-12-01,12300,3.2560975609756095
M2872732,2015-01-01,25200,3.3154761904761907
M2872732,2015-02-01,15300,3.343137254901961
M2872732,2015-03-01,6600,3.3863636363636362
M2872732,2015-04-01,2700,3.0555555555555554
M2872732,2015-05-01,5100,3.3823529411764706
M2872732,2015-06-01,7200,2.7916666666666665
M2872732,2015-07-01,3600,3.2916666666666665
M2872732,2015-08-01,8400,3.3214285714285716
M2872732,2015-09-01,3300,2.5454545454545454
M2872732,2015-10-01,1200,3.25
M2872732,2015-11-01,1800,3.0
M2872732,2015-12-01,1500,3.1
M2872732,2016-01-01,2700,2.611111111111111
M2872732,2016-02-01,900,2.8333333333333335
M2872732,2016-03-01,600,4.0
M2872732,2016-04-01,1800,3.3333333333333335
M2872732,2016-05-01,300,5.0
M2872732,2016-06-01,1200,3.375
M2872732,2016-07-01,300,4.0
M2872732,2016-08-01,1200,3.75
M2872732,2016-09-01,600,1.75
M2872732,2016-10-01,600,3.25
M2872732,2016-12-01,300,2.5
M2872732,2017-01-01,900,3.8333333333333335
M2872732,2017-02-01,900,3.6666666666666665
M2872732,2017-03-01,600,2.5
M2872732,2017-05-01,300,4.0
M2872732,2017-06-01,1500,3.2
M2872732,2017-07-01,600,3.75
M2872732,2017-08-01,900,2.5
M2872732,2017-09-01,900,3.3333333333333335
M2872732,2017-10-01,900,3.1666666666666665
M2872732,2017-11-01,600,2.5
M2872732,2017-12-01,300,5.0
M2872732,2018-02-01,600,3.25
M2872732,2018-05-01,300,3.0
M2872732,2018-07-01,300,4.0
M2872732,2018-08-01,600,3.0
M2872732,2018-09-01,600,4.0
M2872732,2018-10-01,300,4.0
M2872732,2018-11-01,600,3.25
M2872732,2019-01-01,900,3.5
M2872732,2019-02-01,300,3.0
M2872732,2019-03-01,600,4.0
M2872732,2019-05-01,600,3.25
M2872732,2019-06-01,900,3.6666666666666665
M2872732,2019-08-01,900,4.0
M2872732,2019-10-01,300,4.0
M2872732,2020-01-01,2400,3.0
M2872732,2020-02-01,1200,3.125
M2872732,2020-03-01,2100,2.7142857142857144
M2872732,2020-04-01,300,3.5
M2872732,2020-05-01,300,1.5
M2872732,2020-07-01,900,3.3333333333333335
M2872732,2020-08-01,300,3.5
M2872732,2021-02-01,300,2.5
M2872732,2021-03-01,300,3.5
M2872732,2021-05-01,600,3.5
M2872732,2021-06-01,300,2.5
M2872732,2021-08-01,300,2.5
M2872732,2021-10-01,300,5.0
M2911666,2014-10-01,20400,3.7794117647058822
M2911666,2014-11-01,21900,3.595890410958904
M2911666,2014-12-01,3000,3.3
M2911666,2015-01-01,56700,3.3994708994708995
M2911666,2015-02-01,34500,3.417391304347826
M2911666,2015-03-01,13800,3.239130434782609
M2911666,2015-04-01,22200,3.445945945945946
M2911666,2015-05-01,10200,3.426470588235294
M2911666,2015-06-01,5100,3.5
M2911666,2015-07-01,6900,3.652173913043478
M2911666,2015-08-01,4500,3.6666666666666665
M2911666,2015-09-01,3300,3.4545454545454546
M2911666,2015-10-01,2400,3.6875
M2911666,2015-11-01,3600,3.3333333333333335
M2911666,2015-12-01,4500,3.6
M2911666,2016-01-01,5700,3.763157894736842
M2911666,2016-02-01,5100,3.7058823529411766
M2911666,2016-03-01,2100,3.857142857142857
M2911666,2016-04-01,1800,3.6666666666666665
M2911666,2016-05-01,2700,3.8333333333333335
M2911666,2016-06-01,1500,3.0
M2911666,2016-07-01,2400,3.5625
M2911666,2016-08-01,2100,3.2857142857142856
M2911666,2016-09-01,2400,3.75
M2911666,2016-10-01,2700,3.5555555555555554
M2911666,2016-11-01,2100,3.2142857142857144
M2911666,2016-12-01,3000,3.55
M2911666,2017-01-01,3900,3.423076923076923
M2911666,2017-02-01,11400,3.789473684210526
M2911666,2017-03-01,7800,3.8461538461538463
M2911666,2017-04-01,2100,4.0
M2911666,2017-05-01,2400,3.5
M2911666,2017-06-01,5400,3.611111111111111
M2911666,2017-07-01,3300,3.3181818181818183
M2911666,2017-08-01,2400,3.5625
M2911666,2017-09-01,1800,3.1666666666666665
M2911666,2017-10-01,600,3.75
M2911666,2017-11-01,1800,4.0
M2911666,2017-12-01,600,3.0
M2911666,2018-01-01,900,3.5
M2911666,2018-02-01,1500,3.5
M2911666,2018-03-01,600,2.5
M2911666,2018-04-01,1200,3.5
M2911666,2018-05-01,300,4.0
M2911666,2018-06-01,600,4.5
M2911666,2018-07-01,1500,3.2
M2911666,2018-08-01,900,4.0
M2911666,2018-09-01,600,4.5
M2911666,2018-10-01,2100,3.357142857142857
M2911666,2018-11-01,900,3.3333333333333335
M2911666,2018-12-01,600,4.25
M2911666,2019-01-01,1200,3.0
M2911666,2019-02-01,1800,3.75
M2911666,2019-04-01,1200,3.875
M2911666,2019-05-01,5700,3.5789473684210527
M2911666,2019-06-01,7200,3.8125
M2911666,2019-07-01,3300,3.4545454545454546
M2911666,2019-08-01,1500,4.0
M2911666,2019-10-01,2400,3.75
M2911666,2019-11-01,1500,3.7
M2911666,2019-12-01,1200,2.875
M2911666,2020-03-01,900,4.0
M2911666,2020-04-01,600,4.0
M2911666,2020-05-01,600,3.5
M2911666,2020-06-01,600,3.25
M2911666,2020-07-01,900,4.333333333333333
M2911666,2020-09-01,300,3.5
M2911666,2021-01-01,900,3.8333333333333335
M2911666,2021-03-01,600,3.75
M2911666,2021-04-01,300,3.0
M2911666,2021-06-01,600,3.75
M2911666,2021-07-01,300,4.0
M2911666,2021-08-01,300,4.0
M2975590,2016-03-01,208800,3.5783045977011496
M2975590,2016-04-01,75600,3.25
M2975590,2016-05-01,15000,3.2
M2975590,2016-06-01,13500,3.533333333333333
M2975590,2016-07-01,50700,3.242603550295858
M2975590,2016-08-01,20400,3.3161764705882355
M2975590,2016-09-01,6600,3.3636363636363638
M2975590,2016-10-01,3300,3.1363636363636362
M2975590,2016-11-01,3000,3.05
M2975590,2016-12-01,2700,3.111111111111111
M2975590,2017-01-01,6600,2.75
M2975590,2017-02-01,2400,2.4375
M2975590,2017-03-01,3000,2.8
M2975590,2017-04-01,300,2.0
M2975590,2017-05-01,1200,2.625
M2975590,2017-06-01,1200,3.5
M2975590,2017-07-01,2400,2.8125
M2975590,2017-08-01,600,3.25
M2975590,2017-09-01,1500,3.3
M2975590,2017-10-01,600,2.75
M2975590,2017-11-01,900,3.0
M2975590,2017-12-01,1800,3.5
M2975590,2018-01-01,1200,3.5
M2975590,2018-02-01,1200,3.875
M2975590,2018-03-01,1500,3.7
M2975590,2018-05-01,900,3.8333333333333335
M2975590,2018-06-01,600,4.0
M2975590,2018-07-01,2700,3.388888888888889
M2975590,2018-08-01,1200,2.875
M2975590,2018-09-01,600,4.25
M2975590,2018-11-01,600,3.5
M2975590,2018-12-01,1800,3.9166666666666665
M2975590,2019-01-01,300,4.0
M2975590,2019-02-01,600,2.5
M2975590,2019-04-01,1200,3.625
M2975590,2019-05-01,900,2.6666666666666665
M2975590,2019-06-01,900,4.333333333333333
M2975590,2019-07-01,600,4.0
M2975590,2019-08-01,900,4.5
M2975590,2019-09-01,300,4.5
M2975590,2019-10-01,300,2.5
M2975590,2019-11-01,600,4.0
M2975590,2020-04-01,1200,3.75
M2975590,2020-05-01,900,3.8333333333333335
M2975590,2020-06-01,600,3.0
M2975590,2020-07-01,300,3.5
M2975590,2020-08-01,300,4.5
M2975590,2020-09-01,300,3.5
M2975590,2021-02-01,1500,3.9
M2975590,2021-03-01,1200,3.25
M2975590,2021-04-01,1200,3.125
M2975590,2021-05-01,300,3.5
M2975590,2021-10-01,300,2.0
M2975590,2021-11-01,300,1.0
M2980516,2014-09-01,300,4.5
M2980516,2014-10-01,300,2.5
M2980516,2014-11-01,3300,3.9545454545454546
M2980516,2014-12-01,6900,4.195652173913044
M2980516,2015-01-01,93300,4.090032154340836
M2980516,2015-02-01,107400,4.08659217877095
M2980516,2015-03-01,37500,4.052
M2980516,2015-04-01,12900,3.802325581395349
M2980516,2015-05-01,7500,4.02
M2980516,2015-06-01,4200,4.107142857142857
M2980516,2015-07-01,7200,4.3125
M2980516,2015-08-01,6600,4.068181818181818
M2980516,2015-09-01,3900,4.038461538461538
M2980516,2015-10-01,3600,4.041666666666667
M2980516,2015-11-01,2400,4.0
M2980516,2015-12-01,4200,4.071428571428571
M2980516,2016-01-01,3600,4.166666666666667
M2980516,2016-02-01,2400,3.8125
M2980516,2016-03-01,3000,4.15
M2980516,2016-04-01,3000,3.85
M2980516,2016-05-01,300,4.5
M2980516,2016-06-01,600,3.5
M2980516,2016-07-01,1200,4.375
M2980516,2016-08-01,3000,3.8
M2980516,2016-09-01,2100,4.214285714285714
M2980516,2016-10-01,600,3.75
M2980516,2016-11-01,1200,3.625
M2980516,2016-12-01,1500,4.3
M2980516,2017-01-01,2100,4.0
M2980516,2017-02-01,1800,4.25
M2980516,2017-03-01,1800,4.25
M2980516,2017-04-01,1200,4.125
M2980516,2017-05-01,900,3.8333333333333335
M2980516,2017-06-01,300,4.0
M2980516,2017-07-01,900,4.333333333333333
M2980516,2017-08-01,600,5.0
M2980516,2017-09-01,300,4.0
M2980516,2017-10-01,2100,3.9285714285714284
M2980516,2017-12-01,1800,3.75
M2980516,2018-01-01,600,4.5
M2980516,2018-02-01,300,2.5
M2980516,2018-03-01,3000,4.15
M2980516,2018-04-01,1200,4.5
M2980516,2018-05-01,300,4.0
M2980516,2018-07-01,300,5.0
M2980516,2018-09-01,300,3.5
M2980516,2018-10-01,900,3.8333333333333335
M2980516,2018-11-01,300,3.0
M2980516,2019-01-01,900,4.333333333333333
M2980516,2019-03-01,300,2.5
M2980516,2019-04-01,600,3.5
M2980516,2019-06-01,300,5.0
M2980516,2019-07-01,600,4.25
M2980516,2019-08-01,900,4.166666666666667
M2980516,2019-09-01,600,4.0
M2980516,2019-10-01,600,3.25
M2980516,2019-12-01,600,4.0
M2980516,2020-01-01,600,4.0
M2980516,2020-02-01,300,2.5
M2980516,2020-03-01,600,3.5
M2980516,2020-04-01,900,4.0
M2980516,2020-05-01,900,4.0
M2980516,2020-06-01,300,4.0
M2980516,2020-07-01,600,3.5
M2980516,2020-08-01,300,5.0
M2980516,2020-09-01,1800,4.0
M2980516,2021-01-01,900,4.666666666666667
M2980516,2021-02-01,600,4.0
M2980516,2021-04-01,600,4.0
M2980516,2021-06-01,300,3.5
M2980516,2021-08-01,600,4.75
M3170832,2015-09-01,300,5.0
M3170832,2015-10-01,600,4.75
M3170832,2015-11-01,900,4.5
M3170832,2015-12-01,31200,4.408653846153846
M3170832,2016-01-01,68700,4.2663755458515285
M3170832,2016-02-01,98100,4.273700305810397
M3170832,2016-03-01,55200,4.179347826086956
M3170832,2016-04-01,13200,4.193181818181818
M3170832,2016-05-01,10500,4.014285714285714
M3170832,2016-06-01,5400,4.166666666666667
M3170832,2016-07-01,8400,4.232142857142857
M3170832,2016-08-01,6000,4.0
M3170832,2016-09-01,4500,4.4
M3170832,2016-10-01,3600,4.208333333333333
M3170832,2016-11-01,2100,3.857142857142857
M3170832,2016-12-01,3300,4.181818181818182
M3170832,2017-01-01,3600,3.875
M3170832,2017-02-01,4200,4.142857142857143
M3170832,2017-03-01,4500,4.1
M3170832,2017-04-01,2700,4.333333333333333
M3170832,2017-05-01,1200,4.375
M3170832,2017-06-01,1800,3.9166666666666665
M3170832,2017-07-01,1500,3.9
M3170832,2017-08-01,1200,4.125
M3170832,2017-09-01,1800,4.416666666666667
M3170832,2017-10-01,2100,4.142857142857143
M3170832,2017-11-01,1800,4.25
M3170832,2017-12-01,900,4.166666666666667
M3170832,2018-01-01,1200,4.0
M3170832,2018-02-01,900,4.166666666666667
M3170832,2018-03-01,600,4.0
M3170832,2018-04-01,300,3.5
M3170832,2018-05-01,900,3.6666666666666665
M3170832,2018-06-01,600,4.25
M3170832,2018-07-01,600,4.25
M3170832,2018-08-01,1800,3.9166666666666665
M3170832,2018-09-01,300,3.5
M3170832,2018-11-01,600,4.25
M3170832,2018-12-01,600,4.25
M3170832,2019-01-01,300,5.0
M3170832,2019-02-01,600,4.25
M3170832,2019-03-01,7200,4.395833333333333
M3170832,2019-04-01,1200,4.375
M3170832,2019-05-01,600,4.0
M3170832,2019-06-01,1200,4.375
M3170832,2019-07-01,900,4.166666666666667
M3170832,2019-08-01,1200,4.625
M3170832,2019-09-01,600,4.0
M3170832,2019-10-01,300,4.0
M3170832,2019-11-01,300,3.0
M3170832,2019-12-01,600,3.5
M3170832,2020-01-01,3000,4.4
M3170832,2020-02-01,2700,3.888888888888889
M3170832,2020-03-01,1500,4.0
M3170832,2020-04-01,2400,3.875
M3170832,2020-05-01,1500,4.1
M3170832,2020-06-01,2100,4.071428571428571
M3170832,2020-07-01,300,3.0
M3170832,2020-08-01,600,4.0
M3170832,2021-01-01,900,3.6666666666666665
M3170832,2021-03-01,300,4.5
M3170832,2021-08-01,300,4.5
M3170832,2021-10-01,300,4.5
M3315342,2017-02-01,2700,4.611111111111111
M3315342,2017-03-01,207000,4.192028985507246
M3315342,2017-04-01,30300,4.262376237623762
M3315342,2017-05-01,48600,4.280864197530864
M3315342,2017-06-01,32700,4.10091743119266
M3315342,2017-07-01,18900,4.055555555555555
M3315342,2017-08-01,9900,4.181818181818182
M3315342,2017-09-01,6900,4.195652173913044
M3315342,2017-10-01,3000,3.8
M3315342,2017-11-01,3900,3.8846153846153846
M3315342,2017-12-01,5100,3.7941176470588234
M3315342,2018-01-01,8100,3.9444444444444446
M3315342,2018-02-01,2700,4.166666666666667
M3315342,2018-03-01,1800,4.0
M3315342,2018-04-01,2100,4.142857142857143
M3315342,2018-05-01,1500,4.6
M3315342,2018-06-01,1200,4.125
M3315342,2018-07-01,300,3.5
M3315342,2018-08-01,1200,3.875
M3315342,2018-09-01,1200,3.5
M3315342,2018-10-01,1200,4.375
M3315342,2018-11-01,1500,4.5
M3315342,2018-12-01,600,4.25
M3315342,2019-01-01,1500,4.3
M3315342,2019-02-01,900,4.166666666666667
M3315342,2019-03-01,900,3.8333333333333335
M3315342,2019-04-01,1500,4.7
M3315342,2019-05-01,1200,4.375
M3315342,2019-06-01,1200,3.875
M3315342,2019-07-01,1200,4.625
M3315342,2019-08-01,600,4.25
M3315342,2019-09-01,600,4.5
M3315342,2019-10-01,300,4.5
M3315342,2020-03-01,1500,4.3
M3315342,2020-04-01,1200,4.0
M3315342,2020-05-01,1200,3.625
M3315342,2020-07-01,600,4.5
M3315342,2021-01-01,300,5.0
M3315342,2021-02-01,600,3.75
M3315342,2021-03-01,600,4.75
M3315342,2021-05-01,900,4.666666666666667
M3315342,2021-06-01,300,5.0
M3315342,2021-07-01,600,5.0
M3460252,2015-12-01,31800,4.080188679245283
M3460252,2016-01-01,125700,4.042959427207637
M3460252,2016-02-01,33600,4.026785714285714
M3460252,2016-03-01,61800,4.317961165048544
M3460252,2016-04-01,24000,4.125
M3460252,2016-05-01,13800,4.173913043478261
M3460252,2016-06-01,6000,4.225
M3460252,2016-07-01,9000,3.95
M3460252,2016-08-01,6300,4.095238095238095
M3460252,2016-09-01,3900,3.923076923076923
M3460252,2016-10-01,3600,4.125
M3460252,2016-11-01,2400,4.1875
M3460252,2016-12-01,3900,3.6923076923076925
M3460252,2017-01-01,3900,4.230769230769231
M3460252,2017-02-01,2400,3.9375
M3460252,2017-03-01,1800,3.8333333333333335
M3460252,2017-04-01,2100,4.071428571428571
M3460252,2017-05-01,1800,3.9166666666666665
M3460252,2017-06-01,600,3.5
M3460252,2017-07-01,1800,4.166666666666667
M3460252,2017-08-01,2100,4.071428571428571
M3460252,2017-09-01,2100,3.642857142857143
M3460252,2017-10-01,1200,3.875
M3460252,2017-11-01,2400,3.4375
M3460252,2017-12-01,1500,4.1
M3460252,2018-01-01,900,3.1666666666666665
M3460252,2018-02-01,1500,4.4
M3460252,2018-03-01,300,4.0
M3460252,2018-04-01,2100,4.214285714285714
M3460252,2018-05-01,900,4.0
M3460252,2018-06-01,1200,4.125
M3460252,2018-07-01,1800,4.25
M3460252,2018-08-01,1200,3.875
M3460252,2018-09-01,600,4.0
M3460252,2018-10-01,2100,3.857142857142857
M3460252,2018-11-01,1200,3.125
M3460252,2018-12-01,900,3.6666666666666665
M3460252,2019-01-01,900,4.833333333333333
M3460252,2019-02-01,900,4.5
M3460252,2019-03-01,3300,4.545454545454546
M3460252,2019-04-01,2700,3.8333333333333335
M3460252,2019-05-01,2100,4.428571428571429
M3460252,2019-06-01,3300,3.9545454545454546
M3460252,2019-07-01,4200,4.25
M3460252,2019-08-01,6000,4.5
M3460252,2019-09-01,5100,4.088235294117647
M3460252,2019-10-01,2400,4.375
M3460252,2019-11-01,1800,4.666666666666667
M3460252,2019-12-01,1800,4.666666666666667
M3460252,2020-01-01,5400,4.111111111111111
M3460252,2020-02-01,3000,3.8
M3460252,2020-03-01,2700,4.0
M3460252,2020-04-01,2400,4.3125
M3460252,2020-05-01,2400,4.3125
M3460252,2020-06-01,2400,4.5
M3460252,2020-07-01,1800,4.333333333333333
M3460252,2020-08-01,1500,4.1
M3460252,2020-09-01,900,4.166666666666667
M3460252,2021-01-01,600,3.75
M3460252,2021-02-01,300,5.0
M3460252,2021-03-01,300,4.0
M3460252,2021-04-01,300,3.0
M3460252,2021-05-01,600,3.5
M3460252,2021-06-01,900,3.8333333333333335
M3460252,2021-07-01,300,4.0
M3460252,2021-10-01,1200,4.125
M3498820,2016-04-01,39900,4.2556390977443606
M3498820,2016-05-01,215400,4.100278551532034
M3498820,2016-06-01,13500,3.966666666666667
M3498820,2016-07-01,4800,4.0
M3498820,2016-08-01,17700,4.186440677966102
M3498820,2016-09-01,32100,3.897196261682243
M3498820,2016-10-01,4800,3.96875
M3498820,2016-11-01,3300,4.181818181818182
M3498820,2016-12-01,2100,3.7142857142857144
M3498820,2017-01-01,6600,4.068181818181818
M3498820,2017-02-01,3600,3.9166666666666665
M3498820,2017-03-01,1500,4.2
M3498820,2017-04-01,2400,3.6875
M3498820,2017-05-01,1200,3.25
M3498820,2017-06-01,2100,4.357142857142857
M3498820,2017-07-01,2400,4.0625
M3498820,2017-08-01,1500,3.9
M3498820,2017-09-01,1500,3.9
M3498820,2017-10-01,1800,3.9166666666666665
M3498820,2017-11-01,600,3.25
M3498820,2017-12-01,600,4.75
M3498820,2018-01-01,1500,4.4
M3498820,2018-02-01,900,3.5
M3498820,2018-03-01,2400,4.25
M3498820,2018-04-01,3600,4.333333333333333
M3498820,2018-05-01,2400,4.1875
M3498820,2018-06-01,2700,4.666666666666667
M3498820,2018-07-01,1500,4.2
M3498820,2018-08-01,3600,4.541666666666667
M3498820,2018-09-01,1500,3.5
M3498820,2018-10-01,600,4.75
M3498820,2018-11-01,600,4.5
M3498820,2018-12-01,600,4.0
M3498820,2019-01-01,1200,4.25
M3498820,2019-02-01,900,4.333333333333333
M3498820,2019-03-01,2700,4.0
M3498820,2019-04-01,3900,4.153846153846154
M3498820,2019-05-01,4200,4.0
M3498820,2019-06-01,2100,4.5
M3498820,2019-07-01,2400,4.5
M3498820,2019-08-01,2100,4.357142857142857
M3498820,2019-09-01,300,4.5
M3498820,2019-10-01,300,5.0
M3498820,2019-11-01,600,4.5
M3498820,2019-12-01,300,4.5
M3498820,2020-03-01,600,5.0
M3498820,2020-04-01,1200,3.625
M3498820,2020-05-01,2100,4.285714285714286
M3498820,2020-06-01,900,3.3333333333333335
M3498820,2020-07-01,2100,3.0714285714285716
M3498820,2020-08-01,600,4.5
M3498820,2020-09-01,600,4.0
M3498820,2021-01-01,1500,4.4
M3498820,2021-02-01,600,3.75
M3498820,2021-03-01,600,4.25
M3498820,2021-04-01,600,4.25
M3498820,2021-05-01,600,4.5
M3498820,2021-06-01,900,4.166666666666667
M3498820,2021-07-01,1200,4.0
M3498820,2021-08-01,900,4.333333333333333
M3659388,2015-09-01,1500,4.6
M3659388,2015-10-01,71700,4.121338912133891
M3659388,2015-11-01,27300,4.010989010989011
M3659388,2015-12-01,56400,4.111702127659575
M3659388,2016-01-01,103500,3.9942028985507245
M3659388,2016-02-01,41700,3.9784172661870505
M3659388,2016-03-01,14100,4.085106382978723
M3659388,2016-04-01,9000,3.9
M3659388,2016-05-01,4500,3.9
M3659388,2016-06-01,3900,4.153846153846154
M3659388,2016-07-01,4800,4.25
M3659388,2016-08-01,9900,4.106060606060606
M3659388,2016-09-01,2700,4.222222222222222
M3659388,2016-10-01,2400,3.8125
M3659388,2016-11-01,3000,4.35
M3659388,2016-12-01,2400,4.1875
M3659388,2017-01-01,2700,4.222222222222222
M3659388,2017-02-01,2100,3.642857142857143
M3659388,2017-03-01,2400,3.75
M3659388,2017-04-01,300,3.5
M3659388,2017-05-01,900,4.166666666666667
M3659388,2017-06-01,300,4.0
M3659388,2017-07-01,2700,4.166666666666667
M3659388,2017-08-01,1200,4.25
M3659388,2017-09-01,1800,3.9166666666666665
M3659388,2017-10-01,300,4.0
M3659388,2017-11-01,1200,3.625
M3659388,2018-01-01,300,4.0
M3659388,2018-02-01,900,4.333333333333333
M3659388,2018-03-01,300,4.5
M3659388,2018-06-01,900,4.333333333333333
M3659388,2018-07-01,900,3.5
M3659388,2018-08-01,300,4.0
M3659388,2018-09-01,300,3.5
M3659388,2018-10-01,900,3.6666666666666665
M3659388,2018-12-01,600,4.0
M3659388,2019-01-01,600,4.75
M3659388,2019-02-01,600,4.5
M3659388,2019-04-01,300,5.0
M3659388,2019-05-01,600,2.5
M3659388,2019-07-01,1200,4.375
M3659388,2019-09-01,600,4.25
M3659388,2019-10-01,900,4.5
M3659388,2019-11-01,600,4.25
M3659388,2019-12-01,300,4.5
M3659388,2020-01-01,1500,4.4
M3659388,2020-02-01,900,3.8333333333333335
M3659388,2020-03-01,600,3.75
M3659388,2020-05-01,900,3.6666666666666665
M3659388,2020-06-01,1200,3.625
M3659388,2020-08-01,300,4.5
M3659388,2020-09-01,900,4.5
M3659388,2021-01-01,300,5.0
M3659388,2021-02-01,300,5.0
M3659388,2021-05-01,300,4.5
M3659388,2021-06-01,600,4.25
M3659388,2021-07-01,600,3.75
M3659388,2021-10-01,300,5.0
M3783958,2016-09-01,300,5.0
M3783958,2016-10-01,300,5.0
M3783958,2016-12-01,34200,4.4605263157894735
M3783958,2017-01-01,159900,4.201688555347092
M3783958,2017-02-01,64200,4.144859813084112
M3783958,2017-03-01,18300,4.016393442622951
M3783958,2017-04-01,56700,4.211640211640212
M3783958,2017-05-01,21300,4.119718309859155
M3783958,2017-06-01,8100,3.7777777777777777
M3783958,2017-07-01,9000,4.166666666666667
M3783958,2017-08-01,6000,4.125
M3783958,2017-09-01,7200,3.9166666666666665
M3783958,2017-10-01,3300,4.2727272727272725
M3783958,2017-11-01,4500,4.233333333333333
M3783958,2017-12-01,2700,4.055555555555555
M3783958,2018-01-01,3000,3.65
M3783958,2018-02-01,900,4.333333333333333
M3783958,2018-03-01,3000,4.05
M3783958,2018-04-01,900,4.0
M3783958,2018-05-01,900,3.6666666666666665
M3783958,2018-06-01,1500,2.6
M3783958,2018-07-01,3000,4.0
M3783958,2018-08-01,2100,3.642857142857143
M3783958,2018-09-01,2700,3.2222222222222223
M3783958,2018-11-01,1800,4.5
M3783958,2018-12-01,1800,4.416666666666667
M3783958,2019-01-01,900,3.6666666666666665
M3783958,2019-02-01,2100,4.428571428571429
M3783958,2019-03-01,2400,4.1875
M3783958,2019-04-01,600,2.75
M3783958,2019-05-01,600,5.0
M3783958,2019-06-01,600,4.5
M3783958,2019-07-01,300,4.0
M3783958,2019-08-01,1200,4.5
M3783958,2019-09-01,900,4.666666666666667
M3783958,2019-10-01,900,4.833333333333333
M3783958,2019-11-01,600,2.5
M3783958,2019-12-01,1500,4.0
M3783958,2020-01-01,4800,3.84375
M3783958,2020-02-01,2100,4.285714285714286
M3783958,2020-03-01,2400,4.375
M3783958,2020-04-01,3300,4.0
M3783958,2020-05-01,2700,4.055555555555555
M3783958,2020-06-01,5100,4.323529411764706
M3783958,2020-07-01,3000,3.55
M3783958,2020-08-01,3000,4.05
M3783958,2020-09-01,1200,4.0
M3783958,2021-01-01,900,3.5
M3783958,2021-02-01,1500,4.4
M3783958,2021-03-01,600,4.5
M3783958,2021-04-01,600,5.0
M3783958,2021-06-01,900,3.8333333333333335
M3783958,2021-07-01,300,4.5
M3890160,2017-06-01,12900,4.3023255813953485
M3890160,2017-07-01,91500,3.9377049180327868
M3890160,2017-08-01,44700,3.9832214765100673
M3890160,2017-09-01,105900,3.905099150141643
M3890160,2017-10-01,33000,3.713636363636364
M3890160,2017-11-01,14700,3.836734693877551
M3890160,2017-12-01,14700,3.826530612244898
M3890160,2018-01-01,11700,3.6666666666666665
M3890160,2018-02-01,6900,3.760869565217391
M3890160,2018-03-01,6900,3.4347826086956523
M3890160,2018-04-01,4500,3.4
M3890160,2018-05-01,3300,4.0
M3890160,2018-06-01,600,4.0
M3890160,2018-07-01,3000,3.7
M3890160,2018-08-01,2700,3.6666666666666665
M3890160,2018-09-01,2100,3.857142857142857
M3890160,2018-10-01,600,3.5
M3890160,2018-11-01,900,4.166666666666667
M3890160,2018-12-01,1200,3.0
M3890160,2019-01-01,1800,3.75
M3890160,2019-02-01,600,3.25
M3890160,2019-03-01,1500,4.0
M3890160,2019-04-01,300,2.0
M3890160,2019-05-01,1800,3.9166666666666665
M3890160,2019-06-01,900,3.5
M3890160,2019-07-01,600,3.5
M3890160,2019-08-01,1500,3.7
M3890160,2019-09-01,600,3.25
M3890160,2019-10-01,300,3.0
M3890160,2019-11-01,300,3.0
M3890160,2019-12-01,1200,3.625
M3890160,2020-01-01,1500,3.9
M3890160,2020-02-01,600,4.0
M3890160,2020-03-01,8700,3.913793103448276
M3890160,2020-04-01,1500,3.2
M3890160,2020-05-01,1800,3.75
M3890160,2020-06-01,1500,3.6
M3890160,2020-07-01,1500,3.6
M3890160,2020-08-01,1200,3.75
M3890160,2020-09-01,300,2.0
M3890160,2021-01-01,600,3.0
M3890160,2021-03-01,600,4.25
M3890160,2021-04-01,300,3.5
M3890160,2021-05-01,1500,4.0
M3890160,2021-06-01,300,3.5
M3890160,2021-07-01,600,3.75
M3890160,2021-10-01,300,4.0
M4154756,2018-04-01,121200,4.46039603960396
M4154756,2018-05-01,95400,4.231132075471698
M4154756,2018-06-01,15000,4.33
M4154756,2018-07-01,8100,4.481481481481482
M4154756,2018-08-01,56100,4.318181818181818
M4154756,2018-09-01,10200,4.323529411764706
M4154756,2018-10-01,2400,4.25
M4154756,2018-11-01,2100,4.714285714285714
M4154756,2018-12-01,7200,4.291666666666667
M4154756,2019-01-01,6900,4.326086956521739
M4154756,2019-02-01,1500,4.4
M4154756,2019-03-01,6000,4.225
M4154756,2019-04-01,8700,4.4655172413793105
M4154756,2019-05-01,4500,4.466666666666667
M4154756,2019-06-01,3000,4.7
M4154756,2019-07-01,2700,4.611111111111111
M4154756,2019-08-01,3000,4.9
M4154756,2019-09-01,1800,4.583333333333333
M4154756,2019-10-01,900,4.666666666666667
M4154756,2019-11-01,600,4.5
M4154756,2019-12-01,600,4.5
M4154756,2020-01-01,1800,4.833333333333333
M4154756,2020-03-01,1500,4.4
M4154756,2020-04-01,600,4.75
M4154756,2020-05-01,1200,4.0
M4154756,2020-06-01,1200,4.375
M4154756,2020-07-01,1800,4.083333333333333
M4154756,2020-08-01,600,4.5
M4154756,2020-09-01,600,4.75
M4154756,2021-01-01,300,5.0
M4154756,2021-02-01,600,5.0
M4154756,2021-03-01,600,4.25
M4154756,2021-04-01,600,3.0
M4154756,2021-05-01,900,5.0
M4154756,2021-07-01,1500,4.7
M4154756,2021-08-01,600,4.0
M4154756,2021-09-01,300,5.0
M4154756,2021-11-01,600,4.25
M4154796,2019-04-01,188100,4.5669856459330145
M4154796,2019-05-01,96300,4.434579439252336
M4154796,2019-06-01,7500,4.44
M4154796,2019-07-01,15900,4.481132075471698
M4154796,2019-08-01,28500,4.326315789473684
M4154796,2019-09-01,7200,4.5
M4154796,2019-10-01,4200,4.035714285714286
M4154796,2019-11-01,900,4.666666666666667
M4154796,2019-12-01,1500,4.4
M4154796,2020-01-01,4200,4.285714285714286
M4154796,2020-02-01,1800,4.833333333333333
M4154796,2020-03-01,900,5.0
M4154796,2020-04-01,1800,4.583333333333333
M4154796,2020-05-01,1800,4.583333333333333
M4154796,2020-06-01,1200,3.75
M4154796,2020-07-01,2400,4.375
M4154796,2020-08-01,2400,4.75
M4154796,2020-09-01,900,4.666666666666667
M4154796,2021-01-01,600,5.0
M4154796,2021-02-01,900,5.0
M4154796,2021-03-01,1200,4.375
M4154796,2021-04-01,900,4.0
M4154796,2021-05-01,900,5.0
M4154796,2021-06-01,600,5.0
M4154796,2021-07-01,2700,4.833333333333333
M4154796,2021-08-01,300,4.5
M4154796,2021-11-01,900,3.5
M4972582,2017-01-01,30600,3.8137254901960786
M4972582,2017-02-01,73800,3.790650406504065
M4972582,2017-03-01,26700,3.7191011235955056
M4972582,2017-04-01,77400,3.7868217054263567
M4972582,2017-05-01,24300,3.617283950617284
M4972582,2017-06-01,14100,3.6808510638297873
M4972582,2017-07-01,14400,3.7916666666666665
M4972582,2017-08-01,6900,3.608695652173913
M4972582,2017-09-01,5400,3.5
M4972582,2017-10-01,3600,3.7083333333333335
M4972582,2017-11-01,4800,3.6875
M4972582,2017-12-01,1200,3.625
M4972582,2018-01-01,3300,3.6363636363636362
M4972582,2018-02-01,1500,3.7
M4972582,2018-03-01,2100,3.7857142857142856
M4972582,2018-04-01,2100,3.642857142857143
M4972582,2018-05-01,2400,3.625
M4972582,2018-06-01,300,4.0
M4972582,2018-07-01,2700,3.6666666666666665
M4972582,2018-08-01,1500,3.8
M4972582,2018-09-01,900,3.6666666666666665
M4972582,2018-10-01,1500,3.7
M4972582,2018-11-01,900,4.0
M4972582,2018-12-01,1500,4.2
M4972582,2019-01-01,9000,3.6666666666666665
M4972582,2019-02-01,3000,3.8
M4972582,2019-03-01,1200,3.75
M4972582,2019-04-01,1800,4.416666666666667
M4972582,2019-05-01,1500,3.7
M4972582,2019-06-01,600,3.5
M4972582,2019-07-01,1500,4.2
M4972582,2019-08-01,1500,3.6
M4972582,2019-09-01,1200,3.625
M4972582,2019-11-01,600,3.25
M4972582,2020-03-01,300,4.5
M4972582,2020-04-01,900,3.8333333333333335
M4972582,2020-05-01,300,4.5
M4972582,2020-06-01,300,4.0
M4972582,2020-07-01,300,3.5
M4972582,2020-08-01,300,3.5
M4972582,2021-01-01,2700,4.0
M4972582,2021-02-01,900,4.166666666666667
M4972582,2021-03-01,300,4.5
M4972582,2021-04-01,600,3.25
M4972582,2021-05-01,600,3.5
M4972582,2021-07-01,300,3.5
M4972582,2021-10-01,300,4.0
M5013056,2017-07-01,152100,4.168639053254438
M5013056,2017-08-01,92400,4.0308441558441555
M5013056,2017-09-01,15600,3.9615384615384617
M5013056,2017-10-01,1200,3.875
M5013056,2017-11-01,1200,3.125
M5013056,2017-12-01,106200,3.8954802259887007
M5013056,2018-01-01,31800,3.839622641509434
M5013056,2018-02-01,14100,3.6595744680851063
M5013056,2018-03-01,11700,3.8205128205128207
M5013056,2018-04-01,2700,3.9444444444444446
M5013056,2018-05-01,4200,3.5714285714285716
M5013056,2018-06-01,1800,4.0
M5013056,2018-07-01,3900,4.153846153846154
M5013056,2018-08-01,3300,3.3636363636363638
M5013056,2018-09-01,1500,4.3
M5013056,2018-10-01,900,4.166666666666667
M5013056,2018-11-01,600,3.25
M5013056,2018-12-01,300,3.5
M5013056,2019-01-01,1200,3.125
M5013056,2019-02-01,300,4.5
M5013056,2019-03-01,300,3.5
M5013056,2019-05-01,300,4.5
M5013056,2019-07-01,1500,3.0
M5013056,2019-08-01,1200,3.625
M5013056,2019-09-01,600,2.5
M5013056,2019-10-01,1800,3.75
M5013056,2019-11-01,600,4.25
M5013056,2019-12-01,1200,4.25
M5013056,2020-01-01,2100,4.357142857142857
M5013056,2020-02-01,1500,3.7
M5013056,2020-03-01,7500,3.56
M5013056,2020-04-01,3600,3.7916666666666665
M5013056,2020-05-01,2100,3.4285714285714284
M5013056,2020-06-01,1500,4.2
M5013056,2020-07-01,600,3.0
M5013056,2020-08-01,1800,4.083333333333333
M5013056,2020-09-01,900,4.166666666666667
M5013056,2021-01-01,300,4.0
M5013056,2021-04-01,300,4.5
M5013056,2021-06-01,600,4.5
M5013056,2021-07-01,300,3.5
M5013056,2021-10-01,300,4.0
M5013056,2021-11-01,300,2.5
M5027774,2017-09-01,300,4.5
M5027774,2017-11-01,3300,4.409090909090909
M5027774,2017-12-01,9600,3.78125
M5027774,2018-01-01,60600,4.163366336633663
M5027774,2018-02-01,101700,4.117994100294985
M5027774,2018-03-01,75600,4.148809523809524
M5027774,2018-04-01,11400,4.0
M5027774,2018-05-01,6300,4.190476190476191
M5027774,2018-06-01,5700,4.0
M5027774,2018-07-01,6900,4.0
M5027774,2018-08-01,6900,3.9347826086956523
M5027774,2018-09-01,3300,3.909090909090909
M5027774,2018-10-01,900,4.0
M5027774,2018-11-01,3600,4.041666666666667
M5027774,2018-12-01,3000,4.15
M5027774,2019-01-01,2400,4.4375
M5027774,2019-02-01,2700,4.166666666666667
M5027774,2019-03-01,900,4.0
M5027774,2019-04-01,1500,4.4
M5027774,2019-05-01,900,4.166666666666667
M5027774,2019-07-01,2100,4.142857142857143
M5027774,2019-08-01,1800,3.9166666666666665
M5027774,2019-09-01,600,4.5
M5027774,2019-10-01,2400,4.0
M5027774,2019-11-01,300,4.0
M5027774,2019-12-01,900,3.5
M5027774,2020-01-01,600,4.5
M5027774,2020-02-01,2400,4.5
M5027774,2020-03-01,900,4.166666666666667
M5027774,2020-04-01,1200,4.375
M5027774,2020-05-01,1500,4.2
M5027774,2020-06-01,2100,3.857142857142857
M5027774,2020-07-01,300,3.5
M5027774,2020-08-01,1200,4.125
M5027774,2020-09-01,600,3.5
M5027774,2021-01-01,1500,4.4
M5027774,2021-02-01,900,3.6666666666666665
M5027774,2021-03-01,300,2.5
M5027774,2021-04-01,900,3.6666666666666665
M5027774,2021-05-01,300,1.0
M5027774,2021-08-01,600,4.5
M5027774,2021-10-01,300,3.5
M5052448,2017-02-01,8700,4.241379310344827
M5052448,2017-03-01,33000,3.977272727272727
M5052448,2017-04-01,46800,3.801282051282051
M5052448,2017-05-01,73800,3.841463414634146
M5052448,2017-06-01,30600,3.6176470588235294
M5052448,2017-07-01,21000,3.7642857142857142
M5052448,2017-08-01,15000,3.79
M5052448,2017-09-01,8100,3.6481481481481484
M5052448,2017-10-01,4500,3.8
M5052448,2017-11-01,4200,3.6785714285714284
M5052448,2017-12-01,8700,3.689655172413793
M5052448,2018-01-01,18600,3.814516129032258
M5052448,2018-02-01,15600,3.6923076923076925
M5052448,2018-03-01,18900,3.753968253968254
M5052448,2018-04-01,4200,3.7142857142857144
M5052448,2018-05-01,1500,2.9
M5052448,2018-06-01,1800,4.0
M5052448,2018-07-01,2700,3.6666666666666665
M5052448,2018-08-01,1200,3.0
M5052448,2018-09-01,300,4.0
M5052448,2018-10-01,300,4.5
M5052448,2018-11-01,300,2.0
M5052448,2018-12-01,1500,3.5
M5052448,2019-01-01,900,3.8333333333333335
M5052448,2019-02-01,2400,3.9375
M5052448,2019-03-01,3000,3.65
M5052448,2019-04-01,2400,4.0
M5052448,2019-05-01,2100,3.357142857142857
M5052448,2019-06-01,4500,3.966666666666667
M5052448,2019-07-01,2400,3.375
M5052448,2019-08-01,2700,3.4444444444444446
M5052448,2019-09-01,900,3.3333333333333335
M5052448,2019-10-01,300,4.0
M5052448,2019-11-01,1500,3.8
M5052448,2019-12-01,300,4.0
M5052448,2020-01-01,300,4.5
M5052448,2020-02-01,1200,3.875
M5052448,2020-03-01,1500,3.5
M5052448,2020-04-01,600,3.25
M5052448,2020-05-01,900,3.3333333333333335
M5052448,2020-06-01,900,4.166666666666667
M5052448,2020-08-01,300,3.5
M5052448,2020-09-01,300,4.5
M5052448,2021-01-01,300,3.5
M5052448,2021-02-01,600,4.0
M6751668,2019-06-01,1500,4.5
M6751668,2019-07-01,4200,4.214285714285714
M6751668,2019-08-01,31800,4.462264150943396
M6751668,2019-09-01,18900,4.182539682539683
M6751668,2019-10-01,15900,4.339622641509434
M6751668,2019-11-01,23400,4.346153846153846
M6751668,2019-12-01,28500,4.2631578947368425
M6751668,2020-01-01,122100,4.2063882063882065
M6751668,2020-02-01,114600,4.208115183246074
M6751668,2020-03-01,24300,4.1234567901234565
M6751668,2020-04-01,14100,4.170212765957447
M6751668,2020-05-01,5400,4.055555555555555
M6751668,2020-06-01,6000,4.2
M6751668,2020-07-01,4500,4.1
M6751668,2020-08-01,2700,3.7777777777777777
M6751668,2020-09-01,1800,4.0
M6751668,2021-01-01,600,4.0
M6751668,2021-02-01,1200,3.25
M6751668,2021-03-01,1200,3.625
M6751668,2021-04-01,1500,4.2
M6751668,2021-05-01,900,4.0
M6751668,2021-06-01,900,4.5
M6751668,2021-07-01,1200,4.25
M6751668,2021-08-01,300,5.0
M6751668,2021-10-01,1200,3.25
M6751668,2021-11-01,600,3.5
M7131622,2019-03-01,300,5.0
M7131622,2019-05-01,1200,5.0
M7131622,2019-06-01,300,5.0
M7131622,2019-07-01,12900,4.0813953488372094
M7131622,2019-08-01,222600,3.9339622641509435
M7131622,2019-09-01,29700,3.919191919191919
M7131622,2019-10-01,2100,3.5714285714285716
M7131622,2019-11-01,24900,3.7409638554216866
M7131622,2019-12-01,25200,3.767857142857143
M7131622,2020-01-01,30300,3.742574257425743
M7131622,2020-02-01,23100,3.564935064935065
M7131622,2020-03-01,8700,3.8620689655172415
M7131622,2020-04-01,3300,3.5
M7131622,2020-05-01,5100,3.235294117647059
M7131622,2020-06-01,4200,3.357142857142857
M7131622,2020-07-01,2100,2.7142857142857144
M7131622,2020-08-01,1800,3.6666666666666665
M7131622,2020-09-01,300,3.5
M7131622,2021-01-01,1200,3.5
M7131622,2021-02-01,900,4.333333333333333
M7131622,2021-03-01,600,3.25
M7131622,2021-06-01,300,4.5
M7131622,2021-07-01,1800,3.4166666666666665
M7131622,2021-08-01,300,4.0
M7131622,2021-10-01,300,4.0
M7131622,2021-11-01,600,3.5
M7286456,2019-08-01,600,5.0
M7286456,2019-09-01,1500,5.0
M7286456,2019-10-01,417300,4.590222861250899
M7286456,2019-11-01,63000,4.480952380952381
M7286456,2019-12-01,32100,4.373831775700935
M7286456,2020-01-01,31200,4.350961538461538
M7286456,2020-02-01,21300,4.21830985915493
M7286456,2020-03-01,5700,4.2894736842105265
M7286456,2020-04-01,4800,3.84375
M7286456,2020-05-01,2400,4.5625
M7286456,2020-06-01,2700,3.888888888888889
M7286456,2020-07-01,2700,4.111111111111111
M7286456,2020-08-01,4500,4.0
M7286456,2020-09-01,900,3.1666666666666665
M7286456,2021-01-01,900,3.6666666666666665
M7286456,2021-02-01,900,4.333333333333333
M7286456,2021-03-01,900,3.0
M7286456,2021-04-01,300,5.0
M7286456,2021-07-01,600,4.0
M7286456,2021-11-01,600,4.5
M8579674,2020-01-01,435000,4.327241379310345
M8579674,2020-02-01,93600,4.141025641025641
M8579674,2020-03-01,34200,4.12719298245614
M8579674,2020-04-01,10800,4.277777777777778
M8579674,2020-05-01,6000,4.2
M8579674,2020-06-01,4800,3.71875
M8579674,2020-07-01,3900,4.153846153846154
M8579674,2020-08-01,3000,3.85
M8579674,2020-09-01,1500,4.4
M8579674,2021-01-01,900,3.8333333333333335
M8579674,2021-02-01,1500,4.1
M8579674,2021-03-01,300,4.5
M8579674,2021-04-01,900,3.5
M8579674,2021-05-01,600,4.25
M8579674,2021-06-01,1200,4.25
M8579674,2021-07-01,2100,4.0
M8579674,2021-10-01,600,3.75
M8579674,2021-11-01,600,4.5
